along	 	url	ll hands on deck in Ruston!! Firing up conservatives all along I-20! #TruckingToVictory #lasen
along	 	url	Our patrol is making to reports of a pedestrain walking their dog along the hardshoulder M65 J12/11. Hard to believe but true.
along	 	url	releasing the new video in a few hours along with another follow spree ‚ú®
along	 	url	Come on, come along with me... http://smarturl.it/TS1989  #TS1989 #taylurking
along	 	url	Opportunities don't often come along. So, when they do, you have to grab them.
along	 	url	lol Ally has given up trying to go along with the worst kept secret to ever exist. "Are you taken?" "Everybody knows" #votefifthharmony
along	 	url	Wow. Just finished Breaking Bad. Walter White was Heisenberg all along? Did not see that coming.
along	 	url	You got me swayin' right along to the song in your heart üé∂
along	 	url	Proof the Twitter Bird and the Wolverines get along pretty well.
along	 	url	Follow along with live updates from Round 2 of The Barclays at Ridgewood Country Club.
along	 	url	Along with being on the AP All-American team, @BigJah15 has been selected as the AP Preseason Player of the Year: http://chron.it/1rUaMCk
along	 	url	For guidance on your trading opportunities along with current financial market moves follow @PersonsPlanet
along	 	url	T.I. Disses Iggy Azalea &amp; Nicki Minaj's Feud: 'Women Can't Get Along' - Hollywood Life - #celebrities... http://tinyurl.com/ontjzlk
along	 	url	It's definitely been a journey, thanks for being there along the way AJ, x RT " @CaliRainstormST : new year, new @realmandyrain music!"
along	 	url	Nothing bunny to see here folks. Hop along now. http://tmblr.co/Zicumt1Ujp5cL
along	 	url	Shouldn't you always have your friend's back? Or have I lost something along the way? #MIC
along	 	url	singing along with his baby :(( http://twitter.com/WhyLarryIsReal/status/529378063088635904/photo/1pic.twitter.com/KvDR540NOI
along	 	url	We teach knocking off nets in the summer at Leggio Goaltending, along with fixing a "broke" strap and patching bad ice when your tired
along	 	url	I found my 1997 story on Tom & Ray Magliozzi. Here it is, along with some memories. http://www.technologizer.com/2014/11/03/that-time-i-interviewed-click-and-clack/ ‚Ä¶
along	 	url	Love is just a word until someone comes along and gives it meaning.
along	 	url	Motherboard JW Play Alongs Jarrod Alonge #RideAlong Osagie Alonge Moving Right Along
along	 	url	"Changes" just came on the PA, and the entire coffee shop staff started singing along to the chorus. #ChChChChanges
along	 	url	#Aquarians are determined to make the world a better place and to help everyone they can along the way.
along	 	url	Rehearsals are coming along nicely, tunes are sounding awesome, next year is gonna be a lot of fun!
along	 	url	Suarez: "I'm getting along well with Messi off the pitch too. We see each other outside football, families get along... Same with Javier."
along	 	url	Two weeks to our tech design conference Roadmap! ‚Äî Join me and @katiefehren along with our awesome speakers. https://gigaom.com/2014/11/03/two-weeks-to-our-tech-design-conference-roadmap/ ‚Ä¶
along	 	url	A WHO team got stuck in a muddy road in #SierraLeone. Some community members came along & helped our team. Thank you!
along	 	url	"who do you take along tour with you?" liam: "my missus" "same with you, louis?" "my sister comes along and it's nice having her around" i
along	 	url	"If things start happening, don't worry, don't stew, just go right along and you'll start happening too."
along	 	url	I don't just "insert foot in mouth" I seem to usually bring along a shoe to match.
along	 	url	i tried to be different for you but you took too long to notice so im just gonna move along and do what i do
along	 	url	#Sagittarius is very easy to get along with.
along	 	url	Body discovered along Plum road | TribLIVE http://trib.me/10koOXF
along	 	url	"I'm sitting on top of the world Just rollin' along, just rollin' along Just singin' a song, just singin' a song"
along	 	url	Halloween | A young man is dead, and three others are hurt after an accident along I-80 in Roseville early Saturday ‚Ä¶ http://buff.ly/1ujfvo8
along	 	url	If you are in need of an impromptu church service, just go to a Chick-fil-A & sing-along with the instrumental worship music.
along	 	url	the drive along the Burren from Ballyvaughan to Doolin #wildatlanticway IrishLandscapes.ie at http://dch.ie/1A4T21e
along	 	url	SO honored that HEIR OF FIRE is a Goodreads Choice Awards nominee for YA Fantasy (along with some AMAZING books)! https://www.goodreads.com/choiceawards/best-young-adult-fantasy-books-2014 ‚Ä¶
along	 	url	‚ÄúThere were once three brothers who were travelling along a lonely, winding road at twilight...‚Äù
along	 	url	Okay, press F to pay respects is one thing, but using a dance pad to step along to Taps? That's uncalled for, CoD.
along	 	url	Every now and then, a t shirt comes along that perfectly defines one's personality. See you tonight‚Ä¶ http://instagram.com/p/u8eL5mSbsm/
along	 	url	Mara, you're an atheist? So is this guy! You'll get along! Mara, you have dark hair! So does this guy! You'll get along! Mara, you're aliv
along	 	url	A big Texas HOWDY to @TheHotelEmma! Follow along frame to frame for updates. #historicpe... http://ift.tt/10OdPXk
along	 	url	a little lost but sure glad I found u along the way
along	 	url	.@Dev_Still71 showed his support for Lauren Hill last night, along with the rest of the sports' world. #LaurenStrong
along	 	url	MT @aaron4victory: Join me along with Bill C, President/Brewmaster of @VictoryBeer tomorrow @cottonwoodbar at 9 PM for a meet and greet! ^MR
along	 	url	Jumping at several small opportunities may get us there more quickly than waiting for one big one to come along.
along	 	url	Coffin of doctor Captain Shumaila Nadeem,who along with her husband & 2 young daughters martyred in Wagah blast. RIP
along	 	url	This week, let's focus on #selflove KK style:) Follow along with #kkbodyimage
along	 	url	when u tweet lyrics to a song & one of your followers tweets along
along	 	url	This time tomorrow you can hear the tune, along with more exciting news.
along	 	url	Hooligans please Tweet this link -> http://smarturl.it/VoteBrunoMars  along with the picture below & the hashtag #VoteBrunoMars
along	 	url	Strolling along the River Arno... #Florence #Italy http://instagram.com/p/u8UTHLiZ0i/
along	 	url	It was so depressing to see him in many survival shows but now we can finally smile bcs he finally can debut next year along w his brothers
along	 	url	Somewhere along the way I started this bad habit of buying clothes not because I need any but because i'm bored. üòï
along	 	url	#Leo is the most free spirited. You can't never hold them down, but go along for the ride and you'll have the MOST FUN in your LIFE.
along	 	url	CAN YOU IMAGINE THE ATMOSPHERE IN THE ARENA CAN YOU IMAGINE GETTING DRESSED UP FOR IT CAN YOU IMAGINE SINGING ALONG TO ALL THE WORDS TO 1989
along	 	url	Every once in a while pull out your phone and tell the ones that helped you along the way thank you for everything! It reminds you to help 2
along	 	url	LONDONERS! Keen to perform at #edfringe 2015? Come along to our London roadshow to learn more! https://www.edfringe.com/participants#roadshows ‚Ä¶
along	 	url	The world's most dangerous roads: would you dare to go for a spin along these scary routes? http://bit.ly/1wX9K0p
along	 	url	A big Texas HOWDY to @TheHotelEmma! Follow along frame to frame for updates. #historicpe... http://ift.tt/10OdPXk
along	 	url	a little lost but sure glad I found u along the way
along	 	url	.@Dev_Still71 showed his support for Lauren Hill last night, along with the rest of the sports' world. #LaurenStrong
along	 	url	MT @aaron4victory: Join me along with Bill C, President/Brewmaster of @VictoryBeer tomorrow @cottonwoodbar at 9 PM for a meet and greet! ^MR
along	 	url	Jumping at several small opportunities may get us there more quickly than waiting for one big one to come along.
along	 	url	Coffin of doctor Captain Shumaila Nadeem,who along with her husband & 2 young daughters martyred in Wagah blast. RIP
along	 	url	This week, let's focus on #selflove KK style:) Follow along with #kkbodyimage
along	 	url	when u tweet lyrics to a song & one of your followers tweets along
along	 	url	This time tomorrow you can hear the tune, along with more exciting news.
along	 	url	Hooligans please Tweet this link -> http://smarturl.it/VoteBrunoMars  along with the picture below & the hashtag #VoteBrunoMars
along	 	url	Strolling along the River Arno... #Florence #Italy http://instagram.com/p/u8UTHLiZ0i/
along	 	url	It was so depressing to see him in many survival shows but now we can finally smile bcs he finally can debut next year along w his brothers
along	 	url	Somewhere along the way I started this bad habit of buying clothes not because I need any but because i'm bored. üòï
along	 	url	#Leo is the most free spirited. You can't never hold them down, but go along for the ride and you'll have the MOST FUN in your LIFE.
along	 	url	CAN YOU IMAGINE THE ATMOSPHERE IN THE ARENA CAN YOU IMAGINE GETTING DRESSED UP FOR IT CAN YOU IMAGINE SINGING ALONG TO ALL THE WORDS TO 1989
along	 	url	Every once in a while pull out your phone and tell the ones that helped you along the way thank you for everything! It reminds you to help 2
along	 	url	LONDONERS! Keen to perform at #edfringe 2015? Come along to our London roadshow to learn more! https://www.edfringe.com/participants#roadshows ‚Ä¶
along	 	url	The world's most dangerous roads: would you dare to go for a spin along these scary routes? http://bit.ly/1wX9K0p
along	 	url	Did you see this scene along the I-285 southbound ramp toward I-20 eastbound? http://on-ajc.com/1tSZ8gs
along	 	url	Pavement is destroyed along Lake Shore Drive near North Avenue following Friday's high winds and rain.
along	 	url	Earlier Accident along I-79 Southbound at Rt 910 backing up traffic to Cranberry/Rt 228 area.
along	 	url	when u tweet lyrics to a song & one of your followers tweets along
along	 	url	How's your #Movember coming along lads? üë®
along	 	url	yesimcalledbethjefferies said: Do you have any solo lines or anything along the idea of that whilst on the... http://tmblr.co/ZjTbOy1Uh-zDp
along	 	url	I believe we died along time ago. Our lives, simply a memory that we desperately try to hold on to.
along	 	url	Louis should wear more of those scooped neck shirts that show off his pretty collarbones and the swirly loopy tattoo along them it's pretty
along	 	url	Whatever BJP decides we will support them. Delhi people want to go along with Modi ji: MS Sirsa (SAD) on govt formation in Delhi
along	 	url	I can't control [my brain]. That's doin' what it's doin', an' I hav' to go along with it.
along	 	url	Hmmm breakfast on the beach in some sweatshirts watching the waves crash along the shore sounds perfect rn
along	 	url	Along with My Cabinet Colleagues,on1Nov,paid tributes to Bharat Ratna DrBabasaheb Ambedkar & Late Balasaheb Thackeray
along	 	url	[INFO] 141103 KAI and Suho will attend Cart's premier today at 8PM KST along with Gong Hyojin, SNSD's Yoona, and etc.
along	 	url	Love is just a word until someone comes along and gives it meaning.
along	 	url	Misbah-ul-Haq has become the most successful Pakistan' Test captain along with Imran Khan and Javed Miandad - 14 wins each. #LEGEND #PAKvAUS
along	 	url	#Misbah addresses media after #PAKvAUS series; says success ranks along with series win v England in 2012
along	 	url	The black flag of ISIS stuck to lampposts along one of Lahore's major roads‚Ä¶ Photo courtesy of @waqargillani
along	 	url	Finally found the wife's G spot, turns out her sister had it all along.
along	 	url	Thank you to everyone for tuning in to my live stream!!! here's the track i was rapping along to... #jakobtwo https://soundcloud.com/jakobtwo/were-still-in-love ‚Ä¶
along	 	url	#imagine Luke takes you to an Ed Sheeran concert. His arms are wrapped around you from behind as he softly sings along with the lyrics
along	 	url	"Everybody want to #StealMyGirl, everybody want to take her heart away!" RT if you're singing along to #Spinnr1D!
along	 	url	[INFO] MINHO along with SUHO, KAI to attend "Cart" movie screening today, cr:spdstudio
along	 	url	The best things in life are the people you love, the places you've seen, and the memories you've made along the way.
along	 	url	We will be "Up All Night" dancing and singing along to One Direction's songs on March 21 & 22 @ MOA CG! üé∂üé∂üé∂ See you!
along	 	url	Love is just a word until someone comes along and gives it meaning.
along	 	url	You'll be able to see now our #BUMGIJane bus ad along EDSA. #BUMHoliday http://instagram.com/p/u7gygvHnpr/
along	 	url	The trouble with having an open mind, of course, is that people will insist on coming along and trying to put things in it. - Pratchett
along	 	url	Google to launch Indian Language Internet Alliance today along with Hindi voice search.
along	 	url	I think this essay is coming along great!
along	 	url	the best feeling is when someone comes along and loves/appreciates all the things about you, that someone else didn't.
along	 	url	Companies that run well and are successful have Presidents and Vice Presidents that get along, are a team, and compliment each other.
along	 	url	"I would like to thank 5sos for coming along bc now all the carrots have went to their fandom thank god"
along	 	url	So happy to finally have advanced warfare and fazeberry goes along perfect it's gunna be so fun to play
along	 	url	LEO: have you forgotten the way he smiles yet or is that saved in your phone still along with all the text messages you two have ever sent
along	 	url	üòç comin along
along	 	url	Honestly, if someone ran their fingers along my back every night until I fell asleep I would be the happiest person ever
along	 	url	Or maybe he was catfish all along omg this is stressing me out
along	 	url	wow cant wait to see pics of 5sos at LAX along with the same 5 people that meet them every time !
along	 	url	I hate it when I'm singing along to a song and the artist gets the words wrong.
along	 	url	Take a look at the prevalence of depression & anxiety in America, along with the toll they take on our economy: http://onforb.es/1s3W0dg
along	 	url	"Everybody want to #StealMyGirl, everybody want to take her heart away!" RT if you're singing along to #Spinnr1D!
along	 	url	[INFO] MINHO along with SUHO, KAI to attend "Cart" movie screening today, cr:spdstudio
along	 	url	The best things in life are the people you love, the places you've seen, and the memories you've made along the way.
along	 	url	We will be "Up All Night" dancing and singing along to One Direction's songs on March 21 & 22 @ MOA CG! üé∂üé∂üé∂ See you!
along	 	url	Love is just a word until someone comes along and gives it meaning.
along	 	url	You'll be able to see now our #BUMGIJane bus ad along EDSA. #BUMHoliday http://instagram.com/p/u7gygvHnpr/
along	 	url	The trouble with having an open mind, of course, is that people will insist on coming along and trying to put things in it. - Pratchett
along	 	url	Google to launch Indian Language Internet Alliance today along with Hindi voice search.
along	 	url	I think this essay is coming along great!
along	 	url	the best feeling is when someone comes along and loves/appreciates all the things about you, that someone else didn't.
along	 	url	Companies that run well and are successful have Presidents and Vice Presidents that get along, are a team, and compliment each other.
along	 	url	"I would like to thank 5sos for coming along bc now all the carrots have went to their fandom thank god"
along	 	url	So happy to finally have advanced warfare and fazeberry goes along perfect it's gunna be so fun to play
along	 	url	LEO: have you forgotten the way he smiles yet or is that saved in your phone still along with all the text messages you two have ever sent
along	 	url	üòç comin along
along	 	url	Honestly, if someone ran their fingers along my back every night until I fell asleep I would be the happiest person ever
along	 	url	Or maybe he was catfish all along omg this is stressing me out
along	 	url	wow cant wait to see pics of 5sos at LAX along with the same 5 people that meet them every time !
along	 	url	I hate it when I'm singing along to a song and the artist gets the words wrong.
along	 	url	Take a look at the prevalence of depression & anxiety in America, along with the toll they take on our economy: http://onforb.es/1s3W0dg
along	 	url	And now, the most Pittsburgh moment of all, as fireworks burst over Heinz Field and crowd sings along with Jimmy Pol and the Steelers polka.
along	 	url	"Thank you for loving the Pittsburgh Steelers. And thank you for bringing me along." Joe Greene to #SteelersNation
along	 	url	Getting along with someone isn't reason enough to justify dating them. Pay attention to values, character, compatability... Be discerning.
along	 	url	FOLLOW contest is now done. Thanks so much for playing along, #kitkats! xox
along	 	url	The best things in life are the people you love, the places you've seen, and the memories you've made along the way.
along	 	url	I felt very still and very empty, the way the eye of a tornado must feel, moving dully along in the middle of the surrounding hullabaloo.
along	 	url	#IStandSunday proves that Susan B. Anthony was right all along --> #p2
along	 	url	every single fandom are getting along to each other because of #alexfromtarget this guy is making history
along	 	url	Every fandom is getting along right now and it's all because of this boy. This boy is making history. #alexfromtarget
along	 	url	7-1 under the radar! Along way to go, and we can get alot better but 7-1 is tops at the 1/2 way mark! #AZCardinals
along	 	url	And we just learned the anonymous pansies on Twitter are lame and cowards. Along with jamie little is a badass.
along	 	url	If you cant keep a secret you won't get along well with an #Aquarian.
along	 	url	BK: We‚Äôll have to win PHX. I‚Äôm sure there‚Äôll be contact along the way. Everyone is desperate. The points are very, very close.
along	 	url	do you know how hard it is to sip milk through a straw, sing along to fiona apple and stroke my own head sympathetically all at once? v hard
along	 	url	#HEATgame: @DwyaneWade now with 2 blocks tonight to go along with 14pts 8rebs & 6asts. HEAT up 15 with 6:40 left in the 3rd quarter.
along	 	url	It was my pleasure along with my partners to sponsor Earth Wind and Fire at the NMSDC Welcome To Orlando Reception!
along	 	url	I guess Baylor, TCU, FSU, Mich St and Notre Dame along with all 14 SEC teams are the only ones still alive for college football playoff?
along	 	url	President Obama is in the house at Temple University tonight. Follow along with the Daily News' @ChrisBrennanDN, who is livetweeting now.
along	 	url	Love is just a word, until someone comes along and gives it meaning.
along	 	url	Alistair Darling already has seat in a Lords lined up. Why would he want to have the humiliation of GE defeat in 2015 along the way?
along	 	url	So far my to-do list for today is coming along just swimmingly: Breakfast ‚úÖ Lunch ‚úÖ Dinner
along	 	url	Shame on the girl who went along with it knowing he was with jess too! #girlcode
along	 	url	Playing Wales Wednesday! come along we will have fun fun x
along	 	url	Family looking for answers after 23-yr-old cyclist killed along Rt. 51: http://cbsloc.al/1ukuVsL
along	 	url	. @KellyKKRoberts just ran the NYC Marathon and took 20 selfies w/ cute guys along the‚Ä¶ http://popsu.gr/36038544
along	 	url	Kelly: Did a good job taking time off the clock, coming away with TD. Said a lot about how we're coming along and bodes well for the future.
along	 	url	The #CSI #CBSInstagramTakeover is under way! Follow along and watch tonight! http://instagram.com/csi.cbs  @ElisabethHarnoi
along	 	url	Lola smashed it vs Stereo Kickedout but Paul should've been in the sing along and gone this week.
along	 	url	When you find out you can live without it, go along not thinking about it. ‚ÄìBaloo (Jungle Book)
along	 	url	Just because something good ends, doesn't mean something better won't come along.
along	 	url	i think everyone who keeps a journal wishes someone who cared enough would come along and secretly read it
along	 	url	Really disturbing that the feds went along with this request Ferguson http://bigstory.ap.org/article/674886091e344ffa95e92eb482e02be1/ap-exclusive-ferguson-no-fly-zone-aimed-media ‚Ä¶
along	 	url	Oh good, DeSean Jackson is telling a fan "F you" and barking at him along the railing on the bench. Please play the game. Thanks.
along	 	url	The #AskBigHero6 Q&A will feature filmmakers, @RyankPotter, @genirodriguez, & @jamiechung1! Ask now, follow along tomorrow at 12:30PT!
along	 	url	If you own land at sea level in USA, last chance to sell it to a Republican/denier. Flood insurance rising along with sea level. See #IPCC
along	 	url	Hey guys!! The creators of the movie #bighero6 along with @ryankpotter @genirodriguez and I are‚Ä¶ http://instagram.com/p/u6MaBLBehA/
along	 	url	Texans really have been moving JJ Watt around along the DLine masterfully so far. Talk about tuff matchup!
along	 	url	Everyone's wondering why eleanor hugged niall idk it would be weird if she didn't hug him I'm sure they all get along well
along	 	url	Lovers don't finally meet somewhere. They're in each other all along.
along	 	url	This living photos is coming along quite cool! Just hang with me today as I am uploading from my iPad #newsawyervideo #LivingPhotos2
along	 	url	when you cried over guys that hurt you, knowing your close friend or bestfriend are the one for you all along.
along	 	url	MT @RyanLizza: Something ironic about Hillary Clinton nodding along as Shaheen attacks Scott Brown for running for Senate as a carpetbagger.
along	 	url	Wall painting from Herodium depicting a sea view along with bull, trees, a temple, a palm tree and a boat, 20-15 BC
along	 	url	Scary picture of Jihad infested Poschim Bongo. 2800 mosques and 1680 madrasas along the border. By @singh_prakash -> http://www.newindianexpress.com/magazine/voices/Burdwan-Symbolises-the-Rot-Within-the-Once-Vibrant-West-Bengal/2014/11/02/article2501884.ece ‚Ä¶
along	 	url	A little birdie told me don't be surprised if RB Terrance West gets the most carries today for #Browns. Just passing it along.
along	 	url	AAP mumbai volunteers r doing amazing job in anti-corruption drive & catching the corrupts along wid ACB. Salute them for such dedication.
along	 	url	eleanor in the audience singing along with the boys as they do their xfactor performance!! (via my insider)
along	 	url	We were ready for some football! Sports radio listening shot upward in October, setting several records along the way http://niel.sn/1xHTgpt
along	 	url	NIALLS REACTION WHEN THE CROWD SINGS ALONG WITH HIS SOLO WILL ALWAYS BE MY FAVOURITE THING #2yearsoflittlethings
along	 	url	i'm gonna need y'all to NOT go to that person's account to give them a hard time. just read the response, think about it & keep moving along
along	 	url	Tonight's the last gig of the ASIA 2014 World tour right here - Come along! Shepherds Bush Empire, London - 7.30pm
along	 	url	India puts its troops on high alert along its #Pakistan border after blast. http://tribune.com.pk/story/784976/cylinder-blasts-kill-3-in-islamabad-injure-2-in-karachi/ ‚Ä¶ #WagahBorder
along	 	url	Also, I was in the locker room when "guys were yelling" along with other reporters. It wasn't about RG3. They were messing w/ Tony Wyllie
along	 	url	"@Team_Viken: Fall Color and Homestead Along Senic US Highway 2 in Washington by randalljhodges #Photography #Nature "
along	 	url	Everyone needs someone to tell about their day, complain to when something goes wrong and to share every happy moment when they come along ‚ù§
along	 	url	Tweet for @adamlambert fans. I can reveal he is set to perform on this year's @TheXFactor along with Queen! #xfactor #adamlambert
along	 	url	The N American leg of The Violet Flame Tour finished last night. Thank you to everyone who came along! Europe next!
along	 	url	Nothing to see here, walk along...
along	 	url	Lovers don't finally meet somewhere. They're in each other all along.
along	 	url	This living photos is coming along quite cool! Just hang with me today as I am uploading from my iPad #newsawyervideo #LivingPhotos2
along	 	url	when you cried over guys that hurt you, knowing your close friend or bestfriend are the one for you all along.
along	 	url	MT @RyanLizza: Something ironic about Hillary Clinton nodding along as Shaheen attacks Scott Brown for running for Senate as a carpetbagger.
along	 	url	Wall painting from Herodium depicting a sea view along with bull, trees, a temple, a palm tree and a boat, 20-15 BC
along	 	url	Scary picture of Jihad infested Poschim Bongo. 2800 mosques and 1680 madrasas along the border. By @singh_prakash -> http://www.newindianexpress.com/magazine/voices/Burdwan-Symbolises-the-Rot-Within-the-Once-Vibrant-West-Bengal/2014/11/02/article2501884.ece ‚Ä¶
along	 	url	A little birdie told me don't be surprised if RB Terrance West gets the most carries today for #Browns. Just passing it along.
along	 	url	AAP mumbai volunteers r doing amazing job in anti-corruption drive & catching the corrupts along wid ACB. Salute them for such dedication.
along	 	url	eleanor in the audience singing along with the boys as they do their xfactor performance!! (via my insider)
along	 	url	We were ready for some football! Sports radio listening shot upward in October, setting several records along the way http://niel.sn/1xHTgpt
along	 	url	NIALLS REACTION WHEN THE CROWD SINGS ALONG WITH HIS SOLO WILL ALWAYS BE MY FAVOURITE THING #2yearsoflittlethings
along	 	url	i'm gonna need y'all to NOT go to that person's account to give them a hard time. just read the response, think about it & keep moving along
along	 	url	Tonight's the last gig of the ASIA 2014 World tour right here - Come along! Shepherds Bush Empire, London - 7.30pm
along	 	url	India puts its troops on high alert along its #Pakistan border after blast. http://tribune.com.pk/story/784976/cylinder-blasts-kill-3-in-islamabad-injure-2-in-karachi/ ‚Ä¶ #WagahBorder
along	 	url	Also, I was in the locker room when "guys were yelling" along with other reporters. It wasn't about RG3. They were messing w/ Tony Wyllie
along	 	url	"@Team_Viken: Fall Color and Homestead Along Senic US Highway 2 in Washington by randalljhodges #Photography #Nature "
along	 	url	Everyone needs someone to tell about their day, complain to when something goes wrong and to share every happy moment when they come along ‚ù§
along	 	url	Tweet for @adamlambert fans. I can reveal he is set to perform on this year's @TheXFactor along with Queen! #xfactor #adamlambert
along	 	url	The N American leg of The Violet Flame Tour finished last night. Thank you to everyone who came along! Europe next!
along	 	url	Nothing to see here, walk along...
along	 	url	The best things in life are the people you love, the places you've seen, and the memories you've made along the way.
along	 	url	Along Came Polly
along	 	url	If you are looking for super definition place a business card diagonally under cheekbone &sweep bronzer along the top
along	 	url	The whole stadium lights up & everyone in the stadium sings along the last 2 verses of the song #2yearsoflittlethings
along	 	url	I felt dreadfully inadequate. The trouble was, I had been inadequate all along, I simply hadn‚Äôt thought about it.
along	 	url	I LOVE LITTLE THINGS SING ALONG DURING CONCERTS AS THEY ARE ALWAYS BEAUTIFUL TO WATCH AND SERVES AS A CONSTANT REMINDER THAT WE ARE FAMILY
along	 	url	#2yearsoflittlethings 2 years but it still manages to tear up the boys and the crowd, the crowd singing along andüëá
along	 	url	its been 2 years but i still cant sing along to nialls solo in little things without screaming "YOU SING" like he would on every single show
along	 	url	When you want to sing along but you dont know the lyrics üò© #sibuklah https://vine.co/v/OO65d1HPdzB
along	 	url	More than 22 inches of snow fell along the highest parts of the Great Smoky Mountains national park since Friday.
along	 	url	going home tomorrow so I can finally write some more letters to you guys.. get them here along with my bandanas http://www.danlewismerchandise.bigcartel.com
along	 	url	WHENEVER THE CROWD SINGS ALONG TO THE BOYS SONGS THEIR FACE LIGHTS UP #2YearOfLittleThings #EMABiggestFans1D
along	 	url	#askacacia love this hashtag cuz 5SOS fam and Directioners get along so well ahahah
along	 	url	REMEMBER WHEN NIALL STARTED CRYING BECAUSE THE CROWD SINGING ALONG HIS SOLO #2yearsoflittlethings #EMABiggestFans1D
along	 	url	(2/3) Strong and possibly damaging winds expected today, highest along the eastern MA coast.
along	 	url	Psychology says, when you finally let go of the past, something better comes along.
along	 	url	Wife: *singing along* Some people call me the space cowboy... Me: Who is this? W: Steve Miller Band. M: Ed's brother? W: *turns radio up*
along	 	url	You don't have to have all the answers to move forward. Life is about figuring things out along the way.
along	 	url	Underneath every #Virgo, is a strong, almost volcanic sexuality that can lay hidden for years until the right partner comes along.
along	 	url	n√£o sou pharell mas BECAUSE I'M HAPPY CLAP ALONG IF YOU FE
along	 	url	the one direction fandom and the 5sos fandom getting along for #askacacia
along	 	url	thanks acacia! directioners and 5sos fam are getting along again‚ù§Ô∏èüôå #askacacia
along	 	url	Park Shin Hye & Lee Jong Seok Getting Along Behind The Scenes Of "Pinocchio": http://couch-kimchi.com/2014/11/02/park-shin-hye-lee-jong-seok-getting-along-behind-the-scenes-of-pinocchio/ ‚Ä¶"
along	 	url	We're doing a tweet-along marathon re-watch of @MV_The_Series on Monday! Use #MorganvilleLive to join in the fun & spread the word!
along	 	url	Had so much fun on @ThundermansTV & @awesomenesstv! Thanks so much for tuning in & tweeting along with us. @NickelodeonTV #ATVonNICK
along	 	url	Enjoy the sauna or steam room? Check out all these health benefits that come along with all that relaxation... http://bit.ly/1udW7py
along	 	url	Cruise and symphony Xmas tour rehearsals coming along nicely... craic is 90 with my CT buddies as always. Now for some zzz's.
along	 	url	#askacacia the only times when 5sos and 1D fandom come together. legit if we both got along we'd be unstoppable
along	 	url	.@TheRiseNation has picked up @RiseDiabolic along side @RiseWhea7s and @RisePacman going into Advanced Warfare. #RosterChanges
along	 	url	New twitter @ now apart of @TheRiseNation for AW along with @RiseWhea7s and @RisePacman give them a follow
along	 	url	Directioners and 5sosfam getting along again by slaying Acacia #askacacia
along	 	url	Hibbert pulled down his 10th rebound and, along with 14 points, has a double-double tonight. ATL 89, IND 81
along	 	url	Pr18:1People who do not get along with others are interested only in themselves;they will disagree with what everyone else knows is right.
along	 	url	New bike "underpass" along #Melbourne's waterfront filled a gap in the cycling network. Nice, sleek design.
along	 	url	I only like the #askacacia tag bc it makes the 5sos fam and one direction fandom get alongüòÇ
along	 	url	Join the party and tweet along with the cast using #SurvivorsRemorse during an all new episode starting at 9P ET/PT.
along	 	url	When directioners and the 5sos Fam are getting along #askacacia
along	 	url	#askacacia thanks to this dumbass, my fandoms are getting along for a bit!
along	 	url	I laugh so hard whenever the 1d and 5sos fam get along over acacia. I mean we should get along everyday bc it's quite great actually
along	 	url	A large crowd watching the funeral procession of President Abraham Lincoln as it moves its way along, 1865
along	 	url	If you asked God to help you along your journey, don't forget about Him when you reach the top
along	 	url	All wanted is for directioners and 5sos fam to get along Can we all thank acacia for making that happen #askacacia
along	 	url	#askacacia when i see 5sos fam and directioners getting along
along	 	url	5sos fam and 1D fandom are actually getting along bc of this tag #askacacia
along	 	url	I actually thank you for doing these hashtags bc that's the only time both of the fandoms get along #askacacia
along	 	url	#askacacia Seeing the 5sosfam and Directioners getting along like:
along	 	url	Common couldn't go to a club in his own city without hearing "Stay Scheming" and the ENTIRE club singing along.
along	 	url	Couples Halloween costumes always end up looking like one person went along with it to save the relationship.
along	 	url	I love how some of us don't always get along but when we do it's for stuff like #askacacia
along	 	url	Psychology says, when you finally let go of the past, something better comes along.
along	 	url	Thanks to my friends at @AmwayUS for great @NutriliteHealth products along with their other great items too #Ambassador
along	 	url	"I will guide you along the best pathway for your life. I will advise you and watch over you." - Psalm 32:8 http://fb.me/6S1LkWDXI
along	 	url	This morning, the nature of the trolling was along the lines of me having "10 fathers" "open your legs" for Kejriwal, etc. 2/n
along	 	url	Cobalt blue sky and fall colors along the Cahaba River today near West Blocton #alwx
along	 	url	Extremely proud and excited to commit to the University of Maine. Thank you to everyone who supported me along the way. #GoBlackBears
along	 	url	McBusted Live at the O2 & TOURPLAY DVD is up for pre-order on Amazon.You can play air guitar along at home.. http://po.st/TOURPLAYDVD
along	 	url	The @DFenders become a team today when the #DLeagueDraft tips at 12:30pm PT. Follow along live on http://www.nba.com/dleague/
along	 	url	Why are massive numbers of sea creatures dying along the west coast right now? http://shar.es/10cjXV  #fukushima
along	 	url	SGT.#TAHMOORESSI IS FREE!! As I've said ALL ALONG, BO waited 'til JUST BEFORE ELECTIONS to get him out to score points! WELCOME HOME, HERO!
along	 	url	a cool date would be burying our memories along with who we used to be
along	 	url	Love is just a word, until someone comes along and gives it meaning.
along	 	url	Video games ‚Äî along with the rest of the world ‚Äî are headed into holiday season: http://onforb.es/1wJH2fU
along	 	url	People who don't smoke weed are hard to get along with .... I'm just sayin
along	 	url	long phone call with you, with a story telling session and a good laugh getting along a perfect way to end my night
along	 	url	Is that a dress or a top? Your daddy issues are showing...along with everything else.
along	 	url	It's beautiful how the crowd sings along https://vine.co/v/OMOTULw21bz
along	 	url	The @snapdeal caller of the week says she is upset with Pritam as he too is drifted along with the housemates! Do you agree with her? #BB8
along	 	url	#Pisces: We can get along with anyone but only perfer a few
along	 	url	UNREAL catch from Boyd along the sidelines for the Pitt first down!
along	 	url	If you make a decision to commit, you should take everything that comes along with it seriously.
along	 	url	One language sets you in a corridor for life. Two languages open every door along the way. ‚Äì Frank Smith
along	 	url	Aggies follow @TAMUGameDay for in-game stats and updates along with behind the scenes photos #12thMan
along	 	url	"@KinaGee_: light-skin doesn't always mean "somewhere along the line there had been race mixture in your family" ‚Äù"
along	 	url	Cesc Fabregas now has 11 assists to go along with 2 goals in his 13-match Chelsea career. Nice summer pick-up. #cfc
along	 	url	Month Of KAM starts today! Make sure to follow along! #MonthOfKAM
along	 	url	Overpass is pretty decent, along with cache I like its addition to the map pool, but I want train back instead of cbblestone
along	 	url	I have it on good authority that just before half-time, Monreal will peel off his halloween mask and reveal he was Squillaci all along.
along	 	url	iPhone and PC streams will be posted for Arsenal vs Burnley, along with match commentary throughout the game #afc
along	 	url	[SHINee JAT 141101] During Fire, the audience sang along with SHINee again, and it felt different since the venue‚Ä¶ http://twishort.com/9BLgc
along	 	url	Join me & @willylevy29 tomorrow @FIU 2 welcome @JoeBiden along @CharlieCrist & @JoeGarcia with @latinovictoryus RSVP: http://bit.ly/1wR54Ya
along	 	url	Watch ABC 7 at 8 for the latest from @TBrownABC7 on damage caused by high waves along the city‚Äôs lakefront
along	 	url	One last thing: The clarification on today's Page 1 error will also be on Page 1 tomorrow. Along with the accurate picture.
along	 	url	Assertive Kiren Rijiju says to China: We have right to develop areas along China border & no one can stop us üí™! http://timesofindia.indiatimes.com/india/We-have-right-to-develop-areas-along-China-border-Kiren-Rijiju/articleshow/45004239.cms ‚Ä¶
along	 	url	What? 1DIM's having another giveaway? Yes, you've heard right! Along with Harry Styles Philippines and 1D Metro... http://fb.me/1Cdk9BiPw
along	 	url	Follow along and learn about @30SECONDSTOMARS journey of #IntoTheWild! http://beta.vyrt.com
along	 	url	These bus tours travel across Africa, developing startup ideas along the way http://www.fastcoexist.com/3037379/these-bus-tours-travel-across-africa-developing-startup-ideas-along-the-way ‚Ä¶
along	 	url	"We never 'earned' our democracy - We simply went along with British habits" http://bbc.in/1vqoNtJ  Is Australia still the luckiest country?
along	 	url	RT @Jordan_Cantelo: Turquoise waters, lapping along bleached white sands, only accessible by boat. @austnorthwest
along	 	url	Massive respect to ALL the fans at Moses Mabhida who sing along to 'Yiyo Le', the Buccaneers anthem. Touching. #MeyiwaFuneral
along	 	url	Tap highlighting powder along the top of cheekbone up to the temple in a C shape-the sheen enhances bone structure üëåüíó
along	 	url	Thank you Mommy Min 4 actualizing Kathryn's planned vacation & for allowing DJ to come along‚ù§Ô∏èüò≠üë´üëë #KathNielJowaAdventures #KNBuckeList ‚úÖüòç
along	 	url	HIGHLIGHTS: Hill gets 23 points along with 21 from @kobebryant as the Lakers fall 118-111 - http://on.nba.com/1s26R7D
along	 	url	Loving words can be simple, but it's a candle along the journey http://bellofpeace.org
along	 	url	Too busy trick-or-treating to follow along? All your #HockeyHalloween scores and stats are right here: http://s.nhl.com/DEpRo
along	 	url	Reminder: people on the internet you think of as institutions are just folks trying their best and making it up as they go along.
along	 	url	Every Arctic monkeys song sounds exactly the same so I can sing along to everything but out of context I wouldn't recognize the words
along	 	url	.@S_C_ produced the Broadway musical Fela! along with Will & Jada Pinkett Smith.
along	 	url	Thanks for sticking around & playing along all month, guys, this was much FUN! Here are the 31 #FFFear all in 1 tweet
along	 	url	Sacramento on a 12-2 run, leading 62-52 with 8:01 left in Q3. Rudy Gay leads all scorers with 22 points, along with 6 rebounds. #PORatSAC
along	 	url	Someone better always ends up coming along üòå
along	 	url	We made some great memories together & I'll never forget the friends I've made along the way. Thanks for everything!!
along	 	url	Proud to announce 2014 @BlueGreyFB All American Brian Dawkins Jr along side my #EAGLES brother @BrianDawkins
along	 	url	Don't get played play along üòÇüòÇ‚úä
along	 	url	A night of terrible wonders lies ahead. Watch and tweet along with your fellow #Dreadfuls using #DreadfulHalloween!
along	 	url	Iceberg and Mountains along the Antartic Peninsula
along	 	url	Beautiful day along the #California coast. Photo by Daniel Parks.
along	 	url	It occurs to me, as I follow along, gray and carrying everything, that I have become Alfred.
along	 	url	Who's gonna get murdered? And who's the murderer? I don't know, and neither do you. Make sure to play along! #TLR http://roosterteeth.com/news/entry.php?id=5013464 ‚Ä¶
along	 	url	The Guys of Boy Band, Midnight Red, Open Up About Their Music and What They Have Learned Along The Way! http://shar.es/10u6mB
along	 	url	i ordered new jeans and they're so tight i can't even fit one leg in i guess i'll have to return them along with my self confidence
along	 	url	This weekend the #ForceAcademy play against local rivals the San Jose Earthquakes. Head along and support the... http://fb.me/1NZvjJxKY
along	 	url	Tomorrow we turn three. What a wild ride it's been. Thanks to all for following along on this magical journey. Here's to the future!
along	 	url	Moving right along. #hkhalloween
along	 	url	2 hours until #Haven5 "Exposure" on @Syfy! Remember to tweet along live with @ERICBALFOUR for this #HavenHalloween!
along	 	url	Transcribing interviews is one of the most annoying things about freelancing, along with bugging people for payment. #IHaveToDoThatToo
along	 	url	Just got December dates üíØ who wants them tomorrow night along with words date?
along	 	url	Couples Halloween costumes always end up looking like one person went along with it to save the relationship.
along	 	url	Nothing makes two people get along than a mutual hatred for a third person
along	 	url	EXCLUSIVE: @jamessmurray passed along this FULL wedding montage vid from last night's #ImpracticalJokers http://on.fb.me/1G38pHX
along	 	url	Inspired by #occupydemocracy? Want democracy that works for the 99%? Come along to our Meet Up tomorrow. #olsx
along	 	url	When hard times come along. Some people turn to drugs, some to alcohol, I turn to the gym.
along	 	url	.@DenialEsports has picked up @RiseAttach as their fourth along side Saints, Replays and ZooMaa #RosterChanges #eSports
along	 	url	#Sagittarius: Is not heartless and prefer to just tell it like is instead of dragging things along.
along	 	url	I have officially joined Denial along side! @Denial_Saints @Denial_ZooMaa @Denial_Replays and thanks @DenialCEO for the opportunity!
along	 	url	The key to our Brussels Sprout Salad‚Äîalong with raw preparation‚Äîis slicing them super thin: http://bit.ly/1wdvD9Q
along	 	url	Altogether we have raised 624.94 for St Giles hospice!,an amazing organisation, thankyou all so much for coming along today and donating‚ù§Ô∏è‚öΩÔ∏è
along	 	url	RT @fairfaxcounty: Officials forced to reveal the truth about the Bunny Man, along w/photo. http://1.usa.gov/1sRicGC  http://twitter.com/fairfaxcounty/status/528245218873995266/photo/1pic.twitter.com/NUGt8uGlNB
along	 	url	30 of the 39 players on the 1985 @NCAACWS roster will be in town this weekend, along with 110+ other former Diamond Dawgs #AlumniWeekend
along	 	url	T minus 1 hour until #SFGParade, and fans are already 12-deep all along Market. #SFGiants
along	 	url	Snow starting to stick on grass along I-65 in northern Indiana. Wind gusts to 40mph via @BrettAWX
along	 	url	#HappyHalloween!! V chose to be Elsa for school along every little girl in the world! Lol #frozen http://instagram.com/p/u00WO_MWjP/
along	 	url	What A Scene @capitoltheatre! Watch @Wilco lead a capacity crowd in singing along to "Ripple" http://bit.ly/1wO73fQ
along	 	url	The most important single ingredient in the formula of success is knowing how to get along with people. - Theodore Roosevelt #quote
along	 	url	Your life still crackles & hums beneath you, an ancient river carrying you along despite yourself.It wasn't yours to start or yours to stop.
along	 	url	Now, let me at least get us to the 1980s. Follow along in the Definitive Discopgraphy of Police Protest Songs @ http://www.dailykos.com/story/2014/10/27/1339197/-The-definitive-discography-of-police-protest-songs-with-videos-and-lyrics ‚Ä¶
along	 	url	i stopped worrying about what i can and cant pull off along time ago, now i just wear whatever i please
along	 	url	Me on the first day of school when I find out that someone is in my class that I don't get along with
along	 	url	CDC admits been LYING all along about Ebola transmission; "indirect" spread now acknowledged http://www.naturalnews.com/047457_Ebola_transmission_CDC_quackery_aerosolized_particles.html#ixzz3HjTvS9Hw ‚Ä¶
along	 	url	Also excited to have Hall of Fame inductees Jake Grove and Lee Suggs back, along with Bryan Randall and Andr√© Davis. #Hokies
along	 	url	‚ÄúThere are no traffic jams along the extra mile.‚Äù- Roger Staubach
along	 	url	I was just wondering if you'd come along, hold up my head when my head won't hold on, I'll do the same if the same's what you want #DMB
along	 	url	Love is just a word, until someone comes along and gives it meaning.
along	 	url	God says‚Ä¶ Earth will melt along with all its inhabitants.But I myself will keep its pillars steady - Psalm 75:2-3 (please retweet)
along	 	url	If you‚Äôre wondering about lack of posts, it is thanks to these two funding proposals along with the final edits on the Lassen paper.
along	 	url	How Chicago Rent Prices Compare Along L Stops [Map] http://chicagoinno.streetwise.co/2014/10/30/how-chicago-rent-prices-compare-along-l-stops-map/ ‚Ä¶
along	 	url	you're a nobody once someone better comes along
along	 	url	Dr Who(s) are like buses. You wait twenty years to photograph one and then three come along all at once. #DrWho #Routemaster
along	 	url	Post your favorite pictures of me along with tagging @avnawards & hashtag #AVNtrophygirls ALL DAY TODAY PLEASE!
along	 	url	While taking oath @TawdeVinod mentioned his mother's name along with father's. Good gesture.
along	 	url	Pictured: The suicidal son who beheaded his mother and kicked her head along the street http://dailym.ai/1wMa7Hn
along	 	url	A new leopard frog has been discovered hiding out along the I-95. New Three Sentence Science. http://tss.nautil.us/4170
along	 	url	buy me oversized hoodies and let me fall asleep in your lap while you stroke my hair and trace your fingers along my back
along	 	url	girls will be girls. We laugh at the dumbest jokes & go along with the craziest ideas #KamusCewek
along	 	url	Twitter is full of useless noise. Then #beenrapedneverreported comes along. Feel like hugging a couple thousand sisters right now.
along	 	url	I felt very still and very empty, the way the eye of a tornado must feel, moving dully along in the middle of the surrounding hullabaloo.
along	 	url	Baby we're the New Romantics. Come on, come along with me.. #TS1989 #taylurking
along	 	url	üëØ üò∫ BABY WE'RE THE NEW ROMANTICS. C'MON COME ALONG WITH ME. HEARTBREAK IS THE NATIONAL ANTHEM. WE SING IT PROUDLY. üò∫ üëØ
along	 	url	[FANACC] 141030 All the fans inside the venue are chanting and screaming so loud for EXO. Also singing along with them.
along	 	url	Life flows along with a smile and a song. ‚ÄìSnow White
along	 	url	.@JASMINEVILLEGAS I'm in San Francisco and "that's me right there" is on the radio. I'm singing along. Just thought I'd let you know lol
along	 	url	Participated in 'Run for Unity' at Vijay Chowk along with Hon'ble @MVENKAIAHNAIDU Ji & thousands of fellow citizens.
along	 	url	The best feeling in the world is walking down the street and seeing someone wearing 5sos merch or dancing along to one of their songs
along	 	url	/Bobby Petrino pulls off mask to reveal he was Houston Nutt all along #HeppinHalloween
along	 	url	I think its one of the most beautiful things when the crowd sings along with 5sos
along	 	url	I've already told you: the only way to a woman's heart is along the path of torment. I know none other as sure.
along	 	url	We got so many great questions for @MarioAndretti that we're changing it to a Twitter Q&A. Follow along at 8AM tomorrow. #BrkfstWithMario
along	 	url	Watching #TheMcCarthys? The cast & crew are live tweeting the premiere from #MicrosoftLounge. Tweet along with hashtag #TheMcCarthys
along	 	url	The Newton's are a great family man. First it was Sir Isaac Newton, then came along Fig with those delicious snack treats, and now Cam. Wow
along	 	url	Pierce! Big shot along the baseline, quiets crowd temporarily and gives #Wizards a 98-93 lead, 2:10 left #WizMagic http://www.nba.com/wizards/social-hub ‚Ä¶
along	 	url	Heading to Adelaide today and performing in Whyalla tomorrow so make sure you come along!
along	 	url	141030 CHANYEOL playing a guitar and singing today during rehearsals!!! üò≠üò≠ Kyungsoo is singing along with him
along	 	url	Enjoy the sauna or steam room? Check out all these health benefits that come along with all that relaxation.. http://bit.ly/1udW7py
along	 	url	Nice crowd for this one. Freeport, as usual, travels well for v'ball. Ford City here in force, along with a lot of Kittanning support.
along	 	url	Take the bad along with the good.
along	 	url	louis mouthing along to harry during you & i they love to do this :)) http://twitter.com/WhyLarryIsReal/status/527962247239585792/photo/1pic.twitter.com/JxmL1imkEW
along	 	url	When you cry I want to crawl into your Soul gently tiptoe along the wreckage of your heart soothe the scars &feel your ache until you smile~
along	 	url	You can chase the dream all you want, but if you don't have anyone to share it with, you're not quite as far along as you thought. @jakeowen
along	 	url	You might never get along with a #Capricorn because they are stubborn and like to take the lead.
along	 	url	RT @GhoulishMask: The day before Halloween this guy comes in & tells us to move along... Then he took our rat! #501st
along	 	url	#SCORPIOS really don't get along with people we just pretend to . üòÇüòÇüòÇ @ScorpioAreUs
along	 	url	Took this photo walking along Regents Canal today. Went all the way to Camden and sampled a few glasses of merlot :))
along	 	url	Enjoy the sauna or steam room? Check out all these health benefits that come along with all that relaxation... http://bit.ly/1udW7py
along	 	url	Buckle up motherlickers! Brand new #Reign tonight at 9/8c on the CW. Not sure yet whether I'll be on set but I'll try to tweet along.
along	 	url	RT @camdengp: .@CarolineLucas is on Question Time tonight. Tweet along and remind the BBC to #invitethegreens! #bbqt
along	 	url	Along with all of you, the NBA community reached out to show their support for @J30_RANDLE: http://on.nba.com/106m8fU
along	 	url	Turns out Susan B. Anthony was right all along. #KeepCalmVoteDem #p2
along	 	url	HIGH FIVE SESSION @ SHAW CENTRE, LVL1, MAIN ATRIUM ON DEC 12 @ 7PM. PLS BRING ALONG YOUR CAT 1 VVIP TICKET TO REDEEM A STICKER.
along	 	url	Getting excited about speaking at @stretchcon. You should come along too!
along	 	url	One day Someone will come along And discover everything about you And will, They will love you, I promise.
along	 	url	‚Äú@xImma_Mahomiex: @ChrissyCostanza THIS'LL BE ME SINGING ALONG TO #GRAVITY ‚Äù *sassy hair flip*
along	 	url	Goal: City are set to move for Marco Reus (25), a top priority along with Ross Barkley, and hope the boyhood Dortmund fan will snub Bayern.
along	 	url	Tonight's giveaways. LeBron apparently doing powder toss. Silver packet on seat is "powder" for fans to play along
along	 	url	I don't put a religious/philosophical label on myself because I don't want all the baggage that goes along with it. "Ism's" are prisons.
along	 	url	Activity of Russian troops in #Ukraine and along its border has increased - large-scale mil operations are expected. https://www.facebook.com/irakli.komaxidze/posts/684638584982724?pnref=story ‚Ä¶
along	 	url	These are the top 10 places to visit along the River Thames http://traveller.uk/47YfBD
along	 	url	Violent storm that swept through NH seacoast in August, moving north to south along the ocean. Photo: Joshua Blash
along	 	url	The road to success is dotted with many tempting parking spaces along the way.
along	 	url	OH MY GOD WE GOT MOVED UP TO VIP BECAUSE WE HAD A CRAZY SING ALONG IN THE MIDDLE OF TIMES SQUARE FOR 3 HOURS IM CRYING
along	 	url	I was just wondering if you'd come along. Hold up my head when my head won't hold on #DMB
along	 	url	Here And There Along The Echo http://kentuckyroutezero.com/here-and-there-along-the-echo/ ‚Ä¶
along	 	url	You're following along here, but what about Facebook? Click that #Like üëç button NOW. ‚Üí https://www.facebook.com/thirtysecondstomars ‚Ä¶
along	 	url	These awesome seabirds with mustaches nest in rocky hollows or burrows along the coasts of Peru and Chile.
along	 	url	Mockup of possible throwback helmet along with South Carolina's black uniforms for game against Tennessee?
along	 	url	PUT THIS IN A SLIDE SHOW ALONG WITH MY SELFIES AT MY FUNERAL
along	 	url	If you're going to ask people to sing along with God Bless America it's probably best to stick with the basic melody.
along	 	url	Happening tomorrow at 2pm ET: @RL_Stine is taking the reigns on our social media. Scary, right? Follow along at #Goosebumps. #Halloween
along	 	url	Global inequality, like global warming, is a disease that may be too far along to ever be cured. http://bit.ly/1tDf5aD
along	 	url	Egypt demolishes homes along its Gaza border to create a security buffer (PHOTOS) http://glpo.st/1xErUjU
along	 	url	Will @MRayneTNA & @TheTarynTerrell get along as they team against #TBP ? #IMPACTonSPIKE starts in 15
along	 	url	Follow your dream, but make sure to have a hell of a good time along the way
along	 	url	29er & Nick Spaling @WinBigRivers for Along the Boards w/@MillerLite & @84LumberNews Come say hi 2 @M2Third girls!
along	 	url	Along with tonight‚Äôs party, we‚Äôll also have a big announcement coming up about even more fun. Stay tuned! #StayfreeContest
along	 	url	Egypt demolishes homes along its Gaza border to create a security buffer (PHOTOS) http://glpo.st/1xErUjU
along	 	url	Will @MRayneTNA & @TheTarynTerrell get along as they team against #TBP ? #IMPACTonSPIKE starts in 15
along	 	url	Follow your dream, but make sure to have a hell of a good time along the way
along	 	url	29er & Nick Spaling @WinBigRivers for Along the Boards w/@MillerLite & @84LumberNews Come say hi 2 @M2Third girls!
along	 	url	Along with tonight‚Äôs party, we‚Äôll also have a big announcement coming up about even more fun. Stay tuned! #StayfreeContest
along	 	url	We're about to upload a CRAZY episode from @ObeyBeeks! He's back with more insane shots along with a great edit. It will be up shortly!
along	 	url	Marcus Paige named to the preseason All-ACC team along with Okafor, Brogdon, Grant and Harrell.
along	 	url	It‚Äôs official: Neil Patrick Harris joins 'American Horror Story: Freak Show' ‚Äî along with his husband http://bit.ly/1DxvIp8
along	 	url	NEW VIDEO!! (along w/ my Halloween costume) Plz comment and like! üòÑ #RT #WelcometoNewYork @taylorswift13 #1989 http://buff.ly/1zKLhxm
along	 	url	Only 2 days until Halloween! How are those pumpkin carvings coming along?
along	 	url	Happy ENERGY STAR Day to all of our partners & followers! Have you spread #ESPositiveEnergy along with us this month? Share your stories!
along	 	url	NASHVILLE!!! Here's your flyer! I'm coming to you along with the amazing Sakinah LeStage! Make sure‚Ä¶ http://instagram.com/p/uvlNX5GCwy/
along	 	url	Only 2 days until Halloween! How are those pumpkin carvings coming along?
along	 	url	Happy ENERGY STAR Day to all of our partners & followers! Have you spread #ESPositiveEnergy along with us this month? Share your stories!
along	 	url	NASHVILLE!!! Here's your flyer! I'm coming to you along with the amazing Sakinah LeStage! Make sure‚Ä¶ http://instagram.com/p/uvlNX5GCwy/
along	 	url	THE BOYS WERENT SUPPOSED TO TELL US THE NAME OF THE NEXT SINGLE BUT NIALL JUST WENT ALONG AND SHOUTED IT OUT THIS IS WHY I LOVE HIM
along	 	url	1,600 LED light fixtures are strategically placed on 270 poles along the Bay Bridge from Oakland to Treasure Island http://nbcbay.com/gN9GjMU
along	 	url	141029 Chen was mentioned on Weekly Idol along w/ male idols. Chen's baptism/baptized name is "MATEO". cr:ray_0203
along	 	url	I can't respect a woman who strings guys along to have just in case the one they're with slips up or she feels she needs options to be happy
along	 	url	Girlpool sticking around NYC, added to Halloween show w/ Diarrhea Planet, Hop Along & Mitski. dates & more CMJ pics: http://www.brooklynvegan.com/archives/2014/10/girlpool_added.html ‚Ä¶
along	 	url	Baby Olek (not his actual name but it should be) arrives @WestMidSafari along with 3 siblings. http://www.expressandstar.com/editors-picks/2014/10/29/meet-the-new-arrivals-at-meerkat-manor/ ‚Ä¶
along	 	url	.@Morning_Joe is live from the #MightyMiddle Summit today. Follow along with the conversation: http://on.msnbc.com/1zfg3gG
along	 	url	Pangu 8.0-8.1.x Untether 0.2 update available on Cydia (again) along with Cydia Substrate 0.9.5015 update #Jailbreak http://wp.me/p4Bgq3-12S
along	 	url	Amazing & humbling 2 B honored @IWMF courage awards along w/@brankica_st & solange nsimire ‚Ä¶ thank u
along	 	url	PML-N MNA along with Gullu Butts thrashed SNGPL staff on billing issue, he owes company around 3.2 million according to SNGPL.
