apples	 	http://en.wikipedia.org/wiki/Apple-Apple - Wikipedia, the free encyclopedia	 Aphids: There are five species of aphids commonly found on apples: apple grain aphid, rosy apple aphid, apple aphid, spirea aphid and the woolly apple aphid.
apples	 	http://www.whfoods.com/genpage.php?tname=foodspice&dbid=15-Apples - The World's Healthiest Foods	 What's New and Beneficial About Apples. The phytonutrients in apples can help you regulate your blood sugar. Recent research has shown that apple polyphenols can help ...
apples	 	http://www.maineapples.org/directory/-Maine Apples Directory	 Apple varieties ripen in a sequence beginning with summer ... Pick Your Own apples and apples at the farm stand are ... Visit an apple orchard to learn more about ...
apples	 	http://localfoods.about.com/od/apples/-Apples - Information & Seasonal Recipes for Apples	 Apples are one of those fruits people have forgotten have a season. But they do, and it's fall in the Northern Hemisphere. Find a stunning array of varieties and ...
apples	 	http://www.bestapples.com/varieties/index.aspx-Apple Varieties :: Washington State Apple Commission	 Although there are more than 7,500 varieties of apples worldwide, following are the top 9 varieties of apples grown in Washington state. Our most famous apple, the ...
apples	 	http://urbanext.illinois.edu/apples/facts.cfm-Apple Facts - Apples and More - University of Illinois ...	 Learn all about apples, growing and using them, and where to pick your own apples at the apples and More website developed by University of Illinois Extension.
apples	 	http://www.food.com/library/apple-186-Apple - Kitchen Dictionary - Food.com	 Substitutions: 1 cup chopped apples = 1 cup chopped firm pears + 1 tbsp lemon juice; 1 cup chopped apples = 1 cup dried apples, reconstitued; 6 tart apples = 2 ...
apples	 	http://minecraft.gamepedia.com/Apple-Apple - Minecraft Wiki	 Video . Note: The video shows golden apples being crafted with gold nuggets. This is outdated, as they are crafted with gold ingots.
apples	 	http://en.wikipedia.org/wiki/Apples_to_Apples-Apples to Apples - Wikipedia, the free encyclopedia	 Apples to Apples is a party game originally published by Out of the Box Publishing, and now published by Mattel. The object of the game is to win the most rounds by ...
apples	 	http://allrecipes.com/howto/baking-with-apples/-Baking with Apples Article - Allrecipes.com	 Baking with Apples. What makes a great baking apple? The best have a good sweet-tart balance and their flesh won't break down as they cook.
apples	 	http://allrecipes.com/Recipes/Fruits-and-Vegetables/Fruits/Apples/-Apple Recipes - Allrecipes.com	 It's still and apple-a-day, even when it's in one of these sweet apple pie, muffin, coffeecake, or applesauce recipes.
apples	 	http://www.energychoice.ohio.gov/-Apples to Apples	 Apples to Apples. With the Public Utilities Commission of Ohio’s innovative tool you can easily compare prices, contract terms and other plan ...
apples	 	http://www.pickyourown.org/apples.htm-Pick Your Own: Apples	 Apple varieties - which apple to pick and why! 2013 looks to have apples ripening on their normal schedule, and the excessive rain in many area is a mixed blessing ...
apples	 	http://www.amazon.com/Apples-to-Party-Box/dp/B00K12LGK0-Amazon.com: Apples to Apples Party Box: Toys & Games	 Apples to Apples is the game of hilarious comparisons; It's as easy as comparing apples to apples; just open the box, deal the cards and you're ready to play
apples	 	http://www.amazon.com/Apples-Nancy-Elizabeth-Wallace/dp/0761451811-Apples, Apples, Apples: Nancy Elizabeth Wallace ...	 Apples, Apples, Apples [Nancy Elizabeth Wallace] on Amazon.com. *FREE* shipping on qualifying offers. It’s a blue sky autumn day and Minna, Pop, Mom, and Dad have ...
apples	 	http://iloveyoulikeafatladylovesapples.com/-I Love You Like A Fat Lady Loves Apples	 Happy Valentine's Day my love. I brought you some apples, eat until your heart's content. A collaboration between Geoffrey Lillemon & Random Studio.
apples	 	http://www.almanac.com/plant/apples-Apples: How to Grow Apple Trees - Old Farmer's Almanac ...	 By Linda Beghtel I have a small Apple tree (Unknown type, tart, firm, great pie apples) and I decided to try to grow a new tree from a seed (experiment as one lady said).
apples	 	http://www.almanac.com/content/best-apples-baking-best apples baking cooking - Old Farmer's Almanac: weather ...	 This table describes the best apples for baking and cooking in North America from The Old Farmer’s Almanac. Also gives nutritional information on apples.
apples	 	http://ccps.unc.edu/apples/-APPLES Service-Learning - Carolina Center for Public Service	 Dear APPLES organizers, alumni and friends, We are excited to invite you to the 25th anniversary celebration of APPLES Service-Learning. Organizers have created an ...
apples	 	http://www.nutrition-and-you.com/apple-fruit.html-Apple fruit nutrition facts and health benefits	 Apples are obtained from the medium-sized tree belonging to the Rosaceae family. The apple tree is thought to be originated in the mineral-rich mountain ranges of ...
apples	 	http://www.applerecipes.us/-Apple Recipes | Free and Easy Apple Recipes	 Apples are full of vitamin C, fiber, and heart-healthy antioxidants to keep us eating well and feeling well. These apple recipes not only taste delicious, but they ...
apples	 	http://www.theapples.net/-The Apples - Official web site including, albums, videos ...	 The Apples are a 9 piece funk, jazz scratch collective mixed to a fresh style that's making heads turn across the globe.
apples	 	http://www.kidsparkz.com/apples.html-Apples Theme for preschool , pre-K and Kindergarten	 Apples. Here is a collection of activity pages and games to make that co-ordinate with the early childhood theme Apples, and can be used when planning activities and ...
apples	 	http://www.simplyrecipes.com/apples/-Apples! | SimplyRecipes.com - Simply Recipes Food and ...	 Delicious apple recipes from Simply Recipes and other food blogs. Apple cakes, apple tarts, applesauce, baked apples and more.
apples	 	http://www.foodsubs.com/Apples.html-Cook's Thesaurus: Apples	 Crisp, juicy apples are great in lunchboxes, but they can also be made into pies and tarts, pressed into cider, or baked with sugar and spices.
apples	 	http://www.arcticapples.com/-Arctic Apples - Truly a nonbrowning apple	 Arctic® apples combine the best of nature and science. From the tree nursery to the orchard to your grocery bag, they are identical to all other apples – until you ...
apples	 	http://foodfacts.mercola.com/apple.html-What are Apples Good For? - Mercola.com	 What Are Apples Good For? Awesome Apples. Botanical name: Malus domestica. Delicious, crunchy, juicy, and sweet are all adjectives used to describe apples.
apples	 	http://www.applesmarket.com/-Apples Market Lorain County Ohio	 Apples is your locally owned, neighborhood supermarket! Since 1979 we've been a part of Lorain County, bringing you the quality products you want, at prices you can ...
apples	 	http://www.ohioapples.com/-Bite into the Apple Orchards of Ohio! - Ohio Apples ...	 Apple Nutrition. Apples are a tasty, low calorie treat that can be enjoyed year round! Nothing can satisfy like the cool, crunchy zing of a farm fresh apple!
apples	 	http://www.apples.me/-Honeycrisp Apple. Order Apples.	 Apples. Honeycrisp apples, Cameo, Cortland, Empire, Fuji, Gala, Golden, Jonagold, McIntosh, Mutsu, Pink Lady, Red Delicious, Spartan, Stayman, Winesap apples and more.
apples	 	http://www.joyofbaking.com/apples.html-Apples - JoyofBaking.com - Baking & Dessert *Video Recipes*	 Apples: Apples originated in Western Asia but are now grown in temperate climates throughout the world where there are warm days and cool nights.
apples	 	http://www.aicr.org/foods-that-fight-cancer/apples.html-Apples | American Institute for Cancer Research (AICR)	 Apples. The tasty fruit we eat today likely descends from wild apples in Central Asia. Wild apples' genetic diversity allows growers to develop thousands of varieties.
apples	 	http://virginiaapples.org/-Virginia Apples	 Good taste comes naturally to Virginia Apples Our warm days, cool nights rich deep soil and consistent rainfall are ideal for apple growing.
apples	 	http://www.pickyourown.org/applepicking.htm-Apple Picking Tips - Where to Find Pick-Your-Own Fruit and ...	 Apple Picking Tips. Apples are one of the easiest fruit to pick and use. They're big, not easily bruised, most varieties store well, they can be eaten fresh, cooked ...
apples	 	http://dictionary.reference.com/browse/apples-Apples | Define Apples at Dictionary.com	 At the same time, cook the apples with the sugar, cinnamon and a bit of water until they are soft and the sauce thickens. Cravings for homemade chili and freshly ...
apples	 	http://www.treesofantiquity.com/index.php?main_page=index&cPath=1-Apples : Trees of Antiquity	 Trees of Antiquity : Apples ... The home grown apple tree has historically been the central figure in the providing the nutrients and treats for past generations.
apples	 	http://apples.jyu.fi/-Apples	 Apples. Apples - Journal of Applied Language Studies is a peer reviewed international electronic journal sponsored by the Centre for Applied Language Studies at the ...
apples	 	http://www.foodandwine.com/slideshows/apples/1-apples - Food & Wine Magazine | Recipes, Menus, Chefs ...	 F&W offers sweet and savory recipes for apples, from iconic crumb-topped pie to seared sausages with apples.
apples	 	http://www.eatingwell.com/recipes/dried_apples.html-Dried Apples Recipe | Eating Well	 This healthy oven-dried apple recipe is perfect if you want to make dried apples at home and don’t have a dehydrator. Great for lunchboxes or as a snack, homemade ...
apples	 	http://www.apples.umn.edu/-Apples : University of Minnesota	 University of Minnesota Apples. Welcome to the University of Minnesota's Apple website, a resource for apple lovers! Whether you're a grower or a person who simply ...
apples	 	http://whatscookingamerica.net/AppleRecipes.htm-Apple Recipes, How To Cook With Apples, Whats Cooking America	 Apple Tips: To prevent discoloration of peeled apples, place peeled slices in a pan of cold water to which a pinch of salt has been added (for each whole apple ...
apples	 	http://www.scholastic.com/teachers/lesson-plan/apples-apples-apples-lesson-plan-Apples, Apples, Apples Lesson Plan | Scholastic.com	 Use the book to teach about the characteristics of different types of apples through cooking and other activities.
apples	 	http://www.ohioapples.com/ohio_apple_orchards_by_county.php-Ohio Apple Association - Ohio Apples | Family Owned ...	 Explore the apple orchards of Ohio to discover the best places to buy Ohio apples, visit Ohio apple orchards, and to enjoy the fun fall events and festivals in the ...
apples	 	http://www.mass.gov/agr/massgrown/apple_pyo.htm-Pick-Your-Own Apple Orchards - Mass.Gov	 Pick-Your-Own Apple Orchards. Apple growers all across the Commonwealth are welcoming customers on their farms to pick fresh, juicy apples. Massachusetts is home to ...
apples	 	http://www.cmiapples.com/retailer/apples-Apples | CMI	 Apples, Pears, Cherries, Grapes, Citrus, Stone Fruit, Organics Columbia Marketing International (CMI) P.O. Box 3361/2525 Euclid Ave, Wenatchee, WA 98807 • ph 509 ...
apples	 	http://www.simplyrecipes.com/recipes/caramel_apples/-Caramel Apples Recipe | SimplyRecipes.com	 Traditional caramel apples recipe. Apples on a stick, dipped in delicious caramel sauce. Perfect for Halloween!
apples	 	http://healthyeating.sfgate.com/health-benefits-granny-smith-apples-3334.html-The Health Benefits of Granny Smith Apples | Healthy ...	 Granny Smith apples are a crisp, tart apple that make a delicious snack or a tasteful addition to recipes. Because these green apples are have a higher acid content ...
apples	 	http://www.wikihow.com/Use-Apples-How to Use Apples: 11 Steps (with Pictures) - wikiHow	 Edit Article How to Use Apples. Autumn and apples go hand in hand. But after a fun day of apple picking, or shopping at a farmers' market, what do you do with that ...
apples	 	http://www.honeycrisp.com/-Honeycrisp Apples	 Honeycrisp apples official site. Honeycrisp, Cortland, Empire, McIntosh, Red Delicious, Macoun, Gala, Fuji, and Fortune, Stayman, Winesap, apples.ordered online.
apples	 	http://www.ncagr.gov/markets/commodit/horticul/apples/-NCDA&CS - Marketing Division - Apples - North Carolina ...	 Why Should You Select North Carolina Apples? Quality: The warm days and cool nights here in the mountains are perfect for growing firm, crisp juicy apples.
apples	 	http://www.healthdiaries.com/eatthis/10-health-benefits-of-apples.html-10 Health Benefits of Apples	 The health benefits of apples range from cancer protection to Alzheimer's prevention. Read our list of the ten reasons to eat an apple a day (or more).
apples	 	http://www.facebook.com/ApplestoApples-Apples to Apples | Facebook	 What is the difference between Apples to Apples Party Box Family, Apples to Apples Party Box and Apples to Apples To Go?
apples	 	http://whatscookingamerica.net/Fruit/Apples.htm-History and Legends of Apples, Apple Recipes, What's ...	 What are cooking apples? A cooking apple is an apple that is used primarily for cooking rather than eating. While there’s no harm to using an eating apple in a ...
apples	 	http://www.pbs.org/food/fresh-tastes/baked-apples/-Baked Apples Recipe with Cinnamon | Fresh Tastes Blog ...	 This baked apples recipe with cinnamon makes a great side dish or dessert for a delicious Fall meal. Get the recipe at PBS Food.
apples	 	http://www.latimes.com/local/lanow/la-me-ln-bakersfield-apples-listeriosis-20150110-story.html-Caramel apples from Bakersfield plant linked to listeria ...	 Federal medical authorities have linked some cases of listeriosis in California and 10 other states to prepackaged caramel-coated apples distributed by a processing ...
apples	 	http://www.scholastic.com/teachers/unit/apples-everything-you-need-Apples: Everything You Need | Scholastic.com	 Resources to help you teach all about apples, from the life cycle of an apple tree to a fluency play about Johnny Appleseed.
apples	 	http://www.eatapples.com/index.html-Eat Apples - Apple Picking Orchard - Wright's Farm Market ...	 Pick Your Own Apples at Wright's Apple Farm in Gardiner New York!
apples	 	http://www.historyforkids.org/learn/food/apples.htm-History of Apples - Food for Kids!	 History of Apples - Food for Kids - where did the first apples come from?
apples	 	http://www.buzzle.com/articles/apples/-Apples | Buzzle.com	 Apples 'An apple a day keeps the doctor away' as these luscious red fruits have a high nutritional value. Plant your own apple trees and bake delicious apple pie for ...
apples	 	http://www.ochef.com/855.htm-The best apples for apple pie - Ochef Home Page	 But if you have access to more than just the four or five varieties of apples found in most supermarkets year-round, you can raise your pie to new heights.
apples	 	http://joythebaker.com/2011/10/super-simple-roasted-apples/-Simple Roasted Apples - Joy the Baker	 Super Simple Roasted Apples. makes 4 small servings. Print this Recipe! 4 Fuji apples, peeled and sliced thin. 1 tablespoon lemon juice. 3 tablespoons brown sugar
apples	 	http://www.mrsprindables.com/-Mrs. Prindable’s Gourmet Caramel Apples, Chocolates & Gifts	 Shop gourmet caramel apples, handmade chocolates & sweets for unique gifts at Mrs. Prindable’s. Make a big impression with our holidays & corporate gifts.
apples	 	http://waynesword.palomar.edu/ecoph17.htm-Apple, Pear, Quince, Loquat, Peach, Cherry, Jujube, Olive ...	 The edible part of most fruits is the actual ovary, but in apples and pears only the outer hypanthium layer is eaten (unless you enjoy eating the core).
apples	 	http://fnic.nal.usda.gov/food-composition/food-fyi/apples-Apples | Food and Nutrition Information Center	 Apples and More. University of Illinois Extension. Explore apple facts, recipes and education aids. Also find information about preserving and growing apples, and ...
apples	 	http://www.aussieapples.com.au/-Aussie Apples | Australian Apple Variety, Apples Australia ...	 Aussie Apples is your number one source for everything Australian apples, apple varieties, apples nutrition and delicious apple recipes. Find out more online and sign ...
apples	 	http://snap.nal.usda.gov/nutrition-through-seasons/seasonal-produce/apples-Apples | SNAP-Ed Connection	 When are Apples In Season? Winter Spring Summer Fall. Find Recipes with Apples. Recipes with Apples. USDA Mixing Bowl. SNAP Recipes. Recipes. USApple. Recipes.
apples	 	http://www.bctree.com/products/view/apples-Apples | BC Tree Fruits	 Tangy, tart and oh-so tasty, Granny Smith apples are a gorgeous colour of green. They have a slighter harder texture and are just a little less sweet than other apples.
apples	 	http://apples4you.com/-Home at Chocolate Covered Apples	 Applelicious Gourmet Apples are the Perfect Fundraiser; you leave them wanting more. Everyone is tired of the same old candy bars, cookies, and hoagies.
apples	 	http://www.wikihow.com/Make-Caramel-Apples-How to Make Caramel Apples: 7 Steps - wikiHow	 How to Make Caramel Apples. Caramel apples make a wonderful treat for Halloween and are quite easy to make. This recipe serves 6. Wash the apples thoroughly.
apples	 	http://lowcarbdiets.about.com/od/carbcounts/a/applecarbcount.htm-Carbohydrates Glycemic Index and Carbs in Apples	 Apple information, including carbohydrate and fiber counts, calories, nutritional information, and low-carb recipes containing apples.
apples	 	http://www.amysgourmetapples.com/-Amy's Gourmet Caramel Apples - The Original Amy's Apples	 Our gourmet caramel apples are made from scratch fresh daily. We use only premium ingredients in our caramel apples and do not include hydrogenated oils or trans fats.
apples	 	http://www.littlegiraffes.com/apples.html-Apples, Johnny Appleseed Teaching Theme at Little Giraffes ...	 Poems: Five Red Apples (counting rhyme - author unknown) Five red apples hanging in a tree, The juiciest apples you ever did see. The wind came by and gave an ...
apples	 	http://www.botanical.com/botanical/mgmh/a/apple044.html-Apple , a modern herb. History and medicinal uses of apples .	 RECIPES Plain Apple Marmalade, unspiced, is made by peeling, and coring and cutting up 12 lb. of apples and cooking very gently with 6 lb. of sugar and 1 quart of ...
apples	 	http://www.fatsecret.com/calories-nutrition/usda/apples-Calories in Apples and Nutrition Facts - All Things Food ...	 There are 72 calories in 1 medium Apple. Get full nutrition facts and other common serving sizes of Apples including 1 oz and 100 g.
apples	 	http://themes.atozteacherstuff.com/225/apples-lesson-plans-activities-printables-and-teaching-ideas/-Apples Lesson Plans, Activities, Printables, and Teaching ...	 Lesson Plans, Activities & Ideas. An Apple a Day (K-3) Students learn about apples, then help create a bulletin board for the classroom. Apple Commercials (2-4)
apples	 	http://www.whfoods.com/genpage.php?pfriendly=1&tname=foodspice&dbid=15-Apples - The World's Healthiest Foods	 What's New and Beneficial About Apples. The phytonutrients in apples can help you regulate your blood sugar. Recent research has shown that apple polyphenols can help ...
apples	 	http://www.greenmantlenursery.com/fruit/apples.htm-Apples - Greenmantle Nursery	 Apples: The apple has always been Greenmantle's primary fruit focus. This obviously reflects the broad adaptation and distribution of such a fundamental ...
apples	 	http://www.straightriverfarm.com/apples.html-Apples - Straight River Farm	 Apples by the numbers Apple varieties vary in weight, so weights are approximate. 3 medium apples = 1 lb. 1 pound peeled & sliced apples = 2 3/4 cups.
apples	 	http://www.grannsgourmetapples.com/-Grann's Gourmet Caramel Apples, Pretzels, Marshmallows ...	 Stop here to purchase our award winning, delicious, Gourmet Caramel apples, plain caramel apples, old fashioned candy apples, pretzel rods, marshmallow sticks, and ...
apples	 	http://www.tasteofhome.com/recipes/carnival-caramel-apples-Carnival Caramel Apples Recipe | Taste of Home	 With four kids (one child whose birthday is November 1), we celebrate Halloween in style around our house. These caramel apples are a tried-and-true favorite year ...
apples	 	http://deathnote.wikia.com/wiki/Apples-Apples - Death Note Wiki	 Apples are Ryuk's favorite food and probably the only thing he eats. He likes apples from the human world because they are "so juicy". Ryuk stated that apples are an ...
apples	 	http://candy.about.com/od/fruitcandy/r/candy_apple.htm-Candy Apples	 Candy Apples feature a layer of crunchy cinnamon hard candy that coats a crisp, tart apple.
apples	 	http://www.epicurious.com/articlesguides/seasonalcooking/fall/cooknow_apples-Cooking with Apples - Apple Recipes & Tips | Epicurious.com	 Read Cooking with Apples - 15 favorite apple recipes, plus tips on buying and storing apples
apples	 	http://caloriecount.about.com/calories-apples-i69443-Calories in Apples , Golden Delicious | Nutrition and ...	 Curious about how many calories are in Apples? Get nutrition information and sign up for a free online diet program at CalorieCount.
apples	 	http://www.berries.com/caramel-apples-scd-Caramel Apples | Giant Caramel Apples at Shari's Berries	 Shop caramel apples online from Shari’s Berries to find the perfect gourmet gifts for any recipient. Send apples dipped in caramel to bring back memories of summer ...
apples	 	http://www.apples.me/Honeycrisp.html-Honeycrisp Apples	 Honeycrisp - Honeycrisp apples grown where Honeycrisp love to be grown best. Crisp and Crunchy Honeycrisp fresh from the farm to your door.
apples	 	http://extension.uga.edu/agriculture/ag-fruits-vegetables/apples/-Apples | UGA Extension	 Apples Overview. North Georgia is the center of the state's apple industry. Unlike those from other states, Georgia apples are sold primarily for the fresh market.
apples	 	http://homecooking.about.com/od/foodstorage/a/applestorage.htm-Apple Selection and Storage Information - Recipes for Home ...	 Apple Selection and Storage Learn how to keep apples from discoloring and turning brown
apples	 	http://www.care2.com/greenliving/15-surprising-uses-for-apples.html-15 Surprising Uses for Apples | Care2 Healthy Living	 Apples do so much more than keep the doctor away. From ripening other fruits to improving lung function, click through for great ways to use apples, and share your ...
apples	 	http://www.healthdiaries.com/eatthis/20-facts-about-apples.html-20 Facts About Apples - Health Diaries	 20 facts about apples, from the story of Adam and Eve in the Garden of Eden to modern day health benefits and facts about the apple.
apples	 	http://www.typesofapples.com/Yellow-Apples.html-Types of Apples | Yellow Apples	 When most hear the word apple, they instantly think of red ones. However, there are several types of apples that are yellow, too.
apples	 	http://www.hummingbirded.com/apples.html-Mrs. Drakes room -APPLES - Hummingbird Educational ...	 We made mini apple pies today using refrigerator pizza dough, apples (which the kids cut up themselves) sugar and cinnamon to make mini pies. We graphed whether or ...
apples	 	http://www.kuipersfamilyfarm.com/apples.htm-Apples | Freshly Picked Apples | Pick Your Own Apples ...	 Visit Kuipers Family Farm for the freshest apples in IL and pick your own apples from our huge apple orchard with over 20 different apple types.
apples	 	http://exhibits.mannlib.cornell.edu/apples/home.htm-Apples of America - Online Exhibits at Mann | Albert R ...	 T. he story of apples in America begins on the other side of the globe in the mountainous region of Kazakhstan. Here, in their ancestral home, apple trees ...
apples	 	http://www.cooks.com/rec/search/0,1-0,cooked_apples,FF.html-Cooked Apples - Recipes - Cooks.com	 Wash, pare, core and thinly slice the apples. Place apples... simmer until apples are tender and dumplings are cooked through, about 10 minutes longer.
apples	 	http://www.grapplefruits.com/-Grapple - Grāpple® Brand Apples | The Grape Flavored Apples	 Grāpple® Brand Apples - The Washington Apple that looks like an apple and tastes like a grape!
apples	 	http://www.ehow.com/info_8275736_apples-eating.html-The Best Apples for Eating | eHow - eHow | How to ...	 Apples are a tasty treat, especially in autumn if you get a chance to pick and eat one off a branch. The best eating apples are those with a semi-acidic to ...
apples	 	http://www.teachersmousepad.com/Apples/apples.htm-Apples, Apples Everywhere! - TeacherMousePad	 Some Apple Activities I have done with my own children... Apple Tree Counting Book- My children used tiny apple stickers to put the correct number of apples ...
apples	 	http://www.ext.colostate.edu/ptlk/1201.html-Planttalk Colorado - Apples - Colorado State University ...	 1201 Apples . Plant apple trees in full sun, in soil that drains well and on a high point so frost gathering in low pockets will not damage the tree or the fruit.
apples	 	http://seattle.about.com/od/restaurantsbars/tp/Washington-Apples.htm-Washington Apples - Apple Varieties Grown in Washington State	 Washington apples are known around the nation and around the world, but to those of us who live in Washington State, apples are just a staple.
apples	 	http://lpi.oregonstate.edu/fw04/apples.html-Why Apples are Healthful - Linus Pauling Institute	 Why Apples are Healthful Silvina Lotito, Ph.D. LPI Research Associate: Summary: Apples and other fruit are considered to be healthy, in part due to the antioxidant ...
apples	 	http://applesonline.com/-Apples Online - Gourmet Boxed Apples for Gifts ...	 Year round premium Washington apples. From Gift Boxes for Business, Employees and Family to Fundraisers, Apples Online offers seven different apple varieties to ...
apples	 	http://www.instructables.com/id/Candy-Apples/-Candy Apples - Instructables - DIY How To Make Instructions	 Intro: Candy Apples. Everything you need to know to make perfect candy apples every time! These easy tips and techniques are your ticket to amazing candy apples that a...
apples	 	http://www.eatingwell.com/recipes/cinnamon_baked_apples.html-Cinnamon Baked Apples Recipe | Eating Well	 Who can resist the aroma of baked apples wafting through the house? Top with nonfat vanilla frozen yogurt for a real treat.
apples	 	http://www.recipetips.com/recipe-cards/t--2096/caramelized-fried-apples.asp-Caramelized Fried Apples Recipe - RecipeTips.com	 Easy to prepare Caramelized Fried Apples are a tasty accompaniment for pork or chicken. Also great as a simple dessert. See RecipeTips.com for more apple recipes and ...
apples	 	http://bakingbites.com/2007/09/the-best-apples-for-making-pie/-The best apples for making pie | Baking Bites	 There are so many varieties of apples available in stores and at farmers markets these days, that it can be challenging to choose apples for baking.
apples	 	http://www.michigan.org/hot-spots/michigan-apples/-Michigan Apples - Pure Michigan Travel	 October is National Michigan Apple Month. Next time you go shopping, look for a bag of Michigan apples, where small-town goodness will be found inside.
apples	 	http://www.symptomfind.com/nutrition-supplements/apple-health-benefits/-10 Amazing Health Benefits of Apples from SymptomFind.com	 Find amazing health benefits of apples information from SymptomFind. Everything you need to know about the benefits of apples is right here.
apples	 	http://www.calorieking.com/calories-in-apples.html-CalorieKing - Calorie Counter - Calories in Apples	 Nutritional Information for apples. Find more nutritional information in CalorieKing's 50,000-food database.
apples	 	http://www.virginia.org/fall/apples/-Apple Picking - Virginia Is For Lovers - Vacation in ...	 Juicy, fresh-picked apples are hard to beat. Visit Virginia's orchards to pluck your own, or find an apple themed festival for ready-to-eat treats!
apples	 	http://www.popcornsupply.com/candy-apples-Candy Apples - Popcorn Supply Company	 Click View Cart to estimate shipping. Categories. Belgian Waffles Blooming Onions Candy Apples
apples	 	http://42explore.com/apples.htm-Apples - 42explore: Thematic Pathfinders for All Ages	 Easier - Apples are a round, usually crisp fruit of the apple tree. Apples usually have red skin but may be a shade of ...
apples	 	http://www.aamodtsapplefarm.com/shop-online/honeycrisp-apples/-Buy Honeycrisp Apples - Aamodts Apple Farm	 Without compare, the Honeycrisp Apple is one of the best tasting eating apples on earth and now you can buy Honeycrisp apples online.
apples	 	http://www.cooks.com/rec/search/0,1-0,cinnamon_baked_apples,FF.html-Cinnamon Baked Apples - Recipes - Cooks.com	 Core apples and pare 1 ... and 1/8 teaspoon cinnamon in center of ... into baking dish. Bake uncovered in 375 ... when pierced with fork, 6 to 8 minutes.
apples	 	http://chowhound.chow.com/topics/561666-Best Apples for Apple Pie ? - Home Cooking - Chowhound	 We want to make an apple pie but aren't sure what type of apples we should be using. We're from PA so have a pretty good selection right now.
apples	 	http://www.macksapples.com/pick-your-own/-Pick Your Own — Mack's Apples	 Mack’s Apples is the largest “pick your own” destination in NH. Follow the U-Pick maps to our various U-Pick stations that are placed around the farm.
apples	 	http://wiards.com/index.php?page=u-pick-apples-Wiard's Orchards and Country Fair / Cider Mill Michigan	 Cider Mill located in Ypsilanti Michigan. Wiard's Orchard offers upick apples, a corn maze, field trips, school tours, upick pumpkin patch, apple cider and donuts.
apples	 	http://www.hobbyfarms.com/crops-and-gardening/fruit-crops-apples-14897.aspx-Fruit Crops -- Apples - Hobby Farms, Livestock & Pets ...	 Apples of Antiquity Whether they’re called heirloom, heritage or historical, these time-honored apples of yesteryear are staging a dramatic comeback in orchards all ...
apples	 	http://www.kraftrecipes.com/recipes/easy-caramel-apples-107072.aspx-Easy Caramel Apples Recipe - Kraft Recipes	 Caramel apples can be rolled in a variety of coatings for a sweet treat that is perfect for gift-giving or for serving on a special occasion.
apples	 	http://orderapples.com/-Apples Online	 Order crisp apples online. Honeycrisp, Ho ney Crisp apples, Cortland, Fuji, Fortune, Gala, Jonagold, Macoun, McIntosh, Mutsu, Stayman, and Winesap apples. Farm Fresh.
apples	 	http://www.smolakfarms.com/apples-Apples - Smolak Farms | North Andover Farm, MA	 BAG YOUR OWN – Macoun, MacIntosh and Cortland Apples, just picked, will be available to bag – mix and match. Purchase bags at register or farmstand.
apples	 	http://frugalliving.about.com/od/presevingfoods/ht/How_to_Store_Apples_for_Winter.htm-Store Apples - How to Store Apples for Winter	 Interested in storing a bushel of apples to enjoy over the cold winter months? Once you learn a few storage tricks, it's easy to do.
apples	 	http://aggie-horticulture.tamu.edu/archives/parsons/fruit/apple.html-Apples | Archives | Aggie Horticulture	 Apples. 1. Q: Three weeks ago I pruned my young apple tree, and now it is time to fertilize it. I need to know just exactly how to do that. A: As a general rule of ...
apples	 	http://www.ehow.com/info_8155367_apples-baked-apples.html-The Best Apples for Baked Apples | eHow	 The Best Apples for Baked Apples. When searching for the perfect baked apple, you must consider two things: how sweet the flesh is, and how well the apple ...
apples	 	http://localfoods.about.com/od/apples/tp/aboutapples.htm-All About Apples	 Learn all about apples - what to look for, different varieties, and where to pick them - here.
apples	 	http://localkitchenblog.com/2010/10/26/preserving-apples/-Preserving Apples | - Local Kitchen - | Local cooking and ...	 I know you all thought that October's Can Jam would be apples, which, of course, would have been wonderful, since I still have 20 lbs in the garage awaiting preservation.
apples	 	http://www.professorshouse.com/Food-Beverage/Topics/Fruit/Articles/Types-of-Apples/-Types of Apples | A Great Source of Vitamin C	 Regardless of your taste preference there are several types of apples for you to purchase, the Granny Smith and Red delicious are a couple of the popular varieties
apples	 	http://www.professorshouse.com/Food-Beverage/Topics/Fruit/Articles/Types-of-Apples/-Types of Apples | A Great Source of Vitamin C	 Regardless of your taste preference there are several types of apples for you to purchase, the Granny Smith and Red delicious are a couple of the popular varieties
apples	 	http://www.weightwatchers.com/util/art/index_art.aspx?tabnum=1&art_id=10411-Market Fresh: Apples - WeightWatchers.com - Official Site ...	 Apples are so much more than just an afternoon snack. Discover some great new ways to enjoy them.
apples	 	http://www.usitc.gov/publications/332/ITS_4.pdf-Apples - USITC | United States International Trade Commission	 1 ABSTRACT This report addresses trade and industry conditions for fresh apples, primarily covering the years 2004 through 2008. • U.S. apple farming and packing ...
apples	 	http://www.theyummylife.com/Apple_Fact_Sheet-Comparing Apples to Apples--the best for eating & cooking	 A downloadable chart to help you choose which apples are best for eating raw, baking, applesauce, pies, and more.
apples	 	http://www.stickyfingersapples.com/-Sticky Fingers Gourmet Apples | Cohoes, New York | Candy ...	 We've got the BEST apple you've ever tasted! Candy Apples, Gourmet Apples, Caramel Apples order one today from Sticky Fingers Gourmet Apples. New York's Big Apple
apples	 	http://www.gourmetapples.com/-Original Gourmet Apples by Gourmet Apples & More - Home	 Gourmet Apples & More uses only the freshest and finest ingredients to ensure that our world-famous chocolate, caramel apples and other fine confections are ...
apples	 	http://www.preschooleducation.com/sapple.shtml-Preschool Education Music & Songs : Food > Apples	 Five Red Apples added 8-8-98 Original Author Unknown. Five red apples in a grocery store Bobby bought one & then there were 4 Four red apples on an apple tree
apples	 	http://frommfamily.com/ingredients/apples-Apples - Fromm Family Foods	 Apples are one of the most concentrated sources of flavonoids— a compound known for preventing heart disease and stroke. Apples also contain potassium and vitamin C ...
apples	 	http://www.edhelper.com/Apples.htm-Apples Theme Unit - Printables and Worksheets	 Short Reading Comprehensions Short Readers Apples, the Perfect Snack (Short Reader; Grades 2-4 Readability) Honeycrisp Apples - The "New Kid on the Block ...
apples	 	http://www.newgrounds.com/bbs/topic/1080560-Apples to Apples online - Newgrounds.com — Everything ...	 Some of you might have heard of the popular party game, Apples to Apples. If not, let me provide a brief explanation of it: There can be up to 8 players, 7 of them ...
apples	 	http://www.honeycrispapples.org/macoun_apple.html-Macoun Apple - Honeycrisp apples	 Macoun apple. Macoun apples are pronounced Macoon, the apple that the people of New England love. California might be where you live but if born in New England you ...
apples	 	http://shop.mattel.com/family/index.jsp?categoryId=3768132-Buy Apples to Apples Game, Apples To Apples Junior, or ...	 Buy Apples to Apples® - Shop.Mattel.com - Toys, dolls, action figures, games, and vehicles. Delivering play, every day!
apples	 	http://www.urbandictionary.com/define.php?term=them+apples-Urban Dictionary: them apples	 Will: Do you like apples? Clark: What? Will: Do you like apples? Clark: Yeah. Will: Well, I got her number. How do you like them apples?
apples	 	http://www.copykat.com/2009/05/03/cracker-barrel-old-country-store-fried-apples/-Cracker Barrel Old Country Store Fried Apples Recipe	 Please note, the video features apples that are not peeled, you can should peel the apples if you want them exactly like the Cracker Barrel Old Country Store.
apples	 	http://www.honeycrispapples.com/about.htm-Honeycrisp Apples	 by P.L. Elliott. The orchards of Door County continue to be an important industry. Though the wonderful cherries are most often associated with Door County, apples ...
apples	 	http://caloriecount.about.com/calories-apples-ic0904-Calories in Apples | Nutrition Facts - Calorie Counter ...	 Are Apples Good For You? Whether as a snack or part of a meal, the health benefits of apples are numerous. Besides being low in calories (95 calories for a medium ...
apples	 	http://www.the4cs.com/~cathy/Apples/variety.html-Cathy's Apple Page on varieties of apples - The 4 C's	 Recommended Uses for Selected Apple Varieties . Of the thousand-plus (yes, there really are that many!) named varieties of apples grown in North America, I have ...
apples	 	http://www.ebay.com/sch/i.html?_nkw=apples+to+apples+board+game-apples to apples board game | eBay - Electronics, Cars ...	 Find great deals on eBay for apples to apples board game apples to apples game. Shop with confidence.
apples	 	http://nutritiondata.self.com/foods-Apples000000000000000000000.html-Apples nutrition facts and information - Self	 Food Search: Apples nutrition facts and information ... Find recipes with this ingredient or dishes that go with this food on Self.com. Search for:
apples	 	http://marketplace.xbox.com/en-US/Product/Apples-to-Apples/66acd000-77fe-1000-9115-d80258410b47-Apples to Apples™ - Xbox Games Store	 Party-style fun is ripe for the picking as Apples to Apples™ the video game comes to Xbox LIVE Arcade! This game of hilarious comparisons is as simple as comparing ...
apples	 	http://solarnavigator.net/solar_cola/apples.htm-APPLES - SOLAR NAVIGATOR ENCYCLOPEDIA HOMEPAGE	 www.solarnavigator.net - Apples, oranges, lemons and limes, citrus fruits, fruit juices and beverage ingredients.
apples	 	http://www.thefreedictionary.com/Apples-apples - definition of apples by The Free Dictionary	 apples (ˈæpəlz) pl n. 1. See apples and pears. 2. she's apples Austral and NZ all is going well
apples	 	http://www.poemhunter.com/poem/apples/-POEM: APPLES BY LAURIE LEE - PoemHunter.Com - Thousands of ...	 Apples - by Laurie Lee. Behold the apples’ rounded worlds: juice-green of July rain, the black polestar of flowers, the rind mapped with its crimson stain. The ...
apples	 	http://www.bestinseason.ie/a-z/apples/-Apples - Best In Season	 Apples. Apples were one of the first fruit crops cultivated by man. They are an extremely popular and versatile fruit with many varieties suited to growing conditions ...
apples	 	http://www.angelfire.com/tx4/lessons/apples3.html-Apples - Angelfire: Welcome to Angelfire	 Group 1. 1. What are some facts about apples? Apples Fun Stuff about apples Anthony Apple Best Apples: Use a large apple cutout, divide into sections like a puzzle ...
apples	 	http://www.akidsheart.com/themes/applescoloring.html-Apples Coloring Pages - A Kid's Heart	 Printable coloring pages of apples for kids and their teachers
apples	 	http://www.uga.edu/nchfp/how/freeze/apple.html-Freezing Apples NCHFP - University Of Georgia	 Freezing Apples. Preparation – Syrup Pack is preferred for apples to be used for uncooked desserts or fruit cocktail. A sugar or dry pack is good for pie making.
apples	 	http://southernfood.about.com/od/apples/r/bl50417l.htm-How to Make Fried Apples - About.com: Southern Food	 Fried apples with butter and sugar, an easy and tasty dessert or side dish recipe. These are wonderful with a big family breakfast.
apples	 	http://www.mahalo.com/apple-fruit/-Apple Fruit - Mahalo.com	 Apples are a fruit which can be used in many manners. From the simple serving suggestion of eating the fruit raw and unpeeled to inclusion in pies, breads, cakes ...
apples	 	http://earthnotes.tripod.com/apples.htm-Recipes: Apples - Tripod.com	 Low Sugar Apple Pie If you use the right apples, you don't need a lot of sugar in addition to the fructose of the fruit itself. This is true of any fruit pastry.
apples	 	http://www.leaflady.org/apples.htm-Apples	 All apples pack a health punch, regardless of variety. Although much of the nutritional punch of apples is found in the skin, certain nutrients reside in the flesh, too.
apples	 	http://www.bellaonline.com/articles/art5459.asp-Fall is For Apples - Home Cooking - BellaOnline - The ...	 Fall is the season for fresh apples. Here's information and recipes for America's favorite fruit. - Fall is For Apples - Home Cooking at BellaOnline
apples	 	http://seasonalrecipes.com/season/apples.php-Apple Season, Apple Recipes	 Information on apples, apple recipes ... Home Recipes What's in Season? Cookbook Reviews: Home > What's in Season? > Apples
apples	 	http://www.buzzle.com/articles/types-of-apples.html-Types of Apples - Buzzle	 There are several types of apples, which are classified in accordance to their color, size, taste, flavor and other factors. Some varieties of apples are best suited ...
apples	 	http://stemilt.com/farm-fork/apples/-Farming and Packing Apples - Farm To Fork - World Famous ...	 Follow the journey that every apple takes to go from Stemilt's orchards in Washington State to your table. Learn how apples are grown, harvested, packed, stored, and ...
apples	 	http://www.meetup.com/Cards-Against-Humanity-Apples-2-Apples-BK-Bar-Meetup/members/108667442/-Shane - Cards Against Humanity & Apples 2 Apples - BK Bar ...	 I really like Apples to Apples, Cards Against Humanity, talking about the Internet and drinking at bars, so I figured this would be the best way to accomplish all ...
apples	 	http://www.canada.com/life/Caramel+apples+reimagined/10392144/story.html-Caramel apples reimagined	 Gala apples are great for baking into pies, crisps and cobblers, and they're also perfect as a base for our Baked Apples. Photograph by: ATCO Blue Flame Kitchen ...
apples	 	http://michiganapples.com/Portals/0/Files/handling%20michigan%20apples.pdf-Handling Michigan Apples	 Handling Michigan Apples Michigan Apple growers and shippers work hard to get delicious fruit to you in top shape. Making sure the apples keep a fresh,
apples	 	https://www.youtube.com/watch?v=NMLid7Xg6rI-Morgan really likes Apples - VINE - YouTube	 Morgan really likes Apples by ITSBAMBBBI *MESSAGE ME TO RESOLVE ANY COPYRIGHT CREDIT ISSUES tags: ''funny videos'' ''funny vines'' ''funniest vines ...
apples	 	http://www.fns.usda.gov/sites/default/files/100517_Empire_Apples_Fresh.pdf-100517—Apples, Empire, Fresh Category: Fruits PRODUCT ...	 PRODUCT DESCRIPTION These are fresh U.S. Fancy Grade Empire apples available in varying sizes. These apples are packed in 40 pound cases in either tray packs
apples	 	http://www.canada.com/life/Caramel+apples+reimagined/10392144/story.html-Caramel apples reimagined	 Gala apples are great for baking into pies, crisps and cobblers, and they're also perfect as a base for our Baked Apples. Photograph by: ATCO Blue Flame Kitchen ...
apples	 	http://michiganapples.com/Portals/0/Files/handling%20michigan%20apples.pdf-Handling Michigan Apples	 Handling Michigan Apples Michigan Apple growers and shippers work hard to get delicious fruit to you in top shape. Making sure the apples keep a fresh,
apples	 	http://www.meetup.com/Cards-Against-Humanity-Apples-2-Apples-BK-Bar-Meetup/members/108667442/-Shane - Cards Against Humanity & Apples 2 Apples - BK Bar ...	 I really like Apples to Apples, Cards Against Humanity, talking about the Internet and drinking at bars, so I figured this would be the best way to accomplish all ...
apples	 	https://www.youtube.com/watch?v=NMLid7Xg6rI-Morgan really likes Apples - VINE - YouTube	 Morgan really likes Apples by ITSBAMBBBI *MESSAGE ME TO RESOLVE ANY COPYRIGHT CREDIT ISSUES tags: ''funny videos'' ''funny vines'' ''funniest vines ...
apples	 	http://downloads.zdnet.com/product/2099-76246831/-Arrows To Apples Download | ZDNet	 Arrows to Apples is a fun game where you shoot arrows to destroy all apples on the screen, but don't get too trigger happy! Fire at a rotten apple and it will extend ...
apples	 	http://www.fns.usda.gov/sites/default/files/100517_Empire_Apples_Fresh.pdf-100517—Apples, Empire, Fresh Category: Fruits PRODUCT ...	 PRODUCT DESCRIPTION These are fresh U.S. Fancy Grade Empire apples available in varying sizes. These apples are packed in 40 pound cases in either tray packs
apples	 	http://www.wissmanns.blogspot.com/2014/09/apples-apples-apples.html-Wissmann Family | Gospel Bluegrass Music: Apples! Apples ...	 What a blessing! We ended up with a full pickup-bed loaded with large, delicious apples!
apples	 	http://business.inquirer.net/tag/apples/feed-Inquirer Business » apples	 http://business.inquirer.net/185119/us-fda-warns-ph-on-contaminated-gala-granny-smith-apples http://business.inquirer.net/185119/us-fda-warns-ph-on-contaminated-gala ...
apples	 	https://www.youtube.com/watch?v=ilC0pmVkLyg-Adam's Apples (2005) Full Movie - YouTube	 "Enjoy Adam's Apples (2005) Full Movie! CLICK Visit Now Playing : http://po.st/o6dfzq Adam's Apples (2005) Full Movie Streaming INFO : 3 Simple Steps to ...
apples	 	http://find.lib.uts.edu.au/search?R=OPAC_b2855138-Lesson starters Piggy buys apples | UTS Library	 Shelf view Lesson starters Piggy buys apples Additional Title Multiplication Multiplication : Piggy buys apples Series 1, Publisher [England] : Teachers TV/UK ...
apples	 	http://www.wissmanns.blogspot.com/2014/09/apples-apples-apples.html-Wissmann Family | Gospel Bluegrass Music: Apples! Apples ...	 What a blessing! We ended up with a full pickup-bed loaded with large, delicious apples!
apples	 	http://business.inquirer.net/tag/apples/feed-Inquirer Business » apples	 http://business.inquirer.net/185119/us-fda-warns-ph-on-contaminated-gala-granny-smith-apples http://business.inquirer.net/185119/us-fda-warns-ph-on-contaminated-gala ...
apples	 	https://www.youtube.com/watch?v=ilC0pmVkLyg-Adam's Apples (2005) Full Movie - YouTube	 "Enjoy Adam's Apples (2005) Full Movie! CLICK Visit Now Playing : http://po.st/o6dfzq Adam's Apples (2005) Full Movie Streaming INFO : 3 Simple Steps to ...
apples	 	http://find.lib.uts.edu.au/search?R=OPAC_b2855138-Lesson starters Piggy buys apples | UTS Library	 Shelf view Lesson starters Piggy buys apples Additional Title Multiplication Multiplication : Piggy buys apples Series 1, Publisher [England] : Teachers TV/UK ...
apples	 	http://www.wissmanns.blogspot.com/2014/09/apples-apples-apples.html-Wissmann Family | Gospel Bluegrass Music: Apples! Apples ...	 What a blessing! We ended up with a full pickup-bed loaded with large, delicious apples!
apples	 	http://business.inquirer.net/tag/apples/feed-Inquirer Business » apples	 http://business.inquirer.net/185119/us-fda-warns-ph-on-contaminated-gala-granny-smith-apples http://business.inquirer.net/185119/us-fda-warns-ph-on-contaminated-gala ...
apples	 	https://www.youtube.com/watch?v=ilC0pmVkLyg-Adam's Apples (2005) Full Movie - YouTube	 "Enjoy Adam's Apples (2005) Full Movie! CLICK Visit Now Playing : http://po.st/o6dfzq Adam's Apples (2005) Full Movie Streaming INFO : 3 Simple Steps to ...
apples	 	http://find.lib.uts.edu.au/search?R=OPAC_b2855138-Lesson starters Piggy buys apples | UTS Library	 Shelf view Lesson starters Piggy buys apples Additional Title Multiplication Multiplication : Piggy buys apples Series 1, Publisher [England] : Teachers TV/UK ...
apples	 	http://www.wissmanns.blogspot.com/2014/09/apples-apples-apples.html-Wissmann Family | Gospel Bluegrass Music: Apples! Apples ...	 What a blessing! We ended up with a full pickup-bed loaded with large, delicious apples!
apples	 	http://business.inquirer.net/tag/apples/feed-Inquirer Business » apples	 http://business.inquirer.net/185119/us-fda-warns-ph-on-contaminated-gala-granny-smith-apples http://business.inquirer.net/185119/us-fda-warns-ph-on-contaminated-gala ...
apples	 	https://www.youtube.com/watch?v=ilC0pmVkLyg-Adam's Apples (2005) Full Movie - YouTube	 "Enjoy Adam's Apples (2005) Full Movie! CLICK Visit Now Playing : http://po.st/o6dfzq Adam's Apples (2005) Full Movie Streaming INFO : 3 Simple Steps to ...
apples	 	http://find.lib.uts.edu.au/search?R=OPAC_b2855138-Lesson starters Piggy buys apples | UTS Library	 Shelf view Lesson starters Piggy buys apples Additional Title Multiplication Multiplication : Piggy buys apples Series 1, Publisher [England] : Teachers TV/UK ...
apples	 	http://www.wissmanns.blogspot.com/2014/09/apples-apples-apples.html-Wissmann Family | Gospel Bluegrass Music: Apples! Apples ...	 What a blessing! We ended up with a full pickup-bed loaded with large, delicious apples!
apples	 	http://business.inquirer.net/tag/apples/feed-Inquirer Business » apples	 http://business.inquirer.net/185119/us-fda-warns-ph-on-contaminated-gala-granny-smith-apples http://business.inquirer.net/185119/us-fda-warns-ph-on-contaminated-gala ...
apples	 	https://www.youtube.com/watch?v=ilC0pmVkLyg-Adam's Apples (2005) Full Movie - YouTube	 "Enjoy Adam's Apples (2005) Full Movie! CLICK Visit Now Playing : http://po.st/o6dfzq Adam's Apples (2005) Full Movie Streaming INFO : 3 Simple Steps to ...
apples	 	http://find.lib.uts.edu.au/search?R=OPAC_b2855138-Lesson starters Piggy buys apples | UTS Library	 Shelf view Lesson starters Piggy buys apples Additional Title Multiplication Multiplication : Piggy buys apples Series 1, Publisher [England] : Teachers TV/UK ...
apples	 	http://www.wissmanns.blogspot.com/2014/09/apples-apples-apples.html-Wissmann Family | Gospel Bluegrass Music: Apples! Apples ...	 What a blessing! We ended up with a full pickup-bed loaded with large, delicious apples!
apples	 	http://business.inquirer.net/tag/apples/feed-Inquirer Business » apples	 http://business.inquirer.net/185119/us-fda-warns-ph-on-contaminated-gala-granny-smith-apples http://business.inquirer.net/185119/us-fda-warns-ph-on-contaminated-gala ...
apples	 	https://www.youtube.com/watch?v=ilC0pmVkLyg-Adam's Apples (2005) Full Movie - YouTube	 "Enjoy Adam's Apples (2005) Full Movie! CLICK Visit Now Playing : http://po.st/o6dfzq Adam's Apples (2005) Full Movie Streaming INFO : 3 Simple Steps to ...
apples	 	http://find.lib.uts.edu.au/search?R=OPAC_b2855138-Lesson starters Piggy buys apples | UTS Library	 Shelf view Lesson starters Piggy buys apples Additional Title Multiplication Multiplication : Piggy buys apples Series 1, Publisher [England] : Teachers TV/UK ...
apples	 	http://southernfood.about.com/cs/apples/a/apple_recipes.htm-About Apples - Recipes and Cooking Tips	 Recipes using apples, along with apple cooking tips and several new recipes. Recipes include pies, cakes, apple fritters, an apple upside down cake recipe, dip for ...
apples	 	http://www.foodterms.com/encyclopedia/apple/index.html-apple : Encyclopedia : Food Network - A Terms : Food Terms ...	 Learn about apple from Food Network's Food Terms Encyclopedia. ... Roasted Apples with Sabayon Sauce ; Brown Butter Apple Crostata with Apple Cider Caramel Sauce ;
apples	 	http://www.michiganapples.com/-Michigan Apples	 Great Lakes, Great Flavors. Michigan is the nation’s third largest producer of apples. There are more than 9.2 million apple trees covering 36,500 acres on 850 ...
apples	 	http://www.williams-sonoma.com/recipe/tip/all-about-apples.html-All About Apples | Williams-Sonoma	 Sweet, thin-skinned apples are best for eating raw, as a snack out of hand or paired with aged cheese, while tart apples are ideal for making pies, cakes, pastries or ...
apples	 	http://apples.msu.edu/-Apples - Michigan State University	 You are at the home of Michigan State University’s website featuring our news, recommendations and resources for growing delicious apples.
apples	 	http://www.georgiaapplefestival.org/apples.aspx-Types of Apples in North Georgia - Georgia Apple Festival ...	 Seven reasons to drive past your grocery store to North Georgia for apples. Absolutely the best. That's what you get when you pick Ellijay for apples.
apples	 	http://www.macksapples.com/-Welcome to Mack’s Apples	 Apple blossoms burst forth on a sunny day in May. August into the following spring, Mack’s Apples Farm Market is where you can find all kinds of apples and great ...
apples	 	http://www.applesbigbear.com/-Apples Bed & Breakfast Inn | Big Bear Lake, California	 Welcome to Apples Bed and Breakfast in beautiful Big Bear Lake Your Hosts: Jim and Barbara McLean e-mail: host@applesbedandbreakfast.com MAILING ADDRESS IS:
apples	 	http://www.thevirtualvine.com/apples.html-Apple Pickin' Time at The Virtual Vine	 Apples Red and juicy, shiny, sweet, apple you're so good to eat. Crisp and crunchy, healthy, too. This core is all that's left of you! Author Unknown
apples	 	http://www.epicurious.com/articlesguides/seasonalcooking/farmtotable/visualguideapples-A Visual Guide to Apples | Epicurious.com	 Read A Visual Guide to Apples - A guide to help you keep track of which ones are tart, sweet, thin-skinned, and pie-friendly
apples	 	http://www.superfoodsrx.com/superfoods/apples/-Benefits of Apples, Apple nutrition, Apple recipes ...	 An apple a day is perhaps one of the most delicious prescriptions ever made. Apples are a powerful source of antioxidants, including polyphenols, flavonoids, and ...
apples	 	http://detoxinista.com/2013/11/healthy-baked-cinnamon-apples/-Healthy Baked Cinnamon Apples « Detoxinista	 These baked apples make the perfect Fall treat. They remind me of a spicy apple pie filling– you could use them for that, if you like– but without all of the ...
apples	 	http://farmflavor.com/10-fun-facts-about-apples/-10 Fun Facts About Apples | Farm Flavor	 Here are 10 interesting facts you probably didn't know about apples, from how they grow and ripen to quirky trivia. How do you like them apples?
apples	 	http://www.personal-nutrition-guide.com/types-of-apples.html-Types of Apples : A Description of Popular Apple Types	 Types of Apples. There are over 7,500 varieties of apples worldwide. The United States grows 2,500 apple varieties, but just 100 of them are grown commercially.
apples	 	http://www.bettycrocker.com/how-to/tipslibrary/ingredients/apples#!-How to Bake with Apples - Betty Crocker	 Have more questions about baking or cooking with apples? We answer common apple queries. What are the best apples to use in pies? For the best apple pies, apple ...
apples	 	http://www.midwestliving.com/food/fruits-veggies/great-apples-for-baking/-12 Great Apples for Baking | Midwest Living	 The best baking apples offer a balance of sweet and tart flavors as well as flesh that doesn't break down in the oven. Here we showcase 12 great baking apples that ...
apples	 	http://www.organicgardening.com/learn-and-grow/heirloom-apples-An organic guide to heirloom apples: Organic Gardening	 Historically apples came in many varieties—all sorts of different shapes, sizes, colors, and textures. While many varieties have gone extinct, we can still ...
apples	 	http://www.organicauthority.com/fruits/apples.html-Apples - Organic Authority	 Apples Described. America’s beloved fleshy fruit belonging to the Rose family, Apples flourish in varieties numbering into the thousands with tastes and textures ...
apples	 	http://www.ebay.com/sch/i.html?_nkw=apples+to+apples-apples to apples | eBay - Electronics, Cars, Fashion ...	 Find great deals on eBay for apples to apples apples to apples game. Shop with confidence.
apples	 	http://www.besthealthmag.ca/eat-well/nutrition/15-health-benefits-of-eating-apples-15 health benefits of eating apples | Nutrition | Best ...	 15 health benefits of eating apples Many of us forget that sometimes, the simplest answers are the best. Better health could be as easy as reaching for the fruit bowl ...
apples	 	http://ohioline.osu.edu/hyg-fact/1000/1402.html-Apples - A Guide To Selection And Use, HYG-1402-92	 Apples are a versatile and appealing fruit of widespread popularity. Many enjoy growing their own apples in backyard planting, while other prefer
apples	 	http://greatist.com/eat/recipes/baked-apples-Baked Apples | Greatist	 Warm up with these hearty oat-filled baked apples on any cold fall day!
apples	 	http://www.marthastewart.com/315748/baked-apples-Baked Apples Recipe | Martha Stewart	 These baked apples are delicious and can easily be made in the microwave.
apples	 	http://www.recipetips.com/kitchen-tips/t--1299/all-about-apples.asp-All About Apples - How To Cooking Tips - RecipeTips.com	 Our All About Apples will help you select just the right apple whether you want to make apple butter or you just want a good apple to eat. Visit RecipeTips.com for ...
apples	 	http://greatist.com/health/superfood-apples-Superfood: Apples | Greatist - Greatist | Health and ...	 And apples just don’t quit. Initial research comparing a variety of fruits and vegetables found that fruits with white flesh, like apples and pears, were associated ...
apples	 	http://homecooking.about.com/od/fruit/a/applevarieties.htm-Common Apple Varieties - About - Recipes for Home Cooking	 There are hundreds of varieties of apples. Some are better for eating that cooking. Here are some common apple varieties.
apples	 	http://www.producepete.com/shows/apples.html-Apples - Produce Pete	 Apples. I love apple season. There are few things better than a good apple eaten out of hand. Whether the flesh is mild and swweet or tart, and winey, when you bite ...
apples	 	http://www.aamodtsapplefarm.com/our-apples/-3 Ways to Purchase Apples - Minnesota Apple Varieties	 Come out and browse thru the selection of fresh picked apples in our inside sales barn. We have a great selection of the apples including Minnesota honeycrisp apples ...
apples	 	http://www.usapple.org/-U.S. Apple Association	 Serving the apple industry by representation on national issues, promotion of apples and apple products, and providing information. Sections tailored to consumers ...
apples	 	http://pocketchangegourmet.com/fried-apples/-Fried Apples Recipe | Pocket Change Gourmet	 This delicious fried apples recipe is just like the ones you get at Cracker Barrel Restaurant with a touch of cinnamon and a thick rich flavor.
apples	 	http://jerseyfresh.nj.gov/find/apples.html-Jersey Fresh|Where to Find Apples in NJ	 Search for apples at roadside stands and pick your own farms. Harvest Dates Availability Chart . Types of Apples; Apple Guide 2002 Publication (PDF K)
apples	 	http://www.mrsprindables.com/gourmet-caramel-apples-Gourmet Caramel Apples | Mrs. Prindable’s	 Choose the original gourmet caramel apple from Mrs. Prindable’s. Our signature jumbo apples make a delicious and unique food gift for any occasion.
apples	 	http://www.enchantedlearning.com/themes/apple.shtml-Apples at EnchantedLearning.com - ENCHANTED LEARNING HOME PAGE	 Apple Shape Book A short book about apples to print, with pages on Johnny Appleseed, how to say apple in many languages, the seasons to label, apple facts, and apple ...
apples	 	http://davesgarden.com/guides/articles/view/1601/-Picking the Best Apples for Your Pie - Tips and Advice on ...	 It's National Apple Month! Celebrate with a great apple pie. Here's a list of some of the best dessert apples for your fall pie.
apples	 	http://www.curtisorchard.com/Apples/-Apples - Curtis Orchard & Pumpkin Patch	 LODI An early season yellow apple that is perfect for applesauce due to its combination of juiciness and tartness. Refrigerate them immediately and use them quickly!
apples	 	http://www.facebook.com/pages/Apples/11244587738-Apples | Facebook	 Are poisoned apples too much of an old school way of killing people or do they have a place in the modern crime thriller?
apples	 	http://energychoice.ohio.gov/ApplesToApplesCategory.aspx?Category=Electric-Apples to Apples : Electric - Energy Choice Ohio - Electric	 disclaimer. The PUCO produces the Apples to Apples charts to provide a snapshot comparison of current natural gas and electric supplier price options ...
apples	 	http://www.wikihow.com/Use-Apples-How to Use Apples: 11 Steps (with Pictures) - wikiHow	 Edit Article How to Use Apples. Autumn and apples go hand in hand. But after a fun day of apple picking, or shopping at a farmers' market, what do you do with that ...
apples	 	http://whatscookingamerica.net/AppleRecipes.htm-Apple Recipes, How To Cook With Apples, Whats Cooking America	 Apple Tips: To prevent discoloration of peeled apples, place peeled slices in a pan of cold water to which a pinch of salt has been added (for each whole apple ...
apples	 	http://www.wissmanns.blogspot.com/2014/09/apples-apples-apples.html-Wissmann Family | Gospel Bluegrass Music: Apples! Apples ...	 What a blessing! We ended up with a full pickup-bed loaded with large, delicious apples!
apples	 	http://business.inquirer.net/tag/apples/feed-Inquirer Business » apples	 http://business.inquirer.net/185119/us-fda-warns-ph-on-contaminated-gala-granny-smith-apples http://business.inquirer.net/185119/us-fda-warns-ph-on-contaminated-gala ...
apples	 	https://www.youtube.com/watch?v=ilC0pmVkLyg-Adam's Apples (2005) Full Movie - YouTube	 "Enjoy Adam's Apples (2005) Full Movie! CLICK Visit Now Playing : http://po.st/o6dfzq Adam's Apples (2005) Full Movie Streaming INFO : 3 Simple Steps to ...
apples	 	http://find.lib.uts.edu.au/search?R=OPAC_b2855138-Lesson starters Piggy buys apples | UTS Library	 Shelf view Lesson starters Piggy buys apples Additional Title Multiplication Multiplication : Piggy buys apples Series 1, Publisher [England] : Teachers TV/UK ...
apples	 	http://www.wissmanns.blogspot.com/2014/09/apples-apples-apples.html-Wissmann Family | Gospel Bluegrass Music: Apples! Apples ...	 What a blessing! We ended up with a full pickup-bed loaded with large, delicious apples!
apples	 	http://business.inquirer.net/tag/apples/feed-Inquirer Business » apples	 http://business.inquirer.net/185119/us-fda-warns-ph-on-contaminated-gala-granny-smith-apples http://business.inquirer.net/185119/us-fda-warns-ph-on-contaminated-gala ...
apples	 	https://www.youtube.com/watch?v=ilC0pmVkLyg-Adam's Apples (2005) Full Movie - YouTube	 "Enjoy Adam's Apples (2005) Full Movie! CLICK Visit Now Playing : http://po.st/o6dfzq Adam's Apples (2005) Full Movie Streaming INFO : 3 Simple Steps to ...
apples	 	http://find.lib.uts.edu.au/search?R=OPAC_b2855138-Lesson starters Piggy buys apples | UTS Library	 Shelf view Lesson starters Piggy buys apples Additional Title Multiplication Multiplication : Piggy buys apples Series 1, Publisher [England] : Teachers TV/UK ...
apples	 	http://www.wissmanns.blogspot.com/2014/09/apples-apples-apples.html-Wissmann Family | Gospel Bluegrass Music: Apples! Apples ...	 What a blessing! We ended up with a full pickup-bed loaded with large, delicious apples!
apples	 	http://business.inquirer.net/tag/apples/feed-Inquirer Business » apples	 http://business.inquirer.net/185119/us-fda-warns-ph-on-contaminated-gala-granny-smith-apples http://business.inquirer.net/185119/us-fda-warns-ph-on-contaminated-gala ...
apples	 	https://www.youtube.com/watch?v=ilC0pmVkLyg-Adam's Apples (2005) Full Movie - YouTube	 "Enjoy Adam's Apples (2005) Full Movie! CLICK Visit Now Playing : http://po.st/o6dfzq Adam's Apples (2005) Full Movie Streaming INFO : 3 Simple Steps to ...
apples	 	http://find.lib.uts.edu.au/search?R=OPAC_b2855138-Lesson starters Piggy buys apples | UTS Library	 Shelf view Lesson starters Piggy buys apples Additional Title Multiplication Multiplication : Piggy buys apples Series 1, Publisher [England] : Teachers TV/UK ...
apples	 	http://www.wissmanns.blogspot.com/2014/09/apples-apples-apples.html-Wissmann Family | Gospel Bluegrass Music: Apples! Apples ...	 What a blessing! We ended up with a full pickup-bed loaded with large, delicious apples!
apples	 	http://business.inquirer.net/tag/apples/feed-Inquirer Business » apples	 http://business.inquirer.net/185119/us-fda-warns-ph-on-contaminated-gala-granny-smith-apples http://business.inquirer.net/185119/us-fda-warns-ph-on-contaminated-gala ...
apples	 	https://www.youtube.com/watch?v=ilC0pmVkLyg-Adam's Apples (2005) Full Movie - YouTube	 "Enjoy Adam's Apples (2005) Full Movie! CLICK Visit Now Playing : http://po.st/o6dfzq Adam's Apples (2005) Full Movie Streaming INFO : 3 Simple Steps to ...
apples	 	http://find.lib.uts.edu.au/search?R=OPAC_b2855138-Lesson starters Piggy buys apples | UTS Library	 Shelf view Lesson starters Piggy buys apples Additional Title Multiplication Multiplication : Piggy buys apples Series 1, Publisher [England] : Teachers TV/UK ...
apples	 	http://www.wissmanns.blogspot.com/2014/09/apples-apples-apples.html-Wissmann Family | Gospel Bluegrass Music: Apples! Apples ...	 What a blessing! We ended up with a full pickup-bed loaded with large, delicious apples!
apples	 	http://business.inquirer.net/tag/apples/feed-Inquirer Business » apples	 http://business.inquirer.net/185119/us-fda-warns-ph-on-contaminated-gala-granny-smith-apples http://business.inquirer.net/185119/us-fda-warns-ph-on-contaminated-gala ...
apples	 	https://www.youtube.com/watch?v=ilC0pmVkLyg-Adam's Apples (2005) Full Movie - YouTube	 "Enjoy Adam's Apples (2005) Full Movie! CLICK Visit Now Playing : http://po.st/o6dfzq Adam's Apples (2005) Full Movie Streaming INFO : 3 Simple Steps to ...
apples	 	http://find.lib.uts.edu.au/search?R=OPAC_b2855138-Lesson starters Piggy buys apples | UTS Library	 Shelf view Lesson starters Piggy buys apples Additional Title Multiplication Multiplication : Piggy buys apples Series 1, Publisher [England] : Teachers TV/UK ...
apples	 	http://www.wissmanns.blogspot.com/2014/09/apples-apples-apples.html-Wissmann Family | Gospel Bluegrass Music: Apples! Apples ...	 What a blessing! We ended up with a full pickup-bed loaded with large, delicious apples!
apples	 	http://business.inquirer.net/tag/apples/feed-Inquirer Business » apples	 http://business.inquirer.net/185119/us-fda-warns-ph-on-contaminated-gala-granny-smith-apples http://business.inquirer.net/185119/us-fda-warns-ph-on-contaminated-gala ...
apples	 	https://www.youtube.com/watch?v=ilC0pmVkLyg-Adam's Apples (2005) Full Movie - YouTube	 "Enjoy Adam's Apples (2005) Full Movie! CLICK Visit Now Playing : http://po.st/o6dfzq Adam's Apples (2005) Full Movie Streaming INFO : 3 Simple Steps to ...
apples	 	http://find.lib.uts.edu.au/search?R=OPAC_b2855138-Lesson starters Piggy buys apples | UTS Library	 Shelf view Lesson starters Piggy buys apples Additional Title Multiplication Multiplication : Piggy buys apples Series 1, Publisher [England] : Teachers TV/UK ...
apples	 	http://www.wissmanns.blogspot.com/2014/09/apples-apples-apples.html-Wissmann Family | Gospel Bluegrass Music: Apples! Apples ...	 What a blessing! We ended up with a full pickup-bed loaded with large, delicious apples!
apples	 	http://business.inquirer.net/tag/apples/feed-Inquirer Business » apples	 http://business.inquirer.net/185119/us-fda-warns-ph-on-contaminated-gala-granny-smith-apples http://business.inquirer.net/185119/us-fda-warns-ph-on-contaminated-gala ...
apples	 	https://www.youtube.com/watch?v=ilC0pmVkLyg-Adam's Apples (2005) Full Movie - YouTube	 "Enjoy Adam's Apples (2005) Full Movie! CLICK Visit Now Playing : http://po.st/o6dfzq Adam's Apples (2005) Full Movie Streaming INFO : 3 Simple Steps to ...
apples	 	http://find.lib.uts.edu.au/search?R=OPAC_b2855138-Lesson starters Piggy buys apples | UTS Library	 Shelf view Lesson starters Piggy buys apples Additional Title Multiplication Multiplication : Piggy buys apples Series 1, Publisher [England] : Teachers TV/UK ...
apples	 	http://www.wissmanns.blogspot.com/2014/09/apples-apples-apples.html-Wissmann Family | Gospel Bluegrass Music: Apples! Apples ...	 What a blessing! We ended up with a full pickup-bed loaded with large, delicious apples!
apples	 	http://business.inquirer.net/tag/apples/feed-Inquirer Business » apples	 http://business.inquirer.net/185119/us-fda-warns-ph-on-contaminated-gala-granny-smith-apples http://business.inquirer.net/185119/us-fda-warns-ph-on-contaminated-gala ...
apples	 	https://www.youtube.com/watch?v=ilC0pmVkLyg-Adam's Apples (2005) Full Movie - YouTube	 "Enjoy Adam's Apples (2005) Full Movie! CLICK Visit Now Playing : http://po.st/o6dfzq Adam's Apples (2005) Full Movie Streaming INFO : 3 Simple Steps to ...
apples	 	http://find.lib.uts.edu.au/search?R=OPAC_b2855138-Lesson starters Piggy buys apples | UTS Library	 Shelf view Lesson starters Piggy buys apples Additional Title Multiplication Multiplication : Piggy buys apples Series 1, Publisher [England] : Teachers TV/UK ...
apples	 	http://food.ndtv.com/topic/banana-recipes-Banana Recipes - NDTV Food	 Baked apples with dates, ...
apples	 	http://www.wissmanns.blogspot.com/2014/09/apples-apples-apples.html-Wissmann Family | Gospel Bluegrass Music: Apples! Apples ...	 What a blessing! We ended up with a full pickup-bed loaded with large, delicious apples!
apples	 	http://business.inquirer.net/tag/apples/feed-Inquirer Business » apples	 http://business.inquirer.net/185119/us-fda-warns-ph-on-contaminated-gala-granny-smith-apples http://business.inquirer.net/185119/us-fda-warns-ph-on-contaminated-gala ...
apples	 	https://www.youtube.com/watch?v=ilC0pmVkLyg-Adam's Apples (2005) Full Movie - YouTube	 "Enjoy Adam's Apples (2005) Full Movie! CLICK Visit Now Playing : http://po.st/o6dfzq Adam's Apples (2005) Full Movie Streaming INFO : 3 Simple Steps to ...
apples	 	http://find.lib.uts.edu.au/search?R=OPAC_b2855138-Lesson starters Piggy buys apples | UTS Library	 Shelf view Lesson starters Piggy buys apples Additional Title Multiplication Multiplication : Piggy buys apples Series 1, Publisher [England] : Teachers TV/UK ...
apples	 	http://food.ndtv.com/topic/banana-recipes-Banana Recipes - NDTV Food	 Baked apples with dates, ...
