april	 	http://en.wikipedia.org/wiki/April-April - Wikipedia, the free encyclopedia	 April is the fourth month of the year in the Gregorian calendar, the fifth in the early Julian and one of four months with a length of 30 days. April is commonly ...
april	 	http://www.brownielocks.com/april.html-April Holidays 2015 (Official) Monthly, Weekly, Daily ...	 Easter Fun History of the Maxwell House Haggadahs April Fool's History and Cartoon Arbor Day History and Cartoon Masters Golf Tournament History and Cartoon
april	 	http://www.april.com/-APRIL Group	 Our customer-oriented approach. APRIL sees insurance from the customer's perspective and is committed to making their lives easier. Read more
april	 	http://dictionary.reference.com/browse/April-April | Define April at Dictionary.com	 c.1300, aueril, from Old French avril (11c.), from Latin (mensis) Aprilis "(month) of Venus," second month of the ancient Roman calendar, dedicated to the goddess ...
april	 	http://www.april-rural.org/-Association of Programs for Rural Independent Living	 A national network of rural independent living centers, other programs, and individuals concerned with the unique aspects of rural independent living. APRIL is an ...
april	 	http://www.thefreedictionary.com/April-April - definition of April by The Free Dictionary	 A·pril (ā′prəl) n. The fourth month of the year in the Gregorian calendar. See Table at calendar. [Middle English, from Latin aprīlis.] April
april	 	http://www.april.com/group-APRIL, an international insurance services group | APRIL	 Founded in 1988, APRIL is an international insurance services group with operations in 37 different countries. Since the very beginning, its ambition has been to ...
april	 	http://www.theteacherscorner.net/calendars/april.php-Calendars - April Events - The Teacher's Corner - Lesson ...	 April Calendars for Teachers, Free Printable Calendars, Teacher resources, Lesson plans
april	 	http://en.wikipedia.org/wiki/April_15-April 15 - Wikipedia, the free encyclopedia	 April 15 is the 105th day of the year (106th in leap years) in the Gregorian calendar. There are 260 days remaining until the end of the year.
april	 	http://www.april.org/-Promouvoir et défendre le logiciel libre | April	 «L'objectif de l'April est d'établir une structure de promotion et de défense du logiciel libre avec des moyens à la hauteur des enjeux. Pour cela, l'April a ...
april	 	http://www.april77.fr/en/-APRIL77	 April77 was founded in 2002, inspired by the artistic and cultural references of the Youth Culture.
april	 	http://instagram.com/aprilovee-April Love Geary (@aprilovee) • Instagram photos and videos	 April Love Geary. 299 posts; 93.3k followers; 369 following. Huntington Beach, CA • IMG Worldwide & Photogenics: phira@photogenicsmedia.com | beach lover / Mexican ...
april	 	http://www.famousbirthdays.com/apr.html-April Birthdays - Celebrities Born in April | Famous Birthdays	 Discover the most popular celebrity birthdays in April including Al Pacino, Selena Quintanilla, Barbra Streisand, Leonardo da Vinci, Jack Nicholson, and many more.
april	 	http://www.holidayinsights.com/moreholidays/april.htm-Holiday Insights April 2015 Calendar Holidays, Bizarre ...	 April 2015 Holidays Special Bizarre Days April Fools day, Administrative Professionals Day
april	 	http://www.april.org/en-Promoting and protecting Free Software | April	 Founded in 1996, April is the main French advocacy association devoted to promoting and protecting Free/Libre Software. With its 4197 members (3791 individuals, 406 ...
april	 	http://www.famousbirthdays.com/april4.html-April 4 Birthdays | Famous Birthdays	 Discover the most popular April 4 Birthdays including Austin Mahone, Ricky Dillon, Robert Downey, Jamie Spears, Lisa Schwartz, and many more.
april	 	https://www.pinterest.com/april_dfulmer/-April on Pinterest	 April | Im a gluten free vintage loving nut whose loved the 40s and 50s* & v early 60s* since I was a wee tot, and I try to live my life as if in the era I love.
april	 	http://www.holidayinsights.com/everyday.htm-2014 Holidays Calendar From Holiday Insights	 2014 Calendar Holidays and special days. From Holiday Insights ... Daily March holidays and special days. April: 1 April Fool's Day; 1 International Tatting Day;
april	 	http://apriloharephotography.com/-April O'Hare Photography	 Denver Colorado Photographer April O'Hare specializes in beautiful, natural photography that showcases her subject's personality & incorporates Colorado's great ...
april	 	http://www.aprilmusic.com/eng/main/index.html-April Music	 Aura note V2 worldwide launching - Jan. 15, 2014 April Music is happy to share the joy of the all-new rebirth of an Aura note series. This is a whole new rebirth of ...
april	 	http://www.timeanddate.com/calendar/monthly.html?year=2012&month=4&country=1-April 2012 Calendar – United States - timeanddate.com	 United States April 2012 – Calendar with American holidays. Monthly calendar for the month April in year 2012. Calendars – online and print friendly – for any ...
april	 	http://www.merriam-webster.com/dictionary/april-April - Definition and More from the Free Merriam-Webster ...	 Learn More About APRIL. Spanish Central: Spanish translation of "April" Britannica.com: Encyclopedia article about "April" Browse. Next Word in the Dictionary: April fool
april	 	http://www.wincalendar.com/April-Calendar/April-2012-Calendar.html-April 2012 Calendar with Holidays - WinCalendar	 April Calendar with Holidays, Observances & Fun Facts. Reference Calendar shows 2012 US and Religious Holidays including: Christian, Catholic, Jewish & Muslim.
april	 	http://www.imdb.com/name/nm1763049/-April Bowlby - IMDb	 April Michelle Bowlby was born on 30 July 1980 in Vallejo, California, USA. She and her family moved to Manteca, California, when she was a small child.
april	 	http://coalcreekfarm.com/-Coal Creek Farm	 Coal Creek Farm on Facebook. The Chicken Doctor. The Architect. The Marathon. ... Contact April. Gettin’ Outta Debt Stories. I'm not a pig...anymore. Come Dance ...
april	 	http://aprilandpaul.com/-April + Paul Photography | Mississippi Wedding ...	 Mississippi Wedding Photographers, April + Paul are a husband and wife team based out of Hattiesburg, Mississippi. They are currently serving Hattiesburg, MS Jackson ...
april	 	http://www.imdb.com/name/nm0934589/-April Winchell - IMDb	 April Winchell was born on January 4, 1960 in New York City, New York, USA as April Terri Winchell. She is an actress and writer, known for Antz (1998), Despicable Me ...
april	 	http://aprilgreiman.com/-April Greiman	 April Greiman is a thinker and artist, whose transmedia projects, innovative ideas and projects, and hybrid-based approach, have been influential worldwide over the ...
april	 	http://aprilsoderstrom.com/-April Soderstrom Jewelry	 April’s jewelry has been featured on many television shows and national magazines. Most recently she’s had jewelry featured in Fitness (cover), The Katie Couric
april	 	http://www.thenibble.com/fun/more/facts/holidays-april.asp-National Food Holidays - April - American Food Holiday	 Find national food holidays in April‚ like National Caramel Popcorn Day, Coffee Cake Day, and Cherry Cheesecake Day. THE NIBBLE, Great Food Finds, is a gourmet food ...
april	 	http://aprilgreer.com/-APRIL GREER PHOTOGRAPHY, LLC	 April Greer is an editorial and advertising photographer based near Washington, D.C. She is a high energy photographer specializing in urban grit, funky freshness ...
april	 	http://www.aprilaire.com/-Aprilaire | Air Purifiers, Humidifiers, Ventilation ...	 Offers replacement parts for the Aprilaire line of whole-house air cleaners. Provides product information, a dealer locator, as well as a company background page.
april	 	http://www.aprilmarin.bigcartel.com/-AprilMarin — Home	 AprilMarin is a women's clothing and accessory company. We focus on one size Fits All: Shawls, Ponchos, Infinity Scarves, Gloves, Ruffle Shawls,
april	 	http://www.urbandictionary.com/define.php?term=April-Urban Dictionary: April	 "That chic is so awesome. What an April." "I got the best blowjob I've ever had. That girl was a real April."
april	 	http://www.edhelper.com/April.htm-April Theme Unit - Printables and Worksheets	 April Biographies April 1 - Otto von Bismarck (grades 9-12) April 2 - Hans Christian Andersen (grades 4-6) April 2 - Sir Alec Guinness (grades 7-9)
april	 	http://www.americangemsociety.org/april-birthstone-April Birthstone | Diamond - American Gem Society	 As the April birthstone, a diamond is the ideal gift for a loved one. Learn more about this fascinating gem at AmericanGemSociety.org.
april	 	http://www.aprilpoint.com/-April Point Resort & Spa - Quadra Island near Campbell ...	 April Point Resort & Spa on Quadra Island. April Point Resort & Spa brings you into the heart of BC’s coastal paradise. This is where breathtaking scenery, vibrant ...
april	 	http://www.travelsupermarket.com/c/holidays/where-is-hot-in-april/-Where is hot in April? | Hot & Sunny April holiday ideas ...	 Where's hot and sunny in April for a holiday? Search and book online to escape the cold. Tips and suggestions on where is hot in April for a holiday
april	 	http://www.bulletinboardpro.com/april.html-Bulletin Board Pro: April Bulletin Boards	 April Bulletin Board ideas! Photos and descriptions of PreK-8 classroom bulletin boards from ProTeacher!
april	 	http://projectbritain.com/festivals/april.htm-Special Days in April- Easter - British Life and Culture ...	 A comprehensive list and information on holidays, special days and celebrations in April and throughout the year in the UK.
april	 	http://gospain.about.com/od/spanishclimate/qt/April.htm-April Weather in Spain - Spain Travel Guide | Trip ...	 On top of that, April sees the weather get a little wetter, as this is when the spring showers hit. The best weather, unsurprisingly, is in Andalusia.
april	 	http://www.aprilflowersslo.com/-April Flowers, SLO - Wedding flowers for San Luis Obispo ...	 Hello! I’m April and my story is one of love for all things flowery, all things weddings and all things lovely. I started off as a Cal Poly San Luis Obispo student ...
april	 	http://www.currentresults.com/Weather/Arizona/temperature-arizona-april.php-Arizona Temperatures in April - Current Results	 April temperatures for places in Arizona. Lists of average daily high and low temperatures for cities, towns and parks throughout the state.
april	 	http://goparis.about.com/od/parisbymont1/a/Paris_in_April.htm-Paris in April - What to Pack in Paris in April - What to ...	 A complete guide to visiting Paris in April, including a packing guide, average April temperatures and rainfall, and advice on what to see and do in Paris in April.
april	 	http://www.aps.org/meetings/april/index.cfm-APS Physics April Meeting	 The APS April Meeting is heading to Baltimore, Maryland! This meeting will bring together physicists and students in astrophysics, gravitational physics, nuclear ...
april	 	http://april.eecs.umich.edu/-APRIL Laboratory APRIL Laboratory : Autonomy * Perception ...	 The APRIL camera calibration suite is now available as part of the APRIL Robotics Toolkit. This interactive tool uses the current calibration state to suggest the ...
april	 	http://aprilbloomfield.com/-April Bloomfield	 APRIL WINS BEST CHEF, NYC AT THE JAMES BEARD AWARDS Thank you to the James Beard Foundation, our incredible team, and our lovely guests. What an honor.
april	 	http://www.wincalendar.com/April-Calendar/Print-Friendly-April-2015-Calendar.html-April 2015 Calendar with Holidays - as Picture	 April 2015 Calendar in Picture Format. This is a free Printable April Calendar.
april	 	http://www.italylogue.com/planning-a-trip/italy-in-april.html-Italy in April | Italy Travel Guide	 There have been songs written about April in Paris, but it's easy to argue that April in Italy is just as worthy of a musical tribute. This is a month that's
april	 	http://gocanada.about.com/od/canadatravelplanner/p/aprilcanada.htm-Canada in April - Canada in April Weather and Event Guide	 A guide to visiting Canada in April. What kind of weather to expect, what to pack, and what are the special events and holidays during the month.
april	 	http://iwentapril.bandcamp.com/-APRIL	 APRIL Crimson en Violet. Door het aannemen van deze podium persoonlijkheden vinden Jorn en Julia hun artistieke vrijheid. Samen vormen zij de band APRIL In augustus ...
april	 	http://office.microsoft.com/en-us/templates/april-calendar-TC101875609.aspx-April calendar - Templates	 Plant the seeds of learning by providing each student with an April calendar to color and fill in.
april	 	http://aprilroseonline.com/-The Official Website Of April Rose - Coming Winter 2014	 Reaching MAXIM Magazines ‘HOT 100’ list ‘100 Most Beautiful Women in the World’ issue 2 years in a row, April Rose is honored her career has been strong for ...
april	 	http://www.aprilziegele.com/-Dentist Sumner | Cosmetic Dentistry in Puyallup | April ...	 Dr. April Ziegele is a world class dentist in Sumner. Her cosmetic dentistry, near Puyallup, changes smiles and lives for the better. See the confidence in her ...
april	 	http://aprilschoolofdance.com/-April School of Dance	 April School of Dance has dedicated over 32 years to bringing the art of dance to all ages. Whether a student's interest is to learn for recreational purposes, or ...
april	 	http://www.about-birthstones.com/aprilbirthstone.html-About Birthstones : April Birthstone : History and Myths	 April Birthstone : Diamond Birthstone Color: White, Clear April's birthstone is remarkably simple in composition, yet stunning in its unique ability to reflect and ...
april	 	https://twitter.com/aprilthe13th-April (@Aprilthe13th) | Twitter	 The latest Tweets from April (@Aprilthe13th). Former dZ
april	 	http://www.croatiatraveller.com/WhentoGo/April.html-April in Croatia: Weather & Events - Croatia Traveller: A ...	 Travel to Croatia in April: where to go, what to do, climate, temperature, festivals, events.
april	 	http://familycrafts.about.com/library/spdays/blaprdayslong.htm-April Holidays in 2013 - Family Crafts - Crafts for Kids ...	 Long list of April holidays and special days celebrated in 2013. By popular request, here is a long list of all of the special days celebrated in April 2013.
april	 	http://www.mathaware.org/-Math Awareness Month	 Home · Previous MAMs. Mathematics Awareness Month – April 2015 Math Drives Careers. Innovation is an increasingly important factor in the growth of world economies.
april	 	http://nypost.com/2015/01/10/mad-men-final-season-to-premiere-in-april/-‘Mad Men’ final season to premiere in April | New York ...	 The final seven episodes of AMC’s “Mad Men” will debut on Sunday, April 5 at 10 p.m., the network announced Saturday. The period drama’s seventh ...
april	 	http://aprildphillips.blogspot.com/-April Showers	 April My name is April, I'm married to Clay, a very tall, very funny architect. He's the city boy and I'm the country girl but together we are turning into ...
april	 	http://www.aprilsestatesales.com/-Estate Sales NJ | Estate Sale | April’s Estate Sales	 April’s Estate Sales offers flexible estate and tag sale services according to your needs in New Jersey.
april	 	http://goflorida.about.com/od/allaboutflorida/a/april.htm-April 2015 Weather and Calendar of Events in Florida	 Highlights of Florida in April including best time to go, average temperatures, and special events.
april	 	http://www.currentresults.com/Weather/Maine/temperature-april.php-Average April Temperatures for Maine - Current Results	 Average temperatures for April at places in Maine, including a list of monthly high and low temperatures in degrees Fahrenheit and Celsius for cities, towns, parks ...
april	 	http://www.secondapril.org/-Second April Galerie & Studios - Home	 2nd April Galerie & Studios features the work of over 100 local artists and craftsmen within its 10,000 square feet of space. With a main gallery as well as 20 ...
april	 	http://theaprilfishes.com/home.html-Rupa & The April Fishes	 Copyright © 2011, Rupa & the April Fishes. All rights reserved. Site designed by Ardalan Payvar, Developed by Leah Kane (Witchyweb)
april	 	http://www.nydailynews.com/entertainment/tv/marvel-daredevil-premiere-netflix-april-10-article-1.2069056-‘Marvel’s Daredevil’ to premiere on Netflix on April ...	 PASADENA — "Marvel's Daredevil" will be released April 10 on Netflix, the network confirmed Wednesday, but fans will have to wait "probably about a year" for ...
april	 	http://www.holiday-weather.com/tenerife/averages/april/-April Weather Averages for Tenerife, Canary Islands	 Holiday Weather - We provide weather averages for Tenerife Canary Islands in April
april	 	http://heroeswiki.com/April-April - Heroes Wiki	 Character History Four Months Later... In the morning, April walks through her school's courtyard with the other cheerleaders. Later, in the gymnasium, April looks on ...
april	 	http://www.koolaprilnites.com/Koolpage.asp?ID=7-April 17 Tuesday – Kool April Nights – Redding, CA	 A big THANK YOU to all our sponsors and advertisers and the businesses that donated to Raffle City for supporting KOOL APRIL NITES.
april	 	http://www.woodlands-junior.kent.sch.uk/customs/year/april.htm-April Month - Traditions including April Fools Day and ...	 The First of April, some do say Is set apart for All Fools Day; But why the people call it so, Not I, nor they themselves do know.
april	 	http://www.apriljstyle.com/-April Johnson - Stylist - Official website	 <b>April Johnson</b> is a stylist and fashion consultant who has worked with many of the top names in fashion, advertising, and the music industry for nearly a decade.
april	 	http://www.theteachersguide.com/April.html-April Lesson Plans, April Holidays, and April Themes	 Lesson plans, themes, holidays, and resources for the month of April.
april	 	http://www.woodlands-junior.kent.sch.uk/customs/year/april.htm-April Month - Traditions including April Fools Day and ...	 The First of April, some do say Is set apart for All Fools Day; But why the people call it so, Not I, nor they themselves do know.
april	 	http://www.koolaprilnites.com/Koolpage.asp?ID=7-April 17 Tuesday – Kool April Nights – Redding, CA	 A big THANK YOU to all our sponsors and advertisers and the businesses that donated to Raffle City for supporting KOOL APRIL NITES.
april	 	http://www.apriljstyle.com/-April Johnson - Stylist - Official website	 <b>April Johnson</b> is a stylist and fashion consultant who has worked with many of the top names in fashion, advertising, and the music industry for nearly a decade.
april	 	http://www.april-fools.us/history-april-fools.htm-April Fool's Day History	 April Fool's Day history can be traced back to the 1500s under the reign of Charles IX and the change in the Gregorian Calendar.
april	 	http://www.aprilproducts.co.uk/-April Products - Supreme Quality Shower Enclosures, Baths ...	 April Products manufacture showering solutions and other bathroom products in the UK, focused on bringing to market high quality enclosures at very competitive prices.
april	 	http://www.theteachersguide.com/April.html-April Lesson Plans, April Holidays, and April Themes	 Lesson plans, themes, holidays, and resources for the month of April.
april	 	http://www.factmonster.com/games/april.html-April Games - Fact Monster: Online Almanac, Dictionary ...	 April-themed games from Factmonster.com ... © 2000–2015 Pearson Education, publishing as Fact Monster™
april	 	http://gocaribbean.about.com/od/beforeyougo/a/AprilCaribbean.htm-April in the Caribbean (Travel Guide) - About	 Depending on the island, April temperatures in the Caribbean vary from daytime highs in the upper 80s to evening lows in the 70s. It rains an average of 7.4 days in ...
april	 	http://www.celebritybirthdaystoday.com/april/-Celebrity Birthdays April - April Famous Birthdays	 Celebrity birthdays in April. Which celebrities are born in April? Famous birthdays in April. Find out which one of your favorite celebs is born in the month of April.
april	 	http://www.facebook.com/pages/April-Bowlby/28555048600-April Bowlby | Facebook	 April Michelle Bowlby (born 30 July 1980 in Vallejo, California) is an American actress best known for her recurring role as Alan Harper's ditzy girlfriend...
april	 	http://www.aprilcrawford.com/-April Crawford	 April Crawford is one of very few true Full Body Open Deep Trance Channels in the world. Audio and Text sample conversations and readings at this large site.
april	 	http://gonyc.about.com/od/planyourtriptonyc/a/april.htm-April in New York City Weather and Event Guide	 With warm weather coming, April is a great time to visit New York City before the summer crowds come. Plan your visit to New York City with this guide to April's ...
april	 	http://www.holiday-weather.com/lanzarote/averages/april/-April Weather Averages for Lanzarote, Canary Islands	 Averages for Lanzarote in April. Weather overview. In April, the average temperature in Lanzarote, Canary Islands rises from 19°C at the start of the month up to 19 ...
april	 	http://aprilossmann.com/-April Ossmann	 April Ossmann was executive director of Alice James Books from 2000 - 2008, and left to launch her consulting business, helping poets to get published.
april	 	http://www.barcelona-tourist-guide.com/en/weather/weather-april.html-Weather in April in Barcelona - Essential Barcelona ...	 Day by day summary of the weather in Barcelona for the month of April. Temperatures and climatic conditions, maximum and minimum and average temperatures, overcast ...
april	 	http://govegas.about.com/od/weather/a/Weatheraprlv.htm-April Weather in Las Vegas - Average Temperatures	 When to visit Las Vegas. Pool Season in April in Las Vegas? Oh yeah, this is when pool season starts. There will be a few days when you consider going in early but ...
april	 	http://www.astrostar.com/articles/BorninApril.htm-Born in April - Your Traits and Characteristics according ...	 For souls born in April Mars Governs the Aggressive, Warlike and Impatient Constellation Of Aries. All will hear my views and voice Trial and error is my school of ...
april	 	http://aprilmartindesigns.com/-Earthy Luxe by April Martin | Aptos, California 408 203 8988	 April Martin Designs Aptos, CA 408 203 8988 “All of my creations have a name and a story as they are all extensions of my true self…” Peace & Love,
april	 	http://gofrance.about.com/od/francemonthlycalendar/a/franceinapr.htm-France in April - Monthly Events Calendar	 In April, the weather turns mild, sometimes astonishing with high temperatures. But there are also surprises with spring showers, and sometimes chilly evenings.
april	 	http://www.worldreviewer.com/world-weather/april/-Holiday weather in April | World Reviewer	 Holiday weather guide - world weather and local climate guides showing the best local holiday weather around the world for April.
april	 	http://www.dltk-holidays.com/spring/april_showers.htm-April Showers Bring May Flowers - Holiday and Seasonal ...	 crafts, coloring pages and activities to go with the springtime saying, April Showers Bring May Flowers
april	 	http://aprilfool.fundootimes.com/-April Fool Day - April Fools Day - All Fools Day - April 1	 Includes hoaxes, pranks, gag gifts, trivia, history, quotes, messages, funny party ideas and April Fool recipes.
april	 	http://aprilathena7.blogspot.com/-APRILATHENA7	 This page has moved APRILATHENA7
april	 	http://gogreece.about.com/od/greeceyearyound/a/greeceapril.htm-April 2014 Weather and Events in Greece - Greece Travel Guide	 Travel to Greece in April 2014 offers usually beautiful weather, good values and numerous festivals and feast days for travelers.
april	 	http://photobucket.com/images/april-April Pictures, Images & Photos | Photobucket	 View the 421579 best April Photos, April Images, April Pictures. Download photos or share to Facebook, Twitter, Tumblr, Blogger
april	 	http://www.snopes.com/holidays/aprilfools/pranks.asp-snopes.com: April Fools' Day Pranks	 sauce.") One of the more imaginative April Fool's Day hoaxes was the work of a well-known restaurant chain. In 1996, Taco Bell Corp. announced it had bought the ...
april	 	http://www.southcom.com.au/~seymour/aprilfool/april.htm-april - Eftel Group - Telecommunication Infrastructure for ...	 Origins of April Fool's Day. April the 1st. The first of April, some do say, April The 1st Is set apart for All Fools' Day. But why the people call it so,
april	 	http://www.igluski.com/april-skiing-April skiing | April ski holidays & deals 2015 | Igluski.com	 April ski holidays and deals to France, Austria, Italy, Switzerland, USA and Canada with Igluski.com.
april	 	http://www.thepeoplehistory.com/april5th.html-What Happened on April 5th This Day in History	 April 5th news for this day include Winston Churchill Retires, Massive Anti-Vietnam War Demonstrations Across US Cities, Howard Hughes Dies, Fox Makes its Prime-Time ...
april	 	http://www.christmasinaprilsmc.org/-Christmas in April * St. Mary's County National Volunteer ...	 Christmas in April * St. Mary's County is a national volunteer organization that, in partnership with the community, rehabilitates the homes of low-income homeowners ...
april	 	http://www.timeanddate.com/calendar/monthly.html?year=2010&month=4&country=29-April 2010 Calendar – Australia - timeanddate.com	 Australia April 2010 – Calendar with holidays. Monthly calendar for the month April in year 2010. Calendars – online and print friendly – for any year and month
april	 	http://www.morninggloryart.com/Holidays/Easter.html-Easter Sunday Date - MorningGloryArt Decorative Painting ...	 The most complicated of calendar holidays is Easter Sunday - a "movable feast" that can occur in March or April and is determined by a complex mathematical procedure.
april	 	http://aprilbellephotos.smugmug.com/-April Belle Photos	 April Belle Photos features photographer, April Keogh. April is a lifestyle celebrity photographer based in Northern NJ/NYC. Locations include Miami. Boutique family ...
april	 	http://aprilspain.com/-April Spain	 April Spain Welcome to Official April Spain Website. Alternative content . Contact Form
april	 	http://www.teach-nology.com/worksheets/misc/april/-Printable Teacher Worksheets For The Month of April	 Printable worksheets for the month of April. We help make your April showers less dreary.
april	 	http://www.morninggloryart.com/Holidays/Easter.html-Easter Sunday Date - MorningGloryArt Decorative Painting ...	 The most complicated of calendar holidays is Easter Sunday - a "movable feast" that can occur in March or April and is determined by a complex mathematical procedure.
april	 	http://homeschooling.about.com/cs/unitssubjhol/a/fundaysapr.htm-Celebrate holidays and special days in April 2012 ...	 Celebrate a holiday or special day every day in April 2012. April Fundays Calendar for you with April worksheets, coloring pages, recipes, crafts and more.
april	 	http://www.timeanddate.com/calendar/monthly.html?year=2010&month=4&country=29-April 2010 Calendar – Australia - timeanddate.com	 Australia April 2010 – Calendar with holidays. Monthly calendar for the month April in year 2010. Calendars – online and print friendly – for any year and month
april	 	http://aprilspain.com/-April Spain	 April Spain Welcome to Official April Spain Website. Alternative content . Contact Form
april	 	http://www.teach-nology.com/worksheets/misc/april/-Printable Teacher Worksheets For The Month of April	 Printable worksheets for the month of April. We help make your April showers less dreary.
april	 	http://www.christmasinaprilsmc.org/-Christmas in April * St. Mary's County National Volunteer ...	 Christmas in April * St. Mary's County is a national volunteer organization that, in partnership with the community, rehabilitates the homes of low-income homeowners ...
april	 	http://www.watt-up.com/j_gallery/April_Bowlby/April_Bowlby.html-April Bowlby Picture Gallery - Two and a half Men	 121 Pictures of sexy April Bowlby Hottie bombshell from Tv show Two and a Half Men. What a Beautiful woman.
april	 	http://www.jewelrymall.com/birthstones/april.html-April Birthstone - Jewelry Mall: jewelry gifts, engagement ...	 April Birthstone. April birthstone jewelry is traditionally made with diamonds or synthetic diamonds. Diamonds symbolize purity, eternal love and faith.
april	 	http://aprilbellephotos.smugmug.com/-April Belle Photos	 April Belle Photos features photographer, April Keogh. April is a lifestyle celebrity photographer based in Northern NJ/NYC. Locations include Miami. Boutique family ...
april	 	http://innerwhispers.net/-Inner Whispers	 INNER WHISPERS is a free spiritual newsletter written by highly evolved nonphysical entities via Deep Trance Channel April Crawford
april	 	http://www.mademan.com/chickipedia/april-bowlby/-April Bowlby | Chickipedia - Made Man » Gentlemen Welcome	 Get April Bowlby's biography, pictures, videos, and more at Chickipedia - the world's largest women database.
april	 	http://www.facebook.com/april.copeland-April Copeland | Facebook	 April Copeland is on Facebook. Join Facebook to connect with April Copeland and others you may know. Facebook gives people the power to share and makes...
april	 	http://instagram.com/april.sparkles/-@april.sparkles • Instagram photos and videos	 april.sparkles. 108 posts; 67 followers; 153 following. ♥️ she craved a love so deep the ocean would be jealous ♥️
april	 	http://aprilandmay.tumblr.com/-April and May - Tumblr	 April and May. MESSAGE ARCHIVE RSS THEME ...
april	 	http://www.firstworldwar.com/onthisday/april.htm-First World War.com - On This Day - April 1915-1919	 On This Day - April 1915-19. The source and introduction for the daily chronology of the war contained within this section can be read here.
april	 	http://www.abbreviations.com/APRIL-What does APRIL stand for? - Abbreviations.com	 What does APRIL stand for? What does APRIL mean? This page is about the various possible meanings of the acronym, abbreviation, shorthand or slang term: APRIL.
april	 	http://www.wowwiki.com/Category:April_Fools-April Fools - WoWWiki - Your guide to the World of Warcraft	 April Fools jokes! Mostly created by Blizzard. ... For centuries Đeathwing has waited beneath the earth to rise up and ravage the lands of Azeroth...
april	 	http://www.nydailynews.com/news/crime/convicted-killers-fla-okla-executed-night-article-1.2080498-Oklahoma performs first execution since April - NY Daily News	 ‘My body is on fire’: Convicted baby killer twitches in Oklahoma’s first lethal injection since a botched execution in April Charles Warner ...
april	 	http://www.wordreference.com/enfr/April-April - English-French Dictionary WordReference.com	 April - traduction anglais-français. Forums pour discuter de April, voir ses formes composées, des exemples et poser vos questions. Gratuit.
april	 	http://www.kidzworld.com/article/593-april-fools-day-History of April Fools' Day - Kidzworld | Kids Social ...	 April Fools' Day happens on the first day of April, but do you know why we play tricks, gags and practical jokes on one another? Find out here!
april	 	http://www.philly.com/philly/business/technology/20150114_Comcast_to_be_title_sponsor_of_April_s_Philly_Tech_Week.html-Comcast to be title sponsor of Philly Tech Week	 Comcast Corp., which has pledged greater support for local tech start-ups, will be the title sponsor of Philly Tech Week in April - an event that drew ...
april	 	http://april-look.tumblr.com/-APRIL LOOK - Tumblr	 APRIL LOOK is a Lithuanian brand. It was born from the need to create aesthetic, stylish and high quality goods for men. Bow ties, neckties and pocket squares are ...
april	 	http://www.aprilarikssen.blogspot.com/-April Arikssen	 Little April was members sexy the organizations " White tits ". Into structure of a gang entered twenty young girls in the age of from 18 till 23 years.
april	 	http://www.reuters.com/video/2015/01/07/un-confirms-palestinians-will-be-icc-mem?videoId=361697778&videoChannel=1-U.N. confirms Palestinians will be ICC members from April ...	 The UN confirms that the Palestinians will become a member to the International Criminal Court and other international treaties on April 1, 2015. Rough Cut (no ...
april	 	http://www.theguardian.com/sport/2015/jan/14/paula-radcliffe-end-marathon-career-london-april-Paula Radcliffe to end glorious marathon career at London ...	 Paula Radcliffe will race her final marathon in London in April, organisers have announced. The world record holder, who last competed over 26.2 miles in ...
april	 	http://www.sun-sentinel.com/business/tourism/fl-jetblue-new-fll-routes-20150108-story.html-JetBlue flights to Cleveland, Detroit begin April 30	 Starting April 30, the New York carrier will begin once-daily nonstop service from Fort Lauderdale to Cleveland Hopkins International Airport and Detroit ...
april	 	http://www.ft.com/cms/s/0/161a9704-969e-11e4-a83c-00144feabdc0.html-Fed unlikely to raise rates before April - FT.com	 Federal Reserve officials are in broad agreement that US interest rates are unlikely to rise until at least April, according to minutes from their policy meeting in ...
april	 	http://www.hkfastfacts.com/weather/hong-kong-weather-april.html-April - Hong Kong FastFacts	 Home > What's it like in HK > HongKong Weather > April. Weather in Hong Kong: April. Depending on the year April weather in Hong Kong can be a continuation of the ...
april	 	http://www.castillo.org/april-2015/-Castillo Theatre - April 2015	 Saturday, April 4, 2015 The Proverbial Loons. 543 W. 42nd Street (bet. 10th and 11th Aves) NYC 8:00 PM Box Office 212-941-1234
april	 	http://eventteam.com/blog/?tag=april-gulley-april gulley | The Event Team	 NGO Video: The Bernie Project: It Starts With One from chelsea frank on Vimeo. We caught up with April to ask how her experiences in the event planning industry ...
april	 	https://twitter.com/tweetApril-April Colosimo (@tweetapril) | Twitter	 The latest Tweets from April Colosimo (@tweetapril): "does anyone need a writing partner? https://t.co/Qa7bk97Ahp"
april	 	https://mbasic.facebook.com/april.griggs.37-April Griggs	 April Griggs is on Facebook. To connect with April, join Facebook today. Join Log In. English (US) · Español · Français (France) · More…
april	 	http://palemale.com/april242014.html-April 24, 2014	 Thursday April 24, 2014. newitem317110558
april	 	http://www.tumblr.com/search/april+x+mikey-april x mikey | Tumblr	 april no you cant fluster turtle boys, they will not handle it no matter which one. and what are your arms even? i got this idea from a little comic where mikey is ...
april	 	http://www.wacondatrader.com/?grid_products=april-6-beloit-ks-April 6 – Beloit, KS |	 Monday, April 6, 9:00 a.m. Annual Machinery Auction at Auction Palace, Beloit, KS. Conducted by Gerald Zimmer Auction & Real Estate.
april	 	http://www.sun-sentinel.com/business/tourism/fl-allegiant-lauderdale-indy-route-20150113-story.html-Allegiant: Fort Lauderdale-to-Indy flights begin April 8 ...	 Allegiant Air will begin nonstop jet service between Fort Lauderdale and Indianapolis on April 8.
april	 	https://archives.iupui.edu/handle/2450/7965-IUPUI Lab Notes April 2000	 Title: IUPUI Lab Notes April 2000: Permanent Link: http://hdl.handle.net/2450/7965: Publisher: Office of Environmental Health and Safety: Date: 2000-04
april	 	http://www.bsml.com/resources/download/pdfs/april_2015.pdf-April)2015	 Monday Tuesday Wednesday Thursday Friday Saturday Sunday March&30,&2015 March&31,&2015 April&1,&2015 April&2,&2015 April&3,&2015 April&4,&2015 April&5,&2015
april	 	http://www.castillo.org/april-2015/-Castillo Theatre - April 2015	 Saturday, April 4, 2015 The Proverbial Loons. 543 W. 42nd Street (bet. 10th and 11th Aves) NYC 8:00 PM Box Office 212-941-1234
april	 	http://www.hkfastfacts.com/weather/hong-kong-weather-april.html-April - Hong Kong FastFacts	 Home > What's it like in HK > HongKong Weather > April. Weather in Hong Kong: April. Depending on the year April weather in Hong Kong can be a continuation of the ...
april	 	http://eventteam.com/blog/?tag=april-gulley-april gulley | The Event Team	 NGO Video: The Bernie Project: It Starts With One from chelsea frank on Vimeo. We caught up with April to ask how her experiences in the event planning industry ...
april	 	https://twitter.com/tweetApril-April Colosimo (@tweetapril) | Twitter	 The latest Tweets from April Colosimo (@tweetapril): "does anyone need a writing partner? https://t.co/Qa7bk97Ahp"
april	 	https://mbasic.facebook.com/april.griggs.37-April Griggs	 April Griggs is on Facebook. To connect with April, join Facebook today. Join Log In. English (US) · Español · Français (France) · More…
april	 	http://www.wacondatrader.com/?grid_products=april-6-beloit-ks-April 6 – Beloit, KS |	 Monday, April 6, 9:00 a.m. Annual Machinery Auction at Auction Palace, Beloit, KS. Conducted by Gerald Zimmer Auction & Real Estate.
april	 	http://palemale.com/april242014.html-April 24, 2014	 Thursday April 24, 2014. newitem317110558
april	 	https://mbasic.facebook.com/april.bellotti-April Bellotti	 April Bellotti is on Facebook. To connect with April, join Facebook today. Join Log In. English (US) · Español · Français (France) · More…
april	 	http://www.tumblr.com/search/april+x+mikey-april x mikey | Tumblr	 april no you cant fluster turtle boys, they will not handle it no matter which one. and what are your arms even? i got this idea from a little comic where mikey is ...
april	 	http://palemale.com/april32014.html-April 3, 2014	 Thursday April 3, 2014. newitem315335617
april	 	http://www.sun-sentinel.com/business/tourism/fl-allegiant-lauderdale-indy-route-20150113-story.html-Allegiant: Fort Lauderdale-to-Indy flights begin April 8 ...	 Allegiant Air will begin nonstop jet service between Fort Lauderdale and Indianapolis on April 8.
april	 	https://archives.iupui.edu/handle/2450/7965-IUPUI Lab Notes April 2000	 Title: IUPUI Lab Notes April 2000: Permanent Link: http://hdl.handle.net/2450/7965: Publisher: Office of Environmental Health and Safety: Date: 2000-04
april	 	http://www.bsml.com/resources/download/pdfs/april_2015.pdf-April)2015	 Monday Tuesday Wednesday Thursday Friday Saturday Sunday March&30,&2015 March&31,&2015 April&1,&2015 April&2,&2015 April&3,&2015 April&4,&2015 April&5,&2015
april	 	http://www.cnn.com/2015/01/15/us/oklahoma-execution-charles-frederick-warner/index.html-Oklahoma executes Charles Warner - CNN.com	 His was the first execution in Oklahoma since a controversial lethal injection, which was widely seen as botched, in April. Warner was convicted in 2003 ...
april	 	http://www.usatoday.com/story/money/2015/01/08/target-lilly-pulitzer/21456255/-Social media reacts to Target, Lilly Pulitzer partnership	 The Lilly Pulitzer for Target collection will launch in stores April 19. (Photo: Target) Target announced plans Tuesday to collaborate with Lilly Pulitzer ...
april	 	http://www.usatoday.com/story/money/2015/01/08/target-lilly-pulitzer/21456255/-Social media reacts to Target, Lilly Pulitzer partnership	 The Lilly Pulitzer for Target collection will launch in stores April 19. (Photo: Target) Target announced plans Tuesday to collaborate with Lilly Pulitzer ...
april	 	http://www.usatoday.com/story/money/2015/01/08/target-lilly-pulitzer/21456255/-Social media reacts to Target, Lilly Pulitzer partnership	 The Lilly Pulitzer for Target collection will launch in stores April 19. (Photo: Target) Target announced plans Tuesday to collaborate with Lilly Pulitzer ...
april	 	http://www.usatoday.com/story/money/2015/01/08/target-lilly-pulitzer/21456255/-Social media reacts to Target, Lilly Pulitzer partnership	 The Lilly Pulitzer for Target collection will launch in stores April 19. (Photo: Target) Target announced plans Tuesday to collaborate with Lilly Pulitzer ...
april	 	http://www.usatoday.com/story/money/2015/01/08/target-lilly-pulitzer/21456255/-Social media reacts to Target, Lilly Pulitzer partnership	 The Lilly Pulitzer for Target collection will launch in stores April 19. (Photo: Target) Target announced plans Tuesday to collaborate with Lilly Pulitzer ...
april	 	http://www.usatoday.com/story/money/2015/01/08/target-lilly-pulitzer/21456255/-Social media reacts to Target, Lilly Pulitzer partnership	 The Lilly Pulitzer for Target collection will launch in stores April 19. (Photo: Target) Target announced plans Tuesday to collaborate with Lilly Pulitzer ...
april	 	http://aprilwilkner.com/-April Wilkner | Host // Actress // Model	 The portfolio of April Wilkner. HOST REEL; ACTING REEL; GALLERY; BIO; CONTACT © ROOFTOP2 PRODUCTIONS ...
april	 	http://www.wilstar.com/holidays/aprilfool.htm-April Fools' Day - The History of the Fools	 April Fools' Day - The History of the Fools. April Fools' Day, also called All Fools' Day, is celebrated every April 1st in the United States. While it is not ...
april	 	http://www.aprilpoint.com/-April Point Resort & Spa - Quadra Island near Campbell ...	 April Point Resort & Spa on Quadra Island. April Point Resort & Spa brings you into the heart of BC’s coastal paradise. This is where breathtaking scenery, vibrant ...
april	 	http://www.aprilwade.com/-April Wade	 official site of actress, producer and creator April Wade
april	 	http://www.edhelper.com/April.htm-April Theme Unit - Printables and Worksheets	 April Biographies April 1 - Otto von Bismarck (grades 9-12) April 2 - Hans Christian Andersen (grades 4-6) April 2 - Sir Alec Guinness (grades 7-9)
april	 	http://www.first-school.ws/theme/occasions4.htm-April Preschool Holidays and Events Activities	 April preschool holidays and events activities and crafts suitable for toddlers, preschoolers and kindergarten. Free esson plans, printable crafts,online stories and ...
april	 	http://www.bernardine.com/birthstone/april.htm-April Birthstones Information/Colors - Handmade Custom ...	 Birthstones for the Month of April and Zodiac Signs of Aries and Taurus.
april	 	http://www.aprilnewmanphoto.com/-April Newman Photography	 © 2015 April Newman Photography | Made By Flothemes ...
april	 	http://www.americangemsociety.org/april-birthstone-April Birthstone | Diamond - American Gem Society	 As the April birthstone, a diamond is the ideal gift for a loved one. Learn more about this fascinating gem at AmericanGemSociety.org.
april	 	http://aprilrichardson.com/-April Richardson	 Hey! My name is April and I perform stand-up comedy. I feel kind of weird trying to convince you of my hilarity via the Internet, so I'll say this: People have ...
april	 	http://aprilmeservy.com/-April Meservy	 Official site for singer/songwriter, April Meservy. Includes photos, videos, music, tour dates, and biographical information.
april	 	http://www.stylistaprilb.com/-- Stylist April B	 Greetings, my name is April B., and I am a touring Natural Hair Artist and Celebrity Loctician based out of Atlanta, Georgia. I originated from New York and then ...
april	 	http://www.yapespaints.com/-Yapes Paints - Art by April Lacheur - Home	 Artwork by April Lacheur White Rock BC painter ... Bold colors, clean lines, flowing movement and west coast inspired nature are all elements you will find in my work.
april	 	http://aprilinedom.net/-April in Edom	 April in Edom, an old fashioned street fair for adults, kids and pets. Vendors from all over Texas will sell a variety of unique, high-quality handmade items, along ...
april	 	http://suaviloquy.blogspot.com/-secondsister suaviloquy	 If you are interested in joining us in April, please send an email. ... The second sister in a family of three very opinionated girls and one funny brother.
april	 	http://www.aprilkry.com/-April Kry - Official Website	 2014 April Kry. All Rights Reserved // www.aprilkry.com // Powered by: LoudBrand
april	 	http://aprilpride.com/-April Pride	 APRIL PRIDE designs made-to-order clothing and accessories for women who covet vintage and live modern.
april	 	http://www.missaprilgarcia.com/-April Garcia	 import model april garcia. sign up free as a member and follow all aprilg's social networks! over 1.4 million fans on facebook. check out my 2014 tour dates and feel ...
april	 	http://support.microsoft.com/kb/2953732-Office 2010 cumulative update for April 2014	 Lists the cumulative update packages for Office 2010 that were released in April 2014.
april	 	http://www.aprilsmithphotography.com/-April Smith Photography - welcome	 welcome. APRIL SMITH PHOTOGRAPHY. DESIGN BY GOLIVEHQ - Enter Site -
april	 	http://aprilstardavis.com/-April Star Davis Jewelry | april star davis	 Welcome to the new April Star Davis Jewelry website! Home; Jewelry. Categories; Prices; Press; Ordering. My Account; Track your order; Cart; Checkout
april	 	http://www.latimes.com/entertainment/tv/showtracker/la-et-st-game-of-thrones-veep-silicon-valley-get-april-return-date-20150108-story.html-'Game of Thrones,' 'Veep,' 'Silicon Valley' get April ...	 Early April is shaping up to be a blockbuster time in TV land, with the return of three major HBO shows. "Game of Thrones," "Veep" and "Silicon Valley" will begin ...
april	 	http://www.aprilgardner.com/-April Gardner	 April W Gardner was born in the land of geishas and gardens, yet raised on sage-covered foothills made fragrant by a brilliant Spanish sun. She brought her own two ...
april	 	http://www.tvguide.com/celebrities/april-bowlby/221222-April Bowlby News, April Bowlby Bio and Photos | TVGuide.com	 Get the latest April Bowlby News, Bio, Photos, Credits and More for April Bowlby on TVGuide.com
april	 	http://www.spanishdict.com/translate/April-April in Spanish | English to Spanish Translation	 Translate April in Spanish. Get the most accurate English to Spanish translations. Fast. Easy. Free.
april	 	http://aprilbeyer.com/-April Beyer | Helping Smart Women Be Smart About Love ...	 Looking for a professional Dating Coach? April Beyer is the leading relationship coach for women with 17 years of experience. Learn from the best dating expert
april	 	http://www.holistichorseworks.com/-April Battles – Holistic Horse Works, LLC | Helping ...	 Why Holistic Horse Works and why HOLISTIC? April has discovered that many things can contribute to a horse’s emotional, physical and mental well-being or distress.
april	 	http://www.aprilphotographers.com/-April Photographers	 April Photographers, Inc. is a one of a kind Wedding & Bar/Bat Mitzvah photography studio. Family run for 30+ years we bring a higher level of excellence and ...
april	 	http://www.aprilmacieishilarious.com/-April Macie | Official Website April Macie - Stand-up Comedian	 Official webpage for stand-up comedian April Macie with biography and tour dates.
april	 	http://www.aprilmay.fr/-April, May	 Official website of the April, May fashion house, featuring the April, May ready-to-wear, bags and accessories collections. Store locator, collection and campaigns.
april	 	http://www.turkeytravelplanner.com/WhenToGo/almanac/04_apr.html-April in Turkey: Weather, Holidays & Events	 April in Turkey: ANZAC Day (and how to participate), weather, events, holidays and festivals, what to see and do, by Tom Brosnahan
april	 	http://www.april-six.com/-April Six – A good day for technology	 The day a new era dawned. On April 6, 2000 a different kind of agency was born, driven by the belief that there was a better way to do technology marketing.
april	 	http://www.srh.noaa.gov/ohx/?n=april31974_40thanniversary-40th Anniversary of the April 3, 1974 Super Outbreak	 This year marks the 40th anniversary of the April 3-4, 1974 tornado outbreak - one of the worst tornado outbreaks to ever affect the U.S. Dubbed the "Super ...
april	 	http://www.aprilbellephotos.com/-April Belle Photos Captures moments of life..the heart	 April Belle photos created out of the love of intimate photography has blossomed into a passion. It works with you to create moments of life caputured
april	 	http://littletiger488.deviantart.com/-LittleTiger488 (April) - DeviantArt	 Umm April are you going to open Commissions soon? Reply. NickyVendetta Featured By Owner Nov 22, 2014. Jimmy Neutron: The worst show ever!"The Adventures of Jimmy ...
april	 	http://theaprilfishes.com/-Rupa & the April Fishes	 Rupa & the April Fishes
april	 	http://projectbritain.com/festivals/april.htm-Special Days in April- Easter - British Life and Culture ...	 A comprehensive list and information on holidays, special days and celebrations in April and throughout the year in the UK.
april	 	http://goparis.about.com/od/parisbymont1/a/Paris_in_April.htm-Paris in April - What to Pack in Paris in April - What to ...	 A complete guide to visiting Paris in April, including a packing guide, average April temperatures and rainfall, and advice on what to see and do in Paris in April.
april	 	http://www.aps.org/meetings/april/index.cfm-APS Physics April Meeting	 The APS April Meeting is heading to Baltimore, Maryland! This meeting will bring together physicists and students in astrophysics, gravitational physics, nuclear ...
april	 	http://www.bulletinboardpro.com/april.html-Bulletin Board Pro: April Bulletin Boards	 April Bulletin Board ideas! Photos and descriptions of PreK-8 classroom bulletin boards from ProTeacher!
april	 	http://www.travelsupermarket.com/c/holidays/where-is-hot-in-april/-Where is hot in April? | Hot & Sunny April holiday ideas ...	 Where's hot and sunny in April for a holiday? Search and book online to escape the cold. Tips and suggestions on where is hot in April for a holiday
april	 	http://gospain.about.com/od/spanishclimate/qt/April.htm-April Weather in Spain - Spain Travel Guide | Trip ...	 On top of that, April sees the weather get a little wetter, as this is when the spring showers hit. The best weather, unsurprisingly, is in Andalusia.
april	 	http://april.eecs.umich.edu/-APRIL Laboratory APRIL Laboratory : Autonomy * Perception ...	 The APRIL camera calibration suite is now available as part of the APRIL Robotics Toolkit. This interactive tool uses the current calibration state to suggest the ...
april	 	http://www.aprilflowersslo.com/-April Flowers, SLO - Wedding flowers for San Luis Obispo ...	 Hello! I’m April and my story is one of love for all things flowery, all things weddings and all things lovely. I started off as a Cal Poly San Luis Obispo student ...
april	 	http://www.currentresults.com/Weather/Arizona/temperature-arizona-april.php-Arizona Temperatures in April - Current Results	 April temperatures for places in Arizona. Lists of average daily high and low temperatures for cities, towns and parks throughout the state.
april	 	http://www.usatoday.com/story/money/2015/01/08/target-lilly-pulitzer/21456255/-Social media reacts to Target, Lilly Pulitzer partnership	 The Lilly Pulitzer for Target collection will launch in stores April 19. (Photo: Target) Target announced plans Tuesday to collaborate with Lilly Pulitzer ...
april	 	http://www.usatoday.com/story/money/2015/01/08/target-lilly-pulitzer/21456255/-Social media reacts to Target, Lilly Pulitzer partnership	 The Lilly Pulitzer for Target collection will launch in stores April 19. (Photo: Target) Target announced plans Tuesday to collaborate with Lilly Pulitzer ...
april	 	http://www.usatoday.com/story/money/2015/01/08/target-lilly-pulitzer/21456255/-Social media reacts to Target, Lilly Pulitzer partnership	 The Lilly Pulitzer for Target collection will launch in stores April 19. (Photo: Target) Target announced plans Tuesday to collaborate with Lilly Pulitzer ...
april	 	http://www.usatoday.com/story/money/2015/01/08/target-lilly-pulitzer/21456255/-Social media reacts to Target, Lilly Pulitzer partnership	 The Lilly Pulitzer for Target collection will launch in stores April 19. (Photo: Target) Target announced plans Tuesday to collaborate with Lilly Pulitzer ...
april	 	http://www.usatoday.com/story/money/2015/01/08/target-lilly-pulitzer/21456255/-Social media reacts to Target, Lilly Pulitzer partnership	 The Lilly Pulitzer for Target collection will launch in stores April 19. (Photo: Target) Target announced plans Tuesday to collaborate with Lilly Pulitzer ...
april	 	http://www.usatoday.com/story/money/2015/01/08/target-lilly-pulitzer/21456255/-Social media reacts to Target, Lilly Pulitzer partnership	 The Lilly Pulitzer for Target collection will launch in stores April 19. (Photo: Target) Target announced plans Tuesday to collaborate with Lilly Pulitzer ...
april	 	http://www.usatoday.com/story/money/2015/01/08/target-lilly-pulitzer/21456255/-Social media reacts to Target, Lilly Pulitzer partnership	 The Lilly Pulitzer for Target collection will launch in stores April 19. (Photo: Target) Target announced plans Tuesday to collaborate with Lilly Pulitzer ...
april	 	http://www.usatoday.com/story/money/2015/01/08/target-lilly-pulitzer/21456255/-Social media reacts to Target, Lilly Pulitzer partnership	 The Lilly Pulitzer for Target collection will launch in stores April 19. (Photo: Target) Target announced plans Tuesday to collaborate with Lilly Pulitzer ...
april	 	http://www.usatoday.com/story/money/2015/01/08/target-lilly-pulitzer/21456255/-Social media reacts to Target, Lilly Pulitzer partnership	 The Lilly Pulitzer for Target collection will launch in stores April 19. (Photo: Target) Target announced plans Tuesday to collaborate with Lilly Pulitzer ...
