at	 	http://www.att.com/-AT&T - 4G LTE, Cell Phones, U-verse, TV, Internet & Phone ...	 Shop AT&T for special offers on the latest phones like iPhone 6 and Galaxy S5. Find incredible deals on U-verse Internet, TV and Home Phone bundles.
at	 	http://dictionary.reference.com/browse/at-At | Define At at Dictionary.com	 preposition 1. (used to indicate a point or place occupied in space); in, on, or near: to stand at the door; at the bottom of the barrel. 2. (used to indicate a ...
at	 	http://en.wikipedia.org/wiki/AT-AT - Wikipedia, the free encyclopedia	 The word at is an English word, which may act as a preposition. AT (or similar) may also refer to: Contents 1 Places 2 Science and technology 3 Computing 4 Other uses ...
at	 	http://repair.att.com/repair/landing.do-AT&T - Customer Support - Repair	 AT&T - Customer Support - Repair
at	 	http://www.und.com/-UND.COM - University of Notre Dame Official Athletic Site	 The University of Notre Dame Official Athletic Site, partner of CBS College Sports Networks, Inc. The most comprehensive coverage of Notre Dame Fighting Irish ...
at	 	http://www.worldwideworkathome.com/-Worldwide Work At Home	 Welcome! Worldwide Work At Home offers information and resources related to working from home including telecommute company listings, job leads, freelance work ...
at	 	http://www.utdallas.edu/-The University of Texas at Dallas	 The University of Texas at Dallas is an innovative institution in the heart of North Texas on the path to achieving Tier One national research university status.
at	 	http://www.buffalo.edu/-Welcome to the University at Buffalo - University at Buffalo	 University at Buffalo, The State University of New York. Reaching others with academics, admissions, global reach, life at UB, and research.
at	 	http://www.cnn.com/2015/01/03/travel/best-quirky-spots-united-states-2015/index.html-15 quirky U.S. spots to visit in 2015 - CNN.com	 Everything you need for your bike can be found at the annual Sturgis Motorcycle Rally, which attracts hundreds of thousands of riders to South Dakota.
at	 	http://www.attcenter.com/-AT&T Center :: Home	 About AT&T Center; Employment; About Spurs Sports & Entertainment; Go. Upcoming Events. Grid View List View All. Jan 18, 2015. WWE Live . Buy Tickets; More Info; Jan ...
at	 	http://sanfrancisco.giants.mlb.com/sf/ballpark/index.jsp-AT&T Park | SFGiants.com: Ballpark - San Francisco Giants	 AT&T Park, with its breathtaking views and classic design, was chosen as the 2008 Sports Facility of the Year by Sports Business Journal and Sports Business Daily as ...
at	 	http://www.att.net/webdirectory-AT&T - Web Directory - att.net	 att.net. Search for yahoo.com. Sign In. Mail. Sort Alphabetically; Sort by Categories; att.net Index. Account Management. Member Center; Auto. Autos; Community ...
at	 	http://www.meetattexas.com/-AT&T Executive Education and Conference Center | Austin UT ...	 Texas meets the world at our premier Austin meeting and conference facility, hotel, fine dining and special event venue
at	 	http://www.tigerdirect.com/-Tiger Direct - TigerDirect.com - Electronics, Tablets ...	 The Best Deals on Electronics, Tablets, Phones, Office Supplies, Video Games and more at TigerDirect.com
at	 	http://www.mccombs.utexas.edu/-McCombs School of Business | The University of Texas at Austin	 Aims to educate the business leaders of tomorrow while creating knowledge that has a critical significance for industry and society.
at	 	http://www.roblox.com/-ROBLOX.com	 What is ROBLOX? ROBLOX is the Game Powered by Players. Build your own game world and bring it to life, publish and share it, experience what others have created, play ...
at	 	http://setiathome.ssl.berkeley.edu/-SETI@home	 What is SETI@home? SETI@home is a scientific experiment that uses Internet-connected computers in the Search for Extraterrestrial Intelligence (SETI).
at	 	http://www.howlatthemoon.com/-Nightlife, Entertainment | Howl at the Moon	 Howl at the Moon is a high-energy bar centered around live music, dancing, and a nightlife experience like none other!
at	 	http://www.nyu.edu/-NYU - New York University	 Founded in 1831 to enlarge the scope of higher education: includes thirteen schools, colleges, and divisions at five major centers in Manhattan.
at	 	http://www.cbsnews.com/news/hostage-situation-underway-at-texas-hospital/-Texas hospital standoff ends peacefully - CBS News	 TOMBALL, Texas --A standoff at a Houston-area hospital ended late Saturday after a man who had barricaded himself inside his son's hospital room for ...
at	 	http://www.utexas.edu/-Home | The University of Texas at Austin	 [Video] This year marked another great one for The University of Texas at Austin. Check out our recap of 2014.
at	 	http://www.westathome.com/-West at Home - Home-based Agent Customer Care Solutions ...	 West at Home helps many of the nation's leading companies deliver unparalleled results through a combination of higher quality agents and a highly scalable, state-of ...
at	 	http://www.jobsatrush.com/-Jobs at Rush University Medical Center	 We invite you to take a moment and explore one of the nation's leading academic research medical centers. Rush offers a collaborative environment that fosters ...
at	 	http://abcnews.go.com/US/wireStory/fbi-gunman-fatally-shot-doctor-texas-veterans-clinic-28059911-FBI Says Shooter at Texas VA Clinic Was Ex-Employee - ABC News	 A man who fatally shot a psychologist at a West Texas veterans' hospital before turning the gun on himself was a former clerk at the clinic who had ...
at	 	http://www.atbeach.com/-AT THE BEACH city and vacation guides with on line hotel ...	 At The Beach City Guides, travel reservations, vrbo ocean city md, Atlantic coast beaches, Ocean City Maryland, and Delaware including Fenwick Island, Bethany Beach ...
at	 	http://www.cnet.com/news/at-t-brings-back-rollover-but-this-time-its-all-about-data/-AT&T brings back the rollover -- but this time, it's all ...	 AT&T is rolling out a new rollover plan for data, as it once did for minutes. Wireless carriers in the US are on a roll -- or more precisely, a rollover.
at	 	http://www.addictinggames.com/-Games - Free Online Games at Addicting Games!	 Play over 3000 free online games! Including arcade games, puzzle games, funny games, sports games, shooting games, and more! New free games every day at AddictingGames!
at	 	http://www.att.com/esupport/-AT&T Customer Service & Support	 Find online support for all AT&T and U-verse services, including customer service for Wireless, Internet, Digital TV, and Home Phone.
at	 	http://www.harborfreight.com/-Harbor Freight Tools – Quality Tools at Discount Prices ...	 Harbor Freight buys their top quality major brand tools from the same factories that supply our competitors. We cut out the middleman and pass the savings to you!
at	 	http://www.albany.edu/-University at Albany - SUNY - Home Page	 Educationally and culturally, the University at Albany-SUNY puts The World Within Reach for its 18,000 students. An internationally recognized research university ...
at	 	http://data.cnbc.com/quotes/T-AT&T Inc - T - Stock Quotes	 Data is a real-time snapshot *Data is delayed at least 15 minutes Global Business and Financial News, Stock Quotes, and Market Data and Analysis
at	 	http://www.wahm.com/-Work From Home - Work at Home Jobs, Recipes & Articles For ...	 WAHM.com is the number one resource for work at home moms. Find work at home jobs, information on how to start a home business, join the WAHM forum to share your ...
at	 	http://attglobal.net/-AT&T Business Internet Services	 Service Announcements: Withdrawal of AT&T Business Internet Service in Ecuador, Estonia, Latvia, Lithuania, and Thailand 31 Oct 2014 - for All Subscribers ...
at	 	http://www.adventuredome.com/-Adventuredome Theme Park	 Adventuredome Theme Park The Adventuredome screams for your attention with five acres of indoor fun.
at	 	http://www.upatsix.com/-Up At Six Aviaries - Your Source for Avian Information ...	 The Up At Six Network provides information on exotic birds, parrots classifieds, bird magazines, breeders, chats, birds supplies, shows, bird care information.
at	 	http://www.nytimes.com/2015/01/11/world/middleeast/lebanon-bombing-kills-at-least-7-people-at-a-cafe.html-Lebanon: Bombing Kills at Least 7 People at a Cafe ...	 A suicide bombing at a coffee shop in the northern city of Tripoli killed at least seven people and wounded more than 30 on Saturday, security officials ...
at	 	http://www.nydailynews.com/news/national/rockette-dancer-strong-92-article-1.2074063-Former Rockette dancer going strong at 92 - NY Daily News	 Former Rockette dancer going strong at 92 as Washington choreographer Eleanor Leight performed for General George Patton’s army at the height of World War II with ...
at	 	http://www.razorgator.com/-Tickets at Razorgator | Buy Sports, Concert, & Theater Tickets	 Buy and sell sports tickets, concert tickets, and theater tickets for your favorite live events at Razorgator.
at	 	http://www.unl.edu/-University of Nebraska - Lincoln	 The University of Nebraska Board of Regents unanimously appointed Hank M. Bounds to serve as the university's seventh president. Bounds will start at NU on April 13.
at	 	http://www.cmt.com/-CMT : Country Music Television : Country Music Television ...	 Visit CMT.com for all that is Country Music; Artists, Photos, Videos, Shows, Online Radio and More. Get the latest Country Music News and Videos on your favorite Artists.
at	 	http://www.johnson.cornell.edu/-Samuel Curtis Johnson Graduate School of Management at ...	 Johnson at Cornell University MBA programs teach you how to harness the strengths of others. Our Ivy-League graduate school of management provides a real-world ...
at	 	http://bakeat350.blogspot.com/-Bake at 350	 Established in 2007, baking blog Bake at 350 offers tips and step-by-step tutorials for cookie decorating plus favorite dessert recipes.
at	 	http://www.goduke.com/-Duke University Blue Devils | Official Athletics Site ...	 The Official Online Source for Duke University Blue Devils Athletics and Sports Information. Get the latest Duke Blue Devil sports news, sign up for email updates ...
at	 	http://www.copykat.com/-Restaurant Recipes - Popular Restaurant Recipes you can ...	 You have loved it in the restaurant, now make it at home. CopyKat.com recreates your favorite restaurant recipes so you can make them at home.
at	 	http://www.upstate.edu/-SUNY Upstate Medical University	 The State University of New York Health Science Center at Syracuse encompasses a College of Medicine, a College of Graduate Studies, a College of Health Related ...
at	 	http://eatatstate.com/-Michigan State University Culinary Services | Eat at State	 Niche.com recently released its 2015 rankings for Best... CATA BUS PASSES AT SPARTY'S. Student CATA bus passes are available for purchase in...
at	 	http://www.redenvelope.com/-Unique Gifts for Every Occasion at RedEnvelope	 Shop for gifts you'll love to give. No matter the occasion or recipient, you're sure to find the perfectly unique gift at RedEnvelope. Shop today!
at	 	http://www.whydowork.com/-Work at Home Jobs	 Find work at home jobs and meet other work from home job seekers. Search freelance and telecommuting jobs and learn how to make money online.
at	 	http://www.bertrandatmisteras.com/-Restaurants in San Diego | San Diego Best Restaurants ...	 Bertrand at Mr. A's is among the best restaurants in San Diego & just minutes from Downtown. The Restaurant offers the Best modern American food, restaurants in San ...
at	 	http://www.emeralddowns.com/-Emerald Downs	 Larger purses and lower costs will greet horsemen for the 2015 live racing season at Emerald Downs.
at	 	http://www.siue.edu/-Southern Illinois University Edwardsville - Welcome to SIUE	 Information on attending SIUE, student organizations, student services, academic programs, administrative services, and a campus tour.
at	 	http://www.influenceatwork.com/-Robert Cialdini - INFLUENCE AT WORK | INFLUENCE AT WORK ...	 Dr. Robert B. Cialdini, President of INFLUENCE AT WORK (IAW), Arizona State University Regents’ Professor Emeritus of Psychology and Marketing at Arizona
at	 	http://www.asub.edu/-ASU Beebe	 Official introduction and overview of the academics and student life at this satellite campus. Directory and contact information available for new and prospective ...
at	 	http://www.washingtonpost.com/blogs/post-politics/wp/2015/01/08/obama-pays-condolences-at-french-embassy/-Obama pays condolences at French embassy - The Washington Post	 President Obama paid his condolences at the French Embassy Thursday night, a day after 12 people were killed in a terrorist attack at the offices of Charlie Hebdo, a ...
at	 	http://www.petsathome.com/-Welcome to Pets At Home	 Why choose Pets at Home. Pets at Home offers the ultimate pet shop experience. It really is a paradise for pets and pet owners. We have all the pet supplies, pet food ...
at	 	http://www.govliquidation.com/-Government Surplus Auctions at Government Liquidation	 Bid on military surplus and government surplus auctions at Government Liquidation, your direct source for army surplus, navy surplus, air force surplus and government ...
at	 	http://berkeley.edu/-University of California, Berkeley	 University of California, Berkeley home page. Gateway to information on studying, teaching, research and public service at UC Berkeley, flagship campus of the ...
at	 	http://www.usatoday.com/picture-gallery/life/people/2015/01/11/10-best-dressed-at-the-golden-globes/21613929/-10 best dressed at the Golden Globes	 10 best dressed at the Golden Globes 'Birdman' star Emma Stone ruled the fashion roost at Sunday's Golden Globes. Her Lanvin jumpsuit with a train flew ...
at	 	http://www.choicehotels.com/-Choice Hotels – Find Hotel Rooms & Reservations	 Choice Hotels offers great hotel rooms at great rates. Find & book your hotel reservation online today for our Best Internet Rate Guarantee!
at	 	http://distance.tamu.edu/-Distance Education at Texas A&M University	 Distance Education at Texas A&M University. Texas A&M University offers graduate-level distance education (DE) degree and certificate programs. DE programs provide ...
at	 	http://www.plattsburgh.edu/-SUNY Plattsburgh	 SUNY Plattsburgh is a state college in upstate New York offering more than 60 degree and certificate programs and world-class faculty. Imagine what you will accomplish.
at	 	http://www.cccepa.com/-CCCEPA	 Site Hosted courtesy of Jim and Claire Farmer. Web site designed by the Creative Development Group William Brumbach may be reached at william@creativedg.com
at	 	http://www.golobos.com/-New Mexico Official Athletic Site	 The New Mexico Official Athletic Site, partner of NeuLion, Inc. The most comprehensive coverage of New Mexico Athletics on the web.
at	 	http://www.creditcards.com/-Credit Cards - Compare Credit Card Offers at CreditCards.com	 Compare Credit Cards & Credit Card Offers at CreditCards.com. Search credit cards and reviews about the best low interest, 0% balance transfer, reward, cash back ...
at	 	http://www.hardees.com/-Hardee’s® | Home	 Come into Hardee's to get your 40 oz commemorative Kingsman: The Secret Service Cup and check out the trailer. http://bit.ly/1B2wLfJ January 5 at 9:30pm via Hardee's
at	 	http://portal.tugraz.at/portal/page/portal/TU_Graz-TU Graz	 Green Tea: Researchers at Graz University of Technology proof the reason for the tea’s strong antioxidant effect more [German only] Photo: Fotolia/Natali Terr
at	 	http://www.rbi.jobs/-RBI Jobs | Home	 Here at RBI we can offer some of the most rewarding sales jobs available covering data, advertising and conferences. Sales Jobs. Assistance? RBI is an equal ...
at	 	http://willowmanor.blogspot.com/-Life at Willow Manor	 If you look close enough a garden becomes a meadow, walls give way to windows. A magpie watches from the edge, jaws at anything complex. It is time to throw out ...
at	 	http://www.jfk.org/-JFK Museum	 The Sixth Floor Museum at Dealey Plaza in Dallas, Texas, chronicles the assassination and legacy of President John F. Kennedy and presents contemporary culture within ...
at	 	http://www.canton.edu/-SUNY Canton	 Real-World Technology. SUNY Canton provides hands-on career skills that prepare you for the future. » View Majors
at	 	http://nypost.com/2015/01/09/robbery-suspects-threw-chainsaws-at-police/-Robbery suspects threw chainsaws at police | New York Post	 DEMOPOLIS, Ala. — Police say robbery suspects threw chainsaws at police who chased their getaway van from Demopolis to Selma. Demopolis Police Chief ...
at	 	http://stonehouseatstirlingridge.com/-Stone House at Stirling Ridge | A Landmark Hospitality venue	 Private Dining About Stone House H.U.G. Special Occasions If you are looking for something different, Stone House at Stirling Ridge is the perfect venue for your ...
at	 	http://asleepatthewheel.com/-Asleep at the Wheel	 Earned six Grammy Awards, kept a buzz on a genre that might be described as "fringe," while maintaining a musical integrity that's never waivered.
at	 	http://villageatshirlington.com/-Home | Village at Shirlington	 Shirlie’s Happy Hour. At Shirlington, we believe Happy Hour should always be followed by a happy dinner and an utterly giddy dessert. Join Shirlie for Happy Hour!
at	 	http://www.outletsatcastlerock.com/-Outlets at Castle Rock :: 5050 Factory Shops Blvd, Suite ...	 Your Favorite Brands at Outlet Prices Outlets at Castle Rock Kenneth Cole, Tommy Hilfiger, Polo Ralph Lauren, Banana Republic, Columbia, Brooks Brothers, Johnston ...
at	 	http://www.innatshipbay.com/-Inn at Ship Bay on Orcas Island - Orcas Island inns ...	 Welcome to Inn at Ship Bay. We are an eleven room Inn and Restaurant at the top of a bluff with unobstructed southern views over the waters of Ship Bay.
at	 	http://www.tucows.com/-Tucows Inc. | Unlocking the power of the Internet	 Since 1994, Tucows has provided simple, useful services that help people unlock the power of the Internet.
at	 	http://www.bandofhorses.com/-Band of Horses - Acoustic At The Ryman	 Preorder the new Band of Horses live album 'Acoustic At The Ryman' and recieve 'Neighbor' and 'Detlef Schrempf' instantly.
at	 	http://innatcc.com/-Inn at the Convention Center	 The Inn at the Convention Center is conveniently located to Portland, Oregon sites and attractions in the heart of the city’s east side.
at	 	http://www.wsj.com/articles/fiat-chrysler-ceo-takes-aim-at-two-tier-wages-for-uaw-workers-1421080693-Fiat Chrysler CEO Takes Aim at Two-Tier Wages for UAW ...	 Fiat Chrysler CEO Takes Aim at Two-Tier Wages for UAW Workers Sergio Marchionne Calls Wage Structure ‘Offensive’ Ahead of Union Labor Talks
at	 	http://www.geni.com/-Family Tree & Family History at Geni.com	 Create your family tree and invite relatives to share. Search 140 million profiles and discover new ancestors. Share photos, videos and more at Geni.com.
at	 	http://relayservices.att.com/-AT&T Relay Services | AT&T Relay Services	 What is Relay Service? How do I make Relay Calls? What kind of services does AT&T Provide to Deaf, Hard of Hearing, or people with hearing disabilities or impairment?
at	 	http://www.partypoker.com/-Play Online Poker at partypoker now | 100% Deposit Bonus!	 Playing online poker at partypoker is easy, safe and only requires a few minutes to get started. Download our free online poker software, open an account, make your ...
at	 	http://linguistics.berkeley.edu/-Linguistics at Berkeley |	 Subscribe to Linguistics at Berkeley RSS · Give to Linguistics at Cal
at	 	http://www.gopack.com/-NC State University Official Athletic Site	 The NC State University Official Athletic Site, partner of CBSSports.com College Network. The most comprehensive coverage of NC State University on the web.
at	 	http://www.penguinmagic.com/-Magic Tricks at Penguin Magic Shop	 Magic tricks at the lowest prices from the online magic shop for magicians. You'll find a store full of street magic, levitation effects, and magic card ...
at	 	http://www.princeton.edu/main/-Princeton University - Home	 Princeton University is a vibrant community of scholarship and learning that stands in the nation's service and in the service of all nations.
at	 	http://us.h2o-at-home.com/-H2O at Home	 H2O at Home Natural, certified organic & innovative products to care for yourself, home & family. Say goodbye to chemicals and hello to a safer, simpler, greener ...
at	 	http://www.usatoday.com/picture-gallery/sports/ncaaf/2015/01/12/oregon-ohio-state-cheerleaders-at-national-championship-game/21669501/-Oregon, Ohio State cheerleaders at national championship game	 Oregon, Ohio State cheerleaders at national championship game. Ohio State cheerleaders celebrate after beating Oregon.
at	 	http://www.cavehill.uwi.edu/-The University of the West Indies (UWI) at Cave Hill, Barbados	 The Cave Hill Campus, Barbados is a Caribbean university that offers undergraduate and graduate programmes and also a rich extra-curricular and social experience.
at	 	http://www.upj.pitt.edu/-UPJ	 Official site. Information for current and prospective students, admissions, academics, campus life, and athletics.
at	 	http://www.motorcycle-superstore.com/-Motorcycle Gear, Parts and Accessories - Motorcycle Superstore	 Motorcycle Superstore offers the largest selection of motorcycle gear, cheap cycle parts, apparel and accessories at the guaranteed lowest prices with free shipping ...
at	 	http://workatuh.hawaii.edu/-Work At UH - University of Hawaii	 Jobs at the University of Hawaiʻi The University of Hawaiʻi's 10-campus system offers a wide range of career opportunities throughout the State of Hawaiʻi.
at	 	http://www.pittsburghpanthers.com/-PittsburghPanthers.com - University of Pittsburgh Official ...	 Official University of Pittsburgh athletic site with news, schedules, and ticket information for sports including football, basketball, baseball, volleyball, and soccer.
at	 	http://www.strathmore.org/-Strathmore	 Strathmore Ticket Office: (301) 581-5100 Tea Reservations: (301) 581-5108 Administration: (301) 581-5200 The Music Center at Strathmore 5301 Tuckerman Lane
at	 	http://www.dressageatdevon.org/-Dressage at Devon | The World's Premier Dressage Event	 Dressage at Devon Home · Information for Competitors · Information for Spectators · Information for The Media · Information About Special Events · Schedules and ...
at	 	http://eatathomecooks.com/-Eat at Home	 Everyday Food for Busy People ... Recent Posts. Chili Topped Macaroni and Cheese; 3 Things that Work in the Kitchen This Week – January 12
at	 	http://www.hearts-at-home.org/-Hearts at Home - The Go-To Place For Moms	 Hearts at Home’s mission is to encourage, educate, and equip every mom in every season of motherhood using Christian values to strengthen families.
at	 	http://www.nixle.com/-Nixle | Building Stronger Communities Together	 Missing Person. An elderly man was reported missing by his wife. He was last seen at 7:30 pm and the Nixle Alert was sent out just after 10:30 pm.
at	 	http://www.mypearsonstore.com/-MyPearsonStore	 Welcome! If your country is not listed, you may purchase from the U.S. store at U.S. prices plus shipping. Choose Your Country
at	 	http://www.epa.gov/careers/-Careers | US EPA - US Environmental Protection Agency	 Are you talented and energetic? Come help us protect the environment! Every day is Earth Day at EPA -- join us in protecting the environment! Our diverse workforce ...
at	 	http://www.nsa.gov/careers/-Careers at the National Security Agency (NSA)	 A career at the National Security Agency (NSA) offers the opportunity to work with the best, shape the course of the world, and secure your own future.
at	 	http://www.att.net/mobile-AT&T - AT&T Essentials	 You can access over 250,000 free TV shows & movies by visiting uverse.com & using your .net account. Learn More > Join in the conversation. Gain access to valuable AT ...
at	 	http://french.about.com/-Learn French at About - Free French Lessons	 Learn French at About.com with thousands of pages of free lessons, quizzes, sound files, study tips, and everything else you need to learn French.
at	 	http://www.galvinatwindows.com/-Galvin at Windows	 Galvin at Windows, Michelin star restaurant and bar at the Hilton Park Lane, with stunning views over London
at	 	http://sports.yahoo.com/blogs/nfl-shutdown-corner/nfl-playoff-preview--baltimore-ravens-at-new-england-patriots-232319032.html-NFL Playoff Preview: Baltimore Ravens at New England ...	 Baltimore Ravens (10-6) at New England Patriots (12-4) Saturday, 4:35 p.m. ET on NBC. RAVENS AT A GLANCE. How they got here: The Ravens finished the season in third ...
at	 	http://www.olympiahorseshow.com/-London International Horse Show - Olympia	 Photos & Audio. To find out what Olympia, The London International Horse Show is all about, have a look at our picture gallery and audio interviews.
at	 	http://arts.emory.edu/-Arts at Emory | Emory University	 Arts at Emory is your Atlanta neighborhood arts destination hosting over 300 events in the performing, visual, and literary arts each year.
at	 	http://www.nashvillezoo.org/-Nashville Zoo at Grassmere | Nashville, TN	 We have many exciting events daily at the Nashville Zoo. We encourage all of our guests to learn more about the different activities we have to offer!
at	 	http://finance.yahoo.com/q?s=T-T : Summary for AT& T Inc.- Yahoo! Finance	 View the basic T stock chart on Yahoo! Finance. Change the date range, chart type and compare AT&T Inc. against other companies.
at	 	http://nautarch.tamu.edu/-Nautical Archaeology at Texas A&M University	 The Nautical Archaeology Program at Texas A&M University and the Centre for Maritime Archaeology and Conservation are pleased to welcome you to this site.
at	 	http://www.azcentral.com/story/money/business/consumer/2015/01/12/hot-cars-at-the-detroit-auto-show/21651019/-Hot cars at the Detroit auto show	 RELATED:Big and fast is back at 2015 Detroit auto show — ALFA ROMEO 4C SPIDER: A convertible version of the 4C coupe with a removable carbon-fiber hard top.
at	 	http://www.uab.edu/home/-UAB - The University of Alabama at Birmingham - Home	 UAB Forward. President Ray L. Watts announces an independent review of the financial analysis that served as a basis for decisions in the Athletic Department.
at	 	http://www.corp.att.com/ebcc/-Enterprise Business Customer Center| AT&T	 The AT&T BusinessDirect ® Portfolio is a suite of productivity-enhancing online tools that puts business customers in control of their AT&T wireline and wireless ...
at	 	http://owl.english.purdue.edu/owl/-Purdue Online Writing Lab (OWL) - Welcome to the Purdue ...	 The Online Writing Lab (OWL) at Purdue University houses writing resources and instructional material, and we provide these as a free service of the Writing Lab at ...
at	 	http://dealbook.nytimes.com/2015/01/09/morning-agenda-proxy-fight-at-dupont/-Morning Agenda: Proxy Fight at DuPont - NYTimes.com	 PELTZ IGNITES PROXY FIGHT AT DUPONT | Trian Fund Management, the investment firm run by Nelson Peltz, announced on Thursday that it had nominated four ...
at	 	http://www.cnet.com/news/at-this-ces-2015-smartphones-were-all-about-the-selfie/-At CES 2015, smartphones were all about the selfie - CNET	 At CES 2015, smartphones were all about the selfie. This year at CES, smartphones catered to the selfie generation more than ever.
at	 	http://www.utdallas.edu/hrm/employment/-Employment - Human Resources - University of Texas at Dallas	 The University of Texas at Dallas is an Equal Opportunity / Affirmative Action employer. All qualified applicants will receive consideration for employment without ...
at	 	http://www.postbus.at/en/index.jsp-Bus Terminal at Linz Central Station - ÖBB Postbus	 Did you know that ... together our buses travel each day "10x around the earth" our buses stop at 40,000 bus stops? Postbus covers 900 lines with 30,000 ...
at	 	http://www.cnet.com/news/at-this-ces-2015-smartphones-were-all-about-the-selfie/-At CES 2015, smartphones were all about the selfie - CNET	 At CES 2015, smartphones were all about the selfie. This year at CES, smartphones catered to the selfie generation more than ever.
at	 	http://www.life.illinois.edu/-Biology at the University of Illinois at Urbana-Champaign	 To study Biology in the School of Molecular and Cellular Biology (MCB) or the School of Integrative Biology (IB) at the University of Illinois, you apply for ...
at	 	http://att.software.yahoo.com/-AT&T Yahoo Software Center	 The official source to download AT&T Yahoo software
at	 	http://www.forbes.com/sites/learnvest/2015/01/12/6-smart-ways-to-self-promote-at-work/-6 Smart Ways To Self-Promote At Work - Forbes	 This post originally appeared on LearnVest. Wallflowers are so last year. In 2015 you’ve decided that standing out is the strategy you’ll use to ...
at	 	http://www.ellusionist.com/-Ellusionist ::: Learn Magic Tricks ::: Online Magic Store ...	 Welcome to Magic. Perform like never before. At Ellusionist, we have one goal: to give you the power to perform magic beyond belief. We want to make you the life of ...
at	 	http://www.youtube.com/watch?v=LZXvLsltu2A-At Last-Etta James - YouTube	 OK SO I AM SUCH AN IDIOT ITS BY ETTA JAMES NOT ELLA FITZGERALD SORRY!!! Song: At Last by Etta James Lyrics: At last my love has come along My lonely days ...
at	 	http://espn.go.com/blog/new-england-patriots/post/_/id/4775684/ravens-at-patriots-preview-Baltimore Ravens at New England Patriots preview - ESPN	 The Ravens and Patriots meet in a playoff matchup of two teams that ranked in the NFL's top 10 of points scored and fewest points allowed.
at	 	http://lima.osu.edu/-The Ohio State University at Lima	 For more information, or to report a problem, contact us at webmaster@lima.ohio-state.edu The Ohio State University at Lima, 4240 Campus Drive, Lima, Ohio, 45804
at	 	http://www.shopwillowbend.com/-The shops at Willow Bend	 find the latest at The shops at Willow Bend. Follow Us: facebook
at	 	http://biggestloserresort.com/-Biggest Loser Resort Weight Loss Program | Weight Loss Retreat	 Our mission is to provide you with an unforgettable weight loss resort experience. Discover our life-changing fitness plan at the Biggest Loser Resorts.
at	 	http://mays.tamu.edu/-Mays Business School | Texas A&M University	 Mays Business School at Texas A&M University ... OUR MISSION IS CREATING KNOWLEDGE AND DEVELOPING ETHICAL LEADERS FOR A GLOBAL SOCIETY
at	 	http://www.kudzu.com/-Kudzu.com	 Business reviews, exclusive cost savings articles and coupons. Find the right local business that meets your needs - home, auto, health and professional.
at	 	http://www.cinefamily.org/-Home | The Cinefamily	 Full Calendar; January; January 2-13 A Girl Walks Home Alone At Night; January 15 Chewing (presented by Hellfyre Club, world premiere plus live instrumental sets!)
at	 	http://www.workathomenoscams.com/-Work At Home No Scams - Reviews, Jobs & More	 Trying to figure out what's legit or not. Let Eddy with a y help you avoid the crap out there by reading his Work At Home No Scams reviews!
at	 	http://mymessages.wireless.att.com/-Log In - AT&T	 Now you can have more control over the sources of incoming email messages sent to your AT&T mobile phone. Register or login here to set your preferences.
at	 	http://www.wmata.com/careers/-Metro - Jobs at Metro	 Metro jobs. Go places. As a leader in the transportation industry, Metro strives to attract and retain top-quality staff to ensure high-quality service to our customers.
at	 	http://www.shopshorthills.com/-The Mall at Short Hills	 The Mall at Short Hills. Nowhere else in the world can you find such an unprecedented collection of upscale specialty retailers. Stores, sales and offers, dining and ...
at	 	http://michelshawaii.com/-Welcome to Michel's	 For a night of romance and delectable cuisine, Michel's at the Colony Surf on the slopes of Diamond Head, just outside the hustle and bustle of Waikiki provides the ...
at	 	http://www.dreamhomesource.com/-House Plans and Home Plans | Search Thousands of House and ...	 The house plans at Dream Home Source are produced by renowned home designers and skilled architects. Select from thousands of beautiful home plans and floor plans in ...
at	 	http://globalnetwork.support.att.com/-Customer Support	 AT&T Global Network Services Customer Support Web Page ... AT&T Managed Network Services (MNS) Tools/Reports (Includes the former "All other Tools/Reports")
at	 	http://manoa.hawaii.edu/-University of Hawaii at Manoa	 The University of Hawaii at Manoa was founded in 1907 as a land grant college of agriculture and mechanical arts. Today, the university offers more than 200 degree ...
at	 	http://www.newcastlegolf.com/-The Golf Club at Newcastle | Premier Seattle Golf Course ...	 Capping 350 expansive, hilltop acres, The Golf Club at Newcastle is the Puget Sound’s premier public golf and event destination. The property features 36 holes of ...
at	 	http://www.aramark.com/Careers/-Careers | Aramark	 Can one person make a real impact? At Aramark, we believe that each of our employees can play an important role in creating the great experiences that become lasting ...
at	 	http://www.patinagroup.com/restaurant.php?restaurants_id=74-The Rink at Rockefeller Center	 The world-famous ice rink at Rockefeller Center has been a quintessential NYC experience for generations, set against the unique urban backdrop of Rockefeller Center ...
at	 	http://www.ctd.northwestern.edu/-Center for Talent Development at Northwestern University- IL	 Center for Talent Development (CTD), housed at Northwestern University’s School of Education and Social Policy, is an accredited learning center and research ...
at	 	http://continuinged.uml.edu/-Online and Continuing Education at UMass Lowell	 Online & Continuing Education at UMass Lowell - Graduate and Undergraduate online courses, classes, degrees, certificates by an accredited University in MA
at	 	http://www.ctd.northwestern.edu/-Center for Talent Development at Northwestern University- IL	 Center for Talent Development (CTD), housed at Northwestern University’s School of Education and Social Policy, is an accredited learning center and research ...
at	 	http://edl.ecml.at/-European Day of Languages > Home	 At the initiative of the Council of Europe, Strasbourg, the European Day of Languages has been celebrated every year since 2001 on 26 September.
at	 	http://careers.baptisthealth.net/-Careers at Baptist Health South Florida	 Find a job at Baptist Health South Florida. Explore our career site and learn why working with us is the best career move you can make.
at	 	http://thinkprogress.org/-ThinkProgress	 Obama Plan Would Force Companies To Tell Consumers When Their Data Is Stolen. by Lauren C. Williams Posted on January 12, 2015. Speaking at the FTC, President Obama ...
at	 	http://www.uhm.hawaii.edu/-University of Hawaii at Manoa	 The University of Hawaii at Manoa was founded in 1907 as a land grant college of agriculture and mechanical arts. Today, the university offers more than 200 degree ...
at	 	http://www.westfield.com/annapolis/-Westfield Annapolis Mall	 WESTFIELD - Stroller Strides. Tuesdays - Saturdays at 9:15 am: Stroller Strides classes meet inside the Westfield Annapolis Mall in front of Crate & Barrel.
at	 	http://www.si.edu/events/-Events | Smithsonian	 Calendar of events and activities at the Smithsonian Institution.
at	 	http://www.sfgate.com/warriors/article/Success-at-home-is-key-to-Warriors-hot-streak-6008460.php-Success at home is key to Warriors’ hot streak - SFGate	 Success at home is key to Warriors’ hot streak When the Warriors huddle in the bowels of Oracle Arena before sprinting toward the pregame floor, it’s hard to make ...
at	 	http://inventionatplay.org/-Lemelson Center presents Invention at Play	 Learn about the importance of play at the Lemelson Center’s Invention at Play exhibit
at	 	http://www.jimmybuffettsatthebeachcomber.com/-Jimmy Buffett`s at the Beachcomber : Homepage	 Enjoy a one-of-a-kind tropical experience at Jimmy Buffett's at the Beachcomber Restaurant in Waikiki. Dine in paradise
at	 	http://hr.osu.edu/-OSU Human Resources	 Ohio State faculty and staff have a wide variety of skills and backgrounds, and support university and medical center operations every day. Working at Ohio State is ...
at	 	http://www.jamesakeating.com/-James Keating	 If you wish to purchase a James Keating designed Crossada Fighting Knife please contact James Keating & Comtech directly at 541-938-3451
at	 	http://www.physics.umn.edu/-Home Page - Physics at Minnesota	 School of Physics and Astronomy Professor Bob Pepin and colleagues has published a report in the current issue of Science Magazine that will help shed light on the ...
at	 	http://www.ssa.gov/careers/-Careers at SSA - The United States Social Security ...	 Welcome. Welcome to Careers at Social Security! We are one of the largest independent agencies in government with over 60,000 employees. We work at more than 1,400 ...
at	 	http://www.mirage.com/restaurants/-Las Vegas Restaurants at The Mirage Hotel and Casino	 Experience Las Vegas Restaurants at The Mirage, enjoy ultimate fine and causal dining. Chose from italian, steak, seafood, Brazilian steakhouse, burgers, buffet and more.
at	 	http://www.selectstaffing.com/-Select Staffing	 You have attempted an illegal operation. Please note that all traffic is being recorded and monitored. If you feel you've reached this message in error, please click ...
at	 	http://wineserver.ucdavis.edu/-UC Davis Department of Viticulture and Enology	 Viticulture and Enology at UC Davis. Check out the prize-winning videos, submitted by our students in our recent V&E Film Festival!, showing, "A day in the life of a ...
at	 	http://www.csoonline.com/-CSO Online	 Security news | CSO ... Six Social Engineering tricks that can be avoided if you're careful; RedStar OS reveals all of North Korea is one giant intranet
at	 	http://www.asishow.com/-ASI Show	 Welcome to The ASI Show! At The ASI Show, our business is helping your business grow by bringing together suppliers, decorators and distributors within the ...
at	 	http://www.theclubatemeraldhills.com/-The Club at Emerald Hills	 Play the best golf course in South Florida. The Club at Emerald Hills is a championship golf course for serious golfers. Fast greens, meticulous course
at	 	http://www.decal.org/-DeCal	 DeCal is a student-run democratic education program at the UC Berkeley - here, students create and facilitate their own classes on a variety of (often unorthodox ...
at	 	http://www.archives.gov/st-louis/military-personnel/-Military Personnel Records - National Archives and Records ...	 Information about Military Personnel Records at the National Archives facility in St. Louis, Missouri
at	 	http://okcastle.com/-Castle of Muskogee	 A Renaissaance Faire that features a haunted castle hosting seven different events.
at	 	http://www.library.unomaha.edu/-UNO Criss Library	 Welcome to the Dr. C. C. and Mabel L. Criss Library, University of Nebraska at Omaha, in Omaha, NE. Our mission is to create physical and virtual environments which ...
at	 	http://stadium.dallascowboys.com/tours/tourInfo.cfm-Tours - AT&T Stadium	 AT&T Stadium is more than the home of the Dallas Cowboys, it's a world of facts and figures about the world's largest domed structure, an art museum, a classroom.
at	 	http://grad.msu.edu/-The Graduate School at Michigan State University	 Includes online resources about admissions to graduate degree programs and University policies governing all aspects of graduate education at MSU.
at	 	http://www.butlins.com/-Butlins | Book Family Holidays and Short Breaks at UK ...	 At Butlins our true intent is all for your delight! Book a family holiday at our three seaside resorts and have a brilliant Butlins break.
at	 	http://www.sunymaritime.edu/-SUNY Maritime College	 Four year college located in the Bronx offering undergraduate and masters degrees in maritime related fields. All students at the college also prepare for a U.S ...
at	 	http://www.sva.at/-Vienna Model Basin	 Beyond Model Testing There is no job too big or too small for us. The largest model ever tested at Vienna Model Basin Ltd was a convoy of a push boat and 4 x 4 barge ...
at	 	http://www.qatar.tamu.edu/-Texas A&M University at Qatar | Texas A&M University at Qatar	 Texas A&M University at Qatar awards steadfast industry collaborators Event recognized and thanked partners in industry, government and the local community who have ...
at	 	http://www.ucr.edu/academics/-Academics at UCR - UC Riverside: Home	 Main Navigation. Current page is: Academics Home; Colleges, Divisions, and Schools The big picture of education at UCR; Undergraduate Programs Start your academic ...
at	 	http://www.sharkreef.com/-Shark Reef	 Welcome to the deep blue world of Shark Reef Aquarium. Shark Reef Aquarium at Mandalay Bay is not your typical aquarium. It's a total sensory experience designed to ...
at	 	http://www.albany.edu/academics/-University at Albany - SUNY - Academics	 Information about the University at Albany's majors & minors, nine schools & colleges, academic opportunities, the office of the provost as well as links to the ...
at	 	http://www.deltasigmatheta.org/-Delta Sigma Theta Sorority. Inc.	 The national website for Delta Sigma Theta Sorority, Incorporated. Delta Sigma Theta Sorority was founded on January 13, 1913 by twenty-two collegiate women at Howard ...
at	 	http://ucasports.com/-Central Arkansas Athletics	 Official site of the athletic departments with information about sports, facilities, and administration.
at	 	http://www.amazingsuperpowers.com/-AmazingSuperPowers: Webcomic at the Speed of Light - by ...	 ASP BOOK FAQ. Q: So, uh, what is this thing exactly? A: It’s a “book,” which is a physical collection of data, predating the internet by nearly 100 years!
at	 	http://www.usgs.gov/ohr/-Jobs at the USGS	 Information on how to get a job at the USGS through volunteer programs, internships, full time employment, post doctorate positions and more.
at	 	http://google.rit.edu/-Google Apps at RIT	 Get Help from ITS. For general questions about Google Apps at RIT or specific questions about use of RIT Gmail, please contact the ITS Service Desk.
at	 	http://www.magnet.fsu.edu/-Florida State University: National High Magnetic Field ...	 The NHMFL develops and operates high magnetic field facilities that scientists use for research in physics, biology, bioengineering, chemistry, geochemistry ...
at	 	http://sonomaseawolves.com/-Sonoma State University Athletics	 Official site of Sonoma State athletics.
at	 	http://library.uncg.edu/-The University of North Carolina at Greensboro (UNCG)	 Blogs Irma's World at UNCG. New DVDs. 1/7/2015 10:37:00 AM ... Calendars. Upcoming Events; Ongoing Exhibits; Online Exhibits; Walter Clinton Jackson Library 320 ...
at	 	http://www.paramountstudios.com/-Welcome to The Studios at Paramount	 The Studios at Paramount has always been an industry leader and home to countless famous television and motion picture productions.
at	 	http://science.nasa.gov/-Science @ NASA	 News and features about NASA research, aimed at the general public. Includes sections on astronomy, space science, beyond rocketry, living in space, earth science ...
at	 	http://www.meetup.com/jobs/-Jobs - Meetup	 what if there's a meetup everywhere about most everything? that's our mission. come help.
at	 	http://library.buffalo.edu/-University at Buffalo Libraries	 University at Buffalo Libraries provide resources for students, faculty and the public
at	 	http://www.heinzhistorycenter.org/-Senator John Heinz History Center	 Discover 250 years of Pittsburgh history at the Heinz History Center, Pennsylvania’s largest history museum & an affiliate of the Smithsonian Institution.
at	 	http://baltimore.orioles.mlb.com/bal/ballpark/index.jsp-Oriole Park at Camden Yards | orioles.com: Ballpark	 Oriole Park at Camden Yards, the beautiful baseball-only facility in downtown Baltimore, became the official home of the Orioles on April 6, 1992.
at	 	http://nasajobs.nasa.gov/-Careers at NASA	 Careers at NASA including student opportunities, internships, Fellowships and the Student Career Experience program
at	 	http://www.hr.ucsb.edu/-Welcome | UCSB Human Resources	 UCSB Human Resources · Home · UCSB campus Arbor Quad · UCSB campus UCen at Night · UCSB campus Bike Roundabout · UCSB campus Campus Point Beach · hands typing ...
at	 	http://www.biosci.utexas.edu/-Home | Biological Sciences at The University of Texas at ...	 Biological Sciences at The University of Texas at Austin, Texas ... Biological Sciences is Evolving. In Fall 2013, three new biology departments - Department of ...
at	 	http://www.siteman.wustl.edu/-Siteman Cancer Center	 Comprehensive Cancer Center at Barnes-Jewish Hospital and Washington University School of Medicine in St. Louis, Missouri.
at	 	http://www.villanova.com/-Villanova.com - Official Athletic Site	 The Official Athletic Site of the Villanova Wildcats, partner of CBSSports.com College Network. The most comprehensive coverage of Villanova Athletics on the web.
at	 	http://www.overheardatthebeach.com/-Overheard At The Beach	 Fat girl: What did you and Michelle talk about on the phone last night? Skinny girl: She and Alex are fighting. Fat girl: You're lying, they are not!
at	 	http://www.moneysupermarket.com/loans/-Loans – Compare The Best Loans At MoneySuperMarket	 Compare the latest & best deals on personal loans, including loans for bad credit & car finance. See the best loan rates online at MoneySuperMarket.
at	 	http://aiesec.at/-AIESEC Austria - Student organization	 FacebookFollow us on Facebook for updates about our organization! YoutubeFollow us on YouTube to see what AIESEC is all about in Austria and all over the world!
at	 	http://grad.uconn.edu/-The Graduate School at UConn	 The Graduate School is the home for graduate and postdoctoral education at the University of Connecticut. We rest our support structure on the trinity of Community ...
at	 	http://www.brookhills.org/-The Church at Brook Hills	 The Church at Brook Hills 3145 Brook Highland Parkway Birmingham, AL 35242 Hispanic Site · Contact Us
at	 	http://www.hopkinsmedicine.org/wilmer/-Wilmer Eye Institute - Johns Hopkins - Baltimore, Maryland	 The Wilmer Eye Institute at Johns Hopkins, founded in 1925, is an internationally-renowned eye institution that specializes in the diagnosis and management of complex ...
at	 	http://www.usa.siemens.com/en/jobs_careers.htm-Siemens USA - Jobs & Careers	 At Siemens U.S. we are the team working to find answers to the most challenging questions of our time. We strive to create the sustainable systems and solutions that ...
at	 	http://www.philly.com/philly/obituaries/20150111_Florence_Cohen__lifelong_activist__dies_at_97.html-Florence Cohen, lifelong activist, dies at 97	 Florence Cohen, 97, a lifelong civil rights and community activist and wife of the late City Councilman David Cohen, died Saturday, Jan. 10, at her ...
at	 	http://www.seattlepi.com/news/texas/article/Sheriff-s-office-Man-holds-hostages-at-Texas-6007262.php-Sheriff's office: Man at Texas hospital has surrendered ...	 TOMBALL, Texas (AP) — The father of a patient at a southeast Texas hospital who became distraught over his son's condition surrendered without incident ...
at	 	http://www.ramadamaingate.com/-Ramada Maingate At The Park Hotel by Disneyland in Anaheim ...	 Welcome to Ramada Maingate – At The Park in Anaheim, CA Make a Reservation. Ramada Maingate - At The Park is in the heart of all the fun and excitement of the ...
at	 	http://www.bluehens.com/-University of Delaware Athletics - BlueHens.com - UD Athletics	 Official Website of University of Delaware Athletics - Dare to be a Blue Hen.
at	 	http://www.pge.utexas.edu/-Petroleum & Geosystems Engineering Department	 PGE Welcomes You. Welcome to the Department of Petroleum and Geosystems Engineering at The University of Texas at Austin. Petroleum engineering is an exciting field ...
at	 	http://www.nasa.gov/mission_pages/shuttle/main/index.html-NASA - Space Shuttle	 Still in its protective shrink wrap, space shuttle Atlantis has been raised and tilted into display position at the Kennedy Space Center Visitor Complex.
at	 	http://www.lumosity.com/-Brain Games & Brain Training - Lumosity	 Web-based application that uses games to improve cognitive abilities. Provides information about memory, brain health and cognition.
at	 	http://www.brainyquote.com/quotes/authors/m/marilyn_monroe.html-Marilyn Monroe Quotes - BrainyQuote - Famous Quotes at ...	 Enjoy the best Marilyn Monroe Quotes at BrainyQuote. Quotations by Marilyn Monroe, American Actress, Born June 1, 1926. Share with your friends.
at	 	http://missionbayhospitals.ucsf.edu/-Mission Bay Hospitals	 UCSF Medical Center at Mission Bay is almost complete. Watch the construction of the 289-bed children's, women's and cancer hospital complex as it happened, from ...
at	 	http://www.brewatthebog.com/-Brew at the Bog	 Brew at the Bog. 2 & 3 May 2015. Get your tickets
at	 	http://www.rad.washington.edu/-University of Washington Radiology Webserver	 Radiology at the University of Washington. The Department of Radiology at the University of Washington is an academic department providing highly specialized care to ...
at	 	http://www.hotel32lasvegas.com/-Hotel 32	 A boutique hotel atop Monte Carlo Resort. Amenities; Rooms; Daylife; Dining; Lounge32; Casino. Sign up for news and special offers. Book now.
at	 	http://hr.ou.edu/employment/-Employment - OU Human Resources - University of Oklahoma ...	 Career Opportunities at OU. Click here for OU Jobs (including student, faculty, and staff positions).The University of Oklahoma uses a separate job search and ...
at	 	http://research.google.com/-Research at Google	 Research happens across all of Google, and affects everything we do. Research at Google is unique. Because so much of what we do hasn't been done ...
at	 	http://en.wikipedia.org/wiki/Butchered_at_Birth-Butchered at Birth - Wikipedia, the free encyclopedia	 Butchered at Birth is the second studio album by American death metal band Cannibal Corpse. It was released in 1991 through Metal Blade Records.
at	 	http://atto.buffalo.edu/-ATTO: Assistive Technology Training Online	 A project based at the Center for Assistive Technology at the University at Buffalo, offering free online training on assistive technology for students with disabilities.
at	 	http://writing.msu.edu/-The Writing Center at MSU	 Recent News. The Wonderful World of Writing Centers: An International Peer Tutoring Conference at Disney World; Finals Week Appointments Now Available!
at	 	http://www.barnesjewishcollege.edu/-Goldfarb School of Nursing at Barnes-Jewish College | BSN ...	 Goldfarb School of Nursing at Barnes-Jewish College in St. Louis offers BSN, MSN and DNP/PhD dual degree in nursing programs.
at	 	http://www.biltmore.com/-Biltmore	 Stay on Biltmore. Vacation like a Vanderbilt at the luxurious Inn on Biltmore Estate or our Cottage on Biltmore Estate – the only lodgings on our beautiful Blue ...
at	 	http://www.albany.edu/-University at Albany - SUNY - Home Page	 Educationally and culturally, the University at Albany-SUNY puts The World Within Reach for its 18,000 students. An internationally recognized research university ...
at	 	http://www.outletsanthem.com/-Outlets at Anthem :: 4250 W Anthem Way, Phoenix, AZ. 85086 ...	 The 374,000-square-foot outlet mall features a wide variety of brand name merchandise at everyday discounts from 30-70 percent
at	 	http://www.nytimes.com/2015/01/12/theater/ike-at-night-at-the-public-theater.html-‘Ike at Night’ at the Public Theater - NYTimes.com	 Ike at Night. Hosted by Ikechukwu Ufomadu; sidekick, B. Brian Argotsinger; bandleader, Jonathan E. Jacobs a.k.a. the Vintage D.J.; lighting by Amith A ...
at	 	http://www.washingtonpost.com/news/morning-mix/wp/2015/01/08/reports-gospel-legend-andrae-crouch-dead-at-72/-Gospel legend Andrae Crouch dead at 72 - The Washington Post	 Andrae Crouch, often described as the “father of modern gospel music,” died Thursday in Los Angeles after suffering a heart attack last week, according to news ...
at	 	http://www.utep.edu/-Inside UTEP - The University of Texas at El Paso Home	 The Official Site of The University of Texas at El Paso. Located in El Paso Texas, UTEP is the nation's leading engineering and research institute for the Hispanic ...
at	 	http://www.reuters.com/video/2015/01/11/at-least-7-dead-in-suicide-attack-in-tri?videoId=361730049-At least 7 dead in suicide attack in Tripoli | Video ...	 At least seven people were killed after a cafe was attacked by a suicide bomber in the Lebanese city of Tripoli on Saturday. The al Qaeda-linked Nusra Front ...
at	 	http://atthefront.com/-At The Front	 At the Front; established in 1992, is the premier site for authentic WWII combat equipment and militaria. "ATF" offers an extensive line of top quality ...
at	 	http://shopsatlegacy.com/-The Shops at Legacy	 Located in Plano, Texas, The Shops at Legacy is an urban lifestyle center with unique shopping, award-winning restaurants and lounges, as well as the...
at	 	http://www.y8.com/-Y8 Games	 Games at Y8.com! Over 50,000 games to choose from online. Pick from our selection of Unity3d, Car or Dress up games. Play on the Best Game Site Online.
at	 	http://www.innatirving.com/-New York City Hotels | The Inn at Irving Place – New ...	 In the heart of New York’s historical Gramercy Park stands The Inn at Irving Place. Built in 1834, the two landmark townhouses were transformed to recreate an era ...
at	 	http://www.theinnatlittlewashington.com/-The Inn at Little Washington	 The Inn at Little Washington is a top rated hotel in Virginia and one of the best hotels in Washington that has won numerous awards for both accommodations and dining.
at	 	http://www.shoppartridgecreek.com/-The Mall at Partridge Creek	 The Mall at Partridge Creek. 17420 Hall Road Clinton Township, MI 48038 (586) 226-0330. Map + Directions. Open 10:00am - 9:00pm today Full Hours. Main menu. Directory.
at	 	http://www.summitatsnoqualmie.com/-Summit at Snoqualmie	 Open Today! We are open for limited operations today at Summit West. Come up and enjoy the mountains!
at	 	http://www.cuisineathome.com/-Cuisine at home Magazine	 The website for Cuisine at home Magazine with free recipes and cooking techniques, videos, how to subscribe, and information on annual volumes of past issues.
at	 	http://www.partstrain.com/-Online Automotive Truck and Car Parts Accessories at ...	 Shop at Partstrain.com for a wide selection of car or automotive parts and accessories marked up to 75% off dealer pricing. Place your orders now!
at	 	http://www.mylot.com/-myLot	 An enormous discussion board, blogging community, questions and answers hub, social network and online hangout all wrapped up into one neat little package.
at	 	http://www.trumptaj.com/-Atlantic City New Jersey Casino Hotels | Trump Taj Mahal ...	 This guide puts it all at your fingertips. Trump Taj Mahal Casino Hotel has five-star restaurants you can’t resist, from the most elegant and decadent to the fun ...
at	 	http://www.cbsnews.com/news/charlie-hebdo-attack-thousands-join-world-leaders-at-paris-unity-rally/-Thousands join world leaders at Paris unity rally - CBS News	 The leaders were heading a demonstration of at least tens of thousands of people who converged on the capital after three gunmen attacked a newspaper ...
at	 	http://www.austria-trend.at/-Austria Trend Hotels, Hotels in Vienna, Salzburg, Linz ...	 A residence with imperial charme. Fans of royal pomp will be in their element at the exclusive Austria Trend Hotels suite which includes a salon, two bedrooms, a ...
at	 	http://www.northpole.com/-Santa Claus and Christmas at the North Pole	 Enjoy Christmas with Santa Claus at the North pole, an award-winning Christmas web site. Send a letter to Santa Claus or a Christmas card to a friend. Find yummy ...
at	 	http://www.utmb.edu/-Welcome to UTMB Health | The University of Texas Medical ...	 The University of Texas Medical Branch at Galveston (UTMB) is an academic health center dedicated to educating science professionals and researchers, caring for ...
at	 	http://world.att.com/-AT&T Customer Service for Chinese, Japanese, Korean ...	 AT&T provides in-language TV, internet, wireless and home phone services to users who speak Chinese, Japanese, Korean, Tagalog, Vietnamese, Polish and Russian.
at	 	http://www.ucr.edu/-UCR - UC Riverside: Home	 Official web site offers information on academics, administration, athletics, campus, culture and arts, jobs and facilities.
at	 	http://www.phillyexpocenter.com/-| The Greater Philadelphia Expo Center	 100 Station Avenue • Oaks, PA 19456 • (484) 754-EXPO. Home; Calendar. View Full Calendar; Browse Events; ... ©2015 Greater Philadelphia Expo Center at Oaks.
at	 	http://www.teennick.com/quizzes/-Quizzes | Quizzes for Teens & Girls | TeenNick.com	 Which Holiday Treat Are You? Answer a few questions, and we'll tell you all about your sweet self.
at	 	http://www.uicflames.com/-University of Illinois Chicago Athletics - UICFLAMES.COM ...	 Official site of University of Illinois Chicago athletics.
at	 	http://casarealevents.com/-Casa Real	 © 2015 Casa Real at Ruby Hill Winery
at	 	http://writing.msu.edu/-The Writing Center at MSU	 Recent News. The Wonderful World of Writing Centers: An International Peer Tutoring Conference at Disney World; Finals Week Appointments Now Available!
at	 	http://www.hr.msu.edu/hiring/msujobs.htm-MSU Employment Opportunities - Michigan State University ...	 We are pleased to welcome you to this Web page with links to information about a wide variety of career opportunities at Michigan State University.
at	 	http://admissions.buffalo.edu/-Undergraduate Admissions | University at Buffalo	 Changing the world. Every day. At the University at Buffalo, our talented students receive an exceptional education at a great value. Working closely with renowned ...
at	 	http://africa.wisc.edu/-African Studies Program at Wisconsin	 Our mission. The African Studies Program supports research, teaching, and outreach at the University of Wisconsin-Madison, bringing together a rich network of ...
at	 	http://www.ri.cmu.edu/-The Robotics Institute	 Martial Hebert Named Director of Robotics Institute Martial Hebert, a leading researcher in computer vision and robotics at Carnegie Mellon University since ...
at	 	http://www.lbj.uth.tmc.edu/-LBJ Hospital - University of Texas Medical School at ...	 The University of Texas Medical School at Houston Harris Health Program at LBJ Hospital Our website has moved to https://med.uth.edu/harrishealth
at	 	http://www.mathplayground.com/mathatthemall2.html-Math at the Mall 2 - Discounts, Tips, and Interest	 Use math concepts at the mall and practice discounts, tips, and interest.
at	 	http://connectedmath.msu.edu/-Connected Mathematics Project (CMP) at Michigan State ...	 What is CMP? The Connected Mathematics Project (CMP) was funded by the National Science Foundation to develop a complete middle school mathematics curriculum ...
at	 	http://www.alainducasse-dorchester.com/-Alain Ducasse at the Dorchester	 alain ducasse at the dorchester 53 park lane london w1k 1qa - +44 (0)20 7629 8866
at	 	http://www.math.washington.edu/-Department of Mathematics, University of Washington	 The Department of Mathematics at the University of Washington is one of the major research mathematics departments in the United States. It has an excellent research ...
at	 	http://engineering.dartmouth.edu/-Thayer School of Engineering at Dartmouth	 Thayer School of Engineering at Dartmouth comprises both the Undergraduate Department of Engineering Sciences and a graduate professional school in engineering.
at	 	http://dentistry.uic.edu/-College of Dentistry	 Includes information for dental health professionals, students, and patients. Offers clinic services at a reduced fee schedule.
at	 	http://hardrockhotelorlando.com/-Hard Rock Hotel At Universal Orlando Resort	 Live like a rock star at the exciting Hard Rock Hotel at Universal Orlando Resort. From the sweeping California mission-style facades to the legendary Palm Restaurant ...
at	 	http://www.gao.gov/careers/career.html-U.S. GAO - Careers	 Career Paths at GAO Career Opportunities at GAO. Some of our major career tracks are analyst, financial auditor, and specialist. When necessary, we hire upper-level ...
at	 	http://greek.umd.edu/-University of Maryland Department of Fraternity & Sorority ...	 An overview of the Greek system at Maryland including a directory of organizations, facts and figures, scholarship and GPA standings, and staff directory.
at	 	http://cse.ssl.berkeley.edu/AtHomeAstronomy/-At Home Astronomy - Science Experiments for the Entire Family	 At Home Astronomy: Hands on science activities for the family. By the Center for Science Education at Space Sciences Laboratory.
at	 	http://www.lookatbook.com/-Book	 Collaborative exhibition of a sketchbook shared by four artists from both sides of the Atlantic.
at	 	http://hermetic.com/-The Hermetic Library	 Let us be of service at Hermetic Hosting Web Hosting for the Esoteric Community by the Hermetic Library at Hermetic.com
at	 	http://hermetic.com/-The Hermetic Library	 Let us be of service at Hermetic Hosting Web Hosting for the Esoteric Community by the Hermetic Library at Hermetic.com
at	 	http://www.africa.upenn.edu/-African Studies Center - The Africa Center	 Center for African Studies at the University of Pennsylvania.
at	 	http://allerton.illinois.edu/-Allerton	 THE HISTORY. Built as a private residence in 1900, today Allerton Park and Retreat Center is a historical treasure owned by the University of Illinois Urbana-Champaign.
at	 	http://www.universalis.com/mass.htm-Readings at Mass - Universalis home page	 God did not appoint angels to be rulers of the world to come, and that world is what we are talking about. Somewhere there is a passage that shows us this.
at	 	http://cnhs.fiu.edu/-College of Nursing & Health Sciences - CNHS - Florida ...	 The College of Nursing & Health Sciences at Florida International University offers undergraduate, graduate and doctoral degrees in nursing, physical therapy ...
at	 	http://www.meat.org/-Meat.org | The Website the Meat Industry Doesn't Want You ...	 Attacks the meat industry and mass production of livestock, where humane treatment is sacrificed for profit. Features a video showing how various types of livestock ...
at	 	http://www.csmonitor.com/Business/In-Gear/2015/0108/Ford-at-CES-Self-driving-car-plans-are-not-about-marketing-claims-Ford at CES: Self-driving car plans are not about ...	 At the 2015 Consumer Electronics Show in Las Vegas, the Ford Motor Company [NYSE:F] confirmed plans to build self-driving cars sometime in the near future.
at	 	http://www.futuremt.com/-Online Medical Transcriptionist Training, Stay at home ...	 Medical Transcription Training can help you secure Stay at Home Jobs with guaranteed results. Self Paced Class that can be taken from home.
at	 	http://www.ece.utexas.edu/-Electrical and Computer Engineering | The University of ...	 The University of Texas at Austin · Cockrell School of Engineering · Twitter · Facebook · LinkedIn · Flickr · Vimeo · What Starts Here Changes the World
at	 	http://optimus.com/-Optimus | Home	 Chicago 161 East Grand Avenue Chicago, IL 60611 P 312 321 0880; Santa Monica 1237 7th Street Santa Monica, CA 90401 P 310 917 2761; One at Optimus 161 East Grand Avenue
at	 	http://oyc.yale.edu/-Open Yale Courses	 Open Yale Courses provides free and open access to a selection of introductory courses taught by distinguished teachers and scholars at Yale University.
at	 	http://www1.umn.edu/ohr/employment/-Employment - Twin Cities - University of Minnesota	 Applying at the University. The University's online employment system helps you find the best fit for a career at the University. With the online system, you can ...
at	 	http://worldbookonline.com/-World Book	 The World Book web site offers an encyclopedia, dictionary, atlas, homework help, study aids, and curriculum guides. World Book is publisher of the World Book ...
at	 	http://library.manoa.hawaii.edu/-University of Hawaii at Manoa Library	 University of Hawai'i at Manoa Library 2550 McCarthy Mall Honolulu, Hawai'i 96822 USA
at	 	http://www.housing.wisc.edu/-Division of University Housing at UW-Madison	 Division of University Housing, 625 Babcock Drive, Madison, WI 53706-1213 | (608) 262-2522. Contact us at: info@housing.wisc.edu © 2015 Board of Regents of the ...
at	 	http://bvice.pucksystems.com/-Boulder Valley Ice at Superior	 Welcome to the Home of Boulder Valley Ice at Superior (303) 494-4777
at	 	http://jobs.bnymellon.com/-Jobs at BNY Mellon	 Search for BNY Mellon Jobs. BNY Mellon is a global financial services company focused on helping clients manage and service their financial assets — and a great ...
at	 	http://www.catalog.hawaii.edu/-University of Hawaii at Manoa Catalog	 The 2014-2015 University of Hawai'i at Manoa (UH Manoa) Catalog is a comprehensive guide to UH Manoa programs, course offerings, services, tuition, financial aid ...
at	 	http://www.pbs.org/inperformanceatthewhitehouse/-In Performance at the White House | PBS	 “In Performance at the White House” has been produced by WETA since 1978 and spans every administration since President Carter’s. The series was created to ...
at	 	http://www.ohr.wisc.edu/employment/employ.html-Employment Opportunities at UW-Madison - Welcome to the ...	 Employment Opportunities at UW-Madison Types of Employment. There may be professional positions in both categories for which you may be qualified and interested, e.g ...
at	 	http://www.latimes.com/sports/lakers/lakersnow/la-sp-ln-preview-lakers-at-clippers-20150107-story.html-Lakers at Clippers preview - LA Times	 The Lakers (11-24) will travel all the way to the visitor's bench at Staples Center , as the guest of the Clippers (23-12) on Wednesday night.
at	 	http://physics.illinois.edu/-Physics Illinois | University of Illinois at Urbana-Champaign	 The Department of Physics at the University of Illinois at Urbana-Champaign. Come explore our website and learn about our highly ranked undergraduate and graduate ...
at	 	http://dartmouthcrossing.com/-Dartmouth Crossing	 Dartmouth Crossing is a destination unlike any other in the region. It brings together the best elements of any shopping experience. A prime location that will offer ...
at	 	http://at-swim-two-birds.blogspot.com/-A T S W I M - T W O - B I R D S	 days are growing longer but today was rather dark & gloomy I'm longing for spring now that the holidays are behind us but that's still a long way I fear :)
at	 	http://www.galleriamall-fl.com/-The Galleria Mall at Fort Lauderdale, FL- Florida's ...	 Welcome to the Galleria Mall at Fort Lauderdale FL. Florida's most popular destination for fabulous restaurants, sophisticated stores and world-class service
at	 	http://www.becka-raja.at/-becka-raja.at	 Dobrodošli na becka-raja.at :) Do prijateljske nogometne utakmice AUT - BIH preostalo je . dana sati min sek. SPORT
at	 	http://www.chicagotribune.com/sports/college/chi-sundays-matchup-illinois-at-nebraska-20150110-story.html-Sunday's matchup: Illinois at Nebraska - Chicago Tribune	 Shannon Ryan's quick look: Illinois is undefeated at home, but on the road, the Illini have yet to win a game this season.They've dropped four straight on ...
at	 	http://www.thebravern.com/-Bellevue Shopping | Bravern	 The Shops at the Bravern. Shop. Dine. Revive. The Bravern Map; Shops; Restaurants; Health & Beauty; Plan Your Visit
at	 	http://mlb.mlb.com/mobile/-MLB.com Mobile | MLB.com: Mobile	 Get MLB.com Ballpark Learn more; Get At Bat on your phone Learn more; Get At Bat on your tablet Learn more; Buy MLB.com At Bat Get At Bat through MLB.com for multi ...
at	 	http://www.ncdhhs.gov/dss/jobs/index.htm-Jobs at NC Division of Social Services	 Jobs at NC Division of Social Services. The NC Division of Social Services is an Equal Opportunity Employer. For a listing of jobs opening within the Division of ...
at	 	http://www.lib.utexas.edu/lsl/help/modules/peer.html-University of Texas Libraries - Peer Review	 Peer Reviewed Journals What Does "Peer Reviewed" or "Refereed" Mean? Peer Review is a process that journals use to ensure the articles they publish represent the best ...
at	 	http://www.wired.com/2015/01/open-source-database/-Open Source Databases Keep Chipping Away at Oracle's ...	 Getty Images The three fastest growing databases of 2014 were all open source, according to a new report from DB-Engines, a site that tracks popularity in ...
at	 	http://www.math.csusb.edu/-Cal State University San Bernardino (CSUSB) Department of ...	 Welcome! On behalf of our faculty, staff, and students, welcome to Department of Mathematics at CSU San Bernardino. We are excited about your interest in our programs ...
at	 	http://www.iheartwags.com/-i heart wags	 view advance walgreens ads and deals. find out what coupons to use. keep up to date with the latest and hottest deals at walgreens!
at	 	http://www.addisontexas.net/-Addison Texas	 Directory for the community featuring lodging, dining, attractions, events, and maps presented by the Town of Addison Visitor Services Department.
at	 	http://horseplayerinteractive.com/-HorsePlayer Interactive	 On Jan 10 a $2 Win bet on Charlottetown Driving Park race 12 paid $220.80. The current HI-5 carryover at Turfway Park is $13,464.58. The current HI-5 carryover at ...
at	 	http://college.monster.com/education-Find Internships at Top Companies - MonsterCollege™	 Find Internships at Top Companies-MonsterCollege ... Ah, graduate school. What a completely unique experience - or so they say.
at	 	http://eps.berkeley.edu/-University of California, Berkeley	 Applying a new waveform imaging methodology that takes advantage of accurate numerical seismic wavefield computations, Barbara Romanowicz's group has constructed a ...
at	 	http://www.today.com/video/today/56735511-At least 12 dead in Paris shooting - Video on TODAY.com	 Video on TODAY.com: Christopher Dickey, The Daily Beast’s foreign editor, joins TODAY from Paris to discuss masked men opening fire at the offices of the ...
at	 	http://ssw.unc.edu/-UNC School of Social Work	 Researchers at the UNC School of Social Work have received a $1.24 million grant to address child trafficking in North Carolina. The U.S. Children’s Bureau, Office ...
at	 	http://web.mit.edu/langerlab/-MIT: Langer Lab - MIT - Massachusetts Institute of Technology	 Our work is at the interface of biotechnology and materials science. A major focus is the study and development of polymers to deliver drugs, particularly genetically ...
at	 	http://marriottschool.byu.edu/mba/-BYU - Marriott School - MBA Program	 The MBA program at BYU's Marriott School of Management. Information about academics, admissions, and student life.
at	 	http://www.worldatwar.net/-The World at War	 At the 11th hour on the morning of November 11, 1918, the "war to end all wars" ended. The peace that followed would start a new era not only in European affairs but ...
at	 	http://breakfastatanthropologie.blogspot.com/-Breakfast at Anthropologie	 Anthropologie is treating us to 20% off everything! Use code EXTRACHEER at checkout. Think New Years and Valentines Day and make good use of this limited time promotion!
at	 	http://www.ibm.com/ibm/responsibility/-IBM - Responsibility at IBM	 IBM believes that a company culture based on core values not only helps our business, but also defines the role that we can and should play in society.
at	 	http://www.art.northwestern.edu/-Art Theory & Practice at Northwestern University	 Welcome to the Department of Art Theory & Practice (AT&P) at the Weinberg College of Arts and Sciences, Northwestern University. The department has both an ...
at	 	http://www.che.psu.edu/-Chemical Engineering at Penn State	 Chemical Engineering at Penn State. The Department of Chemical Engineering at The Pennsylvania State University has a proud tradition of scholarship and teaching ...
at	 	http://sociology.arizona.edu/-School of Sociology	 Welcome to the School of Sociology at the University of Arizona. The School of Sociology at the University of Arizona houses a highly ranked Ph.D. program in ...
at	 	http://www.stgregoryspa.com/-St Gregory Spa	 Journey into a world of renewed vigour and tranquil relaxation at St. Gregory with a unique holistic experience specially designed to complement your urban lifestyle.
at	 	http://www.apple.com/jobs/uk/-Apple - Jobs at Apple (uk)	 A job at Apple is unlike any other you’ve had. You’ll be challenged. You’ll be inspired. And you’ll be proud. Because whatever your job is here, you’ll be ...
at	 	http://www.chem.umass.edu/-Department of Chemistry-University of Massachusetts Amherst	 News & Announcements. Cornelius Taabazuing recently won an award for his oral presentation at 2014 SACNAS (Society for the Advancement of Chicanos/ Hispanics & Native ...
at	 	http://www.searsholdings.com/communityrelations/hero/-Heroes at Home SM - Sears Holdings Corporation - Corporate ...	 Heroes at Home SM. Heroes at Home is a program Sears Holdings has created in partnership with Rebuilding Together in response to an urgent need to assist military ...
at	 	http://www.today.com/video/today/56749839-See side-by-side photos of Savannah, Vale at same age ...	 Video on TODAY.com: TODAY reveals some adorable pictures of the show’s anchors and their children, showing both parent and child at around the same age.
at	 	http://chickscope.beckman.uiuc.edu/-Chickscope 1.5	 What is Chickscope? Using computers in the classroom with access to the Internet, students and teachers are able to access data generated from the latest ...
at	 	http://www.klab.caltech.edu/-Home Page of the Koch Laboratory	 Prof. Christof Koch has left Caltech to be the Chief Scientific Officer at the Allen Institute for Brain Science in Seattle. Thus, the lab is effectively closed.
at	 	http://www.songfacts.com/detail.php?id=231-The End by The Doors Songfacts - Song Meanings at Songfacts	 The Doors developed this song during live performances at the Whisky a Go Go, a Los Angeles club where they were the house band in 1966. They had to play two sets a ...
at	 	http://www.latimes.com/fashion/alltherage/la-ar-amber-heard-honored-at-art-of-elysium-heaven-gala-20150111-story.html-Amber Heard honored at Art of Elysium Heaven Gala - LA Times	 Art of Elysium founder Jennifer Howell, left, with honoree Amber Heard and Johnny Depp at the organization's gala Jan. 10. (Michael Buckner / Getty Images for Art of ...
at	 	http://virtualgallery.birzeit.edu/-Paltel Virtual Gallery	 Welcome The Ethnographic and Art Museum is a pioneering art space, that promotes ‎visual arts within the Palestinian community through various ...
at	 	http://uk.reuters.com/video/2015/01/04/hobbit-stands-victorious-at-box-office?videoId=359883901&videoChannel=81-Hobbit stands victorious at box office | Video | Reuters.com	 A small Hobbit stands tall for a third straight week at the top of the box office. It's been a wild ride for Bilbo Baggins... The latest ...
at	 	http://virtualgallery.birzeit.edu/-Paltel Virtual Gallery	 Welcome The Ethnographic and Art Museum is a pioneering art space, that promotes ‎visual arts within the Palestinian community through various ...
at	 	http://uk.reuters.com/video/2015/01/04/hobbit-stands-victorious-at-box-office?videoId=359883901&videoChannel=81-Hobbit stands victorious at box office | Video | Reuters.com	 A small Hobbit stands tall for a third straight week at the top of the box office. It's been a wild ride for Bilbo Baggins... The latest ...
at	 	http://uk.reuters.com/video/2015/01/08/bmw-goes-solar-at-ces?videoId=361712003&videoChannel=82-BMW goes solar at CES | Video | Reuters.com	 STORY: BMW took advantage of the desert sun shining at this year's CES in Las Vegas to show off its concept for powering electric cars in the near future.
at	 	http://www.jharmerphotography.com/-jharmer photography	 "Capturing the Moment, One Image at a Time" Copyright 2014 ©. All rights reserved. Powered by SmugMug Log In ...
at	 	http://www.azdirtdawgs.org/-Latest News & Updates!	 Practices this week; Thursday 12/18 at Prospector Park field #1 from 6:30pm - 8:30pm Saturday 12/20 at Apache Junction High School Batting Cage from 9:00am - 10:30am
at	 	http://www.christtab.org/-OUR MISSION IS HELPING PEOPLE CONNECT WITH GOD	 Everyone is welcome at Christ Tabernacle. A journey of a thousand miles begins with a single step – join us for services this week! SERVICES. 7 PM | Friday.
at	 	http://news.yahoo.com/italian-filmmaker-francesco-rosi-dies-92-174510722.html-Italian filmmaker Francesco Rosi dies at 92 - Yahoo News	 MILAN (AP) — Italian director and screenwriter Francesco Rosi, whose films took on corruption in postwar Italy, winning top honors at the Venice and Cannes film ...
at	 	http://www.sportsnetwork.com/merge/tsnform.aspx?c=sun-sentinel&page=nba/teams/115/teamSN.aspx?id=115-www.sportsnetwork.com	 Miami at : LA Clippers: Points: 93.8 : 99.9: Pts Against: Assists: 19.7 : 24.2: Ast Against: Rebounds: 44.5 : 50.5: Reb Against: Steals: 8.4 : 6.7: Stl Against ...
at	 	https://plus.google.com/+JessicaYankeyPhotographer-Jessica Yankey - Google+	 Works at Jessica Yankey Photographer. Attends Troy University. Lives in Okinawa Prefecture, Japan. 27 followers | 1,893 views. About Posts Photos YouTube. Stream ...
at	 	http://news.yahoo.com/sheriffs-office-man-holding-least-2-people-hostage-020918218.html-Sheriff's office: Man holding at least 2 people hostage at ...	 From Yahoo News: TOMBALL, Texas (AP) — Sheriff's office: Man holding at least 2 people hostage at Texas hospital; unknown if armed.
at	 	http://news.yahoo.com/taken-3-topples-hobbit-reign-box-office-165817061--finance.html-'Taken 3' topples 'Hobbit' reign at box office - Yahoo News	 LOS ANGELES (AP) -- After three weeks atop the box office, "The Hobbit" has been taken down by Liam Neeson. Fox's "Taken 3" earned the top spot at the weekend box ...
at	 	http://news.yahoo.com/report-zimmerman-denies-throwing-bottle-ex-girlfriend-165554406.html-In report, Zimmerman denies throwing bottle at ex ...	 ORLANDO, Fla. (AP) — George Zimmerman denies throwing a wine bottle at his ex-girlfriend in his latest run-in with authorities since being acquitted of murdering an ...
at	 	http://www.pinnaclesports.com/landing_soccer.aspx?LExt=pol-Best Odds & Win More on Soccer at Pinnacle Sports	 Our low margins mean we have the best odds in the industry. That means you get more for your money.
at	 	https://www.pinterest.com/polardeals/-Polardeals Online on Pinterest	 Polardeals Online is Australia's leading online store with over 2,000 styles at the best price. Fast Australia-wide delivery. Immediate & Discreet Delivery.
at	 	https://plus.google.com/+SandiOliverio-Sandi Oliverio - Google+	 Now that I have retired from my gallery of hand painted furniture and wall murals at 'descendents galeria' where I enjoyed redesigning client's homes and walls, ...
at	 	http://virtualgallery.birzeit.edu/-Paltel Virtual Gallery	 Welcome The Ethnographic and Art Museum is a pioneering art space, that promotes ‎visual arts within the Palestinian community through various ...
at	 	http://uk.reuters.com/video/2015/01/04/hobbit-stands-victorious-at-box-office?videoId=359883901&videoChannel=81-Hobbit stands victorious at box office | Video | Reuters.com	 A small Hobbit stands tall for a third straight week at the top of the box office. It's been a wild ride for Bilbo Baggins... The latest ...
at	 	http://uk.reuters.com/video/2015/01/08/bmw-goes-solar-at-ces?videoId=361712003&videoChannel=82-BMW goes solar at CES | Video | Reuters.com	 STORY: BMW took advantage of the desert sun shining at this year's CES in Las Vegas to show off its concept for powering electric cars in the near future.
at	 	http://www.jharmerphotography.com/-jharmer photography	 "Capturing the Moment, One Image at a Time" Copyright 2014 ©. All rights reserved. Powered by SmugMug Log In ...
at	 	http://www.azdirtdawgs.org/-Latest News & Updates!	 Practices this week; Thursday 12/18 at Prospector Park field #1 from 6:30pm - 8:30pm Saturday 12/20 at Apache Junction High School Batting Cage from 9:00am - 10:30am
at	 	http://www.christtab.org/-OUR MISSION IS HELPING PEOPLE CONNECT WITH GOD	 Everyone is welcome at Christ Tabernacle. A journey of a thousand miles begins with a single step – join us for services this week! SERVICES. 7 PM | Friday.
at	 	http://news.yahoo.com/italian-filmmaker-francesco-rosi-dies-92-174510722.html-Italian filmmaker Francesco Rosi dies at 92 - Yahoo News	 MILAN (AP) — Italian director and screenwriter Francesco Rosi, whose films took on corruption in postwar Italy, winning top honors at the Venice and Cannes film ...
at	 	http://www.sportsnetwork.com/merge/tsnform.aspx?c=sun-sentinel&page=nba/teams/115/teamSN.aspx?id=115-www.sportsnetwork.com	 Miami at : LA Clippers: Points: 93.8 : 99.9: Pts Against: Assists: 19.7 : 24.2: Ast Against: Rebounds: 44.5 : 50.5: Reb Against: Steals: 8.4 : 6.7: Stl Against ...
at	 	https://plus.google.com/+JessicaYankeyPhotographer-Jessica Yankey - Google+	 Works at Jessica Yankey Photographer. Attends Troy University. Lives in Okinawa Prefecture, Japan. 27 followers | 1,893 views. About Posts Photos YouTube. Stream ...
at	 	http://news.yahoo.com/sheriffs-office-man-holding-least-2-people-hostage-020918218.html-Sheriff's office: Man holding at least 2 people hostage at ...	 From Yahoo News: TOMBALL, Texas (AP) — Sheriff's office: Man holding at least 2 people hostage at Texas hospital; unknown if armed.
at	 	http://news.yahoo.com/taken-3-topples-hobbit-reign-box-office-165817061--finance.html-'Taken 3' topples 'Hobbit' reign at box office - Yahoo News	 LOS ANGELES (AP) -- After three weeks atop the box office, "The Hobbit" has been taken down by Liam Neeson. Fox's "Taken 3" earned the top spot at the weekend box ...
at	 	http://news.yahoo.com/report-zimmerman-denies-throwing-bottle-ex-girlfriend-165554406.html-In report, Zimmerman denies throwing bottle at ex ...	 ORLANDO, Fla. (AP) — George Zimmerman denies throwing a wine bottle at his ex-girlfriend in his latest run-in with authorities since being acquitted of murdering an ...
at	 	http://www.pinnaclesports.com/landing_soccer.aspx?LExt=pol-Best Odds & Win More on Soccer at Pinnacle Sports	 Our low margins mean we have the best odds in the industry. That means you get more for your money.
at	 	https://www.pinterest.com/polardeals/-Polardeals Online on Pinterest	 Polardeals Online is Australia's leading online store with over 2,000 styles at the best price. Fast Australia-wide delivery. Immediate & Discreet Delivery.
at	 	https://plus.google.com/+SandiOliverio-Sandi Oliverio - Google+	 Now that I have retired from my gallery of hand painted furniture and wall murals at 'descendents galeria' where I enjoyed redesigning client's homes and walls, ...
at	 	http://virtualgallery.birzeit.edu/-Paltel Virtual Gallery	 Welcome The Ethnographic and Art Museum is a pioneering art space, that promotes ‎visual arts within the Palestinian community through various ...
at	 	http://uk.reuters.com/video/2015/01/04/hobbit-stands-victorious-at-box-office?videoId=359883901&videoChannel=81-Hobbit stands victorious at box office | Video | Reuters.com	 A small Hobbit stands tall for a third straight week at the top of the box office. It's been a wild ride for Bilbo Baggins... The latest ...
at	 	http://uk.reuters.com/video/2015/01/08/bmw-goes-solar-at-ces?videoId=361712003&videoChannel=82-BMW goes solar at CES | Video | Reuters.com	 STORY: BMW took advantage of the desert sun shining at this year's CES in Las Vegas to show off its concept for powering electric cars in the near future.
at	 	http://www.jharmerphotography.com/-jharmer photography	 "Capturing the Moment, One Image at a Time" Copyright 2014 ©. All rights reserved. Powered by SmugMug Log In ...
at	 	http://www.azdirtdawgs.org/-Latest News & Updates!	 Practices this week; Thursday 12/18 at Prospector Park field #1 from 6:30pm - 8:30pm Saturday 12/20 at Apache Junction High School Batting Cage from 9:00am - 10:30am
at	 	http://www.christtab.org/-OUR MISSION IS HELPING PEOPLE CONNECT WITH GOD	 Everyone is welcome at Christ Tabernacle. A journey of a thousand miles begins with a single step – join us for services this week! SERVICES. 7 PM | Friday.
at	 	http://news.yahoo.com/italian-filmmaker-francesco-rosi-dies-92-174510722.html-Italian filmmaker Francesco Rosi dies at 92 - Yahoo News	 MILAN (AP) — Italian director and screenwriter Francesco Rosi, whose films took on corruption in postwar Italy, winning top honors at the Venice and Cannes film ...
at	 	http://www.sportsnetwork.com/merge/tsnform.aspx?c=sun-sentinel&page=nba/teams/115/teamSN.aspx?id=115-www.sportsnetwork.com	 Miami at : LA Clippers: Points: 93.8 : 99.9: Pts Against: Assists: 19.7 : 24.2: Ast Against: Rebounds: 44.5 : 50.5: Reb Against: Steals: 8.4 : 6.7: Stl Against ...
at	 	https://plus.google.com/+JessicaYankeyPhotographer-Jessica Yankey - Google+	 Works at Jessica Yankey Photographer. Attends Troy University. Lives in Okinawa Prefecture, Japan. 27 followers | 1,893 views. About Posts Photos YouTube. Stream ...
at	 	http://news.yahoo.com/sheriffs-office-man-holding-least-2-people-hostage-020918218.html-Sheriff's office: Man holding at least 2 people hostage at ...	 From Yahoo News: TOMBALL, Texas (AP) — Sheriff's office: Man holding at least 2 people hostage at Texas hospital; unknown if armed.
at	 	http://news.yahoo.com/taken-3-topples-hobbit-reign-box-office-165817061--finance.html-'Taken 3' topples 'Hobbit' reign at box office - Yahoo News	 LOS ANGELES (AP) -- After three weeks atop the box office, "The Hobbit" has been taken down by Liam Neeson. Fox's "Taken 3" earned the top spot at the weekend box ...
at	 	http://news.yahoo.com/report-zimmerman-denies-throwing-bottle-ex-girlfriend-165554406.html-In report, Zimmerman denies throwing bottle at ex ...	 ORLANDO, Fla. (AP) — George Zimmerman denies throwing a wine bottle at his ex-girlfriend in his latest run-in with authorities since being acquitted of murdering an ...
at	 	http://www.pinnaclesports.com/landing_soccer.aspx?LExt=pol-Best Odds & Win More on Soccer at Pinnacle Sports	 Our low margins mean we have the best odds in the industry. That means you get more for your money.
at	 	https://www.pinterest.com/polardeals/-Polardeals Online on Pinterest	 Polardeals Online is Australia's leading online store with over 2,000 styles at the best price. Fast Australia-wide delivery. Immediate & Discreet Delivery.
at	 	https://plus.google.com/+SandiOliverio-Sandi Oliverio - Google+	 Now that I have retired from my gallery of hand painted furniture and wall murals at 'descendents galeria' where I enjoyed redesigning client's homes and walls, ...
at	 	http://virtualgallery.birzeit.edu/-Paltel Virtual Gallery	 Welcome The Ethnographic and Art Museum is a pioneering art space, that promotes ‎visual arts within the Palestinian community through various ...
at	 	http://uk.reuters.com/video/2015/01/04/hobbit-stands-victorious-at-box-office?videoId=359883901&videoChannel=81-Hobbit stands victorious at box office | Video | Reuters.com	 A small Hobbit stands tall for a third straight week at the top of the box office. It's been a wild ride for Bilbo Baggins... The latest ...
at	 	http://uk.reuters.com/video/2015/01/08/bmw-goes-solar-at-ces?videoId=361712003&videoChannel=82-BMW goes solar at CES | Video | Reuters.com	 STORY: BMW took advantage of the desert sun shining at this year's CES in Las Vegas to show off its concept for powering electric cars in the near future.
at	 	http://www.jharmerphotography.com/-jharmer photography	 "Capturing the Moment, One Image at a Time" Copyright 2014 ©. All rights reserved. Powered by SmugMug Log In ...
at	 	http://www.azdirtdawgs.org/-Latest News & Updates!	 Practices this week; Thursday 12/18 at Prospector Park field #1 from 6:30pm - 8:30pm Saturday 12/20 at Apache Junction High School Batting Cage from 9:00am - 10:30am
at	 	http://www.christtab.org/-OUR MISSION IS HELPING PEOPLE CONNECT WITH GOD	 Everyone is welcome at Christ Tabernacle. A journey of a thousand miles begins with a single step – join us for services this week! SERVICES. 7 PM | Friday.
at	 	http://news.yahoo.com/italian-filmmaker-francesco-rosi-dies-92-174510722.html-Italian filmmaker Francesco Rosi dies at 92 - Yahoo News	 MILAN (AP) — Italian director and screenwriter Francesco Rosi, whose films took on corruption in postwar Italy, winning top honors at the Venice and Cannes film ...
at	 	http://www.sportsnetwork.com/merge/tsnform.aspx?c=sun-sentinel&page=nba/teams/115/teamSN.aspx?id=115-www.sportsnetwork.com	 Miami at : LA Clippers: Points: 93.8 : 99.9: Pts Against: Assists: 19.7 : 24.2: Ast Against: Rebounds: 44.5 : 50.5: Reb Against: Steals: 8.4 : 6.7: Stl Against ...
at	 	https://plus.google.com/+JessicaYankeyPhotographer-Jessica Yankey - Google+	 Works at Jessica Yankey Photographer. Attends Troy University. Lives in Okinawa Prefecture, Japan. 27 followers | 1,893 views. About Posts Photos YouTube. Stream ...
at	 	http://news.yahoo.com/sheriffs-office-man-holding-least-2-people-hostage-020918218.html-Sheriff's office: Man holding at least 2 people hostage at ...	 From Yahoo News: TOMBALL, Texas (AP) — Sheriff's office: Man holding at least 2 people hostage at Texas hospital; unknown if armed.
at	 	http://news.yahoo.com/taken-3-topples-hobbit-reign-box-office-165817061--finance.html-'Taken 3' topples 'Hobbit' reign at box office - Yahoo News	 LOS ANGELES (AP) -- After three weeks atop the box office, "The Hobbit" has been taken down by Liam Neeson. Fox's "Taken 3" earned the top spot at the weekend box ...
at	 	http://news.yahoo.com/report-zimmerman-denies-throwing-bottle-ex-girlfriend-165554406.html-In report, Zimmerman denies throwing bottle at ex ...	 ORLANDO, Fla. (AP) — George Zimmerman denies throwing a wine bottle at his ex-girlfriend in his latest run-in with authorities since being acquitted of murdering an ...
at	 	http://www.pinnaclesports.com/landing_soccer.aspx?LExt=pol-Best Odds & Win More on Soccer at Pinnacle Sports	 Our low margins mean we have the best odds in the industry. That means you get more for your money.
at	 	https://www.pinterest.com/polardeals/-Polardeals Online on Pinterest	 Polardeals Online is Australia's leading online store with over 2,000 styles at the best price. Fast Australia-wide delivery. Immediate & Discreet Delivery.
at	 	https://plus.google.com/+SandiOliverio-Sandi Oliverio - Google+	 Now that I have retired from my gallery of hand painted furniture and wall murals at 'descendents galeria' where I enjoyed redesigning client's homes and walls, ...
at	 	http://virtualgallery.birzeit.edu/-Paltel Virtual Gallery	 Welcome The Ethnographic and Art Museum is a pioneering art space, that promotes ‎visual arts within the Palestinian community through various ...
at	 	http://uk.reuters.com/video/2015/01/04/hobbit-stands-victorious-at-box-office?videoId=359883901&videoChannel=81-Hobbit stands victorious at box office | Video | Reuters.com	 A small Hobbit stands tall for a third straight week at the top of the box office. It's been a wild ride for Bilbo Baggins... The latest ...
at	 	http://uk.reuters.com/video/2015/01/08/bmw-goes-solar-at-ces?videoId=361712003&videoChannel=82-BMW goes solar at CES | Video | Reuters.com	 STORY: BMW took advantage of the desert sun shining at this year's CES in Las Vegas to show off its concept for powering electric cars in the near future.
at	 	http://www.jharmerphotography.com/-jharmer photography	 "Capturing the Moment, One Image at a Time" Copyright 2014 ©. All rights reserved. Powered by SmugMug Log In ...
at	 	http://www.azdirtdawgs.org/-Latest News & Updates!	 Practices this week; Thursday 12/18 at Prospector Park field #1 from 6:30pm - 8:30pm Saturday 12/20 at Apache Junction High School Batting Cage from 9:00am - 10:30am
at	 	http://www.christtab.org/-OUR MISSION IS HELPING PEOPLE CONNECT WITH GOD	 Everyone is welcome at Christ Tabernacle. A journey of a thousand miles begins with a single step – join us for services this week! SERVICES. 7 PM | Friday.
at	 	http://news.yahoo.com/italian-filmmaker-francesco-rosi-dies-92-174510722.html-Italian filmmaker Francesco Rosi dies at 92 - Yahoo News	 MILAN (AP) — Italian director and screenwriter Francesco Rosi, whose films took on corruption in postwar Italy, winning top honors at the Venice and Cannes film ...
at	 	http://www.sportsnetwork.com/merge/tsnform.aspx?c=sun-sentinel&page=nba/teams/115/teamSN.aspx?id=115-www.sportsnetwork.com	 Miami at : LA Clippers: Points: 93.8 : 99.9: Pts Against: Assists: 19.7 : 24.2: Ast Against: Rebounds: 44.5 : 50.5: Reb Against: Steals: 8.4 : 6.7: Stl Against ...
at	 	https://plus.google.com/+JessicaYankeyPhotographer-Jessica Yankey - Google+	 Works at Jessica Yankey Photographer. Attends Troy University. Lives in Okinawa Prefecture, Japan. 27 followers | 1,893 views. About Posts Photos YouTube. Stream ...
at	 	http://news.yahoo.com/sheriffs-office-man-holding-least-2-people-hostage-020918218.html-Sheriff's office: Man holding at least 2 people hostage at ...	 From Yahoo News: TOMBALL, Texas (AP) — Sheriff's office: Man holding at least 2 people hostage at Texas hospital; unknown if armed.
at	 	http://news.yahoo.com/taken-3-topples-hobbit-reign-box-office-165817061--finance.html-'Taken 3' topples 'Hobbit' reign at box office - Yahoo News	 LOS ANGELES (AP) -- After three weeks atop the box office, "The Hobbit" has been taken down by Liam Neeson. Fox's "Taken 3" earned the top spot at the weekend box ...
at	 	http://news.yahoo.com/report-zimmerman-denies-throwing-bottle-ex-girlfriend-165554406.html-In report, Zimmerman denies throwing bottle at ex ...	 ORLANDO, Fla. (AP) — George Zimmerman denies throwing a wine bottle at his ex-girlfriend in his latest run-in with authorities since being acquitted of murdering an ...
at	 	http://www.pinnaclesports.com/landing_soccer.aspx?LExt=pol-Best Odds & Win More on Soccer at Pinnacle Sports	 Our low margins mean we have the best odds in the industry. That means you get more for your money.
at	 	https://www.pinterest.com/polardeals/-Polardeals Online on Pinterest	 Polardeals Online is Australia's leading online store with over 2,000 styles at the best price. Fast Australia-wide delivery. Immediate & Discreet Delivery.
at	 	https://plus.google.com/+SandiOliverio-Sandi Oliverio - Google+	 Now that I have retired from my gallery of hand painted furniture and wall murals at 'descendents galeria' where I enjoyed redesigning client's homes and walls, ...
