at once	 	http://www.thesaurus.com/browse/at+once-At once Synonyms, At once Antonyms | Thesaurus.com	 Synonyms for at once at Thesaurus.com with free online thesaurus, antonyms, and definitions. Dictionary and Word of the Day.
at once	 	http://idioms.thefreedictionary.com/at+once-at once - Idioms by The Free Dictionary	 It was some utter nonsense; some adventure out there in the water, and they both tried to relate it at once.
at once	 	http://en.wikipedia.org/wiki/All_at_Once-All at Once - Wikipedia, the free encyclopedia	 All at Once may refer to: All at Once (album), a 2011 album by The Airborne Toxic Event "All at Once" (The Fray song), 2007 "All at Once" (Whitney Houston song), 1986
at once	 	http://atoncepartyrental.com/-At Once Party Rental	 At Once Party Rental of Irving Texas is not affiliated with any other party rental store. Our only location is located at: 1928 W. Irving blvd. Irving, ...
at once	 	http://allatonce.org/-All At Once	 Welcome to All At Once, Jack Johnson’s social action network where you can make a positive change in your local and world community: connect with non-profit groups ...
at once	 	http://www.merriam-webster.com/dictionary/once-Once - Definition and More from the Free Merriam-Webster ...	 Definition of ONCE: that once was : former <a once successful actor> Examples of ONCE <the once child star is now a lawyer in the entertainment industry>
at once	 	http://www.kayak.com/-KAYAK - Cheap Flights, Hotels, Airline Tickets, Cheap ...	 Find and book cheap flights, hotels, vacations and rental cars with KAYAK.com. Hotel, flight and travel deals. Search hundreds of travel sites at once.
at once	 	http://www.contactatonce.com/-Live Text and Chat Software from Contact At Once!	 Live text and chat software from Contact At Once! puts you wherever your online shoppers shop and makes you available to them 24-7.
at once	 	http://en.wikipedia.org/wiki/All_at_Once_(Whitney_Houston_song)-All at Once (Whitney Houston song) - Wikipedia, the free ...	 "All at Once" is a song written by Michael Masser and Jeffrey Osborne and recorded by Whitney Houston. It was released as a single in Japan and several European ...
at once	 	http://www.thefreedictionary.com/all+at+once-all at once - definition of all at once by The Free Dictionary	 Thesaurus Antonyms Related Words Synonyms Legend: Adv. 1. all at once - all at the same time; "Let's say `Yes!' all at once" all together. 2. all at once - without ...
at once	 	http://www.youtube.com/watch?v=utWPKM5sLgg-All At Once - Whitney Houston - YouTube	 All At Once - Whitney Houston. All At Once - Whitney Houston ...
at once	 	http://www.contactatonce.com/download/-Download - Live Text and Chat Software from Contact At Once!	 Download the latest Contact At Once! live chat apps and best practice guides for automotive and apartment businesses right here.
at once	 	http://www.metrolyrics.com/all-at-once-lyrics-whitney-houston.html-Whitney Houston - All At Once Lyrics | MetroLyrics	 Lyrics to 'All At Once' by Whitney Houston. All at once / I finally took a moment and I'm realizing that / You're not coming back / And it finally hit me, all
at once	 	http://fivethingsatonce.com/-Five Things At Once | "You can do it all, just learn how ...	 Follow “Five Things At Once” Get every new post delivered to your Inbox. Join 129 other followers. Build a website with WordPress.com Post to. Cancel ...
at once	 	http://www.extendoffice.com/documents/outlook/1165-outlook-forward-multiple-emails.html-How to forward multiple emails individually at once in ...	 Forward multiple emails as attachments at once in Outlook. 1. Launch your Outlook application, hold Ctrl key to select the emails one by one which you want to forward ...
at once	 	http://www.extendoffice.com/documents/excel/1153-excel-protect-multiple-sheets-at-once.html-How to protect multiple worksheets at once in Excel?	 Protect multiple sheets at once with Kutools for Excel . Sometimes, you don't want to protect all the sheets in your workbook, and only want to protect some specific ...
at once	 	http://www.amazon.com/Chinese-Laundry-Womens-At-Once/dp/B003QXM6U0-Amazon.com: Chinese Laundry Women's At Once Ankle Boot ...	 All At Once, we fell in love with this ankle boot from Chinese Laundry. The smooth suede upper covers both the ankle boot and the high wedge heel.
at once	 	http://alllevelsatonce.com/-All Levels at Once // Official Site	 The homepage for All Levels at Once, an art/audio project by Natalie and Austin.
at once	 	http://productforums.google.com/d/topic/gmail/BfjRPGqGepI-How to delete all emails on all pages at once? - Google ...	 How to perform an action (like delete) on all emails at once on all pages, so that it is not necessary to repeat the process page by page
at once	 	http://www.ahemahem.com/delete-all-tweets-at-once/1267/-Delete all Tweets at Once With "4" Working Ways	 4 ways to delete all tweets at once for free. I regularly use these apps to delete all my tweets and clean my Twitter account!
at once	 	http://atoncestaffing.com/-At Once Staffing – full service employment agency ...	 Get to Know the At Once Staffing Team. In the next few weeks we'll share more information about the ladies behind the recruitment, job placement, coaching, and ...
at once	 	http://www.lyricsmode.com/lyrics/t/the_fray/all_at_once.html#!-The Fray - All At Once Lyrics - LyricsMode.com	 Lyrics to All At Once by The Fray: There are certain people you just keep coming back to / She is right in front of you / You begin to
at once	 	http://www.azlyrics.com/lyrics/jackjohnson/allatonce.html-JACK JOHNSON LYRICS - All At Once - A-Z Lyrics	 All at once, The world can overwhelm me There's almost nothin' that you could tell me That could ease my mind Which way will you run When it's always all around you
at once	 	http://www.guinnessworldrecords.com/world-records/most-t-shirts-worn-at-once-Most T-shirts worn at once | Guinness World Records	 The most T-shirts worn at once is 257 and was achieved by Sanath Bandara (Sri Lanka) in Colombo, Sri Lanka, on 22 December 2011. The record was attemted on stage in ...
at once	 	http://www.azlyrics.com/lyrics/whitneyhouston/allatonce.html-WHITNEY HOUSTON LYRICS - All At Once - A-Z Lyrics	 All at once, I finally took a moment and I'm realizing that Your not coming back And it finally hit me all at once All at once, I started counting teardrops and at ...
at once	 	http://www.metrolyrics.com/everything-at-once-lyrics-lenka.html-Lenka - Everything At Once Lyrics | MetroLyrics	 "Everything At Once" is track #5 on the album Two. It was written by Kripac, Lenka. (No other information is available for this lyric - would you like to add ...
at once	 	http://autosplitter.com/-Scan multiple photos at once and crop automatically software.	 Scan multiple photos at once with this software to individual files. Windows application to batch scan, auto separate and crop.
at once	 	http://www.craftsy.com/blog/2014/01/how-to-make-half-square-triangles/-How to Make 8 Half-Square Triangles at Once: The Magic 8 ...	 Discover a quick and easy solution to making eight half-square triangles at once with this Magic 8 Method tutorial by quilter Karen Walker. On Craftsy!
at once	 	http://www.lyricsmode.com/lyrics/j/jack_johnson/all_at_once.html-Jack Johnson - All At Once Lyrics - LyricsMode.com	 All at once, The world can overwhelm me There's almost nothing that you could tell me That could ease my mind Which way will you run When it's always all around you
at once	 	http://www.amazon.com/All-Once-Airborne-Toxic-Event/dp/B004MUD790-Amazon.com: The Airborne Toxic Event: All At Once: Music	 While the sophomore slump sinks a lot of artists, The Airborne Toxic Event sneaks past it with the 2-disc version of All At Once. If you're a fan of the first album ...
at once	 	http://allatonce.org/volunteer-Local Volunteer Events : All At Once	 All At Once is Jack Johnson’s social action network where you can make a positive change in your local and world community: connect with non-profit groups, take ...
at once	 	http://www.furia.com/misc/genremaps/engenremap.html-Every Noise at Once - FURIA	 Every Noise at Once scan list. a cappella ...
at once	 	http://www.last.fm/music/Whitney+Houston/_/All+at+Once-All at Once — Whitney Houston — Last.fm	 Watch the video or listen to Whitney Houston – All at Once for free. All at Once appears on the album Whitney Houston. Whitney Houston (born on August 9, 1963 in ...
at once	 	http://www.syncios.com/how-to-delete-iphone-contacts.html-How to Delete Contacts on iPhone At Once, Remove iPhone ...	 How to delete contacts on iPhone at once. Now and then, you may need to delete a number of contacts on your iPhone. If you would like to turn your iPhone to someone ...
at once	 	http://idioms.thefreedictionary.com/all+at+once-all at once - Idioms by The Free Dictionary	 all at once . 1. Lit. all at the same time. The entire group spoke all at once. 2. Fig. suddenly. All at once the little girl fell out of her chair. See also: once
at once	 	http://www.babycenter.com/400_worried-metronidazole-500mg-4-tablets-all-at-once_10907332_537.bc-Worried! Metronidazole!! 500mg 4 tablets all at once ...	 it is very important that you take the pills all at once. the purpose of this is to get the concentration of medicine in your blood high enough to kill the infection ...
at once	 	http://www.wikihow.com/Date-Multiple-Women-at-Once-How to Date Multiple Women at Once: 11 Steps (with Pictures)	 How to Date Multiple Women at Once. Dating multiple women at once is a heaven and a hell. You get to experience a lot of the fun parts of dating without much commitment.
at once	 	http://www.cnet.com/news/mit-technology-makes-it-possible-to-be-two-places-at-once/#!-MIT technology makes it possible to 'be' two places at once	 MIT technology makes it possible to 'be' two places at once. InForm has potential applications in education, surgical simulations, architecture, and more.
at once	 	http://www.songlyrics.com/the-fray/all-at-once-lyrics/-THE FRAY - ALL AT ONCE LYRICS - SongLyrics.com	 The Fray - All At Once Lyrics. There are certain people You just keep coming back to She is right in front of you You begin to wonder Could you find a better one Compared
at once	 	http://tumblr.alllevelsatonce.com/-All Levels at Once	 The blog of Austin (All Levels at Once), the bringer of colorpop.
at once	 	http://forums.imore.com/iphone-4s/232348-delete-multiple-contacts-once.html-Delete multiple contacts at once - iPhone, iPad, iPod ...	 Is there a way to delete multiple contacts at once? I have over 100 contacts I no longer need in my phone, but I CAN'T lose all of my contacts.
at once	 	http://www.online-tech-tips.com/computer-tips/create-windows-batch-files/-How to Open Multiple Programs in Windows at Once	 Why would you ever want to open multiple programs at once in Windows? Recently, I had someone at my office ask me how they can open several desktop applica
at once	 	http://extraordinarycompilations.blogspot.com/2012/02/indian-woman-delivers-11-babies-at-once.html-Indian Woman Delivers 11 Babies At Once - Extraordinary ...	 There were many internet reports that an extraordinary record was set on India on February 06, 2012 where an Indian Woman delivered 11 babies at once.
at once	 	http://www.elyrics.net/read/w/whitney-houston-lyrics/all-at-once-lyrics.html-ALL AT ONCE Lyrics - WHITNEY HOUSTON - eLyrics.net - Song ...	 All at once, I finally took a moment and I'm realizing that You're not coming back And it finally hit me all at once All at once, I started counting teardrops and at ...
at once	 	http://songmeanings.com/songs/view/3530822107858870035/-Lenka - Everything At Once Lyrics | SongMeanings	 Lyric Correction"As quiet as a mouse," not "quite." Also second refrain (and subsequent refrains) is "All I wanna be, oh All I wanna be is everything Everything at once"
at once	 	http://www.allmusic.com/album/all-at-once-mw0002115242-All at Once - The Airborne Toxic Event | Songs, Reviews ...	 Find album reviews, stream songs, credits and award information for All at Once - The Airborne Toxic Event on AllMusic - 2011 - Leaping from an indie to a major for ...
at once	 	http://dictionary.cambridge.org/dictionary/british/all-at-once-all at once definition, meaning - what is all at once in ...	 all at once - definition, meaning, audio pronunciation, synonyms and more. What is all at once? suddenly and unexpectedly: : See more in British English Dictionary ...
at once	 	http://www.tech-recipes.com/rx/346/word-print-multiple-files-at-once/-Word: Print Multiple Files At Once | a Tech-Recipes Tutorial	 In Word, it is easy to print several files at once without loading them first. Word makes it easy to print several files at once. The user does not even need to open ...
at once	 	http://superuser.com/questions/81327/how-to-close-all-open-windows-at-once-How to close all open windows at once? - Super User	 How do I close all opened windows at once? ... I usually (yes, this happens a lot to me..) just press Alt key and then go crazy on the F4 key until everything is shut ...
at once	 	http://community.skype.com/t5/Windows-archive/How-many-people-can-be-on-skype-at-once/td-p/1764610-How many people can be on skype at once - Skype Community	 I just loaded Skype onto my computer to host meetings via Skype. I will be linking with 5 other locations. How many people can be on Skype Video Conference call at once?
at once	 	http://superuser.com/questions/730945/why-cant-you-uninstall-multiple-programs-at-once-in-windows-Why can't you uninstall multiple programs at once in ...	 Why won't Windows allow you to uninstall or remove multiple programs at once? What is the reasoning behind this? Will it mess up an internal system?
at once	 	http://videokeman.com/whitney-houston/all-at-once-whitney-houston/-All at Once – Whitney Houston - VideokeMan Lyrics	 Lyrics of All at Once – Whitney Houston. All at once, I finally took a moment and Im realizing that Your not coming back And it finally hit me all at once
at once	 	http://bestcydiapps.com/how-to-delete-all-facebook-messages-at-once-2013/-how to delete all facebook messages at once 2014 | Best ...	 how to delete all facebook messages at once 2014. If you want to delete all your message on Facebook follow this steps to delete all the messages at once.
at once	 	http://ea1.co/-Everybody at Once	 Everybody at Once is a consultancy based in NYC that specializes in audience development and social strategy for media, entertainment, and sports.
at once	 	http://www.scientificamerican.com/article/multitasking-two-tasks/-Motivated Multitasking: How the Brain Keeps Tabs on Two ...	 Motivated Multitasking: How the Brain Keeps Tabs on Two Tasks at Once
at once	 	http://www.sharecare.com/health/types-exercise/do-daily-exercise-at-once-Do I have to get my daily exercise all at once? - Types Of ...	 You do not necessarily have to get all of your daily exercise at once. Will it be most ideal to complete a 30+ minute bout of exercise all at once, of course.
at once	 	http://www.agendaatonce.com/features.html-Agenda At Once Free PIM - Features	 Agenda At Once Free PIM is complete but yet simple and easy to use PIM freeware - todo management and planner software.
at once	 	http://mp3skull.com/mp3/all_at_once.html-All At Once Mp3 Download - Mp3skull	 To listen All At Once music just click Play To download All At Once mp3 for free: 1. Right Click -> Save Link As (Save Target As) 2. Change filename to All At Once.mp3
at once	 	http://www.howtogeek.com/126621/how-to-log-into-multiple-accounts-on-the-same-website-at-once/-How To Log Into Multiple Accounts On the Same Website At Once	 If you ever want to sign into two different accounts on the same website at once – say, to have multiple Gmail inboxes open next to each other – you ...
at once	 	http://deleteallemails.com/-Delete all emails at once - Gmail, Outlook, Yahoo!	 In this article you will learn how to delete all emails in Hotmail or Outlook at once. Follow there 3 easy steps to delete all emails in Hotmail or Outlook.
at once	 	http://www.allmusic.com/album/everywhere-at-once-mw0000084319-Everywhere at Once - The Plimsouls | Songs, Reviews ...	 Find album reviews, stream songs, credits and award information for Everywhere at Once - The Plimsouls on AllMusic - 1983 - After their eponymous Planet Records debut ...
at once	 	http://discovermagazine.com/2005/jun/cover-If an Electron Can Be in Two Places at Once, Why Can't You ...	 If an Electron Can Be in Two Places at Once, Why Can't You? Electrons do it. Photons do it. Physics legend Roger Penrose thinks he finally knows why you and I can't ...
at once	 	http://www.imore.com/daily-tip-text-message-multiple-photos-Daily tip: how to text message multiple photos at once | iMore	 Ever wondered whether or not you can text message multiple photos at once? The answer is yes. Sending them individually is annoying and time consuming. And why when ...
at once	 	http://deleteallemails.com/-Delete all emails at once - Gmail, Outlook, Yahoo!	 In this article you will learn how to delete all emails in Hotmail or Outlook at once. Follow there 3 easy steps to delete all emails in Hotmail or Outlook.
at once	 	http://www.lyricsmania.com/all_at_once_lyrics_fray_the.html-The Fray - All At Once Lyrics	 Lyrics to All At Once There are certain people you just keep coming back to She is right in front of you You begin to wonder could you find a better one
at once	 	http://www.wikihow.com/Have-Two-Boyfriends-at-Once-How to Have Two Boyfriends at Once: 3 Steps (with Pictures)	 Edit Article How to Have Two Boyfriends at Once. Well, you love Trey on the football team, right? You'd love to go out with him, but the problem is, you adore Travis ...
at once	 	http://tabs.ultimate-guitar.com/t/the_fray/all_at_once_crd.htm-All At Once Chords by The Fray @ Ultimate-Guitar.Com	 All At Once Chords by The Fray with chord diagrams, easy version and transpose. Added on July 11, 2006
at once	 	http://www.cd-info.com/tech/rec/dao.html-What is the difference between Disc-At-Once and Track-At-Once?	 What is the difference between disc at once and track at once? We look at the differences between these formats when recording Audio CDs.
at once	 	http://www.brighthub.com/mobile/iphone/articles/73457.aspx-How to Delete All the Contacts on your iPhone at Once	 Delete iPhone contacts and delete all contacts on iPhone at once with this step-by-step guide. If you've got unwanted contacts stored on your iPhone, this ...
at once	 	http://news.yahoo.com/dish-hopper-set-record-8-shows-once-190308916.html-New Dish Hopper set-up can record 8 shows at once - Yahoo News	 LAS VEGAS (AP) — Dish Network Corp. has unveiled a new digital recorder system that can record eight TV shows at once and can be controlled by voice.
at once	 	http://darktips.com/delete-facebook-messages-at-once/-How to delete all your Facebook messages at once	 Facebook does not allow you to delete all your messages at once. You have to click on each message thread and delete each of them individually.
at once	 	http://download.cnet.com/Unrar-Multiple-Rar-Files-At-Once-Software/3000-2250_4-75740238.html-Unrar Multiple Rar Files At Once Software - Free download ...	 From Sobolsoft: Unrar Multiple Rar Files At Once Software offers a solution for users who want to batch unzip multiple files contained in RAR files.
at once	 	http://imar.spaanjaars.com/567/uploading-multiple-files-at-once-using-aspnet-45-Uploading Multiple Files at Once using ASP.NET 4.5	 In versions of ASP.NET before 4.5 there was no direct way to enable a user to upload multiple files at once. The FileUpload control only supported a single file at ...
at once	 	http://codejacked.com/renaming-multiple-files-at-once-windows/-::Renaming Multiple Files At Once (Windows)	 Renaming Multiple Files At Once (Windows) ... Sips from the Can » Blog Archive » Slumming with the Windows Command Intepreter on 01 Mar 2008 at 12:03 am
at once	 	https://cybertext.wordpress.com/2011/12/01/word-delete-all-comments-at-once/-Word : Delete all comments at once | CyberText Newsletter	 You can delete all comments in a Word document at once. Why you would want to do that under normal circumstances is another matter, but perhaps, like me ...
at once	 	http://searchvmware.techtarget.com/answer/How-many-VMs-can-vSphere-vMotion-move-at-once-And-other-questions-How many VMs can vSphere vMotion move at once? And other ...	 VMware offers vMotion in select vSphere editions to live migrate VMs. In vSphere vMotion, there are limitations on how many VMs can vMotion at once, and on network ...
at once	 	http://hubpages.com/hub/worktwojobatonce-How to Work Two Jobs at Once (And Not Go Crazy!)	 There are many reasons to work two jobs at once. Of course, the most popular reason is to make more money. Sometimes people work to make extra money for a vacation or ...
at once	 	http://www.musicsonglyrics.com/all-at-once-lyrics-whitney-houston.html-Whitney Houston - All At Once Lyrics	 Whitney Houston All At Once lyrics have amazing beat and vocals. Performed by Whitney Houston, All At Once lyrics will give you a musical euphoria...
at once	 	http://www.computerhope.com/tips/tip208.htm-Enter the same text into multiple Excel cells at once	 You are here: Tips > Excel Tips. Enter the same text into multiple Excel cells at once. In Microsoft Excel, you can enter the same data or text into multiple cells at ...
at once	 	http://www.romantic-lyrics.com/la59.shtml-All at Once Lyrics by Whitney Houston - Romantic Song ...	 All at Once - Whitney Houston All at once I fin'lly took a moment And I'm realizing that You're not coming back And it fin'lly hit me All at once All at once I ...
at once	 	https://hakre.wordpress.com/2012/04/05/iterating-over-multiple-iterators-at-once/-Iterating over Multiple Iterators at Once | hakre on wordpress	 PHP’s SPL has two build-in Iterators that deal with multiple iterators at once: AppendIterator and MultipleIterator. In this posting I’ll cover both a bit:
at once	 	http://www.mrexcel.com/forum/excel-questions/643914-initializing-multidimensional-array-once.html-Initializing Multidimensional Array at Once	 Hello, MrExcel! One simple questions about VBA arrays. Is there a way I can initialize all the elements inside an array at once, specifically
at once	 	http://allmyfriendsatonce.com/-When all of my friends are on at once	 A collection of memories about being online. When all of my friends are on at once
at once	 	http://onceallagog.com/-At Once All Agog	 Welcome to At Once All Agog, a specialty toy store and gift shop. We carry the finest toys, puzzles, and games from all over the world. Come visit our shop in ...
at once	 	http://traveltips.usatoday.com/search-multiple-airlines-once-13299.html-How to Search Multiple Airlines at Once | USA Today	 Step 2. Utilize a travel website such as Kayak, SideStep or LowFares that not only searches multiple airlines at once, but results are from a compilation of traveling ...
at once	 	http://forums.macrumors.com/showthread.php?t=1157897-Is there a way to print multiple word .docs at once like ...	 Is there a way to print multiple word .docs at once like on a PC? Mac Applications and Mac App Store
at once	 	http://windowssecrets.com/forums/showthread.php/133277-Open-multiple-files-at-once-Open multiple files at once | Windows Secrets Lounge	 Hi, all, (long time...) in Windows Explorer, I want to select and open a number of files of different types at once. In Windows XP, you selected all the files and hit ...
at once	 	http://www.computerhope.com/tips/tip119.htm-Close all open files at once in Microsoft Word and Excel.	 You are here: Tips > Word Tips. Close all open files at once in Microsoft Word and Excel. Close all open Microsoft Word and Excel files by holding down the shift key ...
at once	 	http://www.volcanodiscovery.com/faq/volcanoes_erupt_at_once.html-How many volcanoes can erupt at once? - VolcanoDiscovery	 How many volcanoes can erupt at once? In theory, there is no limit on the number of volcanoes that could erupt at once other than the number of active volcanoes ...
at once	 	http://www.facebook.com/help/131313586947248/-How many people can I message at once? | Facebook Help ...	 You can message up to 250 people at once. If you'd like to distribute a message to a specific group that you're a part of, you can post in the group.
at once	 	http://www.lyricsmania.com/all_at_once_lyrics_whitney_houston.html-Whitney Houston - All At Once Lyrics	 Whitney Houston All At Once Lyrics. All At Once lyrics performed by Whitney Houston: All at once I finally took a moment. And I'm realizing that. You're not coming ...
at once	 	https://www.lyricinterpretations.com/the-fray/all-at-once-The Fray - All At Once Lyrics Meaning - Lyric Interpretations	 What does The Fray's song All At Once mean? We have the answer.
at once	 	http://www.wired.com/2012/10/directv-genie-dvr/-DirecTV's New DVR Records 5 Shows at Once, Streams to ...	 DirecTV’s Genie DVR can record up to five shows at once, and play back video to up to four TVs at once. Image: DirecTV
at once	 	http://vimeo.com/56066182-Everything At Once (full length official) on Vimeo	 This is "Everything At Once (full length official)" by LenkaMusic on Vimeo, the home for high quality videos and the people who love them.
at once	 	http://www.cnet.com/how-to/how-to-mark-all-unread-e-mails-as-read-at-once-in-gmail/#!-How to mark all unread e-mails as read at once in Gmail - CNET	 How to mark all unread e-mails as read at once in Gmail. Gmail's inbox tabs are great for filtering out e-mails of less importance, but they also make it a bit too ...
at once	 	https://in.answers.yahoo.com/question/index?qid=20080106183843AAFj6s7-How can I delete all mails at once from my yahoo mail box ...	 How can I delete all mails at once from my yahoo mail box?it contains 5000+?
at once	 	http://www.autodealerchat.com/-Auto Dealer Chat and Text from AutoDealerChat.com	 Website Chat vs. WebWIDE Auto Dealer Chat & Text. When Contact At Once! started, chat wasn’t new; neither was texting. But no one had ever deployed them within ...
at once	 	http://www.facebook.com/help/131313586947248/-How many people can I message at once? | Facebook Help ...	 You can message up to 250 people at once. If you'd like to distribute a message to a specific group that you're a part of, you can post in the group.
at once	 	http://onecantgetoverthehabit.blogspot.com/-One can't get over the habit of being a little girl all at ...	 One can't get over the habit of being a little girl all at once...
at once	 	http://www.asap-utilities.com/excel-tips-detail.php?categorie=9&m=119-Excel tip: Inserting multiple rows at once: the Excel way ...	 Excel tip: Inserting multiple rows at once: the Excel way and the easy way Date: 13 november 2006 Inserting multiple rows "the Excel way" If you want to insert ...
at once	 	http://www.wired.com/2013/03/skyrim-mods/-150 Mods at Once (And a $1,500 PC) Give Skyrim a Next-Gen ...	 There are a lot of mods going on all at once in these screenshots, but one of the most impactful is Skyrim HD - 2K Textures by NebuLa. It replaces many of ...
at once	 	http://www.petri.com/rename_multiple_files_at_once.htm-Rename Multiple Files At Once - Petri IT Knowledgebase	 In Windows XP you can rename many files at once by using Windows Explorer: Select all files in a folder. Right click and choose Rename. You can also press F2 to ...
at once	 	http://alllevelsatonce.bandcamp.com/-Music | All Levels at Once	 All Levels at Once ... Two and a Half Pixels - Single Depender - Single
at once	 	http://us.battle.net/wow/en/forum/topic/6606291258-Can we no longer drop four totems at once? - Forums ...	 totems no longer provide buff, instead they are utility.. so dropping 4 totems at once is no longer really needed
at once	 	http://answers.google.com/answers/threadview?id=507207-Google Answers: How to send multiple messages at once from ...	 Subject: How to send multiple messages at once from Outlook's DRAFT folder ?? Category: Computers > Programming Asked by: marcfestnws-ga List Price: $50.00
at once	 	http://forums.macrumors.com/showthread.php?t=1341209-how to delete or move ALL emails at once in non-jail ...	 how to delete or move ALL emails at once in non-jail broken ipad or iphone iPhone Tips, Help and Troubleshooting
at once	 	http://homeguides.sfgate.com/can-borrower-two-fha-loans-once-9471.html-Can a Borrower Have Two FHA Loans at Once? | Home Guides ...	 One borrower having two FHA loans at once is the exception, not the rule. The Department of Housing and Urban Development has set specific rules for this rare occurrence.
at once	 	http://www.trulia.com/voices/Financing/can_you_get_two_mortgages_at_once_-210932-Financing: Can you get two mortgages at once? - Trulia Voices	 can you get two mortgages at once? Find answers to this and many other questions on Trulia Voices, a community for you to find and share local information. Get ...
at once	 	http://www.msoutlook.info/question/681-You are attempting to attach too many files at once ...	 When I try to add multiple attachments to my email I get the following message; “You are attempting to attach too many files at once. Try reducing the number of ...
at once	 	http://www.npr.org/templates/story/story.php?storyId=129682989-The Joys Of Reading Many Books At Once : NPR	 Cultural critic Julia Keller says reading multiple books at once lets a reader juxtapose a somber book with a more lighthearted one. ...
at once	 	http://disc-at-once.winsite.com/-Free Disc At Once Downloads	 Disc At Once software free downloads and reviews at WinSite. Free Disc At Once Shareware and Freeware.
at once	 	http://renamer.com/-Renamer - Rename many files at once on your Mac	 Renamer is a batch file renamer for Mac that allows you to rename many files at once. Renamer lets you search and replace text in filenames, number files, randomly ...
at once	 	http://www.gamespot.com/articles/eight-xbox-one-controllers-can-be-synced-at-once/1100-6413960/-Eight Xbox One controllers can be synced at once - GameSpot	 GameSpot; Quantum Break; News & Features; Eight Xbox One controllers can be synced at once Microsoft reveals next-gen console will support double the number of ...
at once	 	http://www.ravelry.com/patterns/library/two-at-once-toe-up-magic-loop-socks-Ravelry: Two at Once, Toe-Up Magic Loop Socks pattern by ...	 Two at once, Toe up, Magic Loop Socks -50631 June 24, 2008 errata available. Knit Picks pdf modified October 22, 2008. From the Knit Picks Website:
at once	 	http://tabs.ultimate-guitar.com/j/jack_johnson/all_at_once_crd.htm-All At Once Chords by Jack Johnson @ Ultimate-Guitar.Com	 All At Once Chords by Jack Johnson with chord diagrams, easy version and transpose. Added on February 4, 2008
at once	 	http://www.lyrics.com/everything-at-once-lyrics-lenka.html-Lenka - Everything at Once Lyrics - Lyrics.com - your ...	 Lenka Everything at Once lyrics: As sly as a fox, as strong as an ox As fast as a hare, as brave as a bear As free as a bird, as mean as a word As quiet as a mouse ...
at once	 	http://www.last.fm/music/The+Fray/_/All+at+Once-All at Once — The Fray — Last.fm	 KK3thesss And all at once the crowd begins to sing: "Sometimes the hardest thing and the right thing are the same" A good quote to live by. [4]
at once	 	http://boingboing.net/2013/03/25/watch-all-six-star-wars-movies.html-Watch all six Star Wars movies at once - Boing Boing	 In the interest of time, here are all six Star Wars films at once.
at once	 	http://guitarchordsfree.blogspot.com/2012/11/chord-gitar-lenka-everything-at-once.html-Chord Gitar - Lenka Everything At Once - guitar chords	 Judul : Everything At Once Album : Single (2012) Lenka - Everything At Once Intro: Dm Dm As sly as a fox as strong as an ox Dm As fast as a hare as brave as a bear
at once	 	https://snapguide.com/guides/close-multiple-apps-at-once-ios-7/-How to Close Multiple Apps at Once iOS 7 - Snapguide	 In this tutorial we will show you how to close multiple applications at once using iOS 7. Double tap the home bottom. You can do this at anytime and anywhere on your ...
at once	 	http://www.elyrics.net/read/f/fray-lyrics/all-at-once-lyrics.html-ALL AT ONCE Lyrics - FRAY - eLyrics.net - Song Lyrics	 Fray All At Once lyrics & video : There are certain people you just keep coming back to She is right in front of you You begin to wonder could you find a better one ...
at once	 	http://www.thesweatshopoflove.com/blog/2011/01/18/how-to-video-knitting-two-sleeves-at-once/-How to Video: Knitting Two Sleeves at Once | The Sweatshop ...	 I talked a lot about the benefits of knitting two sleeves at once last week with my Charvet Pullover. If I hadn’t knit both my sleeves at once I would have run out ...
at once	 	http://osxdaily.com/2012/08/11/quit-multiple-apps-at-once-ios/-Quit Multiple Apps At Once on iPhone & iPad Using ...	 Quit Multiple Apps At Once on iPhone & iPad Using Multitouch in iOS 6
at once	 	http://www.engadget.com/2011/03/24/cablevision-lets-viewers-watch-9-channels-at-once-with-new-io-tv/-Cablevision lets viewers watch 9 channels at once with new ...	 Cablevision launched its Quick View feature back in 2009 that displayed an array of channels in various categories all at once, but now it's updated that ...
at once	 	http://www.sevenforums.com/general-discussion/256862-renaming-multiple-file-extensions-once.html-Renaming multiple file extensions at once Solved - Windows ...	 How do i change multiple file extensions name all at once? I have all MKV file and would like to change it in to AVI. This process is taking far too long.
at once	 	http://www.multichannel.com/news/technology/cablevisions-cloud-dvr-can-now-record-15-shows-once/373699?nopaging=1-Cablevision's Cloud DVR Can Now Record 15 Shows At Once ...	 Video Cablevision's Cloud DVR Can Now Record 15 Shows At Once MSO Raises Stakes In The Super DVR Game 4/07/2014 2:15 PM Eastern
at once	 	http://www.searchck.com/-Search all craigslist locations at once !	 Searchck.com offer Craigslist Search engine by state, or at once, customized by Google Search Technology, refined results can help you find items in seconds.
at once	 	http://www.softpedia.com/get/Tweak/Uninstallers/Uninstall-Multiple-Programs-At-Once-Software.shtml-Uninstall Multiple Programs At Once Software Download ...	 Uninstall Multiple Programs At Once Software is a tool developed specifically, as the name clearly hints at, to uninstall several apps in the same session.
at once	 	http://excelribbon.tips.net/T006223_Viewing_Two_Worksheets_At_Once.html-Viewing Two Worksheets At Once (Microsoft Excel)	 Viewing Two Worksheets At Once. by Allen Wyatt (last updated July 10, 2014) Please Note: This article is written for users of the following Microsoft Excel versions ...
at once	 	http://www.songfacts.com/detail.php?id=9633-All At Once by The Fray Songfacts	 All At Once by The Fray song meaning, lyric interpretation, video and chart position
at once	 	http://www.synonyms.net/synonym/all%20at%20once-all at once synonym - Synonyms.net	 Synonyms for all at once at Synonyms.net with free online thesaurus, antonyms, definitions and translations.
at once	 	http://www.dailymotion.com/video/x2aq8u_whitney-houston-all-at-once_music-Whitney Houston - All At Once - Video Dailymotion	 Watch the video «Whitney Houston - All At Once» uploaded by jpdc11 on Dailymotion.
at once	 	http://www.japantrendshop.com/facial-lift-at-once-face-trainer-p-1124.html-Japan Trend Shop | Facial Lift At Once Face Trainer	 Facial Lift At Once Face Trainer Facial muscle and mouth exercise
at once	 	http://grossiweb.com/how-to-change-multiple-file-names-at-once.html-How to Change Multiple File Names at Once	 How to Change Multiple File Names at Once. 1) First you need to select all the files you wish to rename. To select All Files in a folder you can go to Edit > "Select ...
at once	 	http://www.mrexcel.com/forum/excel-questions/8822-importing-multiple-text-files-once.html-Importing Multiple Text Files at once - Mr. Excel	 Importing Multiple Text Files at once. This is a discussion on Importing Multiple Text Files at once within the Excel Questions forums, part of the Question Forums ...
at once	 	http://videokeman.com/lenka/everything-at-once-lenka/-Everything At Once – Lenka Lyrics - VideokeMan	 Lyrics of Everything at Once – Lenka. As sly as a fox, as strong as an ox As fast as a hare, as brave as a bear As free as a bird, as neat as a word
at once	 	http://forums.cnet.com/7723-19411_102-378338/delete-all-event-logs-at-once-in-windows-7/-Delete all event logs at once in Windows 7 - CNET Windows ...	 Windows 7: Delete all event logs at once in Windows 7 - Read Windows 7 discussions and get tips and advice on this topic and others on CNET Forums.
at once	 	http://venturebeat.com/2013/08/19/tivos-new-dvrs-can-record-up-to-six-shows-at-once/-Tivo's new Roamio DVRs can record up to six shows at once ...	 Tivo is launching a new generation of digital video recorders today that have revamped user interfaces and can record up to six shows at once. The new ...
at once	 	http://www.directlyrics.com/lenka-everything-at-once-lyrics.html-Lenka - Everything At Once lyrics - Directlyrics	 View the Lenka Everything At Once lyrics and music video. As sly as a fox, as strong as an ox, As fast as a hare, as brave as a bear, As free as a bird, as neat as a ...
at once	 	http://www.guitaretab.com/l/lenka/284752.html-Lenka - ( Everything At Once chords ) - A-Z Guitar Tabs ...	 Everything At Once tab by Lenka at GuitareTab.com
at once	 	http://www.guidingtech.com/8079/bookmark-all-open-tabs-at-once-firefox-chrome-opera-internet-explorer/-Bookmark All Open Tabs At Once in Firefox, Chrome, Opera & IE	 How to Bookmark All Open Tabs At Once in Firefox, Chrome, Opera and Internet Explorer.
at once	 	http://www.tumfweko.com/2012/02/06/strange-woman-gives-birth-to-11-baby-boys-at-once/-STRANGE !!! WOMAN Gives BIRTH To 11 Baby Boys At ONCE ...	 STRANGE !!! WOMAN Gives BIRTH To 11 Baby Boys At ONCE An Indian Woman gave birth to eleven 11 kids baby boys few days ago. Resources have been told that few of them ...
at once	 	https://soundcloud.com/tiredpony/all-things-all-at-once-Tired Pony - "All Things All At Once" - SoundCloud - Hear ...	 Buy All Things All At Once. Users who like All Things All At Once; Users who reposted All Things All At Once; Playlists containing All Things All At Once
at once	 	http://word.tips.net/T000048_Formatting_All_Headings_At_Once.html-Formatting All Headings At Once (Microsoft Word)	 Formatting All Headings At Once. by Allen Wyatt (last updated July 21, 2012) Please Note: This article is written for users of the following Microsoft Word ...
at once	 	http://www.businessinsider.com/ipad-split-screen-multitasking-apps-2014-5-iPad Split-Screen Multitasking Apps - Business Insider	 Apple's next version of iOS, its operating system for iPhones and iPads, will let you run two apps at once in a split-screen view on the iPad, according to ...
at once	 	http://www.divinedinnerparty.com/cooking-two-turkey-breasts-at-once.html-Cooking Two Turkey Breasts at Once - Divine Dinner Party ...	 Cooking Two Turkey Breasts at Once. by Robin I am cooking two turkey breasts for Thanksgiving. Should I figure they will take approximately 2.5 hours to ...
at once	 	http://excel.tips.net/T002287_Updating_Multiple_PivotTables_at_Once.html-Updating Multiple PivotTables at Once (Microsoft Excel)	 Updating Multiple PivotTables at Once. by Allen Wyatt (last updated June 22, 2013) Please Note: This article is written for users of the following Microsoft Excel ...
at once	 	http://artists.letssingit.com/the-fray-lyrics-all-at-once-g46c3fc-The Fray - All At Once Lyrics - Songs | Most Popular	 The Fray lyrics - All At Once: and all at once, the crowd begins to sing, sometimes, we'd never know what's wrong, without the pain, sometimes the hardest thing, and ...
at once	 	http://alllevelsatonce.bandcamp.com/album/tessellate-Tessellate | All Levels at Once	 Tessellate by All Levels at Once, released 10 January 2013 1. Kupo 2. Whitelie 3. Axolotl 4. Canary 5. Blasticate 6. Leviathan 7. Identity 8. Icebreaker 9. Paragon 10.
at once	 	http://www.sing365.com/music/lyric.nsf/Everything-At-Once-lyrics-Lenka/EC2A49E74482BA564825783E0007E112-EVERYTHING AT ONCE LYRICS - LENKA - Sing365.com	 "Everything At Once" Lyrics by Lenka: As sly as a fox, as strong as an ox As fast as a hare, as brave as a bear As free as a bird, as neat as...
at once	 	http://lifehacker.com/5052859/search-all-craigslist-sites-at-once-Search All Craigslist Sites at Once - Lifehacker - Tips ...	 At least one way to search all the Craigslist.org cities at once has come and gone, but a new comprehensive Craigslist search engine is now available that ...
at once	 	http://www.livestrong.com/article/385714-how-to-take-multiple-vitamins-at-once/-How to Take Multiple Vitamins at Once | LIVESTRONG.COM	 How to Take Multiple Vitamins at Once Last Updated: Feb 18, 2011 | By Elizabeth Wolfenden. Each essential vitamin has its own distinct function and benefits.
at once	 	https://uk.answers.yahoo.com/question/index?qid=20080709043516AAowmUZ-How to delete multiple emails at once? - Yahoo Answers UK	 so my inbox has been sent over 3000 useless emails all from the same sender and i need a way to delete them all at once because right now i have to click ...
at once	 	http://www.sobolsoft.com/playmultiplevideo/-Play Multiple Videos At Once Software - Sobolsoft	 What is this software? Play Multiple Videos At Once Software offers a solution to users who want to play many videos files on the computer screen at once.
at once	 	http://www.180techtips.com/133.htm-Closing multiple windows at once - 180 Technology Tips #133	 Closing multiple windows all at once: Hold the CTRL key down and click on each of the tabs in the Task Bar (at the bottom of the screen) that you want to ...
at once	 	http://pc-addicts.com/how-to-create-multiple-users-at-once-in-active-directory-using-powershell-part-1-of-2/-How to Create Multiple Users at Once in Active Directory ...	 Create Multiple Users at Once in Active Directory Using Powershell. Powershell is already built into the latest versions of Windows, and it’s free, so why not use it?
at once	 	http://www.tomshardware.com/forum/55157-32-burn-multiple-dvds-once-Burn multiple dvds at once - DVD Writers - Storage	 I'm wanting to buy 2-4 dvd burners so that I can do multiple burns at once from my computer. I know nero supports burning to multiple drives, but I can't ...
at once	 	http://www.softpedia.com/get/Office-tools/PDF/PDF-Print-Multiple-PDF-Files-At-Once.shtml-PDF Print Multiple PDF Files At Once Download - Softpedia	 PDF Print Multiple PDF Files At Once is a software application with a pretty self-explanatory name, as it is able to print multiple PDFs at the same time.
at once	 	http://caloriecount.about.com/forums/weight-loss/water-bad-drink-all-once-WATER, Bad to drink all at once? - Calorie Counter | Food ...	 HI . I am also not to fond of water as it comes out fo the tap. I like ice bottled water. better.I wouldl think that all that water all at once would be very hard on your
at once	 	http://www.thebody.com/h/ARS-symptoms-comes-all-at-once.html-Ars Symptoms Comes All At Once - The Body	 TheBody.com fills you in on the topic, ARS symptoms comes all at once, with a wealth of fact sheets, expert advice, community perspective, the latest news/research ...
at once	 	http://www.openmultipleurl.com/-Open Multiple URL – Open Multiple Links, Multi URL ...	 Free tool to Open Multiple URL, Open Multiple Links, Multi URL Opener, Bulk Links Opener, Too Many URL at once
at once	 	http://www.guinnessworldrecords.com/world-records/most-neck-ties-worn-at-once-Most neck ties worn at once | Guinness World Records	 The most neckties worn at once is 260 and was achieved by Colin Jones (UK) at St Andrew's School, Bedford, UK, on 26 September 2014.
at once	 	http://www.lyricsfreak.com/j/jack+johnson/all+at+once_20729673.html-All At Once Lyrics - Jack Johnson - LyricsFreak.com	 All at once The world Can't overwhelm me Theres almost nothin' That you could tell me That could ease my mind Which way will you run When it's always
at once	 	http://www.lyricsfreak.com/j/jack+johnson/all+at+once_20729673.html-All At Once Lyrics - Jack Johnson - LyricsFreak.com	 All at once The world Can't overwhelm me Theres almost nothin' That you could tell me That could ease my mind Which way will you run When it's always
at once	 	http://www.songtexte.com/songtext/lenka/everything-at-once-13e90129.html-Songtext von Lenka - Everything at Once Lyrics	 Everything at Once Songtext von Lenka mit Lyrics, deutscher Übersetzung, Musik-Videos, Liedtexten und Zitaten kostenlos auf Songtexte.com
at once	 	http://osxdaily.com/2012/08/02/delete-all-photos-from-iphone/-Delete All Photos from iPhone At Once - OS X Daily - News ...	 Delete All Photos from iPhone At Once ... The method you describe is painfully slow indeed as I learned the hard way a while back.
at once	 	http://www.msoutlook.info/question/51-Applying custom views to all folders at once - MSOutlook.info	 No, there is no need to do that. In Outlook you can define view templates to to easily apply changes to multiple folders at once. Outlook 2010 and Outlook 2013 also ...
at once	 	http://www.straightdope.com/columns/read/142/if-all-chinese-jumped-at-once-would-cataclysm-result-If everyone in China jumped off chairs at once, would the ...	 If everyone in China jumped off chairs at once, would the earth be thrown out of its orbit?
at once	 	http://searchalldeals.com/-SearchAllDeals.com - Search all deal and coupon sites at once!	 Search all deal and coupons sites at once!
at once	 	http://www.songtexte.com/songtext/whitney-houston/all-at-once-5bd6c7a8.html-Songtext von Whitney Houston - All at Once Lyrics	 All at Once Songtext von Whitney Houston mit Lyrics, deutscher Übersetzung, Musik-Videos, Liedtexten und Zitaten kostenlos auf Songtexte.com
at once	 	http://www.livestrong.com/article/448104-how-to-cook-two-digiorno-pizzas-at-once/-How to Cook Two DiGiorno Pizzas at Once | LIVESTRONG.COM	 How to Cook Two DiGiorno Pizzas at Once Last Updated: Feb 19, 2014 | By Beth Rifkin. Pizza is a quick family dinner. Photo Credit Brand X Pictures/Brand X ...
at once	 	http://chandoo.org/wp/2013/01/15/insert-multiple-columns-excel-tip/-Insert Multiple Columns at once [Quick tip] | Chandoo.org ...	 And if you have multiple sheets selected, it will work for all of those at once as well
at once	 	http://www.asap-utilities.com/blog/index.php/2006/11/13/tip-insert-multiple-rows-at-once/-Tip: Insert multiple rows at once - ASAP Utilities for ...	 Inserting multiple rows "the Excel way" If you want to insert multiple rows at once the standard procedure is to first select multiple rows and then use the "Insert ...
at once	 	http://www.vbaexpress.com/kb/getarticle.php?kb_id=142-VBA Express : Excel - Protect or Unprotect All Worksheets ...	 Protect or Unprotect All Worksheets at Once This macro loops through all worksheets and protects or unprotects all of them.
at once	 	http://ask-leo.com/how_do_i_send_email_to_a_lot_of_people_at_once.html-How do I send email to a lot of people at once?	 It's very tempting to build a group or list in your email program to send mail to them all at once. But if the group is big, it probably won't work.
at once	 	https://forums.creativecow.net/thread/203/872381-change multiple photo sizes at once : Adobe Photoshop basics	 change multiple photo sizes at once - This forum is for those who are new to Adobe Photoshop, or are using Photoshop Elements. - Adobe Photoshop basics Forum
at once	 	http://answers.google.com/answers/threadview/id/703539.html-Google Answers: MS Word: How to remove all hyperlinks at once	 Subject: MS Word: How to remove all hyperlinks at once Category: Computers > Software Asked by: rambler-ga List Price: $5.00: Posted: 04 Mar 2006 08:44 PST
at once	 	http://www.lyricsfreak.com/t/the+fray/all+at+once_20500994.html-All At Once Lyrics - The Fray	 Lyrics to All At Once by The Fray: There are certain people you just keep coming back to / She is right in front of you / You begin to
at once	 	https://au.answers.yahoo.com/question/index?qid=20091207232444AAKE9e4-How do i delete all emails in my inbox at once?	 If you are using the new mail, you will see Select all, click there then delete. They all go at once. If you are using the classic mail, you are probably ...
at once	 	http://forums.autodesk.com/t5/autocad-lt-general-discussion/multiple-cad-layout-files-printing-at-once/td-p/2897772?nobounce=-Multiple cad Layout files printing at once - Autodesk ...	 Dear Sir/madam, I came across a difficulty about to print multiple cad layout at once. I used before "autom8" command for that in autocad 2005.
at once	 	http://www.lifehacker.com.au/2011/06/print-multiple-files-at-once-with-drag-and-drop/-Print Multiple Files At Once With Drag And Drop ...	 If you need to print a large number of files at once, having to open each one individually and then print them can be a nuisance. Speed the process up by ...
at once	 	http://digitizor.com/2010/01/15/resize-multiple-images-windows/-Resize Multiple Images in Windows 7, Windows 8 Quickly	 Find out how you can quickly resize multiple pictures or images at once in Windows 8, Windows 7, XP & Vista using the easy to use Image Resize Powertoy - batch
at once	 	http://email-com.com/?keyword=open%20my%20inbox-Check All Your Email Accounts At Once! - Email-com.com	 Check All Your Email Accounts At Once! - One-click access to Hotmail®, Yahoo!® Mail and more! - Save time and effort with Instant ...
at once	 	http://money.usnews.com/money/personal-finance/mutual-funds/articles/2012/07/30/got-bucks-invest-them-all-at-once-Got Bucks? Invest Them All at Once - US News	 Got Bucks? Invest Them All at Once The case for lump-sum investing over dollar-cost averaging. A collection of $20 bills are shown
at once	 	http://userhome.brooklyn.cuny.edu/irudowsky/CIS10.31/articles/EOQModel-OriginalPaper.pdf-HOW MANY PARTS TO MAKE AT ONCE - City University of New York	 HOW MANY PARTS TO MAKE AT ONCE FORD W. HARRIS Production Engineer Reprinted from Factory, The Magazine of Management, Volume 10, Number 2, February 1913, pp. 135-136, 152
at once	 	http://www.excelforum.com/excel-formulas-and-functions/683601-activating-multiple-array-formulas-at-once.html-Activating Multiple Array Formulas at Once...	 Hi, Does anyone know how to activate a block of different array formulas at once?? Example: N7:Q80 has a total of 296 Array Cells. Each has a unique formula & I ...
at once	 	http://indiaatonce.blogspot.com/-iNDiA @ONCE	 This blog has moved to its own domain. So, now onwards, please visit : http://indiaatonce.com for the all-new iNDiA at ONCE and bookmark it. To subscribe via eMail ...
at once	 	http://indiaatonce.blogspot.com/-iNDiA @ONCE	 This blog has moved to its own domain. So, now onwards, please visit : http://indiaatonce.com for the all-new iNDiA at ONCE and bookmark it. To subscribe via eMail ...
at once	 	http://www.vidgridz.com/zen/-VidGridz, Play multiple videos at once - Grid based Multi ...	 Multiple Video Player which allows the playing and manipulation of upto 13 videos at once in a flexible grid screen. Standalone application for Windows, Mac, and ...
at once	 	http://www.tomshardware.com/forum/175043-28-soundcards-once-Soundcards can two be run at once? - Sound Cards - Components	 You can have two installed at once, but I think windows can only use one at a time. Never done it before. What are you trying to do?
at once	 	http://www.sunsetcottage.com/home.php?yer=taking-two-cialis-at-once&se=1-Prime Pharmacy: Taking two cialis at once the lowest price!	 Taking Two Cialis At Once. The activation of precursors, often through cascade reactions, and care is important to release inferiorly enough to suggest that a less ...
at once	 	http://morningmika.com/book.html-MorningMika | Mika Brzezinski	 All Things at Once . All Things At Once is the story of this journey—and Mika is the first to admit that she has struggled to achieve work/life balance and made ...
at once	 	http://lirik.kapanlagi.com/artis/lenka/everything_at_once-KapanLagi.com: Lirik Lenka - Everything At Once	 Lirik lagu Everything At Once oleh Lenka. Dapatkan lirik lagu lain oleh Lenka di KapanLagi.com
at once	 	http://biblehub.com/judges/16-28.htm-Judges 16:28 Then Samson prayed to the LORD, "Sovereign ...	 And Samson called to the LORD, and said, O Lord God, remember me, I pray you, and strengthen me, I pray you, only this once, O God, that I may be at once avenged of ...
at once	 	http://hardforum.com/showthread.php?t=1520082-How do I change multiple file extensions at once? - [H]ard ...	 How do I change multiple file extensions at once? General Software
at once	 	http://ubuntuforums.org/showthread.php?t=1658140-Moving, copying and removing multiple files at once in ...	 Hi I'm relatively new to ubuntu and i was wondering how i would go about removing multiple files/folders in a folder at once. What do i use to separate the names.
at once	 	http://www.medhelp.org/posts/HIV-Prevention/DO-ALL-HIV-SYMPTOMS-COME-ALL-AT-ONCE/show/1716459-DO ALL HIV SYMPTOMS COME ALL AT ONCE..? - HIV Prevention ...	 Hi my question is .. Do all HIV Symptoms Usually come all at once during the first outbreak..? and what are the most common symptoms THANK YOU FOR YOUR HELP ....
at once	 	http://clarissadraper.blogspot.com/2010/06/blogging-tips-how-to-open-multiple.html-Blogging Tips: How to Open Multiple Links at Once in Firefox	 6) To open multiple links at once, you need to be a bit of an finger acrobat. I'm serious. You may on occasion use the right-mouse button for clicking but ...
at once	 	http://vimeo.com/19877175-Everything At Once by Lenka on Vimeo - Vimeo, Your Videos ...	 Viral video for Lenka's song Everything At Once directed by James Gulliver Hancock and Lenka. With dancing by Lenka, Sarah Winshall and Kesley Robinson, sets by…
at once	 	http://www.wordreference.com/es/translation.asp?tranword=all%20at%20once-all at once - English-Spanish Dictionary - WordReference.com	 Principal Translations: all at once adv adverb: Describes a verb, adjective, adverb, or clause--for example, "come quickly," "very rare," "happening now," "fall down."
at once	 	https://discussions.apple.com/thread/3725866?start=0&tstart=0-How can I turn off ALL APPS AT ONCE without jai... | Apple ...	 How can I turn off ALL APPS AT ONCE without jailbreaking my phone and downloading the app available in Cydia?
at once	 	http://www.airliners.net/aviation-forums/general_aviation/read.main/226263/-How Many Planes At Once In The Sky? — Civil Aviation ...	 I was just wondering at any given time, how may planes are in the sky at once? Does anyone know?? Thanks a bunch.....
at once	 	http://freepianosheetsdownload.blogspot.com/2012/12/lenka-everything-at-once-from-windows-8.html-Free Piano Sheets: Lenka — Everything At Once piano sheets	 Lenka — Everything At Once from Windows 8 piano sheets ... Sorry. The disk on server is broken. IT-support solving the problem. Please, check back a couple hours later
at once	 	https://holycrop.wordpress.com/2011/07/01/cropping-many-images-at-once-in-lightroom/-Cropping Many Images at Once In Lightroom™ | Holy Crop!	 Don’t waste your time cropping your images one-at-a-time. Leverage the power of your software to perform many crops to many images at once. It is no ...
at once	 	http://www.wordhippo.com/what-is/another-word-for/all_at_once.html-What is another word for 'all at once'? - Find Similar or ...	 What is the Polish word for all at once? What is the Haitian Creole word for all at once? What is the Malay word for all at once? What is the Spanish word for all at once
at once	 	http://www.seekyouritem.com/cl/-Search all craigslist cities at once, free craigslist ...	 Search whole craigslist site at once. It's a free craigslist search tool to help you to search all craigslist cities.
at once	 	http://rapidtravelchai.boardingarea.com/2012/12/12/barclays-credit-cards-101-and-how-many-can-you-get-at-once-4-5-or-more/-receive 4-5 Barclays credit cards, AT ONCE	 I hadn’t realized you could get so many Barclays cards at once. They aren’t big fans of having too many recently opened cards, so I haven’t tried lately.
at once	 	http://www.answering-christianity.com/divorce.htm-My husband divorced me 3 times all at once! Am I really ...	 My husband divorced me 3 times all at once! Am I really divorced? Also, how can a woman divorce her husband? The sections of this article are:
at once	 	http://www.zdnet.com/article/sign-into-multiple-google-accounts-at-once/-Sign into multiple Google accounts at once | ZDNet	 Google is rolling out a new feature that lets you sign into multiple Google accounts at once. This is a pretty great feature, and one that will save many people a lot ...
at once	 	http://www.patspapers.com/blog/item/what_if_everybody_flushed_at_once_Edmonton_water_gold_medal_hockey_game/-What If Everybody in Canada Flushed At Once? | Pat's Papers	 What If Everybody in Canada Flushed At Once? Written by Pats Papers | Monday, 8 March 2010 2:42 PM. The water utility in Edmonton, EPCOR, published the most ...
at once	 	http://quizlet.com/help/how-do-i-combine-sets-Combining multiple sets | Quizlet	 Use the Combine tool to create a new set out of existing sets, or to study several sets at once. How to combine sets. Click on the set title to get to the set's main ...
at once	 	http://support.iyogi.com/microsoft/microsoft-word/how-to-delete-all-footnotes-or-endnotes-at-once-in-microsoft-word.html-How to delete all footnotes or endnotes at once in ...	 Call iYogi @ 877 316 9419 or Follow the instructions to delete all footnotes or endnotes at once in Microsoft Word
at once	 	http://www.answering-christianity.com/divorce.htm-My husband divorced me 3 times all at once! Am I really ...	 My husband divorced me 3 times all at once! Am I really divorced? Also, how can a woman divorce her husband? The sections of this article are:
at once	 	http://www.zdnet.com/article/sign-into-multiple-google-accounts-at-once/-Sign into multiple Google accounts at once | ZDNet	 Google is rolling out a new feature that lets you sign into multiple Google accounts at once. This is a pretty great feature, and one that will save many people a lot ...
at once	 	http://quizlet.com/help/how-do-i-combine-sets-Combining multiple sets | Quizlet	 Use the Combine tool to create a new set out of existing sets, or to study several sets at once. How to combine sets. Click on the set title to get to the set's main ...
at once	 	http://www.patspapers.com/blog/item/what_if_everybody_flushed_at_once_Edmonton_water_gold_medal_hockey_game/-What If Everybody in Canada Flushed At Once? | Pat's Papers	 What If Everybody in Canada Flushed At Once? Written by Pats Papers | Monday, 8 March 2010 2:42 PM. The water utility in Edmonton, EPCOR, published the most ...
at once	 	http://tipnut.com/hard-boiled-eggs/-How To Prepare Lots Of Hard-Cooked Eggs At Once : TipNut.com	 Here’s a tip sent in by Barb for making big batches of boiled eggs at once. Actually, they’re not heated in water at all so maybe “baked” is a more ...
at once	 	http://www.kovideo.net/all-at-once-lyrics-the-fray-732581.html-THE FRAY - ALL AT ONCE LYRICS - KOvideo - Only the best Music	 Correct/Submit this lyric. You are viewing All At Once lyrics performed by The Fray. The song lyrics for All At Once in KOvideo are property of respective ...
at once	 	http://curious.astro.cornell.edu/question.php?number=255-How many sunspots can the Sun have at once?	 How many sunspots can the Sun have at once? Hi i am doing a report for my 6 grade science class. I was wondering if you could answer the following questions?
at once	 	http://slack-time.com/music-video-2612-the-fray-all-at-once-All At Once by The Fray music video | lyrics | Slack-Time	 Lyrics to All At Once by The Fray There are certain people you just keep coming back to She is right in front of you You begin to wonder could you find a better one
at once	 	https://myspace.com/everythingatonce-Everything At Once | Listen and Stream Free Music, Albums ...	 Everything At Once's profile including the latest music, albums, songs, music videos and more updates.
at once	 	http://blueletterbible.org/faq/nbi/364.html-Is God Everywhere At Once? (Omnipresent) - Blue Letter Bible	 Is God Everywhere At Once? (Omnipresent) - Blue Letter Bible
at once	 	http://www.computertim.com/howto/article.php?topic=windows&idn=108-Print Multiple Documents at Once - Page 1 of 1 - Microsoft ...	 Introduction Do you need to print multiple documents at once? This How-To Article shows you how to print multiple documents at once, without needing to open each one.
at once	 	http://www.ginktage.com/2013/04/how-to-insert-multiple-rows-at-once-in-microsoft-excel-2007/-How to insert multiple rows at once in Microsoft Excel 2007?	 This article will explain how to insert multiple rows at once in Microsoft Excel 2007 Worksheet need to insert huge number of information into the excel sheet
at once	 	http://latimesblogs.latimes.com/music_blog/2011/04/album-review-the-airborne-toxic-events-all-at-once.html-Album review: The Airborne Toxic Event's 'All at Once'	 It's hard not to get swept up in the boundless ambition of “All at Once,” the sophomore effort from the Airborne Toxic Event. The local band rose to national ...
at once	 	http://www.musicsonglyrics.com/everything-at-once-lyrics-lenka.html-Lenka - Everything At Once Lyrics - MusicSongLyrics.com	 Lenka Everything At Once lyrics have amazing beat and vocals. Performed by Lenka, Everything At Once lyrics will give you a musical euphoria...
at once	 	http://everywhereatonce.com/-EVERYWHERE AT ONCE internet solutions	 Web design, application development, hosting, and strategy to help you do business everywhere at once.
at once	 	http://www.addictivetips.com/mobile/multi-texter-send-multiple-sms-to-multiple-contacts-at-once-android/-Multi Texter: Send Multiple SMS To Multiple Contacts At ...	 Looking for an effective way to send multiple text messages to multiple contacts at once from your Android phone? Look no further because Multi Texter has
at once	 	http://copter.ardupilot.com/wiki/initial-setup/esc-motor/-ESC Calibration | ArduCopter - ArduCopter | Multirotor UAV	 All at once calibration. Safety Check! Before calibrating ESCs, please ensure that your copter has NO PROPS on it and that the APM is NOT CONNECTED to your computer ...
at once	 	http://sivers.org/donkey-Trying to pursue many different directions at once ...	 Entrepreneur, programmer, avid student of life. I make useful things, and share what I learn. Trying to pursue many different directions at once?
at once	 	http://community.wolfram.com/groups/-/m/t/127928-Plot multiple planes at once in Wolfram|Alpha - Online ...	 Wolfram Community forum discussion about Plot multiple planes at once in Wolfram|Alpha. Stay on top of important topics and build connections by joining Wolfram ...
at once	 	http://www.nairaland.com/862360/indian-woman-gives-birth-11-Indian Woman Gives Birth To 11 Kids All At Once - See Pix ...	 Indian Woman Gives Birth To 11 Kids All At Once - See Pix - Health - Nairaland. Nairaland Forum / Nairaland / General / Health / Indian Woman Gives Birth ...
at once	 	http://www.911tabs.com/tabs/t/the_fray/all_at_once_tab.htm-All At Once chords & tabs by The Fray @ 911Tabs	 Choose and determine which version of All At Once chords and tabs by The Fray you can play
at once	 	http://forums.anandtech.com/showthread.php?t=242068-Hotmail: How can I delete 7500 emails in my inbox at once ...	 Hotmail: How can I delete 7500 emails in my inbox at once? Software for Windows
at once	 	http://www.911tabs.com/tabs/l/lenka/everything_at_once_tab.htm-Everything At Once chords & tabs by Lenka @ 911Tabs	 Choose and determine which version of Everything At Once chords and tabs by Lenka you can play
at once	 	http://www.cyberciti.biz/tips/windows-7-starter-edition.html-Windows 7 Starter Edition Only Runs 3 Applications At Once ...	 This ultra-cheap edition is intended for use on netbooks, but its biggest restriction sounds like a complete deal-breaker: it only runs three applications at once.
at once	 	http://muchtranslate.blogspot.com/-Translate words into many languages at once	 Translate words or sentences into many languages at once
at once	 	http://www.jailbreakmatrix.com/app/close-all-iphone-ipad-ipod-touch-apps-at-once-Close all iPhone, iPad, iPod Touch Apps at once ...	 How to close all open iOS apps at once. Hi Guy’s, If your like me, and it’s the little things in life that make you happy, then this is right up your street!
at once	 	http://www.cyberciti.biz/tips/windows-7-starter-edition.html-Windows 7 Starter Edition Only Runs 3 Applications At Once ...	 This ultra-cheap edition is intended for use on netbooks, but its biggest restriction sounds like a complete deal-breaker: it only runs three applications at once.
at once	 	http://zimdiaspora.com/index.php?option=com_content&id=7668:indian-woman-gives-birth-to-11-children-at-once&Itemid=18-Woman gives birth to 11 babies at once - Zim Diaspora	 By Staff Reporter. AN Indian woman has given birth to 11 children at once, it has been revealed. News reaching The ZimDiaspora.com in London is that the woman ...
at once	 	http://www.bursalagu.com/mp3/lenka_everything_at_once.html-(6.6MB) Lenka Everything At Once - Mp3 Download	 lenka everything at once Mp3 Download [Download] Lenka Everything At Once mp3 (6.6MB) . Total found: 481 files (lagu, musicas, musics, songs). Play lenka everything ...
at once	 	http://www.hothotsoftware.com/excel-extract-data-and-text-from-multiple-files-at-once_software/-Excel Extract Data and Text from Multiple Files at Once	 Excel Extract Data and Text from Multiple Files at Once Software! Get it now! Only $49.95 U.S. (Regular $69.95 US!) for a limited time! Excel Extract Data and Text ...
at once	 	http://www.medhelp.org/posts/Urology/Cannot-void-all-pee-at-once--and-feel-urgency-all-the-time/show/225207-Cannot void all pee at once, and feel urgency all the time ...	 Cannot void all pee at once, and feel urgency all the time
at once	 	http://www.asoftwareplus.com/resize-images.html-Resize Images - Resize multiple images at once	 Resize Images is a very easy to use utility. You can select multiple images to be resized at once, in addition you can also select the output format.
at once	 	http://forums.asp.net/t/1713781.aspx?Showing+multiple+ValidationException+at+once+to+the+user-Showing multiple ValidationException at once to the user ...	 Dear readers, I'm trying to show multiple custom validation errors at once, but so far I only manage to get one shown at a time. I'm doing this in my ...
at once	 	http://www.forums.usa.canon.com/t5/Printer-Multifunction-Support/Canon-MX922-feeds-2-pages-at-once/m-p/123535-Canon MX922 feeds 2 pages at once - Canon Community	 I have a Canon MX922. It feeds 2 pages at once very frequently. This is a big problem, especially when printing checks. How can I fix this?
at once	 	http://www.sanfrancisco.com/everywhere-all-at-once-e2198861-Everywhere All at Once - San Francisco, CA - on Thu Feb 5 ...	 Description Vanessa Marsh Everywhere All at Once February 5—28, 2015 Dolby Chadwick Gallery is pleased to announce “Everywhere All at Once,” an exhibition of ...
at once	 	https://www.flickr.com/photos/100728648@N03/16240819931/-I fell in love the way you fall asleep, slowly and then ...	 I fell in love the way you fall asleep, slowly and then all at once♥
at once	 	https://distance.alaska.edu/-Distance Learning	 ... course search capability after you login, that allows you to search AND then register for the cours(es) you choose all at once. ...
at once	 	http://nicedaddy.tumblr.com/post/107793415332/elegant-and-sporty-at-once-Nice Daddy | Elegant and sporty at once	 Elegant and sporty at once. ministe likes this. hotdcyounger likes this
at once	 	http://www.ividb.com/-IViDB	 ... Showing Your Reel & Being The Director And DP At Once! Film Riot - Quick Tips: 5 Tips For Faster Editing! Film Riot - Mondays: Hiring Cast and Crew & Film ...
at once	 	http://www.atoncedeliverysystems.com/-AtOnce Delivery Systems	 At Once is proud to offer the quality service our loyal customers demand; no matter the time of day, the day of the week or holiday season.
at once	 	http://allatonce.org/volunteer-Local Volunteer Events : All At Once	 All At Once is Jack Johnson’s social action network where you can make a positive change in your local and world community: connect with non-profit groups, take ...
at once	 	http://www.techattend.com/uninstall-multiple-windows-programs-at-once/-Uninstall Multiple Windows Programs At Once Using These ...	 Add Remove Programs utility in Windows doesn't allow you to uninstall multiple Windows programs at once, but you can use third-party uninstallers.
at once	 	http://www.wordreference.com/enfr/at%20once-at once - English-French Dictionary WordReference.com	 at once - traduction anglais-français. Forums pour discuter de at once, voir ses formes composées, des exemples et poser vos questions. Gratuit.
at once	 	http://www.coolweirdo.com/indian-woman-gave-birth-to-11-kids-at-once-true-or-false.html-Indian Woman Gave Birth To 11 Kids At Once: True Or False?	 Indian Woman Gave Birth To 11 Kids At Once: True Or False? Rumor has it that somewhere inIndia, inSuratto be more specific, a supermom gave birth to eleven babies all ...
at once	 	http://stackoverflow.com/questions/8766865/sql-create-multiple-tables-at-once-php - SQL Create multiple tables at once - Stack Overflow	 I need to create multiple tables at once. Im having a hard time figuring out the correct method for accomplishing this. Currently my script looks like this: private ...
at once	 	http://www.furia.com/misc/genremaps/engenremap.html-Every Noise at Once - FURIA	 Every Noise at Once scan list. a cappella ...
at once	 	http://www.ravelry.com/patterns/library/two-at-once-toe-up-socks-Ravelry: Two at Once, Toe-Up Socks pattern by Kelley Petkun	 Two at Once, Toe-up Socks - 50417 July 30, 2007 errata available. Knit Picks pdf modified October 22, 2008. From the Knit Picks Website: This technique is so simple ...
at once	 	http://en.wikipedia.org/wiki/All_at_Once-All at Once - Wikipedia, the free encyclopedia	 All at Once may refer to: All at Once (album), a 2011 album by The Airborne Toxic Event "All at Once" (The Fray song), 2007 "All at Once" (Whitney Houston song), 1986
at once	 	http://www.myscienceproject.org/condoms.html-How Many Condoms at Once? - My Science Project Answers ...	 How Many Condoms Can You Wear at Once? The Experiment Some of you may have heard of the practice of “double bagging” – wearing two condoms during sex for extra ...
at once	 	http://www.weather.com/storms/hurricane/news/four-hurricanes-once-atlantic-basin-20130925-Flashback: Four Hurricanes at Once in Atlantic Basin	 Sixteen years ago, four hurricanes were rumbling in the Atlantic Basin at once. How rare is this?
at once	 	http://www.gamefaqs.com/boards/631516-wii-u/67854933-How many people can play Wii U at once? - Wii U Message ...	 I'm getting a Wii U this month, and I plan to play it with some family members this Christmas. My question is: how many people can play at once?
at once	 	https://www.facebook.com/this.is.how.you.promote-How to Invite All Your Friends at Once | Facebook	 How to Invite All Your Friends at Once. 4,273 likes · 113 talking about this. Do you want to invite all your friends to your event? Here is a...
at once	 	http://www.windstream.com/Support/How-many-devices-can-I-watch-Hulu-Plus-on-at-once-/-How many devices can I watch Hulu Plus on at once?	 How many devices can I watch Hulu Plus on at once? How many devices can I watch Hulu Plus on at once? Hulu Plus is intended as a personal account, and only one ...
at once	 	http://www.amazon.com/All-Once-Airborne-Toxic-Event/dp/B004MUD790-Amazon.com: The Airborne Toxic Event: All At Once: Music	 While the sophomore slump sinks a lot of artists, The Airborne Toxic Event sneaks past it with the 2-disc version of All At Once. If you're a fan of the first album ...
at once	 	http://www.lyrics.com/all-at-once-lyrics-the-fray.html-The Fray - All at Once Lyrics - Lyrics.com - your music ...	 The Fray All at Once lyrics: Submit LyricsYour name will be printed as part of the credit when your lyric is approved.
at once	 	http://www.agendaatonce.com/-Free PIM Software - Agenda At Once - Organizer and To-Do ...	 Agenda At Once Free PIM is complete, simple and powerful PIM freeware - to-do list software with schedule planner, contact management and notes.
at once	 	http://kotaku.com/5961994/what-skyrim-looks-like-when-youre-running-100-mods-at-once-What Skyrim Looks Like When You're Running 100 Mods At Once	 My copy of Skyrim would usually fall over once I started running more than, say, 8-10 mods at once. So I've got no idea how modder Unreal has managed to ...
at once	 	http://www.huffingtonpost.com/iris-krasnow/can-you-love-two-men-at-o_b_1336102.html-Can You Love Two Men At Once? | Iris Krasnow	 Can you love two people at once and stay married? I have interviewed dozens of wives who love, or have loved, two men simultaneously. They have shared ...
at once	 	http://www.sing365.com/music/lyric.nsf/All-At-Once-lyrics-Whitney-Houston/A447CD33EA738440482568640006AFD2-ALL AT ONCE LYRICS - WHITNEY HOUSTON - Sing365.com	 All at once, I finally took a moment and I'm realizing that You're not coming back And it finally hit me all at once All at once, I started counting ...
at once	 	http://www.songlyrics.com/whitney-houston/all-at-once-lyrics/-WHITNEY HOUSTON - ALL AT ONCE LYRICS - SongLyrics.com	 All at once I finally took a moment and I'm realizing that You're not coming back And it finally hit me, all at once All at once I started counting teardrops and at ...
at once	 	http://www.glassdoor.com/Reviews/Contact-At-Once-Reviews-E643455.htm-Contact At Once! Reviews | Glassdoor	 7 Contact At Once! reviews. A free inside look at company reviews and salaries posted anonymously by employees.
at once	 	http://download.cnet.com/Unzip-Multiple-Zip-Files-At-Once-Software/3000-2250_4-75180427.html-Unzip Multiple Zip Files At Once Software - Free download ...	 You are logged in as . Please submit your review for Unzip Multiple Zip Files At Once Software
at once	 	http://dotnetawesome.blogspot.com/2013/09/how-to-update-multiple-row-at-once.html-How to update multiple row at once Using MVC 4 and EF ...	 Introduction In this post I am explain how to update multiple row at once in MVC. Just follow the steps and get result within 15 minute. Prerequisite
at once	 	http://biblehub.com/proverbs/12-16.htm-Proverbs 12:16 Fools show their annoyance at once, but the ...	 New International Version Fools show their annoyance at once, but the prudent overlook an insult. New Living Translation A fool is quick-tempered, but a wise person ...
at once	 	https://answers.yahoo.com/question/index?qid=20120212155828AAKFJ8D-How to delete all Archived messages on facebook . AT ONCE!?	 sorry, but there is no way to erase them all at once ... The best way to clean your past on Facebook is by using the Activity Log, the new feature that ...
at once	 	http://www.psychologytoday.com/blog/creative-synthesis/201201/many-ages-once-Many Ages at Once | Psychology Today	 Parents often describe these children as being many ages at once. A five year old, for example, might read third-grade books, lack the small motor ...
at once	 	http://www.ehow.com/how_8297869_delete-email-once.html-How to Delete All of My Email at Once | eHow	 How to Delete All of My Email at Once. Deleting the mountains of email in your Inbox one at a time is an onerous task that requires time and a lot of patience.
at once	 	http://www.atonceweddingandparty.com/-Wedding and Party Supplies - At Once Wedding and Party ...	 At Once Wedding And Party Supplies, Ltd brings to the world market 30 years of experience in the "bricks and mortar" supply business. We are always adding new ...
at once	 	https://answers.yahoo.com/question/index?qid=20120428195011AAd0vAL-How can i delete all my emails at once? - Yahoo Answers	 That puts all your emails in ONE long scrolling list so you can delete them all at once.
at once	 	http://knitthreetogether.wordpress.com/2013/05/09/stunt-knitting-2-socks-at-once/-Stunt knitting: 2 socks at once | Knit three together	 Last weekend, I took a class on knitting two socks at once, on the same set of needles, using the War & Peace method. Rarely have two forms of such obscure ...
at once	 	http://www.syncios.com/how-to-delete-iphone-contacts.html-How to Delete Contacts on iPhone At Once, Remove iPhone ...	 How to delete contacts on iPhone at once. Now and then, you may need to delete a number of contacts on your iPhone. If you would like to turn your iPhone to someone ...
at once	 	http://www.cnet.com/news/mit-technology-makes-it-possible-to-be-two-places-at-once/#!-MIT technology makes it possible to 'be' two places at once	 MIT technology makes it possible to 'be' two places at once. InForm has potential applications in education, surgical simulations, architecture, and more.
at once	 	https://distance.alaska.edu/-Distance Learning	 ... course search capability after you login, that allows you to search AND then register for the cours(es) you choose all at once. ...
at once	 	http://nicedaddy.tumblr.com/post/107793415332/elegant-and-sporty-at-once-Nice Daddy | Elegant and sporty at once	 Elegant and sporty at once. ministe likes this. hotdcyounger likes this
at once	 	http://www.ividb.com/-IViDB	 ... Showing Your Reel & Being The Director And DP At Once! Film Riot - Quick Tips: 5 Tips For Faster Editing! Film Riot - Mondays: Hiring Cast and Crew & Film ...
at once	 	http://www.myhomefitnessextreme.com/-MyhomeFitness - Home	 ... flexibility, and cardio—all at once! Transform your body in 60 days with the most intense workout program ever put on DVD. Shaun T ...
at once	 	https://social.technet.microsoft.com/Forums/en-US/da383293-39f5-4bac-a857-1e9f91e21414/unlink-many-contacts-at-once?forum=outlook-UnLink Many Contacts at Once	 I accidentally linked all of my contacts (500) to one contact. 499 are showing up under the 1. Is there someway I can unlink them all at once instead of having to do ...
at once	 	http://www.myhomefitnessextreme.com/-MyhomeFitness - Home	 ... flexibility, and cardio—all at once! Transform your body in 60 days with the most intense workout program ever put on DVD. Shaun T ...
at once	 	https://social.technet.microsoft.com/Forums/en-US/da383293-39f5-4bac-a857-1e9f91e21414/unlink-many-contacts-at-once?forum=outlook-UnLink Many Contacts at Once	 I accidentally linked all of my contacts (500) to one contact. 499 are showing up under the 1. Is there someway I can unlink them all at once instead of having to do ...
at once	 	http://www.myhomefitnessextreme.com/-MyhomeFitness - Home	 ... flexibility, and cardio—all at once! Transform your body in 60 days with the most intense workout program ever put on DVD. Shaun T ...
at once	 	https://social.technet.microsoft.com/Forums/en-US/da383293-39f5-4bac-a857-1e9f91e21414/unlink-many-contacts-at-once?forum=outlook-UnLink Many Contacts at Once	 I accidentally linked all of my contacts (500) to one contact. 499 are showing up under the 1. Is there someway I can unlink them all at once instead of having to do ...
at once	 	http://www.myhomefitnessextreme.com/-MyhomeFitness - Home	 ... flexibility, and cardio—all at once! Transform your body in 60 days with the most intense workout program ever put on DVD. Shaun T ...
at once	 	https://social.technet.microsoft.com/Forums/en-US/da383293-39f5-4bac-a857-1e9f91e21414/unlink-many-contacts-at-once?forum=outlook-UnLink Many Contacts at Once	 I accidentally linked all of my contacts (500) to one contact. 499 are showing up under the 1. Is there someway I can unlink them all at once instead of having to do ...
at once	 	http://www.myhomefitnessextreme.com/-MyhomeFitness - Home	 ... flexibility, and cardio—all at once! Transform your body in 60 days with the most intense workout program ever put on DVD. Shaun T ...
at once	 	https://social.technet.microsoft.com/Forums/en-US/da383293-39f5-4bac-a857-1e9f91e21414/unlink-many-contacts-at-once?forum=outlook-UnLink Many Contacts at Once	 I accidentally linked all of my contacts (500) to one contact. 499 are showing up under the 1. Is there someway I can unlink them all at once instead of having to do ...
at once	 	http://www.myhomefitnessextreme.com/-MyhomeFitness - Home	 ... flexibility, and cardio—all at once! Transform your body in 60 days with the most intense workout program ever put on DVD. Shaun T ...
at once	 	https://social.technet.microsoft.com/Forums/en-US/da383293-39f5-4bac-a857-1e9f91e21414/unlink-many-contacts-at-once?forum=outlook-UnLink Many Contacts at Once	 I accidentally linked all of my contacts (500) to one contact. 499 are showing up under the 1. Is there someway I can unlink them all at once instead of having to do ...
at once	 	http://www.myhomefitnessextreme.com/-MyhomeFitness - Home	 ... flexibility, and cardio—all at once! Transform your body in 60 days with the most intense workout program ever put on DVD. Shaun T ...
at once	 	https://social.technet.microsoft.com/Forums/en-US/da383293-39f5-4bac-a857-1e9f91e21414/unlink-many-contacts-at-once?forum=outlook-UnLink Many Contacts at Once	 I accidentally linked all of my contacts (500) to one contact. 499 are showing up under the 1. Is there someway I can unlink them all at once instead of having to do ...
at once	 	http://www.myhomefitnessextreme.com/-MyhomeFitness - Home	 ... flexibility, and cardio—all at once! Transform your body in 60 days with the most intense workout program ever put on DVD. Shaun T ...
at once	 	https://social.technet.microsoft.com/Forums/en-US/da383293-39f5-4bac-a857-1e9f91e21414/unlink-many-contacts-at-once?forum=outlook-UnLink Many Contacts at Once	 I accidentally linked all of my contacts (500) to one contact. 499 are showing up under the 1. Is there someway I can unlink them all at once instead of having to do ...
at once	 	http://www.myhomefitnessextreme.com/-MyhomeFitness - Home	 ... flexibility, and cardio—all at once! Transform your body in 60 days with the most intense workout program ever put on DVD. Shaun T ...
at once	 	https://social.technet.microsoft.com/Forums/en-US/da383293-39f5-4bac-a857-1e9f91e21414/unlink-many-contacts-at-once?forum=outlook-UnLink Many Contacts at Once	 I accidentally linked all of my contacts (500) to one contact. 499 are showing up under the 1. Is there someway I can unlink them all at once instead of having to do ...
