at the end	 	http://en.wikipedia.org/wiki/At_the_End-At the End - Wikipedia, the free encyclopedia	 "At the End" is the 2nd single by New York house band iiO. It was released on October 22, 2002. Contents 1 Official Remixes 2 At the End (Metropolitan Mix) 3 Charts 4 ...
at the end	 	http://www.bbc.co.uk/worldservice/learningenglish/language/askaboutenglish/2009/06/090901_aae_end_page.shtml-Learning English - Ask about English - At the end / in the end	 Trudi Faulkner-Petrova explains the difference between the phrases 'in the end' and 'at the end' Ask about English 1 September 2009
at the end	 	http://idioms.thefreedictionary.com/at+the+end+of+the+day-at the end of the day - Idioms by The Free Dictionary	 at the end of the day . 1. Lit. at the time when work or one's waking hours end. (See also by the end of the day.) I will have an answer at the end of the day.
at the end	 	http://www.merriam-webster.com/dictionary/end-End - Definition and More from the Free Merriam-Webster ...	 She interviewed several players at the end of the game. The restaurant is in the north end of the city. We biked from one end of the island to the other.
at the end	 	http://dictionary.reference.com/browse/In%20the%20end-In the end | Define In the end at Dictionary.com	 at the end of the table; the west end of town. 4. the furthermost imaginable place or point: an island at the very end of the world. 5. termination; conclusion:
at the end	 	http://en.wikipedia.org/wiki/The_Ocean_at_the_End-The Ocean at the End - Wikipedia, the free encyclopedia	 The Ocean at the End is Canadian rock band The Tea Party's eighth studio album and their first since the band reunited in 2011. The album comes ten years after their ...
at the end	 	http://startattheendbook.com/-Start at the End	 About ‘Start At The End’ Business owners, and their teams, often lose their way in the midst of the day-to-day stress of generating sales and profits.
at the end	 	http://www.metrolyrics.com/at-the-end-lyrics-iio.html-IIO - At The End Lyrics | MetroLyrics	 Lyrics to 'At The End' by IIO. When you're away / I'm feeling empty, I lose my mind / But when you're around / I take for granted most of our time / Honey, you
at the end	 	http://www.nytimes.com/2014/12/04/theater/on-a-stool-at-the-end-of-the-bar-by-robert-callely.html-'On a Stool at the End of the Bar,' by Robert Callely ...	 The marketing for “On a Stool at the End of the Bar,” the new drama by Robert Callely at 59E59 Theaters, studiously avoids giving away the pivotal fact ...
at the end	 	http://dictionary.cambridge.org/dictionary/british/at-the-end-of-your-tether_1-at the end of your tether definition, meaning - what is at ...	 at the end of your tether - definition, meaning, audio pronunciation, synonyms and more. What is at the end of your tether ? having no strength or patience left ...
at the end	 	http://www.imdb.com/title/tt0359423/-A Home at the End of the World (2004) - IMDb	 Share this Rating. Title: A Home at the End of the World (2004) 6.8 /10. Want to share IMDb's rating on your own site? Use the HTML below.
at the end	 	http://www.azlyrics.com/lyrics/iio/attheend.html-IIO LYRICS - At The End - AZLyrics - Song Lyrics from A to Z	 Lyrics to "At The End" song by IIO: When you're away, I'm feeling empty I lose my mind But when you're around, I take for granted Most o...
at the end	 	http://www.amazon.com/The-Ocean-End-Lane-Novel/dp/0062255665-The Ocean at the End of the Lane: A Novel: Neil Gaiman ...	 The Ocean at the End of the Lane: A Novel and over one million other books are available for Amazon Kindle. Learn more
at the end	 	http://www.amazon.com/The-Monster-End-This-Book/dp/0307010856-The Monster at the End of This Book: Jon Stone, Michael ...	 The Monster at the End of This Book (Sesame Street) and over one million other books are available for Amazon Kindle. Learn more
at the end	 	http://villageattheendoftheworld.com/-Trailer: Village at the End of the World	 A film by Sarah Gavron, The Village At The End Of The World, is about the only teenager in town who, in a community of hunters doesn't want to hunt.
at the end	 	http://www.usingenglish.com/handouts/330.html-At the end, in the end, etc - Printable Teacher Handout ...	 At the end, in the end, etc (10 Questions) - From a collection of English grammar worksheets, handouts and printables for English language and English as a Second ...
at the end	 	http://www.dailywritingtips.com/at-the-end-of-the-day/-At the End of the Day - Daily Writing Tips	 A reader has asked me to “shed some light” on the expression “at the end of the day”: I know it means “after everything has been taken into consideration ...
at the end	 	http://www.azlyrics.com/lyrics/lesmiserablescast/attheendoftheday.html-LES MISERABLES CAST LYRICS - At The End Of The Day	 At the end of the day you're another day older And that's all you can say for the life of the poor It's a struggle, it's a war And there's nothing that anyone's giving
at the end	 	http://whathappensattheend.blogspot.com/-What Happens at the End? The Film-Endings guide.	 Brutually real drama about three juveniles who enter a correctional centre. The Franco-Canadian remake of 'Scum', but what does happen at the end?
at the end	 	http://www.dict.cc/?s=at+the+end-dict.cc | at the end | Wörterbuch Englisch-Deutsch	 Übersetzung für at the end im Englisch-Deutsch-Wörterbuch dict.cc.
at the end	 	http://answers.microsoft.com/en-us/office/forum/office_2010-word/how-do-i-delete-a-blank-page-at-the-end-of-a-word/a4be3d7c-8c3e-4cd2-9745-deef1d70ea7f-How do I delete a blank page at the end of a Word 2010 ...	 How do I delete a blank page at the end of a Word 2010 document? ... How do I delete a blank page at the end of a Word 2010 document?
at the end	 	http://www.businessinsider.com/questions-to-ask-at-end-of-job-interview-2014-5-11 Questions You Should Ask At The End Of Every Job Interview	 It's important to remember that every interview is a two-way street. Here's what you should always ask the employer at the end of the job interview.
at the end	 	http://www.metrolyrics.com/at-the-end-of-the-day-lyrics-les-miserables.html-Les Miserables - At The End Of The Day Lyrics | MetroLyrics	 "At The End Of The Day" is track #3 on the album Les Miserables Live. (No other information is available for this lyric - would you like to add something today?)
at the end	 	http://www.npr.org/blogs/money/2013/07/19/201430727/what-actually-happens-at-the-end-of-trading-places-What Actually Happens At The End Of 'Trading Places ...	 It's been 30 years since Trading Places came out. And, to be honest, I never really understood what happened at the end of that movie. Sure, Louis ...
at the end	 	http://www.facebook.com/HouseAtTheEnd-House at the End of the Street | Facebook	 House at the End of the Street. 397,172 likes · 2,057 talking about this. House at the End of the Street is now available on Blu-ray & DVD:...
at the end	 	http://www.searchquotes.com/search/At_The_End_Of_The_Day/-At The End Of The Day Quotes - Quotes and Sayings - Search ...	 At The End Of The Day quotes - 1. At the end of the day, I do not care about where you come from. I do not care about what you believe in. I do not care about your ...
at the end	 	http://attheendofyourleash.com/-At The End of Your Leash - Welcome	 At The End of Your Leash is a professional, on location, dog training business in Southern California. We can assist you with all levels of obedience and behavior ...
at the end	 	http://money.usnews.com/money/personal-finance/articles/2013/11/04/8-tax-breaks-expiring-at-the-end-of-2013-8 Tax Breaks Expiring at the End of 2013 - US News	 8 Tax Breaks Expiring at the End of 2013 From mortgage insurance premiums to teachers’ classroom expenses, don’t miss out on these tax breaks.
at the end	 	http://darrengeers.deviantart.com/art/Here-at-the-end-of-all-the-things-428952787-Here, at the end of all the things. by DarrenGeers on ...	 Highly emotive and sad, makes you want to jump into the screen to the other side, hug him and tell him everything is going to be alright. Here, at the end of all the ...
at the end	 	http://dictionary.cambridge.org/dictionary/british/at-the-end-of-the-day-at the end of the day definition, meaning - what is at the ...	 at the end of the day - definition, meaning, audio pronunciation, synonyms and more. What is at the end of the day? something that you say before you give the most ...
at the end	 	http://www.rottentomatoes.com/m/john_dies_at_the_end/-John Dies at the End (2013) - Rotten Tomatoes: Movies | TV ...	 Critics Consensus: Some will find the darkly funny, genre-bending incoherence of John Dies at the End charming; some will feel its zany antics and gore lead to an ...
at the end	 	https://twitter.com/JohnDiesattheEn-John Dies at the End (@JohnDiesattheEn) | Twitter	 4,750 tweets • 349 photos/videos • 12.9K followers. Check out the latest Tweets from John Dies at the End (@JohnDiesattheEn)
at the end	 	http://thesixbells.blogspot.com/-The Inn at the End of the World	 The Inn at the End of the World "[A] man . . .the other day pointed out that I was never bored. I hadn’t thought of that before, but it’s true: I’m never bored.
at the end	 	http://vimeo.com/59305682-House At The End Of The Street [2012] on Vimeo	 This is "House At The End Of The Street [2012]" by whami on Vimeo, the home for high quality videos and the people who love them.
at the end	 	http://www.upworthy.com/most-of-these-people-do-the-right-thing-but-the-guys-at-the-end-i-wish-i-could-yell-at-them-4-Most Of These People Do The Right Thing, But The Guys At ...	 Most Of These People Do The Right Thing, But The Guys At The End? I Wish I Could Yell At Them.
at the end	 	http://www.urbandictionary.com/define.php?term=at+the+end+of+the+day-Urban Dictionary: at the end of the day	 And so, at the end of the day, when all was said and done, we wrapped things up and we were all happy campers.
at the end	 	http://www.lyricsondemand.com/soundtracks/l/lesmiserableslyrics/attheendofthedaylyrics.html-At the End of the Day Lyrics by Les Miserables Cast - Les ...	 At the end of the day! [FOREMAN] I might have known the bitch could bite I might have known the cat had claws I might have guessed your little secret
at the end	 	http://judithpordon.tripod.com/poetry/ed_meek_at_the_end.html-Ed Meek - At The End	 AT THE END He was so old his bones seemed to swim in his skin. And when I took his hand to feel his pulse
at the end	 	http://www.goodreads.com/book/show/15811526-the-house-at-the-end-of-hope-street-The House at the End of Hope Street by Menna van Praag ...	 The blurb for The House at the End of Hope Street promised a whimsical, magical, delightful tale featuring literary and historical heroines and inspiring ...
at the end	 	http://www.fandango.com/houseattheendofthestreet_146835/movieoverview-House at the End of the Street (2012) | Fandango	 Looking for House at the End of the Street (2012) info? Find movie times, trailers, reviews, tickets, cast photos and more on Fandango.
at the end	 	http://lifeattheendoftheroad.wordpress.com/-Life at the end of the road | the trials and tribulations ...	 Well, it’s been a busy old day here ‘at the end of road’ basically moving stuff ‘past the end of the road’ and onto the ‘Old Schoolhouse’ at Torran.
at the end	 	http://www.lyricsmode.com/lyrics/l/les_miserables/at_the_end_of_the_day.html-Les Miserables - At The End Of The Day Lyrics	 Lyrics to At The End Of The Day by Les Miserables: Workers: / At the end of the day you're another day older / And that's all you can say
at the end	 	http://www.stlyrics.com/lyrics/lesmiserables/attheendoftheday.htm-At the End of the Day Lyrics — Les Miserables Cast ...	 At the End of the Day [1823, Montreuil-sur-Mer.] [Outside the factory owned by the Mayor,] [Monsieur Madeleine (Jean Valjean in disguise).] [THE POOR]
at the end	 	http://www.movies.com/house-at-end-street/m68310-House at the End of the Street | Movies.com	 Read the House at the End of the Street movie synopsis, view the movie trailer, get cast and crew information, see movie photos, and more on Movies.com.
at the end	 	http://www.harpercollins.com/9780062255655/the-ocean-at-the-end-of-the-lane-The Ocean at the End of the Lane - Neil Gaiman - Hardcover	 A brilliantly imaginative and poignant fairy tale from the modern master of wonder and terror, The Ocean at the End of the Lane is Neil Gaiman’s first new novel for ...
at the end	 	http://www.usingenglish.com/quizzes/330.html-At the end, in the end, etc - Online Language Quiz ...	 At the end, in the end, etc - Choose the correct answer.
at the end	 	http://watch32.com/movies-online/house-at-the-end-of-the-street-1891-Watch House At The End Of The Street Online | Watch Full ...	 Movies: House At The End Of The Street Director: Mark Tonderai Cast: Jennifer Lawrence, Max Thieriot, Elisabeth Shue, Gil Bellows, Nolan Gerard Funk, Eva Link, Allie ...
at the end	 	http://screenrant.com/house-end-street-reviews/-‘ House at the End of the Street ’ Review	 In a word… no. House at the End of the Street is an underwhelming film that lifts story elements straight from other, superior, works, but fails to do anything ...
at the end	 	http://www.barnesandnoble.com/w/monster-at-the-end-of-this-book-jon-stone/1100008194?ean=9780307010858-The Monster at the End of This Book (Sesame Street Series ...	 Editorial Reviews From Barnes & Noble Furry, blue Grover stars in this wildly popular Golden title that features a "monster at the end of this book."
at the end	 	http://www.atlasobscura.com/places/swing-at-the-end-of-the-world-Swing at the End of the World | Atlas Obscura	 Swing at the End of the World A single swing that will hang you over the edge of the world
at the end	 	http://islamqa.info/en/104163-What is meant by dhikr and du‘aa’ at the end of the ...	 What is meant by “at the end of every prayer” Does it mean before the salaam at the conclusion of the prayer or after it Is it Sunnah to raise the hands in du‘a
at the end	 	http://walkingwithdancers.blogspot.com/2012/05/helping-baby-engage-at-end-of-pregnancy.html-Walking with Dancers: Helping the Baby Engage at The End ...	 When I was at the end of my first pregnancy I had the general idea that when the baby engages, it's getting close to "go-time." But I didn't have much more ...
at the end	 	http://www.sidereel.com/the_booth_at_the_end-Watch The Booth at the End Episodes Online | Web TV | SideReel	 Watch The Booth at the End online for free. Get the latest The Booth at the End TV Shows, seasons, episodes, news and more. A mysterious Man sits at a booth at t...
at the end	 	http://www.brainyquote.com/quotes/quotes/b/barbarabus121743.html-At the end of your life, you will never regret not having ...	 At the end of your life, you will never regret not having passed one more test, not winning one more verdict or not closing one more deal. You will regret time not ...
at the end	 	http://www.yelp.com/biz/tavern-at-the-end-of-the-world-charlestown-2-Tavern at the End of the World - Charlestown - Charlestown ...	 133 Reviews of Tavern at the End of the World "Local dive bar in Charlestown. There's lots of beer option and the food is pretty good. Must try the truffle fries!
at the end	 	http://unix.stackexchange.com/questions/76189/what-does-the-tilde-mean-at-the-end-of-a-filename-shell - What does the tilde (~) mean at the end of a ...	 What is the file with the ~ at the end of the filename for? $ ls # aliased to add flags -rwxrwxr-x 1 durrantm 2741 May 16 09:28 strip_out_rspec_prep_cmds.sh ...
at the end	 	http://www.villageattheendoftheworld.com/photos.php-Photos: Village at the End of the World	 Stills images and photos from The Village At The End Of The World film
at the end	 	http://dying.about.com/od/ethicsandchoices/u/eol_choices.htm-End-of-Life - Care at the End of Life	 Making Difficult Decisions for Others. Making decisions about our own care at the end of life can be difficult, but making decisions about someone else's end-of-life ...
at the end	 	http://www.moviefone.com/movie/house-at-the-end-of-the-street/10059406/main-House at the End of the Street (2012) - Moviefone	 House at the End of the Street - Search for movie plot, trailers, cast and crew, photos, reviews, and tickets online at Moviefone
at the end	 	http://www.goodmortgage.com/Learn/Decisions/Closing_At_End_Of_The_Month.html-Closing At The End Of The Month - Mortgage Loans at ...	 Information about why mortgage closings take place at the end of the month in goodmortgage.com Mortgage School.
at the end	 	http://englishplus.com/grammar/00000129.htm-Dividing Words at End of Line - English Plus+--English ...	 7. Do not divide a word at the end of a line if the parts of the word will be on two separate pages. This is hard for the reader to follow.
at the end	 	http://www.gradesaver.com/the-great-gatsby/q-and-a/in-chapter-9--at-the-end-of-the-book-nick-imagines-what-the-continent-must-have-been-like-when-it-was-first-seen-by-dutch-sailors-how-does-this-contrast-with-the-environment-described-in-the-novel-90891-In Chapter 9 , At the end of the book, Nick imagines what ...	 Home The Great Gatsby Q & A In Chapter 9 , At the end of the... The Great Gatsby In Chapter 9 , At the end of the book, Nick imagines what the continent must have ...
at the end	 	http://muppet.wikia.com/wiki/The_Monster_at_the_End_of_This_Book-The Monster at the End of This Book - Muppet Wiki	 Sequels and variations. A sequel, Another Monster at the End of This Book, was published in 1996. It was also written by Stone and illustrated by Smollin, and ...
at the end	 	http://community.spiceworks.com/how_to/show/25733-how-to-remove-extra-blank-page-at-the-end-of-a-word-document-How to Remove extra blank page at the end of a Word document	 Sometimes when you create a Word document, you end up with an extra blank page at the end of the document that won't go away by pressing delete.
at the end	 	http://www.cancerresearchuk.org/about-cancer/coping-with-cancer/dying/decisions/your-spiritual-needs-at-the-end-of-life-Your spiritual needs at the end of life | Cancer Research UK	 This page discusses spiritual needs at the end of life. Not everyone is religious or has a spiritual practice. But some people discover this side of themselves at ...
at the end	 	http://muppet.wikia.com/wiki/The_Monster_at_the_End_of_This_Book-The Monster at the End of This Book - Muppet Wiki	 Sequels and variations. A sequel, Another Monster at the End of This Book, was published in 1996. It was also written by Stone and illustrated by Smollin, and ...
at the end	 	http://www.cancer.gov/cancertopics/pdq/supportivecare/lasthours/Patient/page2-Last Days of Life (PDQ®) - National Cancer Institute	 Common symptoms at the end of life include pain, feeling very tired, coughing, shortness of breath, rattle, delirium, and fever. Bleeding may also occur.
at the end	 	http://english.stackexchange.com/questions/42326/the-use-of-e-g-at-the-end-of-a-sentence-abbreviations - The use of "e.g." at the end of a sentence ...	 If you read e.g. (exempli gratia) as a general replacement for for example then you might in theory be prepared to use it at the end of a sentence if you would use ...
at the end	 	http://www.wikihow.com/Find-the-Light-at-the-End-of-the-Tunnel-5 Ways to Find the Light at the End of the Tunnel - wikiHow	 How to Find the Light at the End of the Tunnel. So, your life isn't the best it has ever been. Have your dreams been crushed, your heart broken -- and are you just ...
at the end	 	http://www.whatawaytogomovie.com/-What A Way To Go: Life at the End of Empire Movie	 Let’s Build a Boat. The final chapter from the feature-length documentary What a Way to Go: Life at the End of Empire. Play Video...
at the end	 	http://curious.astro.cornell.edu/question.php?number=166-Curious About Astronomy: What is at the end of the Universe?	 What is at the end of the Universe? My question is "what is at the end of the universe if it really does end?" because if the big bang theory is correct then then ...
at the end	 	http://www.imf.org/external/np/sec/pr/2014/pr14505.htm-Press Release: Statement at the end of an IMF Staff ...	 Statement at the end of an IMF Staff Mission on Pakistan Press Release No. 14/505 November 8, 2014
at the end	 	https://computertrainer.wordpress.com/2009/07/28/permanently-remove-empty-rowscolumns-at-the-end-of-an-excel-spreadsheet/-Permanently Remove Empty Rows/Columns at the End of an ...	 Permanently Remove Empty Rows/Columns at the End of an Excel Spreadsheet July 28, 2009 Posted by computertrainer in Excel Tips. Tags: delete empty columns, ...
at the end	 	http://www.editage.com/insights/research-paper-comma-after-etc-at-the-end-of-a-sentence-Research paper: Comma after "etc." at the end of a sentence	 Is it correct to use comma after etc., at the end of the sentence in American style of English? What if it is a research paper? Example: Various technologies like ...
at the end	 	http://annals.org/article.aspx?articleid=738967-Evidence-Based Interventions to Improve the Palliative ...	 Evidence-Based Interventions to Improve the Palliative Care of Pain, Dyspnea, and Depression at the End of Life: A Clinical Practice Guideline from the American ...
at the end	 	http://wdfw.wa.gov/news/aug1114b/-WDFW director to leave at the end of the year | WDFW News ...	 August 11, 2014 Contact: Darren Friedel, (360) 902-2256. WDFW director to leave at the end of the year. OLYMPIA – After nearly six years at the helm, Washington ...
at the end	 	http://www.moviefone.com/movie/john-dies-at-the-end/10071311/main-John Dies at the End (2012) - Moviefone - Movies | Movie ...	 John Dies at the End - Search for movie plot, trailers, cast and crew, photos, reviews, and tickets online at Moviefone
at the end	 	http://www.accountingcoach.com/blog/understating-ending-inventory-If inventory is understated at the end of the year, what ...	 If inventory is understated at the end of the year, what is the effect on net income? If inventory is understated at the end of the year, the net income for the year ...
at the end	 	http://answers.microsoft.com/en-us/office/forum/office_2003-word/word-documents-and-at-the-end-of-the-document-an/c7b22a1c-c030-40a8-9b66-f1bb237c1e74-Word documents and at the end of the document an extra ...	 Original title: getting rid of a page in a document I am creating Word documents and at the end of the document an extra page will come up that I don't need.
at the end	 	http://www.brainyquote.com/quotes/quotes/e/ermabombec106409.html-When I stand before God at the end of my life, I would ...	 When I stand before God at the end of my life, I would hope that I would not have a single bit of talent left, and could say, 'I used everything you gave me'.
at the end	 	http://www.industryweek.com/poll/12252014-IW Poll: With Gasoline at About $2.00/Gallon at the End of ...	 IW Poll: With Gasoline at About $2.00/Gallon at the End of 2014, Where do you Expect it to be at the End of 2015?
at the end	 	http://writingandsnacks.com/publications/the-boy-at-the-end-of-the-world/-The Boy at the End of the World | - | writingandsnacks.com	 Praise for The Boy at the End of the World: Nominated for the Andre Norton Award for Young Adult Science Fiction & Fantasy; Locus 2011 Recommended Reading List
at the end	 	http://www.perlmonks.org/?node_id=516285-add a character at the end of a string - PerlMonks	 Re^2: add a character at the end of a string by rsennat (Beadle) on Dec 13, 2005 at 11:37 UTC. If I am right, /?$ means, the last slash in the string is replaced with /.
at the end	 	http://www.lyricsmode.com/lyrics/y/yonder_mountain_string_band/at_the_end_of_the_day.html#!-Yonder Mountain String Band - At The End Of The Day Lyrics	 Lyrics to At The End Of The Day by Yonder Mountain String Band: Many times I've been out on the cold lonely road / My heart full of sorrow
at the end	 	http://screenrant.com/the-killing-joke-batman-killed-joker-grant-morrison/-Did Batman Kill The Joker at the End of ‘The Killing ...	 According to comic book writer and author of numerous Batman titles, Grant Morrison, that’s exactly what happens at the end of The Killing Joke.
at the end	 	http://www.enotes.com/homework-help/what-happen-end-play-69801-What happens at the end of Hamlet? - Homework Help ...	 There are a ton of things that take place at the end of Hamlet, but at the end of Hamlet, he finally gets his revenge on Claudius and Fortinbras is crowned the new King.
at the end	 	http://www.hulu.com/watch/257155-Watch The Booth at the End Online - Start. See What ...	 Watch Start. See What Happens free online. Stream The Booth at the End season 1, episode 1 instantly.
at the end	 	http://www.tavernattheendoftheworld.com/coming-events/-Coming Events | Tavern at the End of the World	 Tavern at the End of the World 108 Cambridge Street Charlestown, MA 02129 617-241-4999 Open: 11:00 am - 2:00 am
at the end	 	http://dying.about.com/od/thedyingprocess/tp/Common-Symptoms-At-The-End-Of-Life.htm-Common Symptoms at the End of Life	 Ideally, an individual at the end of life should be comfortable and free of any distressing symptoms. But the transition to death, just like life's start, is hard work.
at the end	 	http://www.michaelcunninghamwriter.com/books/home_at_the_end/-A Home at the End of the World | Books | Michael Cunningham	 A Home at the End of the World. Paperback : 352 pages Published by Picador November 15, 1998 From Michael Cunningham, the Pulitzer Prize-winning author of The Hours ...
at the end	 	http://www.curledup.com/homeend.htm-A Home at the End of the World -- book review	 Two lines from the final paragraph of Michael Cunningham’s A Home at the End of the World come from the character Jonathan, who says, “I realized that if I died ...
at the end	 	http://www.littlemarathon.com/Tunnel/default.asp-Light at the End of the Tunnel Marathon	 About the Race The Light at the End of the Tunnel Marathon in mid-June is a point-to-point downhill marathon race on a scenic gravel rail-trail 50 miles east of ...
at the end	 	http://www.dds.ca.gov/ConsumerCorner/ThinkingAhead.cfm-Thinking Ahead: My Way, My Choice, My Life at the End	 Thinking Ahead: My Way, My Choice, My Life at the End Workbooks. This easy to use workbook and companion videos, assists people in making decisions about ...
at the end	 	http://www.gradesaver.com/the-great-gatsby/q-and-a/in-chapter-6--at-the-end-of-the-chapter-nick-describes-gatsby-kissing-daisy-in-louisville-five-years-before-what-is-gatsby-giving-up-when-he-kisses-her-why-90811-In Chapter 6 , At the end of the chapter, Nick describes ...	 Home The Great Gatsby Q & A In Chapter 6 , At the end of the... The Great Gatsby In Chapter 6 , At the end of the chapter, Nick describes Gatsby kissing Daisy in ...
at the end	 	http://www.trueactivist.com/this-tree-farm-rents-christmas-trees-and-re-plants-them-at-the-end-of-the-season/-This Tree Farm Rents Christmas Trees And Re-Plants Them At ...	 Instead of selling Christmas trees for people to throw away at the end of the year, The Living Christmas Company in California rents them out and then re-plants them ...
at the end	 	http://preposterousuniverse.com/particle/-The Particle at the End of the Universe, by Sean Carroll	 The Particle at the End of the Universe: How the Hunt for the Higgs Boson Leads Us to the Edge of a New World Sean Carroll. The Particle at the End of the Universe is ...
at the end	 	http://www.webserieschannel.com/the-booth-at-the-end/-The Booth at the End | Web Series Channel	 A guide page for the web series The Booth at the End with synopsis, cast, crew and episode videos.
at the end	 	http://www.metacritic.com/movie/house-at-the-end-of-the-street-House at the End of the Street Reviews - Metacritic	 House at the End of the Street movie reviews & Metacritic score: Seeking a fresh start, newly divorced Sarah and her daughter Elissa find the house of their...
at the end	 	http://ldolphin.org/church.html-THE CHURCH AT THE END OF THE AGE--- - Lambert Dolphin's ...	 THE CHURCH AT THE END OF THE AGE---AND WHAT TO DO ABOUT IT. by Lambert Dolphin. The church of Jesus Christ is described by at least seven symbols, or figures, in the ...
at the end	 	http://www.heavenattheendofscience.com/-The Heaven at the End of Science by Philip Mereton	 “In the Heaven at the End of Science, Philip Mereton presents a well-argued, strongly documented, and immensely readable critique of the world view we have come to ...
at the end	 	http://www.apple.com/pr/library/2014/03/04Apples-Peter-Oppenheimer-to-Retire-at-the-End-of-September.html-Apple’s Peter Oppenheimer to Retire at the End of September	 Apple’s Peter Oppenheimer to Retire at the End of September In Planned Transition, Luca Maestri to Become His Successor CUPERTINO, California—March 4 ...
at the end	 	http://support.microsoft.com/kb/288968-A blank page appears at the end of a printout in Excel	 Describes how to stop printing a blank page at the end when you print a workbook in Excel. This behavior occurs when the page contains hidden data. The ...
at the end	 	http://www.ncbi.nlm.nih.gov/pubmed/11074777-Factors considered important at the end of life by ...	 1. JAMA. 2000 Nov 15;284(19):2476-82. Factors considered important at the end of life by patients, family, physicians, and other care providers.
at the end	 	http://houseattheend.tumblr.com/-HOUSE AT THE END OF THE STREET	 "I love horror movies." Check out Jennifer Lawrence’s exclusive interview with Entertainment Tonight as she talks her ‘end’ in House at the End of the Street!
at the end	 	http://www.ehow.com/facts_7430704_end-number-mean_.html-What Does an E at the End of a Number Mean? | eHow	 What Does an E at the End of a Number Mean?. Most calculator screens can display at most 10 digits. Therefore, for numbers greater than 1,000,000,000 ...
at the end	 	http://houseattheendofthestreet-movietrailer.blogspot.com/-House at the end of the street Trailer	 HOUSE AT THE END OF THE STREET Before you experience the fear, before you know the pain, to witness the horror, to uncover the truth, you have to go back to where it ...
at the end	 	http://grammar.ccc.commnet.edu/grammar/marks/question.htm-The Question Mark	 Use a question mark [?] at the end of a direct question. It is considered bad form to use a question mark in combination with other marks, although that is often done ...
at the end	 	http://www.attheendofslavery.com/about-film/-At the End of Slavery	 Narrated by actor Danny Glover, At the End of Slavery: The Battle for Justice in our Time takes you inside the violent and ugly business of modern-day slavery — the ...
at the end	 	http://smollin.com/michael/tmonstr/mon001.html-The Monster at the End of This Book - Mark Smollin ...	 The Monster At The End Of This Book illustrated by Michael Smollin with pen, ink and dyes, published by Random House.
at the end	 	http://www.dict.cc/?s=at+the+end+of-dict.cc | at the end of | Wörterbuch Englisch-Deutsch	 Übersetzung für at the end of im Englisch-Deutsch-Wörterbuch dict.cc.
at the end	 	http://www.teacherspayteachers.com/Product/End-of-the-Year-Parent-Letter-235361-END OF THE YEAR PARENT LETTER - TeachersPayTeachers.com	 Each year seems to fly by faster then the year before. At the end of each school year I send this touching letter home with my students. This is a FREE download of an ...
at the end	 	http://www.renewableenergyworld.com/rea/news/article/2014/10/power-reit-light-at-the-end-of-the-tunnel-Power REIT: Light at the End of the Tunnel?	 Power REIT: Light at the End of the Tunnel? It Could Have Been The First Yieldco Tom Konrad, Contributor October 31, 2014 | 0 Comments
at the end	 	http://www.answers.com/Q/What_does_..._at_the_end_of_a_sentence_mean-What does ... at the end of a sentence mean - Wiki Answers	 The three dots are called an ellipsis, and they stand for words left out. At the end of a sentence, they indicate that the thought is not completed, often with the ...
at the end	 	http://www.job-interview-site.com/questions-to-ask-at-the-end-of-an-interview.html-Questions to ask at the End of an Interview: What ...	 Generally, the interviewers allow the interviewee to ask some questions at the end of the interview. This is normally done in order to expend more about the job ...
at the end	 	http://www.powells.com/biblio/9780062255655-The Ocean at the End of the Lane by Neil Gaiman - Powell's ...	 A brilliantly imaginative and poignant fairy tale from the modern master of wonder and terror, The Ocean at the End of the Lane is Neil Gaiman's first new novel for ...
at the end	 	http://www.boredpanda.com/the-swing-at-the-end-of-the-world-la-casa-del-arbol/-The Swing At The End Of The World Lets You Swing 2,600 ...	 Playground swings are pretty fun as far as playground attractions go, but let’s face it – they’re vanilla. Luckily, the Swing at the End of the World located at ...
at the end	 	http://www.espnfc.com/story/1976532-Donovan to retire at the end of the season - ESPN FC	 U.S. soccer icon Landon Donovan will retire from the sport at the end of the current Major League Soccer season, he revealed on Thursday.
at the end	 	http://helpguide.org/articles/caregiving/hospice-and-palliative-care.htm-Hospice and Palliative Care: Quality of Life at the End of ...	 Hospice and palliative care can improve quality of life at the end of life. Find tips for getting the best care.
at the end	 	http://www.magnetreleasing.com/johndiesattheend/-John Dies at the End (Official Movie Site) Written and ...	 John Dies at the End Written and Directed by Don Coscarelli (BUBBA HO-TEP) and also stars Clancy Brown, Glynn Turman and Paul Giamatti. Available on DVD and Blu-ray™
at the end	 	http://www.realestateabc.com/insights/eom.htm-Why close a real estate deal at the end of the month?	 Real Estate & Mortgage Insights Why close at the end of the Month? Mostly, this has to do with lowering your out of pocket costs by minimizing the amount of "prepaid ...
at the end	 	http://www.wired.com/2012/09/review-house-at-the-end-of-the-street/-Review: House at the End of the Street Is a Dead End | WIRED	 Fairly predictable, hell-bent on keeping old tropes from dying, and funny when it shouldn't be House at the End of the Street is a horror-thriller ...
at the end	 	http://etc.usf.edu/techease/mac/e-mail/how-do-i-create-a-signature-to-appear-at-the-end-of-my-emails/-How do I create a signature to appear at the end of my ...	 How do I create a signature to appear at the end of my emails? » E-Mail » Mac » Tech Ease: A signature is text that appears at the bottom of your emails and is ...
at the end	 	http://stackoverflow.com/questions/723103/ssrs-giving-a-blank-page-at-the-end-of-report-reporting services - SSRS giving a blank page at the end ...	 I am getting a blank page, at the end of my report in SSRS 2005. I have a header logo and footer date values, and I have set the both to PrintOnLastPage = False, but ...
at the end	 	http://www.dailywritingtips.com/one-space-or-two-at-the-end-of-a-sentence/-One Space or Two At the End of a Sentence?	 Susan wrote: I was always taught to double-space at the end of a sentence. I recently began working in a law office where I was surprised to find that many of the ...
at the end	 	https://community.cookinglight.com/showthread.php?91768-What-do-you-call-quot-Sincerely-quot-at-the-end-of-a-letter-What do you call "Sincerely" at the end of a letter?	 Strange question, I know. But what do you call the sign-off (Sincerely, Best Regards, Cheers, etc) at the end of the letter? I know the greeting at the beginning of ...
at the end	 	https://community.cookinglight.com/showthread.php?91768-What-do-you-call-quot-Sincerely-quot-at-the-end-of-a-letter-What do you call "Sincerely" at the end of a letter?	 Strange question, I know. But what do you call the sign-off (Sincerely, Best Regards, Cheers, etc) at the end of the letter? I know the greeting at the beginning of ...
at the end	 	http://superuser.com/questions/230559/what-does-the-dot-mean-at-the-end-of-rw-r-r-how-do-you-set-it-with-chmod-linux - what does the dot mean at the end of -rw-r--r ...	 I see that some of the files in my directories under Linux have a . at the end of the permissions listing. what does the dot mean at the end of -rw-r--r--.
at the end	 	http://www.choosingwisely.org/doctor-patient-lists/care-at-the-end-of-life-for-advanced-cancer-patients/-Care at the end of life for advanced cancer patients	 Care at the end of life for advanced cancer patients When to stop cancer treatment Download PDF. When you have cancer and you have tried many treatments without ...
at the end	 	http://www.aslme.org/print_article.php?aid=460404&bt=ss-Health Care Reform at the End of Life: Giving With One ...	 Health Care Reform at the End of Life: Giving With One Hand But Taking With The Other Kathy L. Cerminara, J.D., LL.M., J.S.D.
at the end	 	http://www.hollywoodreporter.com/news/silver-linings-playbook-david-o-410247-' Silver Linings Playbook ': David O. Russell Explains ...	 David O. Russell Explains What Bradley Cooper Whispers at the End of 'Silver Linings Playbook'
at the end	 	http://www.winthropwashington.com/event/christmas-end-road/-Winthrop Washington :: Christmas at the End of The Road	 Christmas at the End of The Road. This magical holiday celebration begins Thanksgiving weekend and marks the beginning of the Christmas season for the Methow Valley ...
at the end	 	http://www.neilgaiman.com/works/Books/The+Ocean+at+the+End+of+the+Lane/-The Ocean at the End of the Lane - Neil Gaiman - Neil's ...	 A brilliantly imaginative and poignant fairy tale from the modern master of wonder and terror, The Ocean at the End of the Lane is Neil Gaiman’s first new novel for ...
at the end	 	http://www.indiana.edu/~spea/pubs/undergrad-honors/volume-5/santo_corbin.pdf-Preserving Patient Autonomy at the End of Life	 PRESERVING PATIENT AUTONOMY AT THE END OF LIFE 3 Abstract End-of-life health care decision-making is an inherently personal process that may bring
at the end	 	http://www.sing365.com/music/lyric.nsf/At-The-End-Of-A-Rainbow-lyrics-Nat-King-Cole/4113D4A24612CC8C482577CE0044F203-AT THE END OF A RAINBOW LYRICS - NAT KING COLE	 At the end of a rainbow You'll find a pot of gold At the end of a story You'll find it's all been told But our love has a treasure Our heart's can't always ...
at the end	 	http://gracethrufaith.com/ask-a-bible-teacher/what-is-the-judgment-all-mankind-will-face-at-the-end/-What Is The Judgment All Mankind Will Face At The End ...	 Q. I just have a short question. If we are saved totally by grace, what is the judgment all mankind will face at the end? Thank for your inspiration.
at the end	 	http://shaunakelly.com/word/concepts/rules_keeptyping.html-2.1 Why you should not press Enter at the end of every ...	 Tutorial Within a paragraph, just keep typing. When you use a typewriter, you have to use the carriage return at the end of every line. In a typewriter, the ...
at the end	 	http://www.nap.edu/openbook.php?record_id=5801-Approaching Death: Improving Care at the End of Life	 Approaching Death. IMPROVING CARE AT THE END OF LIFE. Committee on Care at the End of Life. Marilyn J. Field and Christine K. Cassel, Editors. Division of Health Care ...
at the end	 	http://asianwiki.com/At_the_End_of_Daybreak-At the End of Daybreak - AsianWiki	 Wes Apr 18 2012 10:05 am i've been watching At the end of Daybreak, and i think its an epic movie, now i'm trying to find more movies that are alot like it, but im ...
at the end	 	http://www.englishpractice.com/grammar/prepositions-questions/-Prepositions at the end of questions - EnglishPractice.com	 When a question word is the object of a preposition, the preposition usually comes at the end of the clause, especially in an informal style. What are you looking for?
at the end	 	http://www.bible.ca/d-end-world.htm-What will happen at the End Of The World?	 What will happen at the End Of The World? The specific date as to when the world will come to an end is not known by man. The Apostle Peter says in II Peter 3:10 ...
at the end	 	http://www.movieweb.com/movie/house-at-the-end-of-the-street-House at the End of the Street (2012) - MovieWeb: Movie ...	 House at the End of the Street Plot Seeking a fresh start, newly divorced Sarah (Oscar®-nominee Elisabeth Shue; Leaving Las Vegas, Piranha 3D) and her daughter ...
at the end	 	http://webdesign.about.com/od/beginningtutorials/f/why-urls-end-in-slash.htm-URLs Ending With a Slash (Why It's Important)	 When you copy and paste a URL into your location bar, watch carefully to see if it changes. Many URLs are published without the trailing slash at the end of the ...
at the end	 	http://www.stlyrics.com/lyrics/amightywind/akissattheendoftherainbow.htm-A Kiss At The End Of The Rainbow Lyrics — Mitch & Mickey ...	 A Kiss At The End Of The Rainbow Together: Oh when the veil of dreams has lifted, And the fairy tales have all been told, There's a kiss at the end of the rainbow;
at the end	 	http://inctr-palliative-care-handbook.wikidot.com/signs-and-symptoms-at-the-end-of-life-Signs and Symptoms at the End of Life - INCTR Palliative ...	 Unless properly treated severe symptoms at the end of life are common for many children; Even quite young children can have an understanding of death
at the end	 	http://www.englishdaily626.com/slang.php?008-American slang - At the end of your rope - English Daily ...	 Definition: To be out of options or alternative courses of action; to be stuck in a bad situation. Example: 1) I'm at the end of my rope -- I lost my job, my car died ...
at the end	 	http://www.boxofficemojo.com/movies/?id=houseattheendofthestreet.htm-House at the End of The Street (2012) - Box Office Mojo	 House at the End of The Street summary of box office results, charts and release information and related links.
at the end	 	http://www.shortoftheweek.com/2009/12/16/he-dies-at-the-end/-He Dies At The End by Damian McCarthy | Short Film	 Short of the Week—Watch, review, & discuss He Dies At The End. Does telling a story's ending deflate its tension? In this case, definitely not.
at the end	 	http://sqlserverrider.wordpress.com/2013/10/23/qa-removing-special-characters-at-the-end-of-the-string-in-sql-server/-Q&A – Removing special characters at the end of the ...	 Recently, I have received a question from a reader asking me how to remove special characters at the end of the string without using TSQL. This look very ...
at the end	 	http://reading.cornell.edu/reading_project_06/gatsby/documents/Keller.pdf-At the end of Chapter Five, Nick makes much of the power ...	 At the end of Chapter Five, Nick makes much of the power of Daisy’s voice over Gatsby: “I think that voice held him most, with its fluctuating, feverish warmth ...
at the end	 	http://theflashbulb.bandcamp.com/album/opus-at-the-end-of-everything-Opus At The End Of Everything | The Flashbulb	 Opus At The End Of Everything by The Flashbulb, released 10 February 2012 1. The Trees In Juarez 2. Blurry Figures, Far Away 3. Arrival To An Empty Room 4. Beebs 5.
at the end	 	http://www.perlmonks.org/?node_id=516290-Re: add a character at the end of a string	 Comment on Re: add a character at the end of a string Download Code; Re^2: add a character at the end of a string by jhourcle (Prior) on Dec 13, 2005 at 12:18 UTC
at the end	 	http://www.ehow.com/info_7787440_good-questions-end-interview.html-Good Questions to Ask at the End of an Interview | eHow	 At the end of a job interview, an employer will often ask the candidate if he has any questions pertaining to the job or the interview just conducted.
at the end	 	http://boxofficemojo.com/movies/?id=johndiesattheend.htm-John Dies at the End (2013) - Box Office Mojo	 John Dies at the End summary of box office results, charts and release information and related links.
at the end	 	http://www.funnelbrain.com/c-564438-happens-end-meiosis.html-Cell Division: what happens at the end of meiosis?	 Rachelle N. period 2. what happens at the end of meiosis?. Cell Division
at the end	 	http://friends-at-the-end.org.uk/-Friends at the End	 Welcome. Friends at the End is a members' democratic society, dedicated to promoting knowledge about end-of-life choices and dignified death. Friends at the End is a ...
at the end	 	http://thebooksmugglers.com/2014/11/book-review-a-hero-at-the-end-of-the-world-by-erin-claiborne.html-Book Review: A Hero at the End of the World by Erin ...	 Book Review: A Hero at the End of the World by Erin Claiborne. by Ana; 2 months ago; Posted in 8 Rated Books, Book Reviews, Progressive Publishers Doing Cool Things ...
at the end	 	http://www.videojug.com/film/how-to-cast-on-stitches-at-the-end-of-a-row-How To Cast On Stitches At The End Of A Row (Knitting)	 Video : An up close demonstration of how to CAST ON,AT THE END OF A ROW by Judy Graham, Knitter to the Star's,whose company has made knits that appeared in movies, on ...
at the end	 	http://www.ellenfinkelstein.com/pptblog/should-you-say-thank-you-at-the-end-of-a-presentation/-Should you say “thank you” at the end of a presentation?	 Opinions that you shouldn’t say “thank you” at the end. Official TM stand on thanking the audience after the speech: “Don’t end by saying “Thank you.”
at the end	 	http://www.dailymotion.com/video/x1ua6w_elton-john-club-at-the-end-of-the-s_music-Elton John - Club At The End Of The Stre - Video Dailymotion	 Watch the video «Elton John - Club At The End Of The Stre» uploaded by jpdc11 on Dailymotion.
at the end	 	http://www.indiebound.org/book/9780062255662-The Ocean at the End of the Lane | IndieBound	 Neil Gaiman says his latest novel, The Ocean at the End of the Lane, started out as a short story that just didn't stop growing. Originally, it was also a simple ...
at the end	 	http://www.hancinema.net/korean_drama_At_The_End_Of_The_World.php-At The End Of The World (Korean Drama - 2013) - 세계의 ...	 At The End Of The World (Korean Drama - 2013) - 세계의 끝, find At The End Of The World (세계의 끝) cast, characters, staff, actors, actresses, directors ...
at the end	 	http://wattsupwiththat.com/2014/09/26/study-finds-global-sea-levels-rose-up-to-5-meters-per-century-at-the-end-of-the-last-5-ice-ages/-Study finds global sea levels rose up to 5 meters per ...	 From the University of Southampton . Land-ice decay at the end of the last five ice-ages caused global sea-levels to rise at rates of up to 5.5 metres per ...
at the end	 	http://www.aloneattheendoftheroad.org/#!-Alone at the End of the Road	 About the project Alone at the End of the Road is a multimedia project designed to present the issue of forgotten elders of western Arizona to the general public.
at the end	 	https://downloadonlyrealjerkattheendoftheline.wordpress.com/-Download Only Real – Jerk At the End of the Line	 Artist: Only Real Title: Jerk At the End of the Line Release Date: 2015-03-08 Genre: Alternative Format: MP3 / 320bkps. TRACKLIST. 1 – Intro (Twist It Up) [01:46]
at the end	 	http://lungcancer.about.com/od/endoflifeissues/a/Is-Death-Painful.htm-Is Death Painful - Will I Experience Pain at the End of Life?	 Is death painful? If you are facing a terminal illness, or have a loved one who is nearing death, it’s likely you’ve wondered about pain at the end of life.
at the end	 	http://houseattheendofstrett.enjin.com/-Home - Watch House at the End of the Street Online Free	 Watch House at the End of the Street Online Isn’t it always the way? You get a killer deal on a sweet new home with a spacious backyard, and it turns out it’s ...
at the end	 	http://www.growthhouse.org/spirit/-Spiritual Care at the End of Life - Growth House: Guide To ...	 Spiritual Care at the End of Life. Growth House provides several spiritual care training modules and assessment tools for palliative and end of life care.
at the end	 	http://www.designboom.com/design/swing-at-the-end-of-the-world-soars-over-tungurahua-volcano-12-03-2013/-swing at the end of the world soars over tungurahua volcano	 swing at the end of the world soars over tungurahua volcano image via no regrets. they don’t work. for brave adventurers and daring excursionists, the ...
at the end	 	http://stackoverflow.com/questions/1110678/m-at-the-end-of-every-line-in-vim-windows - ^M at the end of every line in vim - Stack Overflow	 When I am editing source files using vim and other editors sometimes at the end of the line I get these ^M characters at the end of each line. I think that it has ...
at the end	 	http://www.dads.state.tx.us/qualitymatters/qcp/advancecare/thinkingaheadbooklet.pdf-Thinking Ahead: My Way, My Choice, My Life at the End	 Thinking Ahead My Way, My Choice, My Life at the End “There is life, and there is death. You don't know what's going to happen today or tomorrow
at the end	 	http://io9.com/5788795/duncan-jones-unravels-the-mysteries-behind-source-code-Duncan Jones tells us what really happened at the end of ...	 What on Earth happened at the end of Source Code? When Jake Gyllenhaal takes over your body, what happens to your mind? Is this a religious movie?
at the end	 	http://thinkexist.com/quotation/when_i_stand_before_god_at_the_end_of_my_life-i/13340.html-Erma Bombeck said: "When I stand before God at the end of ...	 Erma Bombeck When I stand before God at the end of my life, I would hope that I would not have a single bit of talent left, and could say,
at the end	 	http://www.investopedia.com/ask/answers/06/xmutualfundticker.asp-Why do all mutual fund tickers have an X at the end?	 It's true that all mutual funds' tickers have an X at the end of their symbol. The reason for this is to distinguish between mutual fund tickers and other securities ...
at the end	 	http://itakeoffthemask.com/poems/at-the-end-of-the-day/-At The End of The Day | Best Life Quotes, Poems, Prayers ...	 Sponsor: AT THE END OF THE DAY. At the end of the day, after all the work is done; At the end of the day, as we watch the setting sun; After all the trials,
at the end	 	http://www.hitfix.com/news/10-stories-you-might-have-missed-what-happened-to-jesse-at-the-end-of-breaking-bad-10 Stories You Might Have Missed: What happened to Jesse ...	 In this weeks installment of 10 Stories You Might Have Missed: Vince Gilligan reveals what he thinks happened to Jesse at the end of Breaking Bad. Plus: Colin ...
at the end	 	http://www.sharecare.com/health/health-care-basics/md-end-doctors-name-What does "MD" stand for at the end of my doctor's name ...	 MD, at the end of your doctor's name, stands for Medical Doctor. Learn more from our experts on what "MD" stands for.
at the end	 	http://biztaxlaw.about.com/od/taxplantips/f/Year-End-Income-And-Expense-Timing-Issues.htm-How Do I Time Income and Expenses at the End of the Tax Year?	 How to time business income and expenses at the end of a tax year to place the income or expense in the best tax year for minimizing business taxes.
at the end	 	http://io9.com/5595051/we-ask-ron-moore-what-happened-to-starbuck-at-the-end-of-bsg-We ask Ron Moore what happened to Starbuck at the end of BSG	 At the Caprica roundtables, we finally got to sit next to Ronald D. Moore. And we couldn't resist asking him: What was the deal with Starbuck at the end of ...
at the end	 	http://www.endofthelane.co.uk/-Nothing at the End of the Lane	 Nothing at the End of the Lane is an amateur magazine produced solely for the entertainment and enjoyment of Doctor Who fans.
at the end	 	http://forum.wordreference.com/showthread.php?t=202280-when or how to use though at the end of a sentence ...	 Then, using "though" at the end of a sentence is quite informal, isn't it? Which synonym could I use instead of this word if I'm writing a formal document?
at the end	 	http://dvd.netflix.com/Movie/John-Dies-at-the-End/70228191-John Dies at the End for Rent on DVD & Blu-ray at dvd ...	 Rent John Dies at the End and other Movies & TV Shows on Blu-ray & DVD. 1-month free trial! Fast, free delivery. No late fees.
at the end	 	http://watchhouseattheendofthestreetonlinefreemovie.enjin.com/-Home - Watch House at the End of the Street Online Free	 rahsedur99 House at the End of the Street full movie free download House at the End of the Street full movie free download,House at the End of the Street 2012 ...
at the end	 	http://www.desiringgod.org/articles/do-we-receive-our-resurrection-bodies-when-we-die-or-at-the-end-of-the-age-Do we receive our resurrection bodies when we die, or at ...	 The resurrection of the body will occur at the end of the age when Christ returns. There are two main ways the Scriptures indicate this. First, many verses teach that ...
at the end	 	http://dvd.netflix.com/Movie/John-Dies-at-the-End/70228191-John Dies at the End for Rent on DVD & Blu-ray at dvd ...	 Rent John Dies at the End and other Movies & TV Shows on Blu-ray & DVD. 1-month free trial! Fast, free delivery. No late fees.
at the end	 	http://sarahfaire.com/-Sarah Faire and the House at the End of the World	 Sarah Faire and the House at the End of the World There is a house at the end of the world… and there are things that reside there. Sarah Faire found this out in a ...
at the end	 	http://www.funtrivia.com/askft/Question50150.html-At the end of the movie "Places in the Heart" people that ...	 At the end of the movie "Places in the Heart" people that were dead are in church with people that are alive. Why are they there, what does that mean?
at the end	 	http://interiordec.about.com/od/bedroomdecor/a/a_top10endofbed.htm-What Should You Put at the End of Your Bed?	 If you have a little room at the end of your bed but don't know what to put there, here are some great ideas from About.
at the end	 	http://www.thefreedictionary.com/light+at+the+end+of+the+tunnel-light at the end of the tunnel - definition of light at ...	 light at the end of the tunnel - definition of light at the end of the tunnel by The Free Dictionary
at the end	 	http://pregnancy.about.com/u/ua/sexuality/willsexbringlabor.htm-Sex at the end of pregnancy and labor. Will sex bring on ...	 Readers Respond: Sex at the end of pregnancy and labor., About.com Pregnancy & Childbirth
at the end	 	http://psalms40vs2.wordpress.com/-At the end of myself...at the feet of Jesus | Matthew 25 ...	 At the end of myself…at the feet of Jesus Matthew 25: 40, And the King shall answer and say unto them, Verily I say unto you, Inasmuch as ye have done it unto one ...
at the end	 	http://markdroberts.com/?p=721-Should Christians Say “In Jesus’ Name” at the End of ...	 13 Responses to “Should Christians Say “In Jesus’ Name” at the End of Our Prayers?” Quotidian Grace Says: January 16th, 2009 at 6:32 am
at the end	 	http://peterattheend.com/-PETER AT THE END | a film by Russ Lamoureux	 Peter at the End, Russ Lamoureux, jon heder, elsie fisher, pushbroom productions.
at the end	 	http://classroom.jc-schools.net/read/updates/spellingrules.pdf-1 1. Sneaky e, magic e, cvce, or silent e at the end of ...	 1 1. Sneaky e, magic e, cvce, or silent e at the end of the word usually makes the preceding vowel sound long. ate, Pete, dime, rose, cute 2. At the end of one ...
at the end	 	http://www2.dickinson.edu/endoflife/-Tube Feeding Options at the End of Life - Dickinson College	 This web site is designed to help patients, family members, and care givers make thoughtful, informed decisions about the option of tube feeding at the end of life.
at the end	 	http://www.ldolphin.org/silence.html-The Long Silence - Lambert Dolphin's Library	 The Long Silence . At the end of time, billions of people were seated on a great plain before God's throne. Most shrank back from the brilliant light before them.
at the end	 	http://www.ird.govt.nz/income-tax-individual/end-year/-What to do at the end of the tax year (31 March ...	 The income tax year runs from 1 April to 31 March. Most people who earn salary or wages pay the correct amount of tax and don't need to do anything at the end of the ...
at the end	 	https://kb.iu.edu/d/abdr-In Unix, what does rc at the end of files like .newsrc mean?	 In Unix, what does rc at the end of files like .newsrc mean? The rc at the end of a file is related to the phrase "run commands"; its use derives from the /etc/rc ...
at the end	 	http://www.forexfactory.com/news.php?do=news&id=519054-The Dollar's Outlook at the End of 2014 @ Forex Factory	 The Dollar's Outlook at the End of 2014. From marctomarket.com. The US dollar closed higher against all the major currencies during the holiday shortened week.
at the end	 	http://www.nature.com/nature/journal/v362/n6420/abs/362527a0.html-Abrupt increase in Greenland snow accumulation at the end ...	 Abrupt increase in Greenland snow accumulation at the end of the Younger Dryas event. R. B. Alley *, D. A. Meese †, C. A. Shuman *, A. J. Gow †, K. C. Taylor ...
at the end	 	http://medicaring.org/whitepaper/-RAND: Living Well at the End of Life: Adapting Health Care ...	 Living Well at the End of Life Adapting Health Care to Serious Chronic Illness in Old Age Joanne Lynn, David M. Adamson Rand Health White Paper WP-137 (2003)
at the end	 	http://www.vbforums.com/showthread.php?483969-VBA-Adding-a-new-sheet-at-the-end-of-existing-sheets-[VBA]Adding a new sheet at the end of existing sheets-VBForums	 I have been trying to get a new sheet to be created at the end of all the current sheets, but when I execute my code i get a "runtime error '1004': Method 'add' of ...
at the end	 	http://forum.wordreference.com/showthread.php?t=2105958-Using "instead" at the end of the sentence - WordReference ...	 Hi there! I'm not sure at all if "instead" can be used at the end of a sentence, like, (e.g.: He didn't pick it up, dropping the rest instead.)
at the end	 	http://www.swansongs.org/-Fulfilling Musical Wishes at the End of Life | Swan Songs	 "Swan Songs fulfills musical wishes at the end of life by organizing private concerts for individuals with a terminal illness."
at the end	 	http://collider.com/john-dies-at-the-end-review/-JOHN DIES AT THE END Review - Collider: Movie News, Movie ...	 JOHN DIES AT THE END Review. Our review of John Dies at the End, directed by Don Coscarelli and starring Paul Giamatti and Chase Williamson.
at the end	 	http://www.mymodernmet.com/profiles/blogs/la-casa-del-arbol-swing-at-the-end-of-the-world-"Swing at the End of the World" is Located Off a Giant ...	 Swing sets are typically used by children on a playground, but this makeshift contraption known as the Swing at the End of the World is only for the bravest ...
at the end	 	http://www.wetpaint.com/walking-dead/articles/walking-dead-season-3-music-what-was-the-song-at-the-end-of-episode-14-prey-Walking Dead Season 3 Music: What Was the Song at the End ...	 We're not sure about the answer to that first question, but we do know about the harrowing Walking Dead song that played at the end of the episode.
at the end	 	http://ub-counseling.buffalo.edu/ending.shtml-Feelings at the End of a Relationship, Counseling Services ...	 Feelings at the End of a Relationship. The following are common, normal feelings often experienced when a relationship ends. There is no right or wrong feeling to ...
at the end	 	http://www.soundsofenglish.org/pronunciation/wordfinalstops.html-Word Final Stops - Sounds of English	 Voiced and Unvoiced. Many students of English have problems pronouncing the consonant sounds at the end of words. On this page, you can hear ...
at the end	 	http://www.sing365.com/music/Lyric.nsf/Party-At-The-End-Of-The-World-lyrics-Jimmy-Buffett/F8CA310C23DFF8CC48257214002A20C5-PARTY AT THE END OF THE WORLD LYRICS - JIMMY BUFFETT	 "Party At The End Of The World" Lyrics by Jimmy Buffett: (Jimmy Buffett, Peter Mayer, Roger Guth, Will Kimbrough) Calling Paris Come in London Come in New ...
at the end	 	http://lyricsplayground.com/alpha/songs/a/attheendofthedayvarious.shtml-AT THE END OF THE DAY - Lyrics - International Lyrics ...	 AT THE END OF THE DAY (Donald O'Keefe) Recorded by : Steve Conway; Gracie Fields; Josef Locke; Daniel O'Donnell; Dorothy Squires. At the end of the day just ...
at the end	 	http://word.tips.net/T000835_Removing_Blank_Pages_at_the_End_of_Your_Document.html-Removing Blank Pages at the End of Your Document ...	 When you print out your document, you may notice that a blank page or two prints out at the end of the document. If this is the case with your document ...
at the end	 	http://japanese.about.com/library/blqow24.htm-What is ~n desu which is sometimes used at the end of a ...	 Frequently Asked Question in Japanese language - What is ~n desu which is sometimes used at the end of a sentence?
at the end	 	http://www.whitehouse.gov/sites/default/files/omb/budget/fy2013/assets/hist07z1.xls-www.whitehouse.gov	 Table Table 7.1—FEDERAL DEBT AT THE END OF YEAR: 1940–2017 End of Fiscal Year In Millions of Dollars As Percentages of GDP Gross Federal Debt Less: Held by ...
at the end	 	http://www.ucmp.berkeley.edu/education/events/cowen1b.html-The KT extinction - UCMP - University of California Museum ...	 Essay by Richard Cowen about the mass extinction of many species that occurred at the end of the Cretaceous Period and how the catastrophe hypotheses hold up to scrutiny.
at the end	 	http://www.comingsoon.net/movie/john-dies-at-the-end-2013-John Dies at the End -2013 - ComingSoon.net	 Plot Summary: In "John Dies at the End," it's all about the Soy Sauce, a drug that promises an out-of-body experience with each hit. Users drift across time and ...
at the end	 	http://www.emergencycareforyou.org/EmergencyManual/EndOfLife/Default.aspx?id=1796-End of Life Issues - Emergency Care For You - Homepage	 End of Life Issues How Can An Emergency Department Assist Patients And Caregivers At The End Of Life?
at the end	 	http://www.selfhelpforums.com/showthread.php?t=320-wiring multiple lights with switch at the end of run ...	 A few questions: When you say your switch is at the end of the run, are you saying you will have two or more switches? If so, then tell us where the switches are ...
at the end	 	http://running.about.com/od/nutritionforrunners/f/nausearunning.htm-Running and Nausea - Why Do I Feel Nauseous at the End of ...	 "I feel nauseous at the end of my run sometimes. Is it because I ate before my run?" Answer: Nausea during or after a run can happen for a few different reasons.
at the end	 	http://www.payroll-help.com/faq/what-does-the-letter-at-the-end-of-tax-code-mean/-What does the letter at the end of my tax code mean ...	 What does the letter at the end of my tax code mean? Recommend on Facebook; Share on Linkedin; share via Reddit; Tweet about it; Subscribe to the comments on this post
at the end	 	http://www.ianmount.com/-The Vineyard at the End of the World - Ian Mount - The ...	 The Vineyard at the End of the World tells the fascinating, 400-year history of how a wine Mecca arose in the Andean desert. Profiling the larger-than-life figures ...
at the end	 	http://www.ask.com/government-politics/name-concrete-object-end-parking-spot-6c8af6be9a24bbd2-What Is the Concrete Thing Called at the End of a Parking ...	 Quick Answer. The concrete block at the end of a parking spot is known as a parking curb, parking bumper, wheel stop, parking chock, curb stop or bumper block.
at the end	 	http://support.addthis.com/customer/portal/questions/202947-removing-via-addthis-at-the-end-of-tweets-i-ve-checked-foroum-but-still-no-luck-AddThis | Removing 'Via addthis' at the end of twe...	 Removing 'Via addthis' at the end of tweets. I've checked foroum but still no luck
at the end	 	http://www.kingjamesbibleonline.org/Habakkuk-2-3/-HABAKKUK 2:3 For the vision [is] yet for an appointed time ...	 For the vision is yet for an appointed time, but at the end it shall speak, and not lie: though it tarry, wait for it; because it will surely come, it will not tarry.
at the end	 	http://interiordec.about.com/cs/bedrooms/l/blqlendofbed.htm-Quick Look: What to Put at the End of a Bed	 A Quick Look at What to Put at the End of a Bed -- see how to use the space at the end of your bed for storage, a small desk, seating, and more...
at the end	 	http://makemusic.custhelp.com/app/answers/detail/a_id/73/~/entering-tuplets-at-the-end-of-a-measure-with-simple-entry-Entering tuplets at the end of a measure with Simple Entry	 Answer. Depending on which program and version you are using, you may need to do one of a few things to enter a tuplet at the end of a measure. If you are using a ...
at the end	 	http://www.stevensaylor.com/twist.html-A Twist at the End - Steven Saylor	 An interview with Steven Saylor about A TWIST AT THE END. A TWIST AT THE END is based on actual events. How did you first find out about these crimes?
at the end	 	http://www.essayforum.com/grammar-13/use-quotation-marks-end-sentence-6363/-How to use quotation marks at the end of a sentence ...	 My question is this:When I end a sentence with a word in quotation marks, do the quotation marks ever belong How to use quotation marks at the end of a sentence.
at the end	 	http://www.foxspirit.co.uk/books/anthologies/girl-at-the-end-of-the-world/-The Girl at the End of the World - Fox Spirit Books	 The Girl at the End of the Worldedited by Adele Wearing Cover art by Dave Johnson. It’s the end of days. The sky is falling, the seas are burning and your neighbour ...
at the end	 	http://mandytime.tumblr.com/-Is there something at the end of the rainbow?	 Is there something at the end of the rainbow? The same girl who laughs and talks a lot and seems very happy is also the girl who may cry herself to sleep and have a ...
at the end	 	http://education.blurtit.com/23928/what-is-the-name-of-the-three-dots-at-the-end-of-a-sentence--What Is The Name Of The Three Dots At The End Of A ...	 The three dots that are at the end of the sentence are called ellipses. It is used when a sentence, a statement or speech can be understood without actually saying it.
at the end	 	http://attheendofdays.tumblr.com/-At the End of Days - Tumblr	 End of Days No. 16 - Sixteenth in a series of photographs shot at the end of the work day.
at the end	 	http://www.zazzle.com/light+at+the+end+kitchen+towels-Light At The End Kitchen Towels, Light At The End Hand Towels	 Choose from a variety of Light At The End kitchen towels or create your own! Light At The End hand towels from Zazzle. Shop now for custom kitchen towels & more!
at the end	 	http://www.waterstones.com/waterstonesweb/products/neil+gaiman/the+ocean+at+the+end+of+the+lane/9441649/-The Ocean at the End of the Lane (Book) by Neil Gaiman ...	 THE OCEAN AT THE END OF THE LANE is a fable that reshapes modern fantasy: moving, terrifying and elegiac - as pure as a dream, as delicate as a butterfly's wing, as ...
at the end	 	http://thinkexist.com/quotation/courage_doesn-t_always_roar-sometimes_courage_is/214948.html-Mary Anne Radmacher said: "Courage doesn't always roar ...	 Mary Anne Radmacher Courage doesn't always roar. Sometimes courage is the quiet voice at the end of the day saying,
at the end	 	http://www.lovehkfilm.com/reviews_2/at_the_end_of_daybreak.html-At the End of Daybreak (心魔) (2009) - LoveHKFilm.com ...	 Review by Kozo: Dark and largely unsatisfying, At the End of Daybreak is difficult to recommend. And yet simply dismissing the film is equally difficult.
at the end	 	http://php.net/manual/en/language.basic-syntax.instruction-separation.php-PHP: Instruction separation - Manual	 Instruction separation. As in C or Perl, PHP requires instructions to be terminated with a semicolon at the end of each statement. The closing tag of a block of PHP ...
at the end	 	http://www.georgiaseitz.com/classes/ends.html-Starting at the End - The Online Tatting Class	 Starting at the End Starting with the Ends:Finishing Techniques in Tatting Georgia Seitz There are basically six ways to reduce or eliminate ends.
at the end	 	http://www.zazzle.com/light+at+the+end+kitchen+towels-Light At The End Kitchen Towels, Light At The End Hand Towels	 Choose from a variety of Light At The End kitchen towels or create your own! Light At The End hand towels from Zazzle. Shop now for custom kitchen towels & more!
at the end	 	http://www.netfunny.com/rhf/jokes/88q2/12316.html-At the end of a sentence [rec.humor.funny]	 |Browse the Best of RHF: "Nasty, Evil, Offensive Jokes" | At the end of a sentence hdunne@amethyst.ma.arizona.edu (|-|ugh) Society for Creative Anarchism
at the end	 	http://www.ird.govt.nz/income-tax-individual/end-year/ir3/-IR3 individual income return (What to do at the end of the ...	 Most people don't need to do anything at the end of the tax year. Use this page to work out if you need to file an IR3 individual income return.
at the end	 	http://word.mvps.org/FAQs/General/DeleteParaMarksAtEndOfLines.htm-Eliminate carriage returns (paragraph marks) at the end of ...	 Eliminate carriage returns (paragraph marks) at the end of each line but not at the end of each paragraph
at the end	 	http://kneelbeforeblog.co.uk/-Kneel Before Blog	 The Review at the End of the Universe. Collecting opinions on the world of comics, TV and film. Written by Craig McKenzie.
at the end	 	http://www.scotese.com/newpage5.htm-At the end of the Permian was Greatest Extinction of All Time	 More Info. At the end of the Permian was Greatest Extinction of All Time. Vast deserts covered western Pangea during the Permian as reptiles spread across the face of ...
at the end	 	http://www.a-good-dying.com/-A Good Dying: Normalizing and Personalizing Experiences at ...	 A Good Dying offers help in normalizing and personalizing experiences at the end of life through heartfelt information, intimate stories, and valuable resources.
at the end	 	https://bayridgeblog.wordpress.com/-BAY RIDGE, BITCHES! | -Life at the End of the R-	 -Life at the End of the R- ... After receiving an ice cream maker for wedding present, most people would decide to take that friend off their top 12.
at the end	 	http://megashare.info/watch-house-at-the-end-of-the-street-online-TlRjMk9BPT0-..: MEGASHARE.INFO - Watch House at the End of the Street ...	 Watch House at the End of the Street Online - Newly divorced Sarah and her daughter Elissa find the house of their dreams in a small, upscale, rural town. But when ...
at the end	 	http://mp3clan.com/mp3/Light_At_The_End_.html-(6.57MB) Light At The End .mp3 Download (320Kbps)	 Found! Light At The End .mp3 | 320kbps | (6.57MB) | Download Free | Play | Cut ringtone or audio sample of Light At The End song online
at the end	 	http://cousinscousins.bandcamp.com/album/the-palm-at-the-end-of-the-mind-THE PALM AT THE END OF THE MIND | COUSINS	 the palm at the end of the mind by cousins, released 20 march 2012 1. jules 2. baby 3. khyber 4. defense 5. secret weapon 6. thunder 7. speech 8. throwing rocks 9.
at the end	 	http://www.thecarenet.ca/-The CARENET - Home	 The Canadian Researchers at the End of Life Network (CARENET) is a group of health care professionals from across the country that collaborate with each other to ...
at the end	 	http://www.answerbag.com/q_view/1346774-What does PSS mean at the end of a letter | Answerbag	 What does PSS mean at the end of a letter PS means post script, meaning stuff added on after the ending was completed.PSS is what comes after PS.
at the end	 	https://uk.answers.yahoo.com/question/index?qid=20100613072755AA88ngJ-Why do all Serbians have 'ic' (pronounced ich) at the end ...	 Every Serbian I know at school all have 'ic' (pronounced ich) at the end of their surnames and every Serbian footballer have 'ic' at the end of their names.
at the end	 	http://www.dds.ca.gov/ConsumerCorner/docs/ThinkingAhead_English.pdf-Thinking Ahead, English - California Department of ...	 D I G N I T Y P E A C E THINKING AHEAD THINKING AHEAD My Way, My Choice, My Life at the End My Way, My Choice, My Life at the End My Choice, My Life at the End T
at the end	 	http://onlinesolutionproviders.com/tutorial/28049/in-a-service-type-business-revenue-is-considered-earned-a-at-the-end-of-the-month-b-at-the-In a service-type business, revenue is considered earned ...	 In a service-type business, revenue is considered earned? A- At the end of the month. B- At the end of the year. C- When the service is performed.
at the end	 	http://www.webexhibits.org/colorart/hatoum.html-Mona Hatoum's Installations - Webexhibits	 Light at the End, Mona Hatoum, 2002. Hatoum demonstrates that color can have multiple and shifting meanings.
at the end	 	http://www.liveleak.com/view?i=252_1414002086-Asking Strangers For Food! with a twist at the end!	 Asking Strangers For Food! with a twist at the end! This video will change the way you think! Loading the player ...
at the end	 	http://ehealthforum.com/health/topic89630.html-Constant Need to Pee, Burning At the End? Help! - Urinary ...	 Constant Need to Pee, Burning At the End? Help! . I recently (like 2 days ago) have had this constant need to pee, even when my bladder is empty. And it ...
at the end	 	http://www.webexhibits.org/colorart/hatoum.html-Mona Hatoum's Installations - Webexhibits	 Light at the End, Mona Hatoum, 2002. Hatoum demonstrates that color can have multiple and shifting meanings.
at the end	 	http://www.myantiwar.org/view/292620.html-At the End of Afghanistan War, Most Doubt Its Value	 At the End of Afghanistan War, Most Doubt Its Value
at the end	 	http://poetry.rotten.com/simpson/nsimpson2.html-Nicole Simpson at the end of the walk - F U C K E R	 A view of Nicole at the end of the walk This image appeared in a London tabloid.
at the end	 	http://ehealthforum.com/health/topic89630.html-Constant Need to Pee, Burning At the End? Help! - Urinary ...	 Constant Need to Pee, Burning At the End? Help! . I recently (like 2 days ago) have had this constant need to pee, even when my bladder is empty. And it ...
at the end	 	http://spanish.about.com/od/writtenspanish/a/syllabification.htm-Dividing Spanish Words at the End of a Line	 The basic rule of word division at the end of a line in Spanish is that the divided word in a new line typically begins with one consonant unit or a strong vowel.
at the end	 	http://www.liveleak.com/view?i=252_1414002086-Asking Strangers For Food! with a twist at the end!	 Asking Strangers For Food! with a twist at the end! This video will change the way you think! Loading the player ...
at the end	 	http://wimp2warrior.com.au/-Wimp 2 Warrior - Transforming Everyday People into MMA ...	 Wimp 2 Warrior is the Ultimate Human Experiment! Where regular people are thrown into a 6-month professional MMA fight camp. At the end of the camp, the top newly ...
at the end	 	http://www.thegardenattheendoftheworld.info/-The Garden at the End of the World | the award winning ...	 Human Rights Award goes to The Garden at the End of the World. NEWS RELEASE For immediate release 20th October 2010 Jewish Filmmaker Wins Christian Award for Film on ...
at the end	 	http://www.friends-tv.org/zz102.html-The One With The Sonogram At The End - Friends Episode 1.02	 Page Layout and Synopsis ©1997 by Darcy Partridge The One With The Sonogram At The End Episode 1.02 [Back to the Master List] Ross finds out his ex-wife (Carol) is ...
at the end	 	http://www.scotese.com/newpage8.htm-At the end of the Triassic, Pangea began to rift apart.	 More Info. At the end of the Triassic, Pangea began to rift apart. The supercontinent of Pangea, mostly assembled by the Triassic, allowed land animals to migrate ...
at the end	 	http://www.angelfire.com/ok2/polisharmy/-The dilemma facing the Polish Armed Forces at the end of WW 2	 "To Return To Poland Or Not To Return" - The Dilemma Facing The Polish Armed Forces At The End Of The Second World War Thesis by Dr Mark Ostrowski
at the end	 	http://www.telegraph.co.uk/property/6307829/Home-offices-when-the-office-is-just-at-the-end-of-the-garden.html-Home offices: when the office is just at the end of the ...	 Home offices: when the office is just at the end of the garden Home offices don’t have to be drab, dingy and cramped. There’s always room at the bottom ...
at the end	 	http://www.nothing-lane.co.uk/-Nothing at the End of the Lane	 Welcome to the online home of Nothing at the End of the Lane, fandom's first and favourite magazine dedicated to researching Doctor Who, with an emphasis on the early ...
at the end	 	http://www.chacha.com/question/what-does-.com%2C-.net%2C-and-.edu-stand-for-at-the-end-od-a-web-address-What does .com, .net, and .edu stand for at the end od a ...	 What does .com, .net, and .edu stand for at the end od a web address ChaCha Answer: .com stands for commercial business, .net means n...
at the end	 	http://www.ibe.unesco.org/International/ICE/natrap/Zimbabwe.pdf-THE DEVELOPMENTS IN EDUCATION: THE EDUCATION	 unesco international bureau of education the developments in education: the education system at the end of the 20th century 1990-2000 national report of
at the end	 	http://comfortzonechallenge2014.blogspot.com/-Life Begins At The End Of Your Comfort Zone	 Life Begins At The End Of Your Comfort Zone
at the end	 	http://d-maps.com/pays.php?num_pay=317&lang=en-Ottoman Empire at the end of the 17th century: Free maps ...	 Ottoman Empire at the end of the 17th century: free maps, free outline maps, free blank maps, free base maps, high resolution GIF, PDF, CDR, AI, SVG, WMF
at the end	 	http://www.freewebarcade.com/game/bloxorz/-Bloxorz - Free Web Arcade - Free Online Games	 Get the block to fall into the square hole at the end of each stage. There are 33 stages to complete.
at the end	 	http://www.seattlepi.com/entertainment/television/article/Censors-strike-again-as-China-bans-bosoms-in-6003669.php-Censors strike again as China bans bosoms in popular TV ...	 BEIJING (AP) — At the end of December, a popular television series chronicling China's most famous empress suddenly went on a four-day hiatus.
at the end	 	http://www.lyricsondemand.com/soundtracks/l/lesmiserableslyrics/attheendofthedaylyrics.html-At the End of the Day Lyrics by Les Miserables Cast - Les ...	 At the end of the day! [FOREMAN] I might have known the bitch could bite I might have known the cat had claws I might have guessed your little secret
at the end	 	http://www.facebook.com/johndiesmovie-John Dies at the End | Facebook	 John Dies at the End. 52,399 likes · 3,097 talking about this. "soy sauce.” It's a paranormal, psychoactive drug that promises an out-of-body experience...
at the end	 	http://www.urbandictionary.com/define.php?term=at+the+end+of+the+day-Urban Dictionary: at the end of the day	 And so, at the end of the day, when all was said and done, we wrapped things up and we were all happy campers.
at the end	 	http://www.md-tips.com/pains/98-Pain at the end of urination | What to do if hurts at the ...	 pain at the end of urination - symptoms of human diseases on a portal of the MD-tips - pains and characteristic external signs of disease, pains in women and children ...
at the end	 	https://attheendoflife.wordpress.com/-At the End of Life | A Blog About How We Die	 Reviewer Cheryl Wright-Watkins has kind things to say about At the End of Life: As expected given the subject matter, this collection contains an ample amount of sadness.
at the end	 	http://www.jumpstart.com/common/blend-at-end-Blend at the End – 2nd Grade English Worksheets ...	 Blend at the End Blend at the End. As your 2 nd grader begins reading bigger and more complex words, it is important that she understands how to read blends.
at the end	 	http://www.hulu.com/the-booth-at-the-end-Watch The Booth at the End Online - Free at Hulu	 Watch The Booth at the End free online. Stream episodes and clips of The Booth at the End instantly.
at the end	 	http://www.rottentomatoes.com/m/house_at_the_end_of_the_street/-House at the End of the Street - Rotten Tomatoes	 Critics Consensus: Poorly conceived, clumsily executed, and almost completely bereft of scares, House at the End of the Street strands its talented star in a film as ...
at the end	 	http://www.houseattheendofthedrive.com/-House at the End of the Drive - The Official Movie Site	 INSPIRED BY THE TRUE EVENTS THAT SHOCKED THE WORLD!!! Check Out the Real Life Ghost Videos Captured at the Oman House on Youtube Click to get House at the End of the ...
at the end	 	http://en.wiktionary.org/wiki/at_the_end_of_the_day-at the end of the day - Wiktionary, the free dictionary	 English Prepositional phrase . at the end of the day In summary; ultimately. 1991, Charles Krauthammer, "Why Arms Control Is Obsolete," Time, 5 Aug.:
at the end	 	http://www.rogerebert.com/reviews/john-dies-at-the-end-2012-John Dies at the End Movie Review ( 2012 ) | Roger Ebert	 The threat of apocalypse no longer holds consequence enough; for director Don Coscarelli's latest gonzo genre blend, "John Dies at the End," fabricated realities sit ...
at the end	 	http://idioms.thefreedictionary.com/at+the+end+of+rope-at the end of rope - Idioms by The Free Dictionary	 at the end of one's rope and at the end of one's tether. Fig. at the limits of one's endurance. I'm at the end of my rope! I just can't go on this way!
at the end	 	http://www.webmd.com/healthy-aging/tc/care-at-the-end-of-life-overview-Care at the End of Life-Topic Overview - WebMD - Better ...	 What kind of care can I expect at the end of life?You can be assured that you will receive treatments to manage symptoms and keep you comfortable at the end of life.
at the end	 	https://answers.yahoo.com/question/index?qid=20080823175649AAbaFiL-At the end of Brave New World , why does John hang himself?	 At the end of Brave New World, why does John hang himself? Is it because he feels bad about rejecting Lenina? I read the whole book and I ...
at the end	 	https://answers.yahoo.com/question/index?qid=20100417152800AABmBOi-What does '(s)' at the end of a word mean?	 Ment???what does this added word mean at the end of a single word?? What word means never ending? If my age ends with the word TEEN, that means I'm a teenager?
at the end	 	http://www.bankrate.com/finance/mortgages/should-you-close-at-the-end-of-the-month-1.aspx-Should You Close At The End Of The Month? | Bankrate.com	 Conventional wisdom says buyers should wrap up their home-purchase deal at the end of the month so they can pay less prepaid interest at closing.
at the end	 	http://www.english-for-students.com/At-The-End.html-English : At The End & In The End	 English : At The End & In The End. What is the difference between In The End and At The End? By Mr. Hari, Chicago, USA – 20th June 2007. The phrase In the end means ...
at the end	 	http://www.goodreads.com/book/show/15783514-the-ocean-at-the-end-of-the-lane-The Ocean at the End of the Lane by Neil Gaiman ...	 The Ocean at the End of the Lane has 184,340 ratings and 25,124 reviews. Patrick said: Sitting down to write a review of this book, I don't quite know w...
at the end	 	https://groups.yahoo.com/group/at_the_end_of_the_day/-At The End of the Day Education Resource - Yahoo! Groups	 Welcome to At the End of the Day resource group. Our commonality is that we all (homeschool, private, public school and parents) have one main goal: provide the best ...
at the end	 	http://www.nfl.com/news/story/0ap2000000311172/article/peyton-manning-concedes-the-end-of-nfl-career-is-near-Peyton Manning concedes the end of NFL career is near ...	 Peyton Manning conceded Wednesday that "the light is at the end of the tunnel" for his playing career. How many years does the all-world quarterback have left with ...
at the end	 	http://webmasters.stackexchange.com/questions/73934/how-can-urls-have-a-dot-at-the-end-e-g-www-bla-de-domains - How can URLs have a dot . at the end, e.g. www ...	 I never believed URLs could have a period at the end, as in www.google.de. (which obvious is not working). However, www.youtu.be. is working perfectly well. How did ...
at the end	 	http://biblehub.com/matthew/13-49.htm-Matthew 13:49 This is how it will be at the end of the age ...	 New International Version This is how it will be at the end of the age. The angels will come and separate the wicked from the righteous New Living Translation
at the end	 	http://bestsellers.about.com/od/bookclubquestions/fl/The-Ocean-at-the-End-of-the-Lane-by-Neil-Gaiman.htm-The Ocean at the End of the Lane - Book Club Questions	 The Ocean at the End of the Lane is a short novel that is rich with depth and symbolism. Use these questions to think through what Gaiman was doing in his story.
at the end	 	http://rasmussen.libanswers.com/a.php?qid=107534-Q. APA question. Can I use one citation at the end of a ...	 When you summarize or paraphrase someone else's information in several sentences or more, it feels awkward to put in a citation at the end of each sentence you write.
at the end	 	http://taxes.about.com/b/2013/11/19/tax-provisions-expiring-at-the-end-of-2013.htm-Tax Provisions Expiring at the End of 2013	 Tax Provisions Expiring at End of 2013. Several tax breaks are scheduled to expire at the end of the year 2013. Taxpayers may want to consider taking ...
at the end	 	http://www.accountingcoach.com/blog/closing-entries-Which accounts get closed at the end of a fiscal year ...	 Which accounts get closed at the end of a fiscal year? The temporary accounts get closed at the end of an accounting year. Temporary accounts include all of the ...
at the end	 	http://www.wisegeek.com/what-does-at-the-end-of-the-day-mean.htm-What Does "At the End of the Day" Mean? - wiseGEEK: clear ...	 The phrase "at the end of the day" is used to refer to a time in which a situation is ended, or something has come to its end...
at the end	 	http://dishonored.wikia.com/wiki/The_Light_at_the_End-The Light at the End - Dishonored Wiki	 The Light at the End is the final mission in Dishonored, in which Corvo Attano must confront the...
at the end	 	http://www.metacritic.com/movie/john-dies-at-the-end-John Dies at the End Reviews - Metacritic	 Give or take the titular disclosure, John Dies at the End is a thoroughly unpredictable horror-comedy -- and an immensely entertaining one, too.
at the end	 	http://www.doctoroz.com/episode/what-really-happens-end-life-What Really Happens At the End of Life? - The Dr. Oz Show ...	 What Comes After Death? Dr. Oz Investigates, Pt 1. Dr. Oz sits down with Colleen, the woman who survived death, to talk about what happens at the end of life.
at the end	 	http://cityattheendoftime.com/-City at the End of Time	 Seattle is about to become a city at the end of time. Slideshow: [Large Screen] [Small Screen] (8 MB - May take a few moments to load)
at the end	 	http://www.thegirlattheendoftheworld.net/-THE GIRL AT THE END OF THE WORLD	 Deluxe HD Package. Buy your Deluxe Package (Digital Download + Special Features) of "The Girl At The End Of The World" for just $4.99. Romantic Comedy film for ...
at the end	 	http://www.johndiesattheend.com/-John Dies At The End	 John Dies at the End. The first book in the John Dies saga. Read the book that started it all, and follow David Wong on a strange journey of nightmares.
at the end	 	http://www.caringinfo.org/files/public/brochures/EOL_Questions.pdf-Pain at the End of Life – Common Questions	 The percentage of people with pain increases to about 50% in the last four months of life. Pain associated with a life-limiting illness or at the end of life requires ...
at the end	 	http://d-maps.com/pays.php?num_pay=317&lang=en-Ottoman Empire at the end of the 17th century: Free maps ...	 Ottoman Empire at the end of the 17th century: free maps, free outline maps, free blank maps, free base maps, high resolution GIF, PDF, CDR, AI, SVG, WMF
at the end	 	http://www.freewebarcade.com/game/bloxorz/-Bloxorz - Free Web Arcade - Free Online Games	 Get the block to fall into the square hole at the end of each stage. There are 33 stages to complete.
at the end	 	http://www.seattlepi.com/entertainment/television/article/Censors-strike-again-as-China-bans-bosoms-in-6003669.php-Censors strike again as China bans bosoms in popular TV ...	 BEIJING (AP) — At the end of December, a popular television series chronicling China's most famous empress suddenly went on a four-day hiatus.
at the end	 	http://www.room77.de/-Room77.de	 This is ROOM77, the restaurant at the end of capitalism: warm beer, cold women and fast food made slow. We prefer incomming wetware-traffic through our brick-and ...
at the end	 	http://www.hypnosisforgood.com/-What's New? - About	 At the end of the session you will open your eyes and 9.9 times out of 10 feel very relaxed, rested and rejuvenated. Often the affects of the session are not ...
at the end	 	http://www.usatoday.com/story/news/world/2015/01/12/pope-francis-breast-feeding-sistine-chapel/21620337/-Pope Francis encourages breastfeeding in Sistine Chapel	 Pope Francis kisses a statue of the baby Jesus as he leaves at the end of a Mass at St Peter's Basilica on Jan. 1. (Photo: Osservatore Romano, AFP/Getty ...
at the end	 	http://perezhilton.com/2015-01-08-real-housewives-of-new-jersey-teresa-giudice-early-release-date-jail-prison-Real Housewives Of New Jersey's Teresa Giudice Gets To ...	 Just cause shes famous it b.s!!!AT THE END OF THE DAY TERESA NEW WHAT SHE WAS DOING LIKE THEY SAY "you do the crime you pay the time" dom says – ...
at the end	 	http://askville.amazon.com/sings-song-end-prince-caspian-movie/AnswerViewer.do?requestId=10327582-who sings the song at the end of the prince caspian movie?	 Askville Question: who sings the song at the end of the prince caspian movie? : Music Styles
at the end	 	http://perezhilton.com/2015-01-08-real-housewives-of-new-jersey-teresa-giudice-early-release-date-jail-prison-Real Housewives Of New Jersey's Teresa Giudice Gets To ...	 Just cause shes famous it b.s!!!AT THE END OF THE DAY TERESA NEW WHAT SHE WAS DOING LIKE THEY SAY "you do the crime you pay the time" dom says – ...
at the end	 	http://askville.amazon.com/sings-song-end-prince-caspian-movie/AnswerViewer.do?requestId=10327582-who sings the song at the end of the prince caspian movie?	 Askville Question: who sings the song at the end of the prince caspian movie? : Music Styles
at the end	 	http://perezhilton.com/2015-01-08-real-housewives-of-new-jersey-teresa-giudice-early-release-date-jail-prison-Real Housewives Of New Jersey's Teresa Giudice Gets To ...	 Just cause shes famous it b.s!!!AT THE END OF THE DAY TERESA NEW WHAT SHE WAS DOING LIKE THEY SAY "you do the crime you pay the time" dom says – ...
at the end	 	http://askville.amazon.com/sings-song-end-prince-caspian-movie/AnswerViewer.do?requestId=10327582-who sings the song at the end of the prince caspian movie?	 Askville Question: who sings the song at the end of the prince caspian movie? : Music Styles
at the end	 	http://perezhilton.com/2015-01-08-real-housewives-of-new-jersey-teresa-giudice-early-release-date-jail-prison-Real Housewives Of New Jersey's Teresa Giudice Gets To ...	 Just cause shes famous it b.s!!!AT THE END OF THE DAY TERESA NEW WHAT SHE WAS DOING LIKE THEY SAY "you do the crime you pay the time" dom says – ...
at the end	 	http://askville.amazon.com/sings-song-end-prince-caspian-movie/AnswerViewer.do?requestId=10327582-who sings the song at the end of the prince caspian movie?	 Askville Question: who sings the song at the end of the prince caspian movie? : Music Styles
at the end	 	http://perezhilton.com/2015-01-08-real-housewives-of-new-jersey-teresa-giudice-early-release-date-jail-prison-Real Housewives Of New Jersey's Teresa Giudice Gets To ...	 Just cause shes famous it b.s!!!AT THE END OF THE DAY TERESA NEW WHAT SHE WAS DOING LIKE THEY SAY "you do the crime you pay the time" dom says – ...
at the end	 	http://askville.amazon.com/sings-song-end-prince-caspian-movie/AnswerViewer.do?requestId=10327582-who sings the song at the end of the prince caspian movie?	 Askville Question: who sings the song at the end of the prince caspian movie? : Music Styles
at the end	 	http://perezhilton.com/2015-01-08-real-housewives-of-new-jersey-teresa-giudice-early-release-date-jail-prison-Real Housewives Of New Jersey's Teresa Giudice Gets To ...	 Just cause shes famous it b.s!!!AT THE END OF THE DAY TERESA NEW WHAT SHE WAS DOING LIKE THEY SAY "you do the crime you pay the time" dom says – ...
at the end	 	http://askville.amazon.com/sings-song-end-prince-caspian-movie/AnswerViewer.do?requestId=10327582-who sings the song at the end of the prince caspian movie?	 Askville Question: who sings the song at the end of the prince caspian movie? : Music Styles
at the end	 	http://perezhilton.com/2015-01-08-real-housewives-of-new-jersey-teresa-giudice-early-release-date-jail-prison-Real Housewives Of New Jersey's Teresa Giudice Gets To ...	 Just cause shes famous it b.s!!!AT THE END OF THE DAY TERESA NEW WHAT SHE WAS DOING LIKE THEY SAY "you do the crime you pay the time" dom says – ...
at the end	 	http://askville.amazon.com/sings-song-end-prince-caspian-movie/AnswerViewer.do?requestId=10327582-who sings the song at the end of the prince caspian movie?	 Askville Question: who sings the song at the end of the prince caspian movie? : Music Styles
at the end	 	http://perezhilton.com/2015-01-08-real-housewives-of-new-jersey-teresa-giudice-early-release-date-jail-prison-Real Housewives Of New Jersey's Teresa Giudice Gets To ...	 Just cause shes famous it b.s!!!AT THE END OF THE DAY TERESA NEW WHAT SHE WAS DOING LIKE THEY SAY "you do the crime you pay the time" dom says – ...
at the end	 	http://askville.amazon.com/sings-song-end-prince-caspian-movie/AnswerViewer.do?requestId=10327582-who sings the song at the end of the prince caspian movie?	 Askville Question: who sings the song at the end of the prince caspian movie? : Music Styles
at the end	 	http://perezhilton.com/2015-01-08-real-housewives-of-new-jersey-teresa-giudice-early-release-date-jail-prison-Real Housewives Of New Jersey's Teresa Giudice Gets To ...	 Just cause shes famous it b.s!!!AT THE END OF THE DAY TERESA NEW WHAT SHE WAS DOING LIKE THEY SAY "you do the crime you pay the time" dom says – ...
at the end	 	http://askville.amazon.com/sings-song-end-prince-caspian-movie/AnswerViewer.do?requestId=10327582-who sings the song at the end of the prince caspian movie?	 Askville Question: who sings the song at the end of the prince caspian movie? : Music Styles
