between	 	http://dictionary.reference.com/browse/Between-Between | Define Between at Dictionary.com	 preposition 1. in the space separating (two points, objects, etc.): between New York and Chicago. 2. intermediate to, in time, quantity, or degree: between twelve and ...
between	 	http://www.merriam-webster.com/dictionary/between-Between - Definition and More from the Free Merriam ...	 Full Definition of BETWEEN. 1. a: by the common action of : jointly engaging <shared the work between the two of them> <talks between the three — Time>
between	 	http://www.thesaurus.com/browse/between-Between Synonyms, Between Antonyms | Thesaurus.com	 Synonyms for between at Thesaurus.com with free online thesaurus, antonyms, and definitions. Dictionary and Word of the Day.
between	 	http://en.wikipedia.org/wiki/Between-Between - Wikipedia, the free encyclopedia	 Between may refer to: A preposition (Iceland is between New York and London) Between, Georgia, an American town Between (Frankmusik album), a 2013 album by Frankmusik ...
between	 	http://inbetweenbook.com/-The In-Between	 The In-Between Embracing the Tension Between Now and the Next Big Thing
between	 	http://www.differencebetween.net/-Difference Between Similar Terms and Things	 Difference between Snoring and Apnea . Snoring vs Apnea Snoring is the hoarse sound that occurs when your breathing is partially obstructed in some way while sleeping.
between	 	http://www.wordreference.com/enfr/between-between - English-French Dictionary WordReference.com	 between - traduction anglais-français. Forums pour discuter de between, voir ses formes composées, des exemples et poser vos questions. Gratuit.
between	 	http://www.merriam-webster.com/dictionary/in-between-In-between - Definition and More from the Free Merriam ...	 Full Definition of IN-BETWEEN: intermediate. See in–between defined for English-language learners » See in-between defined for kids » SCRABBLE ® fan?
between	 	http://www.w3schools.com/sql/sql_between.asp-SQL BETWEEN Operator - W3Schools - W3Schools Online Web ...	 The SQL BETWEEN Operator. The BETWEEN operator selects values within a range. The values can be numbers, text, or dates. SQL BETWEEN Syntax
between	 	http://www.betweenpageandscreen.com/-Between Page and Screen	 Between Page and Screen has reinvented visual poetry, doing so by displaying hieroglyphs that humans can read only through the eyes of robots. Each coded sigil ...
between	 	http://betweenfailures.com/-Between Failures | Life Is What Happens Between Failures	 Life Is What Happens Between Failures ... Those of you who pay attention to the artist, as well as the comic, will know that I went to the hospital recently.
between	 	http://www.funnyordie.com/between_two_ferns-Between Two Ferns - Home on Funny or Die	 Between Two Ferns's channel on Funny or Die. Episode 18: President Barack Obama sits down with Zach Galifianakis for his most memorable interview yet., Episode 16 ...
between	 	http://pbskids.org/lions/-Between the Lions | PBS KIDS!	 BETWEEN THE LIONS is produced by WGBH Boston, Sirius Thinking, Ltd., and Mississippi Public Broadcasting, and is funded in part by the Corporation for Public ...
between	 	http://www.wordreference.com/enit/between-between - Dizionario inglese-italiano WordReference	 between - Traduzione del vocabolo e dei suoi composti, e discussioni del forum.
between	 	http://www.distancesbetween.com/-Distance Between Cities, Distance Calculator, Road ...	 Distance Between is distance calculator tool that use Google Maps to find driving distance by road. Know the road distance, driving directions you are going to cover ...
between	 	http://en.wikipedia.org/wiki/War_of_1812-War of 1812 - Wikipedia, the free encyclopedia	 The War of 1812 was a military conflict, lasting for two-and-a-half years, between the United States of America and the United Kingdom of Great Britain and Ireland ...
between	 	http://www.spanishdict.com/translate/between-Between in Spanish | English to Spanish Translation	 Translate Between in Spanish. Get the most accurate English to Spanish translations. Fast. Easy. Free.
between	 	http://www.1keydata.com/sql/sqlbetween.html-BETWEEN in SQL | 1Keydata - 1Keydata - Free Online ...	 The 1Keydata SQL Tutorial teaches beginners the building blocks of SQL. This section explains how to use the BETWEEN operator in SQL.
between	 	http://www.imdb.com/title/tt0289668/-Between Strangers (2002) - IMDb	 Share this Rating. Title: Between Strangers (2002) 6.2 /10. Want to share IMDb's rating on your own site? Use the HTML below.
between	 	http://www.azlyrics.com/lyrics/linkinpark/inbetween.html-LINKIN PARK LYRICS - In Between - AZLyrics - Song Lyrics ...	 Lyrics to "In Between" song by LINKIN PARK: Let me apologize to begin with Let me apologize for what I'm about to say But trying to be genuine ...
between	 	http://www.sql-tutorial.net/SQL-BETWEEN.asp-SQL BETWEEN - SQL Tutorial	 The SQL BETWEEN & AND keywords define a range of data between 2 values. The SQL BETWEEN syntax looks like this:
between	 	http://www.timeanddate.com/date/duration.html-Date Duration Calculator: Days between two dates	 Calculate duration between two dates. This service calculates the duration, counting the day count and the number of days, months and years between two dates.
between	 	http://homepage.smc.edu/quizzes/cheney_joyce/amongbetween.html-Among, Between - Santa Monica College- Faculty & Staff ...	 Among, Between Among is a preposition used with three or more persons or things. I could not decide among the three different desserts which I wanted to eat.
between	 	http://www.freemaptools.com/how-far-is-it-between.htm-How Far Is It Between - Free Map Tools	 How Far is it Between. This tool can be used to find the distance between two named points on a map. You can decide which two points to measure and then find out the ...
between	 	http://www.synonym.com/synonyms/between/-Synonyms for between | Synonym.com	 Find the synonym of between using this free online thesaurus and dictionary of synonyms.
between	 	http://davidmlane.com/hyperstat/A132420.html-Between - Subjects Variable - HyperStat Online - David Lane	 Between-subject variables are independent variables or factors in which a different group of subjects is used for each level of the variable. If an experiment is ...
between	 	http://photobucket.com/images/between-Between Pictures, Images & Photos | Photobucket	 View the 124183 best Between Photos, Between Images, Between Pictures. Download photos or share to Facebook, Twitter, Tumblr, Blogger
between	 	http://www.mathwords.com/d/difference.htm-Mathwords: Difference	 Difference. The result of subtracting two numbers or expressions. For example, the difference between 7 and 12 is 12 – 7, which equals 5.
between	 	http://www.distancefromto.net/-Distance Between Cities Places On Map Distance Calculator	 Measure the distance between cities, locations places on the map, calculate the air and driving distance online from one city to another.
between	 	http://www.encyclopedia.com/doc/1O999-inbetween.html-in-between – Dictionary definition of in-between ...	 Definition of in-between – Our online dictionary has in-between information from The Oxford Pocket Dictionary of Current English dictionary. Encyclopedia.com ...
between	 	http://www.mommd.com/whatisdo.shtml-What is the difference between an M.D. and D.O. doctor?	 The main difference between the two types of physicians is that D.O.s have been specially trained to perform osteopthic manipulations on patients.
between	 	http://www.imdb.com/title/tt0067144/-The Go-Between (1971) - IMDb	 Directed by Joseph Losey. With Julie Christie, Alan Bates, Margaret Leighton, Michael Redgrave. Tale of torrid and forbidden love between Christie and Bates in the ...
between	 	http://www.somewherebetweenmovie.com/-Somewhere Between	 Somewhere Between, a documentary film by Linda Goldstein Knowlton that examines what it is like to come-of-age as a trans-racial adoptee in today's America
between	 	http://englishplus.com/grammar/00000180.htm-Using Between Properly - English Plus+--English Grammar ...	 Using Between Properly Between is with two people or things. Note the combination tw in a number of words meaning "two" such as two, twice, and twin.
between	 	http://www.thegospelcoalition.org/blogs/justintaylor/-Justin Taylor: Between Two Worlds - TGC | The Gospel Coalition	 This conversation between Russell Moore and Rosaria Butterfield is very encouraging, and it serves as a wonderful picture of grace in all of its multi-faceted glory ...
between	 	http://betweentheedges.com/-Between the Edges Lawn Care & Landscaping, Inc.	 Between the Edges is Augusta, Georgia's and the CSRA's premier lawn care and landscape company, servicing many commercial and residential properties.
between	 	http://www.foxnews.com/politics/2015/01/11/gas-tax-infrastructure-funding-puts-some-daylight-between-gop-house-senate/-Gas tax, infrastructure funding puts some daylight between ...	 Politics Gas tax, infrastructure funding puts some daylight between GOP House, Senate leaders
between	 	http://support.microsoft.com/kb/946765-A description of the differences between 32-bit versions ...	 Contains a comparison between 32-bit versions of Windows Vista and 64-bit versions of Windows Vista.
between	 	http://www.washington.edu/doit/Stem/articles?52-What is the difference between an IEP and a 504 Plan?	 What is the difference between an IEP and a 504 Plan? Printable Version. IEP Defined. The Individualized Educational Plan (IEP) is a plan or program developed to ...
between	 	http://www.infoplease.com/atlas/calculate-distance.html-Distance Calculator: How Far Is It? - Infoplease ...	 How Far Is It? Distance From: (example: Saint Moritz, ... The computation is for the great circle distance between points, and do not account for differences in ...
between	 	http://animals.howstuffworks.com/mammals/monkeys-vs-apes.htm-Is there a difference between monkeys and apes ...	 Monkeys and apes are both primates, with the monkey's tail distinguishing it from apes. Learn more about the differences between monkeys and apes.
between	 	http://geomaps.wr.usgs.gov/parks/misc/gweaero.html-What's the difference between weathering and erosion?	 What's the difference between weathering and erosion? Weathering involves two processes that often work in concert to decompose rocks.
between	 	http://www.brooklyn.cuny.edu/bc/ahp/BioInfo/GP/Relationship.html-Relationship - Brooklyn College	 The relationship between the genotype and phenotype is a simple one ... The codes for the The "internally coded, inheritable information", or Genotype, carried by all ...
between	 	http://www.life.umd.edu/classroom/bsci424/BSCI223WebSiteFiles/ProkaryoticvsEukaryotic.htm-Comparison Between Prokaryotic and Eukaryotic Cells	 Comparison Between Prokaryotic and Eukaryotic Cells. Characteristic Prokaryotes: Eukaryotes Size of cell Typically 0.2-2.0 m m in diameter
between	 	http://www.landbetweenthelakes.com/-Land Between The Lakes.com | KY + TN | Vacation Guide for ...	 Welcoming over 2 million visitors a year, Land Between the Lakes features over 170,000 acres of forested & protected public land, and over 300 miles of undeveloped ...
between	 	http://www.legalzoom.com/incorporation-guide/corporation-llc-comparison.html-Differences Between a Corporation and a Limited Liability ...	 Learn how Differences Between a Corporation and a Limited Liability Company (LLC) affects you in the Incorporation Guide at LegalZoom.
between	 	http://ibdcrohns.about.com/od/ulcerativecolitis/a/diffuccd.htm-The Differences Between Ulcerative Colitis and Crohn's Disease	 The differences between Crohn's disease and ulcerative colitis, the two primary forms of IBD, can be difficult to understand.
between	 	http://www.nasa.gov/mission_pages/noaa-n/climate/climate_weather.html-NASA - What's the Difference Between Weather and Climate ...	 What's the Difference Between Weather and Climate? ... Page Last Updated: August 6th, 2014 Page Editor: NASA Administrator
between	 	http://www.betweenfriendschicago.org/-Home | Between Friends	 Help Between Friends This Holiday Season. Make a difference in the life of a survivor this holiday season by organizing a food drive or making a donation to Between ...
between	 	http://www.wsj.com/articles/fighting-between-burundi-troops-rebels-leaves-97-dead-1420482642-Fighting Between Burundi Troops, Rebels Leaves 97 Dead - WSJ	 Burundi’s government says 97 people have been killed in fighting that broke out last week between a rebel group and government troops.
between	 	http://www.simpletoremember.com/articles/a/islamjudaism/-Difference Between Judaism and Islam	 All About Islam. Could you explain the difference between Islam and Judaism as you did about Christianity? The way you outlined the differences was very clear.
between	 	http://www.betweenhome.com/-Between Home | Odyssey of an unusual sea bandit	 Watch The Trailer . About; Download Film; Mailing List; News; Credits; Presskit ... COPYRIGHT © BETWEEN HOME.ALL RIGHTS RESERVED.
between	 	http://www.grammar-monster.com/lessons/who_whom.htm-The difference between who and whom - Free English Grammar ...	 The difference between who and whom (grammar lesson)
between	 	http://islam.about.com/cs/divisions/f/shia_sunni.htm-What's the Difference Between Shia and Sunni Muslims?	 Answer: Both Sunni and Shia Muslims share the most fundamental Islamic beliefs and articles of faith. The differences between these two main sub-groups within Islam ...
between	 	http://www.computerhope.com/issues/ch000039.htm-What are the differences between hardware and software?	 Help with understanding the differences between computer hardware and software.
between	 	http://www.metrolyrics.com/in-between-lyrics-linkin-park.html-Linkin Park - In Between Lyrics | MetroLyrics	 Lyrics to 'In Between' by Linkin Park. Let me apologize to begin with / Let me apologize for what I'm about to say / But trying to be genuine was harder than it
between	 	http://www.nydailynews.com/new-york/brooklyn/hud-enters-dog-fight-vet-coney-island-co-op-article-1.2072507-HUD enters dog fight between vet and Coney Island co-op ...	 HUD enters Coney Island dog fight between vet and Trump co-op The board of a South Brooklyn complex tried to evict U.S. Army veteran Eugene Ovsishcher after he ...
between	 	http://www.mathwarehouse.com/algebra/distance_formula/index.php-The Distance Formula: How to calculate the distance ...	 The distance formula is derived from the pythagorean theorem. To find the distance between two points (x 1,y 1) and (x 2,y 2), all that you need to do is use the ...
between	 	http://www.wikihow.com/Know-the-Difference-Between-Love%2C-Infatuation-and-Lust-How to Know the Difference Between Love, Infatuation and Lust	 How to Know the Difference Between Love, Infatuation and Lust. Whether you're in a relationship already or whether you're admiring someone from afar, sorting out your ...
between	 	http://psychology.about.com/od/education/f/ba-vs-bs.htm-What's the Difference Between a BA and a BS in Psychology?	 Are you trying to decide between a bachelor of arts (BA) or bachelor of science (BS) in psychology? Here are some key factors you need to consider.
between	 	http://esl.about.com/od/toeflieltscambridge/a/dif_ambrit.htm-Differences Between American and British English ...	 A discussion of the differences between standard American and British English in pronunciation, vocabulary and grammar with examples.
between	 	http://www.algebrahelp.com/lessons/factoring/differencebetweensquares/-Factoring A Difference Between Two Squares Lessons ...	 Factoring A Difference Between Two Squares Lessons. Take a look at the problem and work below: (x + 3)(x - 2) x 2 - 2x + 3x -6 x 2 + x - 6 As you can see above ...
between	 	http://betweenwaters.com/-Between Waters	 Between Waters. Give 'n' Guess. A game of giving and guessing crossword-style clues. New game starts weekly. Daily Cryptogram. Available in interactive or printable ...
between	 	http://en.support.wordpress.com/post-vs-page/-Post vs. Page — Support — WordPress.com	 There are very key differences between posts and pages in your WordPress blog. Posts. Posts are entries listed in reverse chronological order on the blog home page or ...
between	 	http://www.nlm.nih.gov/medlineplus/ency/article/003156.htm-Vaginal bleeding between periods: MedlinePlus Medical ...	 This article discusses vaginal bleeding that occurs between a woman's monthly menstrual periods. Such bleeding may be called "intermenstrual bleeding."
between	 	http://economics.about.com/cs/macrohelp/a/nominal_vs_real.htm-What's the Difference Between Nominal and Real?	 I'm learning economics and I keep hearing the terms nominal and real all the time to describe things like interest rates. What's the difference between nominal and real?
between	 	http://justbetweenus.org/-Just Between Us | A Magazine for Christian Women	 Just Between Us Magazine for Christian Women encourages and equips women for a life of faith. Just Between Us is a reader written Christian magazine focusing on the ...
between	 	http://www.wikihow.com/Find-the-Angle-Between-Two-Vectors-How to Find the Angle Between Two Vectors: 4 Steps	 Edit Article How to Find the Angle Between Two Vectors. Mathematicians and physicists often need to find the angle between two given vectors. While it is easy to find ...
between	 	http://betweentherivers.org/-Between The Rivers	 A History of the communities and families that once lived between the rivers
between	 	http://computer.howstuffworks.com/question268.htm-What is the difference between a Pentium and a Celeron ...	 ­ Here are the most important similarities and differences between the Pentium 4 and the Celeron chips coming out today: Core - The Celeron chip is based on a ...
between	 	http://www.pbs.org/weta/fridakahlo/worksofart/borderline.html-Self-portrait on the Borderline Between Mexico and the ...	 Self-portrait on the Borderline Between Mexico and the United States Self-portrait on the Borderline Between Mexico and the United States, 1932, Oil on metal, 12 1/2 ...
between	 	http://surgery.about.com/od/questionsanswers/qt/DOversusMD.htm-What is the Difference Between a DO Physician and an MD?	 What are the differences between MD doctors and DO doctors and how do they affect the patient? Find out how these two types of doctors differ, how their training ...
between	 	http://geography.about.com/library/faq/blqzuk.htm-What is the difference between the United Kingdom, Great ...	 What is the difference between the United Kingdom, Great Britain, and England? The United Kingdom is a country that consists of Great Britain and Northern Ireland.
between	 	https://www.justbetweenfriends.com/php/-Just Between Friends |	 Whether you run a school, league, PTA, scouts or other group, Just Between Friends connects you and provides tools to accomplish your most important tasks - and it's free
between	 	http://www.zdnet.com/article/boxs-ipo-is-on-price-range-between-11-13-a-share/-Box's IPO is on, price range between $11, $13 a share | ZDNet	 Box's IPO is on, price range between $11, $13 a share. Summary: The on again, off again (mostly off) Box IPO is about to hit the runway. The cloud storage and ...
between	 	http://betweenyouandmesigns.bigcartel.com/-Home / Between You and Me Signs	 Welcome to Between You and Me Signs ... She believed she could $ 100.00
between	 	http://womenshealth.about.com/cs/breastcance1/a/bleedingbetween_2.htm-I'm Bleeding Between Periods - Should I See My Doctor?	 Learn what questions your need to be prepared to answer when you see your doctor for bleeding between periods.
between	 	http://add.about.com/od/adhdthebasics/a/ADDvsADHD.htm-Differences Between ADD and ADHD Types	 What's the difference between ADD and ADHD? Read on to learn more about the difference between ADD and ADHD.
between	 	http://www.btlofficialsgear.com/-Between The Lines Official's Gear	 Welcome to Between The Lines Official's Gear. Hello from SW Missouri and thank you for stopping by. We do appreciate your interest in our company.
between	 	http://depression.about.com/cs/psychotherapy/f/psychologist.htm-The Difference Between a Psychologist and; a Psychiatrist	 Answer: The simplest way to describe the difference between a psychologist and a psychiatrist when it comes to treating depression is that one is a medical doctor ...
between	 	http://www.zdnet.com/article/boxs-ipo-is-on-price-range-between-11-13-a-share/-Box's IPO is on, price range between $11, $13 a share | ZDNet	 Box's IPO is on, price range between $11, $13 a share. Summary: The on again, off again (mostly off) Box IPO is about to hit the runway. The cloud storage and ...
between	 	http://www.ehow.com/how_5043694_choose-plasma-lcd-led-hdtvs.html-How to Choose between Plasma, LCD and LED HDTVs | eHow	 How to Choose between Plasma, LCD and LED HDTVs. Like other high-tech segments, high-definition television manufacturing is a constantly changing world in ...
between	 	http://animals.howstuffworks.com/insects/bee-vs-wasp.htm-What's the difference between bees and wasps? - HowStuffWorks	 Wasps and bees are different in several ways. Find out how you can distinguish between wasps and bees based on which one sticks to the flowers.
between	 	http://www.everystudent.com/forum/difference.html-Is there a difference between Catholic and Christian?	 Q: "Is there a difference between being Catholic and being a Christian?" our A: There are many Christian denominations and churches: Catholic, Presbyterian, Methodist ...
between	 	http://money.howstuffworks.com/question498.htm-What is the difference between soft money and hard money ...	 Soft and hard money describe specific types of political campaign donations. Learn the difference between soft and hard money in this article.
between	 	http://www.geobytes.com/CityDistanceTool.htm-City Distance Tool - Find the distance between 2 cities	 Welcome to the Geobytes City Distance Tool. This wizard will tell you the air travel distance between two cities in both miles and kilometers.
between	 	http://jobsearch.about.com/cs/curriculumvitae/f/cvresume.htm-The Difference Between a Curriculum Vitae (CV) and a Resume	 Curriculum Vitae vs. Resume - what's the difference between a curriculum vitae and a resume, which to use, and when and how to use a CV.
between	 	http://www.ehow.com/facts_4914113_differences-between-forecasting-budgeting.html-Differences Between Forecasting & Budgeting | eHow	 Budgeting and forecasting are two very different--but necessary--aspects of money management. To understand the differences between the two, you must ...
between	 	http://www.infoplease.com/askeds/distance-sun-earth.html-The Distance Between the Sun and the Earth	 The Answer: The average distance between the Sun and the Earth is about 92,935,700 miles. Astronomers refer to this distance as one astronomical unit—the ...
between	 	http://ibdcrohns.about.com/cs/ibs/a/diffibsibd.htm-What Are The Differences Between IBD and IBS?	 The Differences Between IBD and IBS IBD And IBS Have Similar Symptoms -- How Can We Tell Them Apart?
between	 	http://cholesterol.about.com/cs/faq/f/difference.htm-Difference Between Saturated Fats and Unsaturated Fats	 Knowing the difference between saturated fats and unsaturated fats, which are two main types of fats found in food, could help lower your cholesterol.
between	 	http://www.beautyschoolsdirectory.com/faq/choose.php-Cosmetology School Programs, Difference Between Beauty Courses	 Learn the differences between the different cosmetology programs. Find out how beauty school is different from hair school, makeup school and barber school.
between	 	http://www.londontown.com/London/Between_Gatwick_and_Heathrow-Between Gatwick and Heathrow | London's Airports ...	 Travelling between London's two busiest airports - Heathrow due west of London, and Gatwick due south of the city - takes approximately 45 miles by road.
between	 	https://www.facebook.com/betweenrecess-Between Recess | Facebook	 Between Recess. 445 likes · 5 talking about this. Between Recess is made up of six people who rock you out. We play songs of various genres from the...
between	 	http://faculty.washington.edu/chudler/heshe.html-Neuroscience For Kids - The Brain: Right Down the Middle	 He Brains, She Brains. Bigger - Stronger - Faster...are there really any differences between female brains and male brains? Differences between the brains of men and ...
between	 	http://www.d.umn.edu/kmc/student/loon/acad/strat/ss_hearing.html-Hearing vs. Listening - University of Minnesota Duluth	 Hearing vs. Listening Do you think there is a difference between hearing and listening? You are right, there is! Hearing is simply the act of perceiving sound by the ...
between	 	http://www.biblestudy.org/question/what-is-difference-between-archangel-and-cherubim.html-What is difference between Archangels and Cherubim ...	 Difference between Archangels and Cherubim. Question: What is the difference between the class or set of angels known as the Archangels and the Cherubim?
between	 	http://www.wisegeek.com/what-is-the-difference-between-arteries-and-veins.htm-What Is the Difference Between Arteries and Veins?	 The biggest difference between arteries and veins is that arteries carry blood away from the heart, while veins carry blood...
between	 	http://www.happyzebra.com/distance-calculator/-Miles between Cities, Flight Duration - Distance Calculator	 Distance calculator to display the flight duration time and distance between cities in kilometers, miles and nautical miles.
between	 	http://www.melissadata.com/Lookups/zipdistance.asp-Distance Between ZIP Codes Lookup - Melissa data	 Straight Line Distance Between ZIP Codes. Enter 2 5-digit ZIP Code; Displays the distance in miles; Check, Correct & Standardize Addresses in Excel Listware for Excel ...
between	 	http://www.w3schools.com/XML/xml_whatis.asp-XML Introduction - What is XML? - W3Schools Online Web ...	 The Difference Between XML and HTML. XML is not a replacement for HTML. XML and HTML were designed with different goals: XML was designed to describe data, with focus ...
between	 	https://www.facebook.com/betweentheraindrop-In Between The Rain Drops | Facebook	 In Between The Rain Drops. 122 likes · 4 talking about this. The latest Mama and Baby necessities.
between	 	http://std.about.com/od/hivaids/f/hivdifaids.htm-HIV and AIDS - What Is The Difference Between HIV and AIDS	 Answer: The quick answer is that the difference between HIV and AIDS is that HIV is a virus and AIDS is a definition. What does HIV stand for? HIV stands for the ...
between	 	http://ancienthistory.about.com/cs/godsreligion/a/mithraismxmas.htm-Some Similarities Between Mithraism and Christianity	 Among the recorded possible similarities between Christianity and Mithraism are the following:
between	 	http://www.save.org/index.cfm?fuseaction=home.viewPage&page_id=70489B01-CDA6-EC10-E40B95178144A08F-SAVE | The Link Between Depression and Suicide	 The Link Between Depression and Suicide. Research has consistently shown a strong link between suicide and depression, with 90% of the people who die by suicide ...
between	 	http://paganwiccan.about.com/od/faq/f/DifferencePPW.htm-What’s the difference between Paganism, Wicca and ...	 Are you looking for our article on the differences between Paganism, Wicca and Witchcraft? That content has moved, and is now over here: Differences Between Paganism ...
between	 	http://www.algebrahelp.com/lessons/factoring/differencebetweensquares/pg2.htm-Factoring A Difference Between Two Squares Lessons ...	 Factoring A Difference Between Two Squares. Take a look at the problem (expression) below: 4x 2 - 16 The first step at factoring this is to make sure that the ...
between	 	http://intervalsmusic.bandcamp.com/album/the-space-between-The Space Between | Intervals	 The Space Between by Intervals, released 20 December 2011 1. Begin 2. Still Winning 3. Duality 4. Sonar 5. Inertia
between	 	http://www.rightbetweentheears.com/-Right Between the Ears - Home	 For news of upcoming shows, special offers and more, join the Right Between the Ears mailing list.
between	 	http://www.ochef.com/41.htm-The Difference Between Risotto & Rice - What is risotto?	 The Difference Between Risotto & Rice. Could you please tell me the difference, if any, between risotto and rice. A local pasta manufacturer sells a product called ...
between	 	http://www.ochef.com/41.htm-The Difference Between Risotto & Rice - What is risotto?	 The Difference Between Risotto & Rice. Could you please tell me the difference, if any, between risotto and rice. A local pasta manufacturer sells a product called ...
between	 	http://cottonwoodheights.utah.gov/-Cottonwood Heights, UT :: City Between the Canyons	 City Between the Canyons ... City Council Corner Yes, It Has Been 10 Years. At a recent meeting, someone mentioned Cottonwood Heights was a new city.
between	 	http://www.funtrivia.com/askft/Question67057.html-What is the difference between the Torah and the Talmud?	 What is the difference between the Torah and the Talmud - trivia question /questions answer / answers
between	 	http://francescamusic.com/tracks/time-in-between-lyrics-Francesa Battistelli sing Time In Between	 Francesa Battistelli sing Time In Between
between	 	http://cla.calpoly.edu/bts/-Between The Species - An On-Line Journal for the Study of ...	 Between the Species has moved to http://digitalcommons.calpoly.edu/bts/. You will be re-directed automatically in a few seconds. Please update your bookmarks.
between	 	http://www.rightbetweentheears.com/-Right Between the Ears - Home	 For news of upcoming shows, special offers and more, join the Right Between the Ears mailing list.
between	 	http://www.mapsofindia.com/distance/-Distance Between Cities - Maps of India - India Map, Map ...	 Trying to find distance between two cities of India? Take the help of the city distance search engine. The search engine helps in finding the distance in kilometers ...
between	 	http://graphpad.com/faq/viewfaq.cfm?faq=1089-What is the difference between ordinal, interval and ratio ...	 What is the difference between ordinal, interval and ratio variables? Why should I care? FAQ# 1089 Last Modified 1-January-2009
between	 	http://www.drugs.com/forum/drug-information/difference-between-oxycodone-oxycontin-31851.html-Difference between Oxycodone and OxyContin	 The difference between oxycontin and oxycodone is just the time it takes to release into the body. So which is better? If I was prescibed 20mg of oxycodone IR or 20mg ...
between	 	http://www.biology4kids.com/files/studies_relationships.html-Relationships Between Organisms - Rader's BIOLOGY 4 KIDS ...	 Relationships Between Organisms Everything on Earth doesn't exist in its own little bubble. Species interact every day. That interaction is a vital part of how ...
between	 	http://inbetweendesignstudio.blogspot.com/-In Between Designs	 Welcome to In Between Designs, my name is Jude Henderson and I am a Digital Graphic Design Engineer in the making, currently coursing my third semester.
between	 	http://www.askbaby.com/bleeding-between-periods.htm-Bleeding Between Periods - Causes, Spotting & Fertility ...	 We explain why you experience bleeding between periods and what this could mean for your fertility.
between	 	http://www.businessknowhow.com/startup/llc-scorp.htm-Incorporation: What Is the Difference Between an LLC and ...	 What's the difference between an S corporation and an LLC? This comparison will help you understand the two forms of business and which may be better for you.
between	 	http://www.ksl.com/?nid=151&sid=32902779&title=gap-between-rich-poor-schools-doubled-in-4-years-Gap between rich, poor schools doubled in 4 years | KSL.com	 The gap between what wealthy districts and poor districts spend to educate children has widened dramatically in the four years since GOP Gov. Tom Corbett took office ...
between	 	http://seattletimes.com/html/opinion/2025426128_holcombopedmedicalmarijuana11xml.html-Guest: Eliminate the differences between I-502 and medical ...	 Guest: Eliminate the differences between I-502 and medical marijuana law. Reforming the state’s medical-marijuana law means all adults would have the ...
between	 	http://thinkexist.com/quotation/there-s_a_difference_between_interest_and/222268.html-There's a difference between interest and commitment.	 There's a difference between interest and commitment. When you're interested in doing something, you do it only when circumstance permit. When you're committed to ...
between	 	http://economics.about.com/cs/businesscycles/a/depressions_2.htm-Difference Between a Recession and a Depression?	 The Difference So how can we tell the difference between a recession and a depression? A good rule of thumb for determining the difference between a recession and a ...
between	 	http://www.life123.com/technology/internet/extranet/difference-between-extranet-and-intranet.shtml-The Difference Between Extranet and Intranet Functionality ...	 Do you know the difference between extranet and intranet technology? It's simple: One is accessible beyond your company's firewall, and the other is not.
between	 	http://www.50states.com/distance/-Distance Between Capital Cities - - 50states.com - States ...	 Calculate the distance between two capital cities using the form below.
between	 	http://cgi.cs.duke.edu/~des/datecalc/datecalc.cgi-Date Calculator Page - Duke CS cgi server	 interactive date calculator form ... Calculate the number of days between two dates: Start date: Use today's date MM DD YYYY End date: Use today's date ...
between	 	http://www.slideshare.net/wtidwell/between-the-wars-43438821-Between the wars	 Civil War War Between the States What would have caused this destruction? Thomas Melhorn 657 views
between	 	http://www.ixl.com/math/grade-8/convert-between-percents-fractions-and-decimals-IXL - Convert between percents, fractions, and decimals ...	 Fun math practice! Improve your skills with free problems in 'Convert between percents, fractions, and decimals' and thousands of other practice lessons.
between	 	http://www.ourdocuments.gov/doc.php?doc=6-Treaty of Paris (1783) - Welcome to OurDocuments.gov	 This treaty, signed on September 3, 1783, between the American colonies and Great Britain, ended the American Revolution and formally recognized the United States as ...
between	 	http://www.usnews.com/education/online-education/articles/2015/01/09/decide-between-live-self-paced-online-classes-Decide Between Live, Self-Paced Online Classes - US News	 Decide Between Live, Self-Paced Online Classes A student's schedule is a main consideration in choosing what kind of online course to pursue. In live ...
between	 	http://www.chicagotribune.com/sports/smackblog/chi-mike-tyson-michael-jordan-20150107-story.html-What really happened between Mike Tyson and Michael Jordan ...	 Richard Dent, Rory Holloway have different takes on alleged face-off between Mike Tyson, Michael Jordan. One thing seems certain: Michael Jordan and Mike ...
between	 	http://www.matrixgames.com/products/357/details/Gary.Grigsby's.War.Between.The.States-Matrix Games - Gary Grigsby's War Between The States	 Gary Grigsby's War Between The States. Release Date: 11 JUN 2008. Platform: PC Language: English Genre: Strategic Turns: Turn-Based IGOUGO Complexity: Advanced
between	 	http://www.indianrail.gov.in/src_dest_trns.html-TRAINS Between A Source Destination Pair	 Trains Between Pair of Stations : Source Station Code : Destination Station Code : Class :
between	 	http://www.victorianweb.org/history/empire/ljb2.html-Why did the British Empire expand so rapidly between 1870 ...	 Why did the British Empire expand so rapidly between 1870 and 1900? Lara J. Barton, Adams Grammar School, Newport, Shropshire, United Kingdom [Victorian Web Home —> ...
between	 	http://ezinearticles.com/?Whats-The-Difference-Between-Alzheimers-and-Dementia?&id=164803-What's The Difference Between Alzheimer's and Dementia?	 "What's the difference between dementia and Alzheimer's?" It's a common question, and doctors are some of the best at confusing us. Physicians seem to prefer the word ...
between	 	http://www.haverford.edu/educ/knight-booklet/mustitrust.htm-MUST IT RUST? THE REACTION BETWEEN IRON AND	 MUST IT RUST? THE REACTION BETWEEN IRON AND. OXYGEN. Knight Foundation Summer Institute. Kathleen Heffner, Beeber Middle School. Emily Dorean, Haverford College
between	 	http://www.indeed.com/jobs?q=Between+Friends&rbt=Delivery+Driver(07612)+-+340+W+University+Dr&rbc=Domino%27s&jtid=04cc5ae72a4bb879&jcid=788a7fd79eec1d60&grp=tcl-Between Friends Jobs, Employment | Indeed.com	 834 Between Friends Jobs available on Indeed.com. one search. all jobs.
between	 	http://ezinearticles.com/?Doc...-Ive-Got-Severe-Pain-Between-My-Shoulder-Blades---Whats-Causing-It?&id=212764-Doc... I've Got Severe Pain Between My Shoulder Blades ...	 There are many causes of pain in the shoulder blades. Pain between the shoulder blades can occur as a result of mundane problems such as working at the computer too ...
between	 	http://www.victorianweb.org/history/empire/ljb2.html-Why did the British Empire expand so rapidly between 1870 ...	 Why did the British Empire expand so rapidly between 1870 and 1900? Lara J. Barton, Adams Grammar School, Newport, Shropshire, United Kingdom [Victorian Web Home —> ...
between	 	http://www.haverford.edu/educ/knight-booklet/mustitrust.htm-MUST IT RUST? THE REACTION BETWEEN IRON AND	 MUST IT RUST? THE REACTION BETWEEN IRON AND. OXYGEN. Knight Foundation Summer Institute. Kathleen Heffner, Beeber Middle School. Emily Dorean, Haverford College
between	 	http://www.indeed.com/jobs?q=Between+Friends&rbt=Delivery+Driver(07612)+-+340+W+University+Dr&rbc=Domino%27s&jtid=04cc5ae72a4bb879&jcid=788a7fd79eec1d60&grp=tcl-Between Friends Jobs, Employment | Indeed.com	 834 Between Friends Jobs available on Indeed.com. one search. all jobs.
between	 	http://www.enchantedlearning.com/subjects/butterfly/allabout/Bflyormoth.shtml-Butterfly or Moth? - Enchanted Learning Software	 Butterfly or Moth?: what is the difference between a butterfly and a moth?
between	 	http://www.latimes.com/local/lanow/la-me-ln-el-capitan-free-climb-yosemite-20150108-story.html-Distance grows between climbers scaling El Capitan in ...	 Two climbers’ perilous ascent of El Capitan in Yosemite National Park continued this week, with the distance between the pair growing as one section of the granite ...
between	 	http://www.kansascity.com/news/local/crime/article6088059.html-Dispute between drivers might have led to shooting on ...	 Dispute between drivers might have led to shooting on Interstate 70, Independence police say
between	 	http://ezinearticles.com/?Whats-The-Difference-Between-Alzheimers-and-Dementia?&id=164803-What's The Difference Between Alzheimer's and Dementia?	 "What's the difference between dementia and Alzheimer's?" It's a common question, and doctors are some of the best at confusing us. Physicians seem to prefer the word ...
between	 	http://ezinearticles.com/?Doc...-Ive-Got-Severe-Pain-Between-My-Shoulder-Blades---Whats-Causing-It?&id=212764-Doc... I've Got Severe Pain Between My Shoulder Blades ...	 There are many causes of pain in the shoulder blades. Pain between the shoulder blades can occur as a result of mundane problems such as working at the computer too ...
between	 	http://lacyjdalton.com/In-Between-Money.htm-Lacy J. Dalton - In Between Money	 In Between Money . Lacy J. Dalton Wiley Gustaffson Jean Kocher Rod McQuery (Unreleased) Went down to the corner to the Grocery
between	 	http://thespacebetweensalisbury.wordpress.com/about/-About : Exhibition | The Space Between	 The Space Between ‘In the space between chaos and shape there was another chance’ Jeanette Winterson, The Word and Other Places. Thursday 15 January – Sunday 22 ...
between	 	http://video.cnbc.com/gallery/?video=3000343063-Wealth gap can cause resentment between siblings	 CNBC's Jake Novak gives his take on why the growing income inequality gap can complicate the relationship between siblings.
between	 	http://video.foxnews.com/v/3969462935001/new-year-doesnt-bring-new-trust-between-de-blasio-nypd/?playlist_id=928378949001-New year doesn't bring new trust between de Blasio, NYPD ...	 Live New year doesn't bring new trust between de Blasio, NYPD. Jan. 02, 2015 - 5:12 - NYC mayor talks good will, being pro-police, but raises ire again by ...
between	 	http://www.gbarto.com/languages/frvocab.html-French vocabulary - tricks for English speakers	 The connection between English and French becomes pretty obvious when we look at a word like "rouge". In French, it means "red"; in English it's the stuff you put on ...
between	 	http://www.marketeye.com.au/-Market Eye - Australia’s leading investor relations ...	 Market Eye is the only investor relations advisory firm in Australia whose senior team all have direct equity capital markets experience – between them, Market Eye ...
between	 	http://ftw.usatoday.com/2015/01/five-key-things-colts-patriots-5 key things to watch in the Colts-Patriots AFC ...	 1) The generational showdown between Andrew Luck and Tom Brady. We won’t get to watch another chapter in the rivalry between Peyton Manning and the ...
between	 	http://www.joineusee.eu/-JoinEU-SEE	 Scholarship scheme for academic exchange between EU and Western Balkan countries
between	 	http://www.freep.com/story/sports/nfl/lions/2015/01/03/detroit-lions-dallas-cowboys-scouting-report/21237817/-Detroit Lions vs. Cowboys: Everything you need to know for ...	 Talking points. Free Press sports writer Dave Birkett discusses three story lines from today's playoff game between the Lions and the Cowboys. Playoff ...
between	 	http://hotbetweenthecheeks.tumblr.com/post/107589995610-Hot between the cheeks	 Hot between the cheeks. hospread. hospread Source: tommerup
between	 	http://www.freep.com/story/sports/nfl/lions/2015/01/03/detroit-lions-dallas-cowboys-scouting-report/21237817/-Detroit Lions vs. Cowboys: Everything you need to know for ...	 Talking points. Free Press sports writer Dave Birkett discusses three story lines from today's playoff game between the Lions and the Cowboys. Playoff ...
between	 	http://hotbetweenthecheeks.tumblr.com/post/107589995610-Hot between the cheeks	 Hot between the cheeks. hospread. hospread Source: tommerup
between	 	http://www.freep.com/story/sports/nfl/lions/2015/01/03/detroit-lions-dallas-cowboys-scouting-report/21237817/-Detroit Lions vs. Cowboys: Everything you need to know for ...	 Talking points. Free Press sports writer Dave Birkett discusses three story lines from today's playoff game between the Lions and the Cowboys. Playoff ...
between	 	http://hotbetweenthecheeks.tumblr.com/post/107589995610-Hot between the cheeks	 Hot between the cheeks. hospread. hospread Source: tommerup
between	 	http://www.freep.com/story/sports/nfl/lions/2015/01/03/detroit-lions-dallas-cowboys-scouting-report/21237817/-Detroit Lions vs. Cowboys: Everything you need to know for ...	 Talking points. Free Press sports writer Dave Birkett discusses three story lines from today's playoff game between the Lions and the Cowboys. Playoff ...
between	 	http://hotbetweenthecheeks.tumblr.com/post/107589995610-Hot between the cheeks	 Hot between the cheeks. hospread. hospread Source: tommerup
between	 	http://hotbetweenthecheeks.tumblr.com/post/107589995610-Hot between the cheeks	 Hot between the cheeks. hospread. hospread Source: tommerup
between	 	http://www.freep.com/story/sports/nfl/lions/2015/01/03/detroit-lions-dallas-cowboys-scouting-report/21237817/-Detroit Lions vs. Cowboys: Everything you need to know for ...	 Talking points. Free Press sports writer Dave Birkett discusses three story lines from today's playoff game between the Lions and the Cowboys. Playoff ...
between	 	http://hotbetweenthecheeks.tumblr.com/post/107589995610-Hot between the cheeks	 Hot between the cheeks. hospread. hospread Source: tommerup
between	 	http://www.infoplease.com/atlas/calculate-distance.html-Distance Calculator: How Far Is It? - Infoplease ...	 How Far Is It? Distance From: (example: Saint Moritz, ... The computation is for the great circle distance between points, and do not account for differences in ...
between	 	http://www.betweenthevines.com/index.html-Between the Vines	 Between the Vines
between	 	http://betweenthevines.com/html/whats_new_.html-Whats_New_ - Between the Vines	 Between the Vines Inc, Jamie Mills-Price, owner P.O. Box 278, ... Jamie Mills-Price All graphics, designs, and artwork on this site are copyright protected.
between	 	http://www.funnyordie.com/videos/e8e4424115/between-two-ferns-with-zach-galifianakis-from-between-two-ferns-zach-galifianakis-michael-cera-and-comedy-deathray-Between Two Ferns with Zach Galifianakis: Michael Cera ...	 1 [ music plays ] 2. hi. welcome to between two ferns with zach galifianakis. 3. i'm your host and my guest this afternoon is . 4. michael cera, actor.
between	 	http://www.girlscouts.org/program/journeys/your_planet/daisy.asp-Journeys | Daisies | Between Earth and Sky	 It's Your Planet—Love It! Introducing the Second Series of Journeys for Girl Scout Daisies (Grades K-1) Between Earth and Sky. Girl Scout Daisies join their flower ...
between	 	http://www.betweenthebread.com/-Between The Bread	 by Between the Bread. 212.765.1840. Charcuterie - 145 West 55th Street, NY, NY, 10019 Offices - 244 West 54th Street Suite 504, NY, NY, 10019
between	 	http://www.nydailynews.com/news/politics/exclusive-rich-poor-school-funding-disparity-hits-record-article-1.2073319-EXCLUSIVE: Funding inequalities between rich, poor school ...	 Funding inequities between poor and rich school districts across state has reached record levels under Cuomo, report says.
between	 	http://www.wsj.com/articles/scores-die-in-cameroon-fighting-between-military-and-boko-haram-1421157456-Scores Die in Cameroon Fighting Between Military and Boko ...	 A five-hour gunbattle between Boko Haram and soldiers in Cameroon left 143 people dead, the government said, and sent thousands of inhabitants fleeing across this ...
between	 	http://education.jlab.org/qa/compound.html-Questions and Answers - What is the difference between a ...	 An answer to the question: What is the difference between a compound and a molecule?
between	 	http://us2uk.tripod.com/-US 2 UK - differences between American and British culture ...	 There are vast differences in culture between Americans and their British Commonwealth counterparts throughout the world. American English is ...
between	 	http://betweenstudio.tumblr.com/-Between | User experience design - Tumblr	 Between | User experience design. MESSAGE Behance Dribbble Facebook Twitter Pinterest Blog Portfolio ...
between	 	http://www.timeanddate.com/worldclock/difference.html-Time Differences — Between a location and rest of the world	 Search for a city's time difference: Find the difference in time between your location and locations around the world...
between	 	http://betweenthelinesdesigns.com/-Between the Lines Designs - Unique Innovation - That Works!	 Between the Lines Designs is devoted to creating unique innovation…. that works! Our one-of-a-kind product line currently includes: SKI-Z’s reverse-compatible ski ...
between	 	http://www.myrateplan.com/how_far-Distance Calculator - How Far is It Between Two Cities ...	 Calculate distance between 2 places ... *Distance calculations are believed to be accurate, however all information is presented without warranty.
between	 	http://grammartips.homestead.com/than.html-Learn the Difference Between "Than" and "Then"	 In another article ("Learn the Difference Between Affect and Effect ") I commented that I almost never see the words affect and effect used correctly.
between	 	http://www.distance-cities.com/-Distance between cities	 Distance between cities calculator. Find out the distance between any two cities in the US!
between	 	http://www.religioustolerance.org/chr_john.htm-Differences among gospels: comparing John with the ...	 Christian Scriptures Conflicts between the Gospel of John and the remaining three (Synoptic) gospels. Sponsored link.
between	 	http://a.placebetween.us/-a.placebetween.us	 Just enter the location of you and your friend, and it finds a coffee shop, diner, or movie theater somewhere between you. permalink. by Aron and Matthew.
between	 	http://www.baltimoresun.com/sports/ravens/ravens-insider/bal-mutual-respect-between-steve-smith-darrelle-revis-as-playoff-game-looms-20150108-story.html-Mutual respect between Steve Smith, Darrelle Revis as ...	 The exchange of compliments between Ravens five-time Pro Bowl wide receiver Steve Smith and New England Patriots six-time Pro Bowl cornerback Darrelle ...
between	 	http://www.pwbts.com/-PWBTS 2000 - Your Number One Pro Wrestling News Source On ...	 Pro Wrestling Site, Sports Site. Wrestling Sites: ECWA: Jersey All-Pro: CZWrestling.com: Chaotic: Ring of Honor: IWA: Heartland ... Pro Wrestling's Between The Sheets
between	 	http://firstaid.about.com/od/emergencymedicalservices/qt/06_EMTBvsP.htm-The Difference Between an EMT and a Paramedic	 The media is sometimes confused by the difference between an emergency medical technician and a paramedic. Unfortunately, with so many people getting their ...
between	 	http://www.gotquestions.org/difference-dating-courting.html-What is the difference between dating and courting?	 Question: "What is the difference between dating and courting?" Answer: Dating and courtship are two methods of beginning relationships with the opposite sex.
between	 	http://www.betweenthebreadcafe.com/-Welcome to Between the Bread | Michael's on Mulberry ...	 588 Mulberry Street in beautiful, historic downtown Macon | Michael's On Mulberry 478-743-3997 | Between The Bread 478-743-3999
between	 	http://www.bankrate.com/finance/money-guides/differences-between-fha-and-conventional-mortgages.aspx-Differences between FHA and conventional mortgages	 Dear Dr. Don, Please explain the difference between a 30-year fixed and a 30-year FHA loan. My understanding is that the conventional fixed-rate loan requires 20 ...
between	 	http://www.loc.gov/rr/scitech/mysteries/sweetpotato.html-What is the difference between sweet potatoes and yams ...	 What is the difference between sweet potatoes and yams? Everyday Mysteries: Fun Science Facts from the Library of Congress
between	 	http://newtoninstitute.org/-Welcome to The Newton Institute for Life Between Lives ...	 Welcome to the The Newton Institute (TNI) for Life Between Lives® Hypnotherapy and to the intriguing and expansive world of inter-life exploration.
between	 	http://mdt.mt.gov/travinfo/scripts/citydist.pl-MDT Traveler Information - Distance Between Montana Cities	 Main Content Traveler Info Distance Calculator. Calculate the distance between major Montana cities. Mileage reflects intercity routes using the most direct ...
between	 	http://www.convertunits.com/dates/-Date Difference Calculator - number of days between dates	 This site provides an online date calculator to help you find the difference in the number of days between any two calendar dates. Simply enter the start and end date ...
between	 	http://womenshealth.about.com/cs/breastcance1/a/bleedingbetween.htm-Why Bleeding or Spotting Between Periods Occurs	 Bleeding or spotting between periods can be a frightening experience. You never know when bleeding between periods may occur. Maybe your period was over last week and ...
between	 	http://www.readbetweenthelynes.com/-Read Between the Lynes | Your Hometown Bookstore	 “Read Between the Lynes” is a bookstore filled with ambiance, selling new, general books, educational toys and merchandise that enhance reading.
between	 	http://nypost.com/2015/01/09/bill-clinton-wont-be-fixing-rift-between-de-blasio-and-nypd/-Clinton won’t be fixing rift between de Blasio and NYPD ...	 Former President Bill Clinton is not interested in solving tensions between the NYPD and Mayor de Blasio, Clinton’s spokesman said Thursday — a day ...
between	 	http://www.suprememastertv.com/bmd/-Between Master and Disciples - Supreme Master Television ...	 Get a glimpse into the captivating, candid and heart warming conversations between teacher and disciples on subjects ranging from daily life to the secrets of the ...
between	 	http://www.gotquestions.org/religion-spirituality.html-What is the difference between religion and spirituality?	 Question: "What is the difference between religion and spirituality?" Answer: Before we explore the difference between religion and spirituality, we must first define ...
between	 	http://www.huffingtonpost.com/2015/01/09/solar-activity-life-span-study_n_6437058.html-Scientists Find Spooky Link Between Solar Activity & Life Span	 The sun sustains life on Earth, and maybe that's not all it does. Provocative new research by scientists in Norway suggests there may be a link between ...
between	 	http://psychology.about.com/od/psychotherapy/f/psychvspsych.htm-What's the Difference Between a Psychologist and a ...	 What's the difference between a psychologist and a psychiatrist? Here is a quick guide to the differences in education, training, and practice.
between	 	http://www.religioustolerance.org/sci_rel.htm-Conflicts & agreements between science and religion	 Anon: "There can never be a conflict between true science and true religion, because they both describe reality." Excerpt from a posting to a religious mailing list.
between	 	http://marketing.about.com/cs/advertising/a/marketvsad.htm-Marketing vs. Advertising: What's the Difference?	 What is the difference between advertising and marketing? Knowing the difference and doing your market research can put your company on the path to substantial growth.
between	 	http://homecooking.about.com/od/cookingfaqs/f/faqmutton.htm-What is the difference between lamb and mutton? - Home Cooking	 There is indeed a difference between lamb and mutton, but it is simply a matter of age and flavor. Answer: Is it Lamb or mutton? Lamb is a sheep less than a year old ...
between	 	http://money.cnn.com/2015/01/08/media/bradley-cooper-president-obama-between-two-ferns/index.html-Bradley Cooper: I got President Obama on 'Between Two ...	 The awkward interview between the leader of the free world and Galifianakis premiered last March and was a huge hit. It currently has over 27 million views ...
between	 	http://www.guidetopsychology.com/psypsy.htm-The difference between Psychology and Psychiatry (and ...	 ANY persons are confused about the difference between psychiatry and psychology. The following discussion, therefore, offers an objective, concise, and simply ...
between	 	http://www.bgfl.org/bgfl/custom/resources_ftp/client_ftp/ks2/maths/timetables/index.htm-Difference Between Two Times - BGfL - BGfL Homepage - BGfL ...	 It is sometimes important to be able to work out the difference between two times. For example, you may need to know how long you are going to have to wait between ...
between	 	http://www.brooklyn.cuny.edu/bc/ahp/BioInfo/GP/Relationship.html-Relationship - Brooklyn College	 The relationship between the genotype and phenotype is a simple one ... The codes for the The "internally coded, inheritable information", or Genotype, carried by all ...
between	 	http://www.nasa.gov/mission_pages/noaa-n/climate/climate_weather.html-NASA - What's the Difference Between Weather and Climate ...	 What's the Difference Between Weather and Climate? ... Page Last Updated: August 6th, 2014 Page Editor: NASA Administrator
between	 	http://animals.howstuffworks.com/mammals/monkeys-vs-apes.htm-Is there a difference between monkeys and apes ...	 Monkeys and apes are both primates, with the monkey's tail distinguishing it from apes. Learn more about the differences between monkeys and apes.
between	 	http://www.freep.com/story/sports/nfl/lions/2015/01/03/detroit-lions-dallas-cowboys-scouting-report/21237817/-Detroit Lions vs. Cowboys: Everything you need to know for ...	 Talking points. Free Press sports writer Dave Birkett discusses three story lines from today's playoff game between the Lions and the Cowboys. Playoff ...
between	 	http://hotbetweenthecheeks.tumblr.com/post/107589995610-Hot between the cheeks	 Hot between the cheeks. hospread. hospread Source: tommerup
between	 	http://www.freep.com/story/sports/nfl/lions/2015/01/03/detroit-lions-dallas-cowboys-scouting-report/21237817/-Detroit Lions vs. Cowboys: Everything you need to know for ...	 Talking points. Free Press sports writer Dave Birkett discusses three story lines from today's playoff game between the Lions and the Cowboys. Playoff ...
between	 	http://hotbetweenthecheeks.tumblr.com/post/107589995610-Hot between the cheeks	 Hot between the cheeks. hospread. hospread Source: tommerup
between	 	http://www.freep.com/story/sports/nfl/lions/2015/01/03/detroit-lions-dallas-cowboys-scouting-report/21237817/-Detroit Lions vs. Cowboys: Everything you need to know for ...	 Talking points. Free Press sports writer Dave Birkett discusses three story lines from today's playoff game between the Lions and the Cowboys. Playoff ...
between	 	http://hotbetweenthecheeks.tumblr.com/post/107589995610-Hot between the cheeks	 Hot between the cheeks. hospread. hospread Source: tommerup
between	 	http://www.freep.com/story/sports/nfl/lions/2015/01/03/detroit-lions-dallas-cowboys-scouting-report/21237817/-Detroit Lions vs. Cowboys: Everything you need to know for ...	 Talking points. Free Press sports writer Dave Birkett discusses three story lines from today's playoff game between the Lions and the Cowboys. Playoff ...
between	 	http://hotbetweenthecheeks.tumblr.com/post/107589995610-Hot between the cheeks	 Hot between the cheeks. hospread. hospread Source: tommerup
between	 	http://www.freep.com/story/sports/nfl/lions/2015/01/03/detroit-lions-dallas-cowboys-scouting-report/21237817/-Detroit Lions vs. Cowboys: Everything you need to know for ...	 Talking points. Free Press sports writer Dave Birkett discusses three story lines from today's playoff game between the Lions and the Cowboys. Playoff ...
between	 	http://hotbetweenthecheeks.tumblr.com/post/107589995610-Hot between the cheeks	 Hot between the cheeks. hospread. hospread Source: tommerup
between	 	http://www.freep.com/story/sports/nfl/lions/2015/01/03/detroit-lions-dallas-cowboys-scouting-report/21237817/-Detroit Lions vs. Cowboys: Everything you need to know for ...	 Talking points. Free Press sports writer Dave Birkett discusses three story lines from today's playoff game between the Lions and the Cowboys. Playoff ...
between	 	http://hotbetweenthecheeks.tumblr.com/post/107589995610-Hot between the cheeks	 Hot between the cheeks. hospread. hospread Source: tommerup
between	 	http://www.freep.com/story/sports/nfl/lions/2015/01/03/detroit-lions-dallas-cowboys-scouting-report/21237817/-Detroit Lions vs. Cowboys: Everything you need to know for ...	 Talking points. Free Press sports writer Dave Birkett discusses three story lines from today's playoff game between the Lions and the Cowboys. Playoff ...
between	 	http://hotbetweenthecheeks.tumblr.com/post/107589995610-Hot between the cheeks	 Hot between the cheeks. hospread. hospread Source: tommerup
between	 	http://www.freep.com/story/sports/nfl/lions/2015/01/03/detroit-lions-dallas-cowboys-scouting-report/21237817/-Detroit Lions vs. Cowboys: Everything you need to know for ...	 Talking points. Free Press sports writer Dave Birkett discusses three story lines from today's playoff game between the Lions and the Cowboys. Playoff ...
between	 	http://hotbetweenthecheeks.tumblr.com/post/107589995610-Hot between the cheeks	 Hot between the cheeks. hospread. hospread Source: tommerup
between	 	http://www.freep.com/story/sports/nfl/lions/2015/01/03/detroit-lions-dallas-cowboys-scouting-report/21237817/-Detroit Lions vs. Cowboys: Everything you need to know for ...	 Talking points. Free Press sports writer Dave Birkett discusses three story lines from today's playoff game between the Lions and the Cowboys. Playoff ...
between	 	http://hotbetweenthecheeks.tumblr.com/post/107589995610-Hot between the cheeks	 Hot between the cheeks. hospread. hospread Source: tommerup
