by	 	http://en.wikipedia.org/wiki/By-By - Wikipedia, the free encyclopedia	 By or BY may refer to: Bye (sports) or by, a free pass through a round of competition in a tournament CC-BY, a Creative Commons attribution license Budget Year (BY ...
by	 	http://www.bymalenebirger.com/-Front Page - By Malene Birger Official Site & Webshop	 By Malene Birger; Front Page; Shop Our Shop By Look Shop Our Shop By Look. Shop Our Jewellery Shop Our Jewellery. Shop Our Shoes Shop Our Shoes. NEWSLETTER SIGNUP.
by	 	http://www.music.com/-Music Videos by Your Favorite Artists for Free | Music.com	 Music Videos by Your Favorite Artists for Free from Music.com
by	 	http://www.spottedbylocals.com/-Spotted by Locals	 Spotted by Locals. City guides with insider tips by locals in 58 cities. Spotted by Locals is a series of blogs, mobile (iPhone, Android) & PDF city guides with up-to ...
by	 	http://www.daybydaycartoon.com/-Day By Day Cartoon	 New Site - New Feed Please Re-subscribe! FBF Powered by ¬ÆGoogle Feedburner. Bourgeois.
by	 	http://www.worldmarkbywyndham.com/-WorldMark by Wyndham	 WorldMark by Wyndham, formerly Trendwest Resorts, is a leader in the vacation ownership industry, offering a network of drive-to resorts with a unique, flexible point ...
by	 	http://goop.com/-Goop	 Be An introduction to Tantra. Mention tantra, and you‚Äôll probably get the response that having sex for seven hours sounds really unappealing‚Äîas mythologized by an ...
by	 	http://www.youtube.com/user/TheAlexJonesChannel-TheAlexJonesChannel - YouTube	 Alex Jones and his team of Infowars reporters are breaking down the electronic Berlin Wall of media control by reaching millions of people around the world -...
by	 	http://www.designsbyjuju.com/-Machine Embroidery Designs | Designs By JuJu	 Welcome to Designs by JuJu! If you are looking for adorable, affordable and high-quality machine embroidery designs for all ages ‚Äì you‚Äôve come to the right place!
by	 	http://www.networksolutions.com/-Network Solutions - Website Design and Hosting | Domains ...	 Network Solutions helps small business owners achieve their online goals by putting the right services, tools and resources at their fingertips.
by	 	http://www.nytimes.com/2015/01/11/magazine/death-by-robot.html-Death by Robot - NYTimes.com	 A robot‚Äôs lack of emotion is precisely what makes many people uncomfortable with the idea of trying to give it human characteristics. Death by robot is ...
by	 	http://www.identifont.com/-Identifont - Identify fonts by appearance, find fonts by name	 Identify a font by answering questions about key features: Do the characters have serifs? Serifs are spikes or slabs on the ends of the strokes.
by	 	http://www.500bydiesel.com/-Fiat 500 by Diesel	 Fiat 500 by Diesel ... tf. tf
by	 	http://www.wsj.com/articles/court-order-bars-sales-of-some-chips-used-by-sandisk-ibm-1421114681-Court Order Bars Sales of Some Chips Used by SanDisk, IBM ...	 A federal judge issued a preliminary injunction against a Canadian company barring sales of chips used in a new variety of data storage products sold by SanDisk and IBM.
by	 	http://www.vacationrentals411.com/-Vacation Home Rental by Vacation Rentals 411	 Search 22,705 vacation rentals in Florida, Hawaii, California, Canada, Mexico and Worldwide destinations. Save hundreds of dollars by renting your vacation home ...
by	 	http://www.volusion.com/-Ecommerce Software & Shopping Cart Solutions by Volusion	 Try our award-winning ecommerce software to build your online store and sell products. Trusted by 40,000+ entrepreneurs & small business owners. Free 14 day trial.
by	 	http://www.jacksonpollock.org/-Jackson Pollock by Miltos Manetas, original design by ...	 Jackson Pollock by Miltos Manetas, 2003, original flash animation by Michal Migurski
by	 	http://www.ziglar.com/-Zig Ziglar	 Ziglar strives to be the difference-maker in people‚Äôs personal, family and professional success. By doing so, Ziglar hopes to make a positive difference in America ...
by	 	http://www.bostonbyfoot.org/-Boston By Foot	 BOSTON BY FOOT SM is a non-profit educational organization dedicated to promoting public awareness and appreciation of Boston's rich history and architectural ...
by	 	http://www.animatedknots.com/-Animated Knots by Grog | How to Tie Knots | Fishing ...	 Knots sorted by activity, such as boating, climbing, fishing, decoration. Features animations of knots tied in several orientations, knot uses, knot comparison, CD-ROM.
by	 	http://www.w3schools.com/sql/sql_groupby.asp-SQL GROUP BY Statement - W3Schools - W3Schools Online Web ...	 The GROUP BY Statement. The GROUP BY statement is used in conjunction with the aggregate functions to group the result-set by one or more columns.
by	 	http://www.npr.org/2014/12/31/373992792/in-death-by-pastrami-charming-stories-of-new-yorks-garment-district-In 'Death By Pastrami,' Charming Stories Of New York's ...	 No, it's not a posthumously published mystery novel by the late, great composer and conductor. Rather, Death by Pastrami by Leonard S. Bernstein is a ...
by	 	http://www.pixton.com/-Pixton | Comics | Make a Comic	 Pixton is an online comic making tool used by millions that empowers anyone to create unique, expressive comics without having to draw.
by	 	http://www.csmonitor.com/USA/Latest-News-Wires/2015/0107/Community-searches-for-answers-in-fatal-shooting-of-Florida-teen-by-sisters-video-Community searches for answers in fatal shooting of ...	 Police in Florida are searching for a motive in the fatal shooting of a 16-year-old boy by his two younger sisters. Police say a 15-year-old girl got a gun ...
by	 	http://www.owners.com/-Homes For Sale By Owner - Search, Buy, Sell - Owners.com ...	 Residences for sale by owner within a searchable database. Provides services and educational content to successfully buy and sell residential real estate.
by	 	http://www.wentworth.com/-Portsmouth Hotels | New Hampshire Hotels | Wentworth Marriott	 Discover Wentworth by the Sea which welcomes guests to one of the last grand Portsmouth hotels. Book your stay at one of the best New Hampshire hotels now!
by	 	http://www.idrawgirls.com/-Learn how to draw and digital paint from video tutorial by ...	 Learn to draw and digital painting tutorial online with FREE video tutorials and step by step images from profession concept artist Xia Taptara. TheArtClasses.com is ...
by	 	http://www.rvt.com/-RVs For Sale on RVT.com¬Æ: Thousands of New & Used Travel ...	 Millions of RV traders use RVT.com to Buy and Sell New and Used RVs online! Search thousands of RVs for sale in the USA and Canada by Owner and Dealers. Find Travel ...
by	 	http://www.washingtonpost.com/blogs/post-politics/wp/2015/01/09/christie-questioned-by-fed-officials-in-bridge-inquiry/-Christie questioned by fed officials in bridge inquiry ...	 New Jersey Gov. Chris Christie (R) was recently interviewed by federal investigators about the 2013 lane-closing scandal on the George Washington Bridge that ...
by	 	http://www.csmonitor.com/Business/Latest-News-Wires/2015/0108/Jobless-claims-fall-by-4-000-as-firms-keep-holiday-workers-video-Jobless claims fall by 4,000 as firms keep holiday workers ...	 Jobless claims filed by US workers slipped by 4,000 to a seasonally adjusted 294,000 for the week ended Jan. 3, the Labor Department said on Thursday.
by	 	http://www.nydailynews.com/new-york/repairman-crushed-upper-west-side-elevator-source-article-1.2071908-Repairman crushed by Upper West Side elevator - NY Daily News	 An elevator repairman was crushed to death by a lift at an Upper West Side luxury high rise Friday, police said. The 30-year-old, whose name was not immediately ...
by	 	http://www.zip-codes.com/-U.S. Zip Code List, Canadian Postal Code Listing, FREE ...	 ZIP Code Database list & Demographics - ZIP Codes by City, County, and State - ZIP Code Boundary Data - Free ZIP Code Finder - Maps, Area Codes, Household Income ...
by	 	http://www.usatoday.com/story/sports/nfl/2015/01/09/plans-for-new-st-louis-football-stadium-by-river-unveiled/21482119/-Plans for new St. Louis football stadium by river unveiled	 Plans for new St. Louis football stadium by river unveiled. Plans for new open-air St. Louis football stadium unveiled; estimated cost of at least $860M
by	 	http://www.homesbyowner.com/-Homes For Sale By Owner	 HomesByOwner - Your For Sale By Owner Experts. HomesByOwner.com recognizes that the presence of a local expert is a critical factor in helping you advertise and ...
by	 	http://www.myextralife.com/-EXTRALIFE ‚Äì By Scott Johnson	 A cartoon about and for gamers. By Scott Johnson.
by	 	http://visalus.com/-ViSalus - Vi	 ViSalus' Body by Vi‚Ñ¢ Challenge is the #1 weight-loss and fitness Challenge platform in North America, rewarding those with the best 90-day transformations with over
by	 	http://rocnation.com/-Roc Nation	 Beats By Dre x Dez Bryant: Hear What You Want. DJ Mustard - 4 Digits - Unofficial Music Video. Fabolous - Lituation (Explicit)
by	 	http://www.deathindexes.com/-Online Searchable Death Indexes, Records & Obituaries	 A directory of online death records indexes listed by state. Includes indexes for obituaries, cemetery burials, and death certificates.
by	 	http://511.org/-511.org	 Regional transportation information portal, operated by the Metropolitan Transportation Commission. Includes trip planners, ridesharing signups, real-time traffic ...
by	 	http://www.blowbyracing.com/-Mustang Performance Parts | Blow-By Racing | 2005-2006 ...	 Mustang Performance Parts | Blow-By Racing | 2005-2006-2007-2008-2009-2010-2011-2012-2013-2014-2015 | 05-06-07-08-09-10-11-12-13-14-15 ...
by	 	http://www.siteground.com/-SiteGround: Quality-Crafted Hosting Services	 Hosting services crafted for top speed, unmatched security, 24/7 fast and expert support! Trusted by more than 350000 domains.
by	 	http://www.npr.org/2015/01/08/375856633/a-nun-inspired-by-warhol-the-forgotten-pop-art-of-sister-corita-kent-A Nun Inspired By Warhol: The Forgotten Pop Art Of Sister ...	 Her work was also inspired by the Second Vatican Council ‚Äî or Vatican II, as it was popularly known ‚Äî which led to major reforms in the church ranging ...
by	 	http://www.liveleak.com/?ogr=1-LiveLeak.com - Redefining the Media	 Diner smashed by cooks with chairs for sitting on counter to protest at restaurant He says the Shao's longevity rice with pig intestines doesn't taste right and the ...
by	 	http://www.reuters.com/video/2015/01/10/charlie-hebdo-gunman-says-funded-by-al-q?videoId=361728389-Charlie Hebdo gunman says funded by al Qaeda preacher ...	 One of the Charlie Hebdo gunmen tells French TV he was funded by Anwar Al Awlaki, an influential international recruiter for al Qaeda. Nathan Frandino reports.
by	 	http://www.liveleak.com/?ogr=1-LiveLeak.com - Redefining the Media	 Diner smashed by cooks with chairs for sitting on counter to protest at restaurant He says the Shao's longevity rice with pig intestines doesn't taste right and the ...
by	 	http://www.huffingtonpost.com/2015/01/09/china-uighur-journalist-pressures-by-imprisoning-family_n_6439540.html-China Pressures Uighur Journalist Based In U.S. By ...	 There's been no coverage of their cases in Chinese media, but his relatives in Xinjiang have been told by police that one brother was sentenced to five ...
by	 	http://www.reuters.com/video/2015/01/10/charlie-hebdo-gunman-says-funded-by-al-q?videoId=361728389-Charlie Hebdo gunman says funded by al Qaeda preacher ...	 One of the Charlie Hebdo gunmen tells French TV he was funded by Anwar Al Awlaki, an influential international recruiter for al Qaeda. Nathan Frandino reports.
by	 	http://www.npr.org/2015/01/08/375856633/a-nun-inspired-by-warhol-the-forgotten-pop-art-of-sister-corita-kent-A Nun Inspired By Warhol: The Forgotten Pop Art Of Sister ...	 Her work was also inspired by the Second Vatican Council ‚Äî or Vatican II, as it was popularly known ‚Äî which led to major reforms in the church ranging ...
by	 	http://www.usatoday.com/story/news/nation/2015/01/06/tv-stations-site-hacked/21373713/-Md. station's Twitter, website hacked by ISIL supporters	 SALISBURY, Md. ‚Äî The Twitter account for WBOC, a Salisbury-based television station, was hijacked Tuesday by a hacker claiming to be sympathetic to the ...
by	 	http://www.nfl.com/stats/player-NFL Stats: Player - NFL.com - Official Site of the ...	 Statistics by team or player for both the regular and post-season.
by	 	http://techcrunch.com/2015/01/08/backed-by-jamie-oliver-you-app-wants-to-nudge-you-into-healthy-habits/-Backed By Jamie Oliver, YOU-app Wants To Nudge You Into ...	 YOU-app is a new iOS app by Helsinki-based startup Fifth Corner Inc. which aims to gently nudge its users into healthier daily habits in the form of what ...
by	 	http://terrorbythecreek.com/-Terror by the Creek	 We are the premier Haunted House in nc. We are located in West Lincolnton, so we are a short drive from Hickory, Charlotte, Morganton and Gastonia. Terror by the ...
by	 	http://www.demandmedia.com/-Demand Media	 At Demand Media, we live up to our name by first listening to what our more than one hundred million monthly visitors want and then delivering the content and rich ...
by	 	http://www.nydailynews.com/news/politics/mario-cuomo-remembered-politicians-celebrities-article-1.2063445-Mario Cuomo remembered by politicians, celebrities - NY ...	 Mario Cuomo remembered by political heavyweights on both sides of the aisle, celebrities President Obama, George Pataki, David Axelrod, Larry King and Katie Couric ...
by	 	http://pagebypagebooks.com/-Page By Page Books. Read Classic Books Online, Free.	 Hundreds of classic books you can read right now, online for free, all in convenient Page By Page format. From Aesop to H. G. Wells and everything in between. Start ...
by	 	http://platinumweddingsbykerrie.com/-Platinum Weddings by Kerrie	 Platinum Weddings by Kerrie is a full-service wedding planning and coordinating firm, specializing in Southern California weddings of style and distinction.
by	 	http://hpsafind.hrsa.gov/-Find Shortage Areas: HPSA by State & County	 Health Professional Shortage Areas (HPSAs) are designated by HRSA as having shortages of primary medical care, dental or mental health providers and may be geographic ...
by	 	http://byannemariedolls.com/-By Annemarie Dolls...exclusive miniature dolls	 Miniature porcelain 1/12 scale dolls by IGMA Artisan Annemarie Kwikkel of the Netherlands. Tutorial CD to make shoes and boots and artist biography.
by	 	http://www.builtbywendy.com/-Built by Wendy is a New York City based line of women‚Äôs ...	 Built by Wendy is a NYC indie clothing line founded in 1991 best known for designer Wendy Mullin‚Äôs pop culture t-shirts, custom guitar straps, and clothing collections.
by	 	http://www.carlwarner.com/-Home - Carl Warner	 Site by The Box Is Gone. ¬©Carl Warner
by	 	http://www.loc.gov/topics/-Browse by Topic (Library of Congress)	 These pages link to selected collection content available online at the Library of Congress, arranged by broad categories. The Library's online content represents ...
by	 	http://www.drugs.com/medical_conditions.html-Drugs Categorized by Medical Condition	 Find Drugs by Disease or Condition. Use this facility to find drugs used to treat a particular disease or condition.
by	 	http://cafegeorgebypaula.com/-About Us at Cafe George by Paula	 Welcome to Cafe George by Paula! January 13th ,2015. BREAKFAST: 7a.m to 10:30 daily. SAVE TIME !! CALL IN YOUR ORDERS 203-777-1414. PLEASE CLICK ON THE BREAKFAST LINK ...
by	 	http://ile-maurice.tripod.com/-Recipes from Mauritius by Madeleine Philippe	 Large collection of recipes and information on Mauritian cooking offered by Madeleine Philippe.
by	 	http://www.dhamma.org/-Vipassana Meditation	 Homepage of the organization which offers vipassana meditation courses as taught by S. N. Goenka, at many centres across India and some abroad.
by	 	http://www.frankmain.qpg.com/-Frank's Maintenance and Engineering, Inc.	 Forking by Frank. We manufacture motorcycle fork-tubes. We carry past models from the 1950s through today's models. We stock over and under and stock lengths.
by	 	http://www.forsalebyownercanada.com/-For Sale By Owner Canada	 Providing exposure to "for sale by owner" classified ads of homes, land, businesses and other real estate properties for sale by owner in Canada.
by	 	http://www.cakesbysam.com/-Cakes by Sam,Inc. Wedding Cakes, Custom Cakes	 Cakes by Sam, Inc. is known for our wildly unique and award winning wedding cakes. Our gallery is a sampling of cakes we have created in the past; every cake is ...
by	 	http://delightbydesign.blogspot.com/-delight by design	 There is a lot to love about this victorian style kitchen by Jessica Helgerson Interior Design, as it is so thoughtfully designed down to every last gorgeous detail.
by	 	http://www.funbrain.com/idioms/-Paint By Idioms Game - FunBrain.com - The Internet's #1 ...	 Paint By Idioms Game. Idioms add color to language. Help FunBrain.com's grand master, Salvabear Dali, finish his paintings by identifying the correct expression.
by	 	http://www.rulesbymary.com/-RULES BY MARY	 creative fashion. our ambition has always been to create fashion that caters for individual style. for the time being rules by mary has decided to take a break from ...
by	 	http://dvatche.com/-Designs by Vatch√©	 contact us; ¬© 2015 Designs by Vatch√©: company info
by	 	http://www.whitehouse.gov/the-press-office/2015/01/12/remarks-president-federal-trade-commission-Remarks by the President at the Federal Trade Commission ...	 Remarks by the President at the Federal Trade Commission. Federal Trade Commission Constitution Center Washington, D.C. 12:15 P.M. EST. THE PRESIDENT ...
by	 	http://timesofindia.indiatimes.com/india/BSF-trooper-injured-by-Bangladeshi-smugglers/articleshow/45835275.cms-BSF trooper injured by Bangladeshi smugglers - The Times ...	 KOLKATA: Two days after a BSF trooper was killed by Bangladeshi smugglers, a similar attack by the miscreants Saturday left another trooper injured near ...
by	 	http://greenbydesign.com/-Green by Design	 New to Green By Design? REGISTER HERE. Pilr
by	 	http://www.cnet.com/products/amplicity-by-the-hive/-Amplicity by The Hive Preview - CNET	 Everything you need to know about the Amplicity by The Hive, including impressions and analysis, photos, video, release date, prices, specs, and predictions from CNET.
by	 	http://online.barrons.com/articles/regional-banks-boosted-by-higher-short-rates-1420833587-Regional Banks Boosted by Higher Short Rates - Barron's	 Investors' Soapbox PM Regional Banks Boosted by Higher Short Rates Comerica, KeyCorp, Fifth Third, Citizens Financial and Sterling have more upside than others.
by	 	http://video.foxnews.com/v/3983937018001/tracking-terror-intel-tools-stripped-away-by-critics/-Tracking terror: Intel tools stripped away by critics ...	 Insight from terrorism expert Douglas Murray ... Live Tracking terror: Intel tools stripped away by critics? Jan. 12, 2015 - 3:14 - Insight from terrorism expert ...
by	 	http://photographybyjared.weebly.com/-PHOTOGRAPHY BY JARED - Home	 welcome to photography by jared: your place for modeling, family & couples photography and event coverage
by	 	http://www.news4jax.com/news/community-rocked-by-family-tragedy/30601460-Community rocked by family tragedy | News - Home	 Community rocked by family tragedy Columbia County teenager dead; 2 sisters, parents in jail
by	 	http://www.startribune.com/world/288231421.html-Survivors of Nigeria attack by Islamic extremists describe ...	 JOHANNESBURG ‚Äî Survivors of an assault by Islamic militants that killed hundreds of civilians in Nigeria have described days of relentless violence in ...
by	 	http://www.winnipegfreepress.com/business/bp-attempt-to-shift-clean-water-act-liability-in-oil-spill-rejected-by-appeals-court-288100401.html-BP attempt to shift Clean Water Act liability in oil spill ...	 NEW ORLEANS - A federal appeals court has refused to reconsider its 2014 ruling that BP cannot avoid federal penalties for the 2010 Gulf of Mexico oil spill by ...
by	 	http://www.mhcustomimages.com/-mikengill	 Serving the greater Sacramento area by appointment only. 916) 612-4133. info (at) mhcustomimages (dot) com
by	 	http://photographybyjared.weebly.com/-PHOTOGRAPHY BY JARED - Home	 welcome to photography by jared: your place for modeling, family & couples photography and event coverage
by	 	http://video.foxnews.com/v/3976337793001/flight-attendants-scared-by-message-on-plane-fired-by-united/-Flight attendants scared by message on plane fired by ...	 Live Flight attendants scared by message on plane fired by United. Jan. 07, 2015 - 3:52 - Do former employees have a legal case?
by	 	http://www.startribune.com/world/288231421.html-Survivors of Nigeria attack by Islamic extremists describe ...	 JOHANNESBURG ‚Äî Survivors of an assault by Islamic militants that killed hundreds of civilians in Nigeria have described days of relentless violence in ...
by	 	http://www.news4jax.com/news/community-rocked-by-family-tragedy/30601460-Community rocked by family tragedy | News - Home	 Community rocked by family tragedy Columbia County teenager dead; 2 sisters, parents in jail
by	 	http://www.winnipegfreepress.com/business/bp-attempt-to-shift-clean-water-act-liability-in-oil-spill-rejected-by-appeals-court-288100401.html-BP attempt to shift Clean Water Act liability in oil spill ...	 NEW ORLEANS - A federal appeals court has refused to reconsider its 2014 ruling that BP cannot avoid federal penalties for the 2010 Gulf of Mexico oil spill by ...
by	 	http://www.mhcustomimages.com/-mikengill	 Serving the greater Sacramento area by appointment only. 916) 612-4133. info (at) mhcustomimages (dot) com
by	 	http://instagram.com/jansieyin-@jansieyin) ‚Ä¢ Instagram photos and videos	 üíû . 4 posts; 3 followers; 12 following. Crappy Author, trying to make a difference by spreading some üåü üíûüíûüíû All photos are mine üí´
by	 	http://www.cyberrooster.com/-Website by Cyber Rooster	 Visitors can be turned off by complicated sites that don‚Äôt adapt well on devices such as smartphones. Our team can help you find the right design that works for you ...
by	 	https://www.pinterest.com/vardama/-V A R D A M A on Pinterest	 V A R D A M A | Vardama is a New York City based startup aiming to revolutionize the fashion industry by fusing Luxury Fashion and Innovative Technology.
by	 	http://www.brianscottstudio.com/-brianscottstudio	 Powered by SmugMug. Billions of happy photos, millions of passionate customers. Gorgeous online photo albums. Protect your priceless memories.
by	 	http://www.deanzellerphotography.com/-dzeller155	 Powered by SmugMug. Billions of happy photos, millions of passionate customers. Gorgeous online photo albums. Protect your priceless memories.
by	 	http://photographybyjared.weebly.com/-PHOTOGRAPHY BY JARED - Home	 welcome to photography by jared: your place for modeling, family & couples photography and event coverage
by	 	http://video.foxnews.com/v/3976337793001/flight-attendants-scared-by-message-on-plane-fired-by-united/-Flight attendants scared by message on plane fired by ...	 Live Flight attendants scared by message on plane fired by United. Jan. 07, 2015 - 3:52 - Do former employees have a legal case?
by	 	http://www.startribune.com/world/288231421.html-Survivors of Nigeria attack by Islamic extremists describe ...	 JOHANNESBURG ‚Äî Survivors of an assault by Islamic militants that killed hundreds of civilians in Nigeria have described days of relentless violence in ...
by	 	http://www.news4jax.com/news/community-rocked-by-family-tragedy/30601460-Community rocked by family tragedy | News - Home	 Community rocked by family tragedy Columbia County teenager dead; 2 sisters, parents in jail
by	 	http://www.winnipegfreepress.com/business/bp-attempt-to-shift-clean-water-act-liability-in-oil-spill-rejected-by-appeals-court-288100401.html-BP attempt to shift Clean Water Act liability in oil spill ...	 NEW ORLEANS - A federal appeals court has refused to reconsider its 2014 ruling that BP cannot avoid federal penalties for the 2010 Gulf of Mexico oil spill by ...
by	 	http://www.mhcustomimages.com/-mikengill	 Serving the greater Sacramento area by appointment only. 916) 612-4133. info (at) mhcustomimages (dot) com
by	 	http://instagram.com/jansieyin-@jansieyin) ‚Ä¢ Instagram photos and videos	 üíû . 4 posts; 3 followers; 12 following. Crappy Author, trying to make a difference by spreading some üåü üíûüíûüíû All photos are mine üí´
by	 	http://www.cyberrooster.com/-Website by Cyber Rooster	 Visitors can be turned off by complicated sites that don‚Äôt adapt well on devices such as smartphones. Our team can help you find the right design that works for you ...
by	 	https://www.pinterest.com/vardama/-V A R D A M A on Pinterest	 V A R D A M A | Vardama is a New York City based startup aiming to revolutionize the fashion industry by fusing Luxury Fashion and Innovative Technology.
by	 	http://www.brianscottstudio.com/-brianscottstudio	 Powered by SmugMug. Billions of happy photos, millions of passionate customers. Gorgeous online photo albums. Protect your priceless memories.
by	 	http://www.deanzellerphotography.com/-dzeller155	 Powered by SmugMug. Billions of happy photos, millions of passionate customers. Gorgeous online photo albums. Protect your priceless memories.
by	 	http://photographybyjared.weebly.com/-PHOTOGRAPHY BY JARED - Home	 welcome to photography by jared: your place for modeling, family & couples photography and event coverage
by	 	http://video.foxnews.com/v/3976337793001/flight-attendants-scared-by-message-on-plane-fired-by-united/-Flight attendants scared by message on plane fired by ...	 Live Flight attendants scared by message on plane fired by United. Jan. 07, 2015 - 3:52 - Do former employees have a legal case?
by	 	http://www.startribune.com/world/288231421.html-Survivors of Nigeria attack by Islamic extremists describe ...	 JOHANNESBURG ‚Äî Survivors of an assault by Islamic militants that killed hundreds of civilians in Nigeria have described days of relentless violence in ...
by	 	http://www.news4jax.com/news/community-rocked-by-family-tragedy/30601460-Community rocked by family tragedy | News - Home	 Community rocked by family tragedy Columbia County teenager dead; 2 sisters, parents in jail
by	 	http://www.winnipegfreepress.com/business/bp-attempt-to-shift-clean-water-act-liability-in-oil-spill-rejected-by-appeals-court-288100401.html-BP attempt to shift Clean Water Act liability in oil spill ...	 NEW ORLEANS - A federal appeals court has refused to reconsider its 2014 ruling that BP cannot avoid federal penalties for the 2010 Gulf of Mexico oil spill by ...
by	 	http://www.mhcustomimages.com/-mikengill	 Serving the greater Sacramento area by appointment only. 916) 612-4133. info (at) mhcustomimages (dot) com
by	 	http://instagram.com/jansieyin-@jansieyin) ‚Ä¢ Instagram photos and videos	 üíû . 4 posts; 3 followers; 12 following. Crappy Author, trying to make a difference by spreading some üåü üíûüíûüíû All photos are mine üí´
by	 	http://www.cyberrooster.com/-Website by Cyber Rooster	 Visitors can be turned off by complicated sites that don‚Äôt adapt well on devices such as smartphones. Our team can help you find the right design that works for you ...
by	 	https://www.pinterest.com/vardama/-V A R D A M A on Pinterest	 V A R D A M A | Vardama is a New York City based startup aiming to revolutionize the fashion industry by fusing Luxury Fashion and Innovative Technology.
by	 	http://www.brianscottstudio.com/-brianscottstudio	 Powered by SmugMug. Billions of happy photos, millions of passionate customers. Gorgeous online photo albums. Protect your priceless memories.
by	 	http://www.deanzellerphotography.com/-dzeller155	 Powered by SmugMug. Billions of happy photos, millions of passionate customers. Gorgeous online photo albums. Protect your priceless memories.
by	 	http://photographybyjared.weebly.com/-PHOTOGRAPHY BY JARED - Home	 welcome to photography by jared: your place for modeling, family & couples photography and event coverage
by	 	http://video.foxnews.com/v/3976337793001/flight-attendants-scared-by-message-on-plane-fired-by-united/-Flight attendants scared by message on plane fired by ...	 Live Flight attendants scared by message on plane fired by United. Jan. 07, 2015 - 3:52 - Do former employees have a legal case?
by	 	http://www.startribune.com/world/288231421.html-Survivors of Nigeria attack by Islamic extremists describe ...	 JOHANNESBURG ‚Äî Survivors of an assault by Islamic militants that killed hundreds of civilians in Nigeria have described days of relentless violence in ...
by	 	http://www.news4jax.com/news/community-rocked-by-family-tragedy/30601460-Community rocked by family tragedy | News - Home	 Community rocked by family tragedy Columbia County teenager dead; 2 sisters, parents in jail
by	 	http://www.winnipegfreepress.com/business/bp-attempt-to-shift-clean-water-act-liability-in-oil-spill-rejected-by-appeals-court-288100401.html-BP attempt to shift Clean Water Act liability in oil spill ...	 NEW ORLEANS - A federal appeals court has refused to reconsider its 2014 ruling that BP cannot avoid federal penalties for the 2010 Gulf of Mexico oil spill by ...
by	 	http://www.mhcustomimages.com/-mikengill	 Serving the greater Sacramento area by appointment only. 916) 612-4133. info (at) mhcustomimages (dot) com
by	 	http://instagram.com/jansieyin-@jansieyin) ‚Ä¢ Instagram photos and videos	 üíû . 4 posts; 3 followers; 12 following. Crappy Author, trying to make a difference by spreading some üåü üíûüíûüíû All photos are mine üí´
by	 	https://www.pinterest.com/vardama/-V A R D A M A on Pinterest	 V A R D A M A | Vardama is a New York City based startup aiming to revolutionize the fashion industry by fusing Luxury Fashion and Innovative Technology.
by	 	http://www.brianscottstudio.com/-brianscottstudio	 Powered by SmugMug. Billions of happy photos, millions of passionate customers. Gorgeous online photo albums. Protect your priceless memories.
by	 	http://www.deanzellerphotography.com/-dzeller155	 Powered by SmugMug. Billions of happy photos, millions of passionate customers. Gorgeous online photo albums. Protect your priceless memories.
by	 	http://photographybyjared.weebly.com/-PHOTOGRAPHY BY JARED - Home	 welcome to photography by jared: your place for modeling, family & couples photography and event coverage
by	 	http://video.foxnews.com/v/3976337793001/flight-attendants-scared-by-message-on-plane-fired-by-united/-Flight attendants scared by message on plane fired by ...	 Live Flight attendants scared by message on plane fired by United. Jan. 07, 2015 - 3:52 - Do former employees have a legal case?
by	 	http://www.startribune.com/world/288231421.html-Survivors of Nigeria attack by Islamic extremists describe ...	 JOHANNESBURG ‚Äî Survivors of an assault by Islamic militants that killed hundreds of civilians in Nigeria have described days of relentless violence in ...
by	 	http://www.news4jax.com/news/community-rocked-by-family-tragedy/30601460-Community rocked by family tragedy | News - Home	 Community rocked by family tragedy Columbia County teenager dead; 2 sisters, parents in jail
by	 	http://www.winnipegfreepress.com/business/bp-attempt-to-shift-clean-water-act-liability-in-oil-spill-rejected-by-appeals-court-288100401.html-BP attempt to shift Clean Water Act liability in oil spill ...	 NEW ORLEANS - A federal appeals court has refused to reconsider its 2014 ruling that BP cannot avoid federal penalties for the 2010 Gulf of Mexico oil spill by ...
by	 	http://www.mhcustomimages.com/-mikengill	 Serving the greater Sacramento area by appointment only. 916) 612-4133. info (at) mhcustomimages (dot) com
by	 	http://instagram.com/jansieyin-@jansieyin) ‚Ä¢ Instagram photos and videos	 üíû . 4 posts; 3 followers; 12 following. Crappy Author, trying to make a difference by spreading some üåü üíûüíûüíû All photos are mine üí´
by	 	https://www.pinterest.com/vardama/-V A R D A M A on Pinterest	 V A R D A M A | Vardama is a New York City based startup aiming to revolutionize the fashion industry by fusing Luxury Fashion and Innovative Technology.
by	 	http://www.brianscottstudio.com/-brianscottstudio	 Powered by SmugMug. Billions of happy photos, millions of passionate customers. Gorgeous online photo albums. Protect your priceless memories.
by	 	http://www.deanzellerphotography.com/-dzeller155	 Powered by SmugMug. Billions of happy photos, millions of passionate customers. Gorgeous online photo albums. Protect your priceless memories.
by	 	http://www.dailyword.com/-Daily Word	 Daily Inspiration From Unity. Daily Word, published by Unity, offers insight and inspiration to help people of all faiths live healthy, prosperous and meaningful lives.
by	 	http://www.forbes.com/sites/ellenhuet/2015/01/06/dr-dre-and-jimmy-iovine-sued-by-monster/-Dr. Dre And Jimmy Iovine Sued By Monster For Alleged ...	 Beats Electronics is being sued by audio cable company Monster over the technology in Beats By Dr. Dre headphones. For audio cable company Monster, the ...
by	 	http://www.interspire.com/-Shopping Cart Software | Ecommerce Software - Interspire	 Interspire creates shopping cart, email marketing, e-commerce, content management and knowledge management software used by over 20,000 companies worldwide.
by	 	http://byparra.com/-by Parra	 by Parra. Home; the of best; more work; who? contact; back to google
by	 	http://medical-dictionary.thefreedictionary.com/-Medical Dictionary	 Medical Dictionary is intended for use by healthcare consumers, students, and professionals as well as anyone who wants to keep up with the burgeoning array of ...
by	 	http://www.madebygirl.com/-MadeByGirl - shop for pretty things	 to get all the latest Made By Girl info WHAT IS MADEBYGIRL? ...
by	 	http://www.renewalbyandersen.com/-Replacement Windows - Renewal By Andersen Window Replacement	 Get professionally installed replacement windows and replacement doors by Renewal by Andersen. Available in variety of styles and colors.
by	 	http://www.colonelby.com/-Colonel By Secondary School	 Colonel By Secondary School is proud to offer the International Baccalaureate Diploma Program (IBDP). The IBDP is a rigorous pre-university course of studies and is ...
by	 	http://www.beatsbydre.com/-Beats By Dre | Headphones, Earbuds, Speakers & Accessories	 Shop BeatsByDre.com for Headphones, Earbuds, Speakers & Accessories. Powerful Sound and Audio Technology from Beats by Dre.
by	 	http://www.forsalebyowner.com/-Official For Sale by Owner site: Homes for Sale, Sell a ...	 ForSaleByOwner.com is the leading "for sale by owner" real estate website and has saved its FSBO customers more than $1 billion since 1999. Offers property listings ...
by	 	http://www.quiltingbythebay.com/-Quilting by the Bay located in Panama City, Florida ...	 Quilting by the Bay, located in Panama City, Florida is your one stop shop for Block of the Month Quilts, quilt kits, quilting fabric and sewing supplies. Join us for ...
by	 	http://www.ssa.gov/OACT/babynames/-Popular Baby Names - The United States Social Security ...	 Watch our video countdown of 2013‚Äôs Top 10 Most Popular Baby Names! For Parents & Guardians. Baby's First Social Security Number; Benefits for Children;
by	 	http://www.catwalkbytigi.com/-Catwalk by TIGI	 High-performance products to achieve new heights. COLLECTION. WELCOME TO CATWALK BY TIGI
by	 	http://www.cookiesbydesign.com/-Cookie Bouquet & Gift Baskets Delivery l Cookies by Design	 Cookie Gift Baskets by Cookies By Design! Cookie Bouquets are perfect for any holiday, birthday, special occasion or just because! Same/Next Day Delivery Available!
by	 	http://www.originals-by-kay.com/-Originals-by-Kay	 721 East Wayne Street, Fort Wayne, IN 46802 (260) 422-7617 KGnagey@aol.com ¬© Copyright 2006, Originals by Kay, All rights reserved. Site ...
by	 	http://ap.org/-Associated Press	 Information about the world's oldest and largest newsgathering organization. Also featuring products and services offered by The Associated Press.
by	 	http://www.latimes.com/local/lanow/la-me-ln-suicide-by-cop-arrest-20150107-story.html-Man arrested in attempted 'suicide by cop' - LA Times	 Authorities have arrested a man they said attempted to commit ‚Äúsuicide by cop‚Äù after ramming into a patrol car with the hope of provoking a deputy to shoot him.
by	 	http://www.equityapartments.com/-Apartments for Rent: Search for Apartments by Equity ...	 Apartments for rent. Search for apartments by city, neighborhood and number of bedrooms. Find an apartment that fits. We have more than more than 160,000 apartments ...
by	 	http://www.nicolebyopi.com/-Nicole By OPI | Nail Lacquer, Treatments, and more	 Here it is! The step by step you've all been waiting for by UnMoineau! To achieve the Marble look you will need: 1. All four Nicole by OPI Fall shades including Berry ...
by	 	http://www.omnialeather.com/-Omnia Leather	 At Omnia, our commitment to personalizing comfort starts with your vision, executed by our superior American craftsmanship.
by	 	http://www.biblesbythecase.com/-Bibles By The Case	 Bibles by The Case specializes in case quantities of bibles for churches & groups. 40-70% off retail, Free Shipping EVERYDAY.
by	 	http://photographybyjared.weebly.com/-PHOTOGRAPHY BY JARED - Home	 welcome to photography by jared: your place for modeling, family & couples photography and event coverage
by	 	http://video.foxnews.com/v/3976337793001/flight-attendants-scared-by-message-on-plane-fired-by-united/-Flight attendants scared by message on plane fired by ...	 Live Flight attendants scared by message on plane fired by United. Jan. 07, 2015 - 3:52 - Do former employees have a legal case?
by	 	http://www.startribune.com/world/288231421.html-Survivors of Nigeria attack by Islamic extremists describe ...	 JOHANNESBURG ‚Äî Survivors of an assault by Islamic militants that killed hundreds of civilians in Nigeria have described days of relentless violence in ...
by	 	http://www.news4jax.com/news/community-rocked-by-family-tragedy/30601460-Community rocked by family tragedy | News - Home	 Community rocked by family tragedy Columbia County teenager dead; 2 sisters, parents in jail
by	 	http://www.winnipegfreepress.com/business/bp-attempt-to-shift-clean-water-act-liability-in-oil-spill-rejected-by-appeals-court-288100401.html-BP attempt to shift Clean Water Act liability in oil spill ...	 NEW ORLEANS - A federal appeals court has refused to reconsider its 2014 ruling that BP cannot avoid federal penalties for the 2010 Gulf of Mexico oil spill by ...
by	 	http://www.mhcustomimages.com/-mikengill	 Serving the greater Sacramento area by appointment only. 916) 612-4133. info (at) mhcustomimages (dot) com
by	 	http://instagram.com/jansieyin-@jansieyin) ‚Ä¢ Instagram photos and videos	 üíû . 4 posts; 3 followers; 12 following. Crappy Author, trying to make a difference by spreading some üåü üíûüíûüíû All photos are mine üí´
by	 	https://www.pinterest.com/vardama/-V A R D A M A on Pinterest	 V A R D A M A | Vardama is a New York City based startup aiming to revolutionize the fashion industry by fusing Luxury Fashion and Innovative Technology.
by	 	http://www.brianscottstudio.com/-brianscottstudio	 Powered by SmugMug. Billions of happy photos, millions of passionate customers. Gorgeous online photo albums. Protect your priceless memories.
by	 	http://www.deanzellerphotography.com/-dzeller155	 Powered by SmugMug. Billions of happy photos, millions of passionate customers. Gorgeous online photo albums. Protect your priceless memories.
by	 	http://photographybyjared.weebly.com/-PHOTOGRAPHY BY JARED - Home	 welcome to photography by jared: your place for modeling, family & couples photography and event coverage
by	 	http://video.foxnews.com/v/3976337793001/flight-attendants-scared-by-message-on-plane-fired-by-united/-Flight attendants scared by message on plane fired by ...	 Live Flight attendants scared by message on plane fired by United. Jan. 07, 2015 - 3:52 - Do former employees have a legal case?
by	 	http://www.startribune.com/world/288231421.html-Survivors of Nigeria attack by Islamic extremists describe ...	 JOHANNESBURG ‚Äî Survivors of an assault by Islamic militants that killed hundreds of civilians in Nigeria have described days of relentless violence in ...
by	 	http://www.news4jax.com/news/community-rocked-by-family-tragedy/30601460-Community rocked by family tragedy | News - Home	 Community rocked by family tragedy Columbia County teenager dead; 2 sisters, parents in jail
by	 	http://www.winnipegfreepress.com/business/bp-attempt-to-shift-clean-water-act-liability-in-oil-spill-rejected-by-appeals-court-288100401.html-BP attempt to shift Clean Water Act liability in oil spill ...	 NEW ORLEANS - A federal appeals court has refused to reconsider its 2014 ruling that BP cannot avoid federal penalties for the 2010 Gulf of Mexico oil spill by ...
by	 	http://www.mhcustomimages.com/-mikengill	 Serving the greater Sacramento area by appointment only. 916) 612-4133. info (at) mhcustomimages (dot) com
by	 	http://instagram.com/jansieyin-@jansieyin) ‚Ä¢ Instagram photos and videos	 üíû . 4 posts; 3 followers; 12 following. Crappy Author, trying to make a difference by spreading some üåü üíûüíûüíû All photos are mine üí´
by	 	https://www.pinterest.com/vardama/-V A R D A M A on Pinterest	 V A R D A M A | Vardama is a New York City based startup aiming to revolutionize the fashion industry by fusing Luxury Fashion and Innovative Technology.
by	 	http://www.brianscottstudio.com/-brianscottstudio	 Powered by SmugMug. Billions of happy photos, millions of passionate customers. Gorgeous online photo albums. Protect your priceless memories.
by	 	http://www.deanzellerphotography.com/-dzeller155	 Powered by SmugMug. Billions of happy photos, millions of passionate customers. Gorgeous online photo albums. Protect your priceless memories.
by	 	http://photographybyjared.weebly.com/-PHOTOGRAPHY BY JARED - Home	 welcome to photography by jared: your place for modeling, family & couples photography and event coverage
by	 	http://video.foxnews.com/v/3976337793001/flight-attendants-scared-by-message-on-plane-fired-by-united/-Flight attendants scared by message on plane fired by ...	 Live Flight attendants scared by message on plane fired by United. Jan. 07, 2015 - 3:52 - Do former employees have a legal case?
by	 	http://www.startribune.com/world/288231421.html-Survivors of Nigeria attack by Islamic extremists describe ...	 JOHANNESBURG ‚Äî Survivors of an assault by Islamic militants that killed hundreds of civilians in Nigeria have described days of relentless violence in ...
by	 	http://www.news4jax.com/news/community-rocked-by-family-tragedy/30601460-Community rocked by family tragedy | News - Home	 Community rocked by family tragedy Columbia County teenager dead; 2 sisters, parents in jail
by	 	http://www.winnipegfreepress.com/business/bp-attempt-to-shift-clean-water-act-liability-in-oil-spill-rejected-by-appeals-court-288100401.html-BP attempt to shift Clean Water Act liability in oil spill ...	 NEW ORLEANS - A federal appeals court has refused to reconsider its 2014 ruling that BP cannot avoid federal penalties for the 2010 Gulf of Mexico oil spill by ...
by	 	http://www.mhcustomimages.com/-mikengill	 Serving the greater Sacramento area by appointment only. 916) 612-4133. info (at) mhcustomimages (dot) com
by	 	http://instagram.com/jansieyin-@jansieyin) ‚Ä¢ Instagram photos and videos	 üíû . 4 posts; 3 followers; 12 following. Crappy Author, trying to make a difference by spreading some üåü üíûüíûüíû All photos are mine üí´
by	 	http://www.cyberrooster.com/-Website by Cyber Rooster	 Visitors can be turned off by complicated sites that don‚Äôt adapt well on devices such as smartphones. Our team can help you find the right design that works for you ...
by	 	https://www.pinterest.com/vardama/-V A R D A M A on Pinterest	 V A R D A M A | Vardama is a New York City based startup aiming to revolutionize the fashion industry by fusing Luxury Fashion and Innovative Technology.
by	 	http://www.brianscottstudio.com/-brianscottstudio	 Powered by SmugMug. Billions of happy photos, millions of passionate customers. Gorgeous online photo albums. Protect your priceless memories.
by	 	http://www.deanzellerphotography.com/-dzeller155	 Powered by SmugMug. Billions of happy photos, millions of passionate customers. Gorgeous online photo albums. Protect your priceless memories.
by	 	http://photographybyjared.weebly.com/-PHOTOGRAPHY BY JARED - Home	 welcome to photography by jared: your place for modeling, family & couples photography and event coverage
by	 	http://video.foxnews.com/v/3976337793001/flight-attendants-scared-by-message-on-plane-fired-by-united/-Flight attendants scared by message on plane fired by ...	 Live Flight attendants scared by message on plane fired by United. Jan. 07, 2015 - 3:52 - Do former employees have a legal case?
by	 	http://www.startribune.com/world/288231421.html-Survivors of Nigeria attack by Islamic extremists describe ...	 JOHANNESBURG ‚Äî Survivors of an assault by Islamic militants that killed hundreds of civilians in Nigeria have described days of relentless violence in ...
by	 	http://www.news4jax.com/news/community-rocked-by-family-tragedy/30601460-Community rocked by family tragedy | News - Home	 Community rocked by family tragedy Columbia County teenager dead; 2 sisters, parents in jail
by	 	http://www.winnipegfreepress.com/business/bp-attempt-to-shift-clean-water-act-liability-in-oil-spill-rejected-by-appeals-court-288100401.html-BP attempt to shift Clean Water Act liability in oil spill ...	 NEW ORLEANS - A federal appeals court has refused to reconsider its 2014 ruling that BP cannot avoid federal penalties for the 2010 Gulf of Mexico oil spill by ...
by	 	http://www.mhcustomimages.com/-mikengill	 Serving the greater Sacramento area by appointment only. 916) 612-4133. info (at) mhcustomimages (dot) com
by	 	http://instagram.com/jansieyin-@jansieyin) ‚Ä¢ Instagram photos and videos	 üíû . 4 posts; 3 followers; 12 following. Crappy Author, trying to make a difference by spreading some üåü üíûüíûüíû All photos are mine üí´
by	 	http://www.cyberrooster.com/-Website by Cyber Rooster	 Visitors can be turned off by complicated sites that don‚Äôt adapt well on devices such as smartphones. Our team can help you find the right design that works for you ...
by	 	https://www.pinterest.com/vardama/-V A R D A M A on Pinterest	 V A R D A M A | Vardama is a New York City based startup aiming to revolutionize the fashion industry by fusing Luxury Fashion and Innovative Technology.
by	 	http://www.brianscottstudio.com/-brianscottstudio	 Powered by SmugMug. Billions of happy photos, millions of passionate customers. Gorgeous online photo albums. Protect your priceless memories.
by	 	http://www.deanzellerphotography.com/-dzeller155	 Powered by SmugMug. Billions of happy photos, millions of passionate customers. Gorgeous online photo albums. Protect your priceless memories.
by	 	http://photographybyjared.weebly.com/-PHOTOGRAPHY BY JARED - Home	 welcome to photography by jared: your place for modeling, family & couples photography and event coverage
by	 	http://video.foxnews.com/v/3976337793001/flight-attendants-scared-by-message-on-plane-fired-by-united/-Flight attendants scared by message on plane fired by ...	 Live Flight attendants scared by message on plane fired by United. Jan. 07, 2015 - 3:52 - Do former employees have a legal case?
by	 	http://www.startribune.com/world/288231421.html-Survivors of Nigeria attack by Islamic extremists describe ...	 JOHANNESBURG ‚Äî Survivors of an assault by Islamic militants that killed hundreds of civilians in Nigeria have described days of relentless violence in ...
by	 	http://www.news4jax.com/news/community-rocked-by-family-tragedy/30601460-Community rocked by family tragedy | News - Home	 Community rocked by family tragedy Columbia County teenager dead; 2 sisters, parents in jail
by	 	http://www.winnipegfreepress.com/business/bp-attempt-to-shift-clean-water-act-liability-in-oil-spill-rejected-by-appeals-court-288100401.html-BP attempt to shift Clean Water Act liability in oil spill ...	 NEW ORLEANS - A federal appeals court has refused to reconsider its 2014 ruling that BP cannot avoid federal penalties for the 2010 Gulf of Mexico oil spill by ...
by	 	http://www.mhcustomimages.com/-mikengill	 Serving the greater Sacramento area by appointment only. 916) 612-4133. info (at) mhcustomimages (dot) com
by	 	http://instagram.com/jansieyin-@jansieyin) ‚Ä¢ Instagram photos and videos	 üíû . 4 posts; 3 followers; 12 following. Crappy Author, trying to make a difference by spreading some üåü üíûüíûüíû All photos are mine üí´
by	 	https://www.pinterest.com/vardama/-V A R D A M A on Pinterest	 V A R D A M A | Vardama is a New York City based startup aiming to revolutionize the fashion industry by fusing Luxury Fashion and Innovative Technology.
by	 	http://www.brianscottstudio.com/-brianscottstudio	 Powered by SmugMug. Billions of happy photos, millions of passionate customers. Gorgeous online photo albums. Protect your priceless memories.
by	 	http://www.deanzellerphotography.com/-dzeller155	 Powered by SmugMug. Billions of happy photos, millions of passionate customers. Gorgeous online photo albums. Protect your priceless memories.
by	 	http://photographybyjared.weebly.com/-PHOTOGRAPHY BY JARED - Home	 welcome to photography by jared: your place for modeling, family & couples photography and event coverage
by	 	http://video.foxnews.com/v/3976337793001/flight-attendants-scared-by-message-on-plane-fired-by-united/-Flight attendants scared by message on plane fired by ...	 Live Flight attendants scared by message on plane fired by United. Jan. 07, 2015 - 3:52 - Do former employees have a legal case?
by	 	http://www.startribune.com/world/288231421.html-Survivors of Nigeria attack by Islamic extremists describe ...	 JOHANNESBURG ‚Äî Survivors of an assault by Islamic militants that killed hundreds of civilians in Nigeria have described days of relentless violence in ...
by	 	http://www.news4jax.com/news/community-rocked-by-family-tragedy/30601460-Community rocked by family tragedy | News - Home	 Community rocked by family tragedy Columbia County teenager dead; 2 sisters, parents in jail
by	 	http://www.winnipegfreepress.com/business/bp-attempt-to-shift-clean-water-act-liability-in-oil-spill-rejected-by-appeals-court-288100401.html-BP attempt to shift Clean Water Act liability in oil spill ...	 NEW ORLEANS - A federal appeals court has refused to reconsider its 2014 ruling that BP cannot avoid federal penalties for the 2010 Gulf of Mexico oil spill by ...
by	 	http://www.mhcustomimages.com/-mikengill	 Serving the greater Sacramento area by appointment only. 916) 612-4133. info (at) mhcustomimages (dot) com
by	 	http://instagram.com/jansieyin-@jansieyin) ‚Ä¢ Instagram photos and videos	 üíû . 4 posts; 3 followers; 12 following. Crappy Author, trying to make a difference by spreading some üåü üíûüíûüíû All photos are mine üí´
by	 	https://www.pinterest.com/vardama/-V A R D A M A on Pinterest	 V A R D A M A | Vardama is a New York City based startup aiming to revolutionize the fashion industry by fusing Luxury Fashion and Innovative Technology.
by	 	http://www.brianscottstudio.com/-brianscottstudio	 Powered by SmugMug. Billions of happy photos, millions of passionate customers. Gorgeous online photo albums. Protect your priceless memories.
by	 	http://www.deanzellerphotography.com/-dzeller155	 Powered by SmugMug. Billions of happy photos, millions of passionate customers. Gorgeous online photo albums. Protect your priceless memories.
by	 	http://photographybyjared.weebly.com/-PHOTOGRAPHY BY JARED - Home	 welcome to photography by jared: your place for modeling, family & couples photography and event coverage
by	 	http://video.foxnews.com/v/3976337793001/flight-attendants-scared-by-message-on-plane-fired-by-united/-Flight attendants scared by message on plane fired by ...	 Live Flight attendants scared by message on plane fired by United. Jan. 07, 2015 - 3:52 - Do former employees have a legal case?
by	 	http://www.startribune.com/world/288231421.html-Survivors of Nigeria attack by Islamic extremists describe ...	 JOHANNESBURG ‚Äî Survivors of an assault by Islamic militants that killed hundreds of civilians in Nigeria have described days of relentless violence in ...
by	 	http://www.news4jax.com/news/community-rocked-by-family-tragedy/30601460-Community rocked by family tragedy | News - Home	 Community rocked by family tragedy Columbia County teenager dead; 2 sisters, parents in jail
by	 	http://www.winnipegfreepress.com/business/bp-attempt-to-shift-clean-water-act-liability-in-oil-spill-rejected-by-appeals-court-288100401.html-BP attempt to shift Clean Water Act liability in oil spill ...	 NEW ORLEANS - A federal appeals court has refused to reconsider its 2014 ruling that BP cannot avoid federal penalties for the 2010 Gulf of Mexico oil spill by ...
by	 	http://www.mhcustomimages.com/-mikengill	 Serving the greater Sacramento area by appointment only. 916) 612-4133. info (at) mhcustomimages (dot) com
by	 	http://instagram.com/jansieyin-@jansieyin) ‚Ä¢ Instagram photos and videos	 üíû . 4 posts; 3 followers; 12 following. Crappy Author, trying to make a difference by spreading some üåü üíûüíûüíû All photos are mine üí´
by	 	http://www.cyberrooster.com/-Website by Cyber Rooster	 Visitors can be turned off by complicated sites that don‚Äôt adapt well on devices such as smartphones. Our team can help you find the right design that works for you ...
by	 	https://www.pinterest.com/vardama/-V A R D A M A on Pinterest	 V A R D A M A | Vardama is a New York City based startup aiming to revolutionize the fashion industry by fusing Luxury Fashion and Innovative Technology.
by	 	http://www.brianscottstudio.com/-brianscottstudio	 Powered by SmugMug. Billions of happy photos, millions of passionate customers. Gorgeous online photo albums. Protect your priceless memories.
by	 	http://photographybyjared.weebly.com/-PHOTOGRAPHY BY JARED - Home	 welcome to photography by jared: your place for modeling, family & couples photography and event coverage
by	 	http://video.foxnews.com/v/3976337793001/flight-attendants-scared-by-message-on-plane-fired-by-united/-Flight attendants scared by message on plane fired by ...	 Live Flight attendants scared by message on plane fired by United. Jan. 07, 2015 - 3:52 - Do former employees have a legal case?
by	 	http://www.startribune.com/world/288231421.html-Survivors of Nigeria attack by Islamic extremists describe ...	 JOHANNESBURG ‚Äî Survivors of an assault by Islamic militants that killed hundreds of civilians in Nigeria have described days of relentless violence in ...
by	 	http://www.news4jax.com/news/community-rocked-by-family-tragedy/30601460-Community rocked by family tragedy | News - Home	 Community rocked by family tragedy Columbia County teenager dead; 2 sisters, parents in jail
by	 	http://www.winnipegfreepress.com/business/bp-attempt-to-shift-clean-water-act-liability-in-oil-spill-rejected-by-appeals-court-288100401.html-BP attempt to shift Clean Water Act liability in oil spill ...	 NEW ORLEANS - A federal appeals court has refused to reconsider its 2014 ruling that BP cannot avoid federal penalties for the 2010 Gulf of Mexico oil spill by ...
by	 	http://www.mhcustomimages.com/-mikengill	 Serving the greater Sacramento area by appointment only. 916) 612-4133. info (at) mhcustomimages (dot) com
by	 	http://instagram.com/jansieyin-@jansieyin) ‚Ä¢ Instagram photos and videos	 üíû . 4 posts; 3 followers; 12 following. Crappy Author, trying to make a difference by spreading some üåü üíûüíûüíû All photos are mine üí´
by	 	https://www.pinterest.com/vardama/-V A R D A M A on Pinterest	 V A R D A M A | Vardama is a New York City based startup aiming to revolutionize the fashion industry by fusing Luxury Fashion and Innovative Technology.
by	 	http://www.brianscottstudio.com/-brianscottstudio	 Powered by SmugMug. Billions of happy photos, millions of passionate customers. Gorgeous online photo albums. Protect your priceless memories.
by	 	http://photographybyjared.weebly.com/-PHOTOGRAPHY BY JARED - Home	 welcome to photography by jared: your place for modeling, family & couples photography and event coverage
by	 	http://video.foxnews.com/v/3976337793001/flight-attendants-scared-by-message-on-plane-fired-by-united/-Flight attendants scared by message on plane fired by ...	 Live Flight attendants scared by message on plane fired by United. Jan. 07, 2015 - 3:52 - Do former employees have a legal case?
by	 	http://www.startribune.com/world/288231421.html-Survivors of Nigeria attack by Islamic extremists describe ...	 JOHANNESBURG ‚Äî Survivors of an assault by Islamic militants that killed hundreds of civilians in Nigeria have described days of relentless violence in ...
by	 	http://www.news4jax.com/news/community-rocked-by-family-tragedy/30601460-Community rocked by family tragedy | News - Home	 Community rocked by family tragedy Columbia County teenager dead; 2 sisters, parents in jail
by	 	http://www.winnipegfreepress.com/business/bp-attempt-to-shift-clean-water-act-liability-in-oil-spill-rejected-by-appeals-court-288100401.html-BP attempt to shift Clean Water Act liability in oil spill ...	 NEW ORLEANS - A federal appeals court has refused to reconsider its 2014 ruling that BP cannot avoid federal penalties for the 2010 Gulf of Mexico oil spill by ...
by	 	http://www.mhcustomimages.com/-mikengill	 Serving the greater Sacramento area by appointment only. 916) 612-4133. info (at) mhcustomimages (dot) com
by	 	http://instagram.com/jansieyin-@jansieyin) ‚Ä¢ Instagram photos and videos	 üíû . 4 posts; 3 followers; 12 following. Crappy Author, trying to make a difference by spreading some üåü üíûüíûüíû All photos are mine üí´
by	 	http://www.cyberrooster.com/-Website by Cyber Rooster	 Visitors can be turned off by complicated sites that don‚Äôt adapt well on devices such as smartphones. Our team can help you find the right design that works for you ...
by	 	https://www.pinterest.com/vardama/-V A R D A M A on Pinterest	 V A R D A M A | Vardama is a New York City based startup aiming to revolutionize the fashion industry by fusing Luxury Fashion and Innovative Technology.
by	 	http://www.brianscottstudio.com/-brianscottstudio	 Powered by SmugMug. Billions of happy photos, millions of passionate customers. Gorgeous online photo albums. Protect your priceless memories.
