china	 	http://www.infoplease.com/country/china.html-China: History, Geography, Government, & Culture	 Information on China — map of China, flag of China, geography, history, politics, government, economy, population, culture, religion, languages, largest cities
china	 	http://en.wikipedia.org/wiki/China-China - Wikipedia, the free encyclopedia	 China, officially the People's Republic of China (PRC), is a sovereign state located in East Asia. It is the world's most populous country, with a population of over ...
china	 	http://www.chinatoday.com/-ChinaToday.com	 Welcome to ChinaToday.com, a China information base. Find out what is happening in China today.
china	 	http://english.china.com/-China.com - Your guide on traveling and living in China	 English.china.com is a one-stop shop for everything about China – news, events, culture, people, lifestyle, language. It also provides information about traveling ...
china	 	http://www.china-airlines.com/en/index.html-China Airlines	 China Airlines starts to offer regular services to Auckland, New Zealand, and Qingdao, China. New frequencies are added as China Airlines is now serving more than one ...
china	 	http://timesofindia.indiatimes.com/world/china-China News, News in China, Latest News, Daily News | World ...	 Catch all the Top Latest and Daily News updates from China on Politics, Current Affairs, Economy and China's relations with India and rest of the world.
china	 	http://www.state.gov/r/pa/ei/bgn/18902.htm-China - U.S. Department of State	 More information about China is available on the China Country Page and from other Department of State publications and other sources listed at the end of ...
china	 	http://topics.nytimes.com/top/news/international/countriesandterritories/china/index.html-China News Today - Latest News & Facts About China - The ...	 Unlock the story of China. Browse The New York Times's breaking news and extensive historical coverage on China here.
china	 	http://www.lonelyplanet.com/china-China - Lonely Planet	 Whether it’s your first visit or your twentieth, China is so big, so diverse and so fast-changing, it’s always an adventure. Awe-Inspiring Antiquity
china	 	http://www.made-in-china.com/-Made-in-China.com - Manufacturers, Suppliers & Products in ...	 Source quality products Made in China. Find reliable China Suppliers, Manufacturers, Wholesalers & Exporters. Enjoy excellent buyer service with Made-in-China.com.
china	 	http://www.travelchinaguide.com/-China Travel Agency, Small Group & Private Tour Service	 TravelChinaGuide, a leading China travel agency offers private China tours and small group tours to Beijing, Xian, Tibet, Yangtze...lowest price,best service.
china	 	http://www.reuters.com/article/2015/01/12/us-usa-china-poultry-idUSKBN0KL28L20150112-China bans U.S. poultry, eggs imports amid avian flu fears ...	 CHICAGO (Reuters) - China has banned all imports of U.S. poultry, poultry products and eggs amid recent reports of highly pathogenic strains of avian ...
china	 	http://www.china.org.cn/china/index.htm-China - China.org.cn	 FBI may assist China's anti-graft campaign Officials from China and the US are holding workshops in Beijing to discuss anti-corruption cooperation, according to the ...
china	 	http://www.britannica.com/EBchecked/topic/111803/China-China | history - geography | Encyclopedia Britannica	 China has 33 administrative units directly under the central government; these consist of 22 provinces, 5 autonomous regions, 4 municipalities (Chongqing, Beijing, ...
china	 	http://news.yahoo.com/china-3/-China - Yahoo News - Latest News & Headlines	 Two more Myanmar protesters charged over China mine demo. Two more protesters opposed to a China-backed copper mine venture in Myanmar have been charged with offences ...
china	 	http://www.reuters.com/places/china?lc=int_mb_1001-China | Reuters.com	 BEIJING - China's Alibaba Group Holding Ltd , the world's biggest e-commerce company, is piloting a mobile messaging app aimed at marrying social networking with ...
china	 	http://en.wikipedia.org/wiki/Beijing-Beijing - Wikipedia, the free encyclopedia	 Beijing, sometimes romanized as Peking, is the capital of the People's Republic of China and one of the most populous cities in the world. The population as of 2013 ...
china	 	http://www.thestreet.com/story/13007921/1/alibaba-jdcom-make-good-bets-in-china-tech-sector-analysts-say.html-Alibaba, JD.com Make for Fabulous Bets on China Tech ...	 NEW YORK -- Alibaba and JD.com , China's two largest e-commerce players, continue to vie for deals with smaller technology companies. And each of those ...
china	 	http://www.ebay.com/sch/i.html?_nkw=china-china | eBay - Electronics, Cars, Fashion, Collectibles ...	 Find great deals on eBay for china china dinnerware sets. Shop with confidence.
china	 	http://www.china-embassy.org/eng/-The Embassy of the People's Republic of China in ...	 China-U.S. Relations. Chinese President Xi Jinping's 2015 New Year Message. Wang Yi Holds Telephone Talks with Secretary of State John Kerry of the US.
china	 	http://en.china.cn/-China Suppliers-Suppliers, Manufacturers, Exporters ...	 China Shanghai Electric Heating Exhibition 2015; The 14th China International Food Processing and Packaging M; 2014 China Zhejiang Import Goods Expo
china	 	http://www.chinatour.com/-China Tours for Your Family & Friends: Your China Travel ...	 ChinaTour.com is a professional online China travel service provider offering various China tours and China tourism service, from private China tours, China tours for ...
china	 	http://www.chinaonline.com/-China Online	 PRC State Council Promulgated New Regulations on Foreign Enterpises’ Resident Representative Offices in China 11 January 2011. On 19 November 2010, the State ...
china	 	http://www.chinatrade.com/-China - Trade - Business - News - China Trade	 Chinese Portal to Commerce. A guide to Trade and Commerce in China.
china	 	http://www.chinaculture.org/-China Culture	 Culture Insider: Changes in women's fashion. A glimpse at how clothing styles changed for women in China, from the ancient dynasties to the modern era.
china	 	http://www.chinatravel.com/-China Travel: top China travel agency featured in China ...	 China Travel is one of the top China travel agencies featured in affordable China tours, China flights, China hotels and Yangtze River Cruises. With our more than 50 ...
china	 	http://china.mrdonn.org/-Ancient China for Kids	 Ancient China for Kids. advertisement. advertisement. advertisement. People Places Festivals: Daily Life Culture: Philosophies & Religion: Cheat Sheet. Geography ...
china	 	http://www.timeforkids.com/destination/china-China | TIME For Kids	 Welcome to China, a nation that one-fifth of the world's population calls home! In addition to having the highest population, China is also one of the world's ...
china	 	http://www.scmp.com/-International Edition | South China Morning Post	 Virtual edition features news, insights, and analysis of Greater China. Provides subscription information.
china	 	http://www.travelchinaguide.com/map/-China Map: Virtual Tour Maps of Beijing, Shanghai, Xian ...	 China maps with cities including Beijing, Shanghai, Guilin, Xian, Guangzhou, Hangzhou, Tibet as well as great wall virtual tour map, China provinces, population ...
china	 	http://www.bloomberg.com/news/china/-China News: Headlines & Breaking News - Bloomberg	 Stay updated with the latest China news and events. Find breaking headline news, business and financial news & analysis about China.
china	 	http://travel.nationalgeographic.com/travel/countries/china-guide/-China Guide -- National Geographic	 A guide to China with articles, photos, facts, videos, and news from National Geographic.
china	 	http://www.chinadaily.com.cn/china/-China News - Headlines, Stories & Videos - China Daily	 Get the latest China news, breaking China news, China business news, as well as information on China politics, China culture, and China military from the China Daily ...
china	 	http://www.chinadaily.com.cn/-China Daily	 China's 2014 diplomacy. The past year has witnessed a bumper harvest in Chinese diplomacy, guided by some new concepts raised by the leadership to help shape a new ...
china	 	http://usa.chinadaily.com.cn/-China Daily USA	 China's 2014 diplomacy. The past year has witnessed a bumper harvest in Chinese diplomacy, guided by some new concepts raised by the leadership to help shape a new ...
china	 	http://www.china.org.cn/-China.org.cn - China news, weather, business, travel ...	 China's national online news service ... The dual pension system (退休双轨制) refers to different pension systems adopted by retirees of different work ...
china	 	http://www.tripadvisor.com/Tourism-g294211-China-Vacations.html-China Tourism: 35,166 Things to Do in China | TripAdvisor	 China Tourism: TripAdvisor has 1,998,625 reviews of China Hotels, Attractions, and Restaurants making it your best China resource.
china	 	http://www.mapsofworld.com/china/-China Map ( 中国地图 ), Map of China	 China Map ( 中国地图 ) - Explore map of China to know about the world's most populous country, China is 2nd largest country by land area and 3rd or 4th largest by ...
china	 	http://www.worldatlas.com/webimage/countrys/asia/cn.htm-China Map / Geography of China / Map of China - Worldatlas.com	 Printable map of China and info and links to China facts, famous natives, landforms, latitude, longitude, maps, symbols, timeline and weather - by worldatlas.com
china	 	http://www.chinanews.net/-China News - China News|Local & International Headlines ...	 China news continuously updated. World headlines and regional coverage, and business news. Weather, newspapers, and national government access.
china	 	http://www.cultural-china.com/-Cultural China - Chinese Culture	 Cultural-china.com presents the panorama of China with tremendous information on Chinese scenery, tradition, arts, history and literature as well as the latest news ...
china	 	http://www.heritage.org/index/country/china-China Economy: Population, GDP, Facts, Trade, Business ...	 Learn more about China's economy, including the population of China, GDP, facts, trade, business, inflation and other data and analysis on its economy from the Index ...
china	 	http://www.chinahighlights.com/-China Travel Agency, Tour with China Highlights - Since 1959!	 China Highlights, Discovery Your Way! A China tour specialist for over 15 years, China Highlights understands your concerns and the value of your vacation.
china	 	http://www.worldbank.org/en/country/china-China Home - World Bank Group	 Latest news and information from the World Bank and its development work in China. Access China’s economy facts, statistics, project information, development ...
china	 	http://www.lonelyplanet.com/maps/asia/china/-Map of China - Lonely Planet	 Map of China and travel information about China brought to you by Lonely Planet.
china	 	http://www.flychina.com/-China Travel and China Tour - Low Fare Airline Tickets	 Your China travel source for the lowest fares to China, Hong Kong, Taiwan and Southeast Asia. We cover over 20 airlines' discount airfares, all quoted instantly.
china	 	http://chinatour.net/-China Tours for Travelers from Worldwide, China Land Tour ...	 China leading travel company based in Beijing, offer China tour packages in all China tourist destinations, our China travel services also include China domestic ...
china	 	http://english.gov.cn/-The State Council of the People's Republic of China	 Peking Opera troupe at 60 The China National Peking Opera Company is marking its 60th anniversary with a series of classic Peking Opera performances which are being ...
china	 	http://chinavista.com/-China Vista, China tour,China travel and China culture ...	 China Vista offers comprehensive, high quality news and information on China travel ,China culture ,china tour, china travel information, china tour information ...
china	 	http://hs.e-to-china.com/-China Hs Code, hs code customs , China tariff code – ETCN	 ETCN - 2013 China HS code, HS code classification,China Customs tariff and supervision conditions of import commodities, 2013 new adjustments of China Harmonized ...
china	 	http://finance.yahoo.com/lookup?s=china-Get Quotes Results for china - Symbol Lookup from Yahoo ...	 Symbol Name Last Trade Type Industry/Category Exchange; CHGS: China Gengsheng Minerals, Inc. 0.01: Stock: Industrial Metals & Minerals: PNK: FXI: iShares China Large-Cap
china	 	http://www.iesabroad.org/study-abroad/china-China | IES Abroad | Study Abroad	 Kunming - Regional Development in China & Southeast Asia. Kunming Summer - China & Southeast Asian Development. Kunming Summer - Environmental Studies
china	 	http://www.chinaeconomicreview.com/-China Economic Review	 China Economic Review is a monthly magazine that covers business, finance and economics in China.
china	 	http://www.chinatourstailor.com/-China Tours, Private China Tours, Tours to China, China ...	 Top China tour operator providing China tours and travel service. Specialized in Tailor-Made and Customized Private China trip for personal, family and group!
china	 	http://gochina.about.com/-China Travel – Info for Travel to China	 The China Vacation travel guide has answers to all your questions from where to go, where to stay and where to go shopping in China.
china	 	http://www.chinalaborwatch.org/-China Labor Watch - Home	 China Labor Watch increases transparency of supply chains and factory labor conditions, advocates for workers’ rights, and supports the Chinese labor movement.
china	 	http://www.youtube.com/watch?v=_etl_qkelX0-CHINA CHINA - YouTube	 CHINA CHINA - YouTube ... YouTube home
china	 	http://chinadigitaltimes.net/-China Digital Times (CDT) - Covering China from Cyberspace	 Strikes by Taxi Drivers Spread Across China. Strikes by taxi drivers has spread to numerous Chinese cities, spurred by complaints about mistreatment by their ...
china	 	http://money.cnn.com/2015/01/09/technology/uber-china-app-government/index.html-Uber escapes China taxi app crackdown - Jan. 9, 2015	 It looks like Uber has escaped China's crackdown on taxi-hailing apps. China's Ministry of Transport posted new guidelines on Friday that prohibit private ...
china	 	http://www.chinapost.com.tw/china/-China Breaking News	 China has arrested 10 Turkish citizens and nine Uighurs over a plot to smuggle the members of the ethnic minority — including a wanted “terrorist” — out of ...
china	 	http://lcweb2.loc.gov/frd/cs/cntoc.html-Country Studies - China | Federal Research Division - The ...	 This volume deals with the Republic of China, describing and analyzing its political, economic, social, and national security systems and institutions, and examining ...
china	 	http://www.absolutechinatours.com/-Absolute China Tours: China Tour Service Leads Easy Travel ...	 As a top China travel agency, Absolute China Tours specializes in Shanghai tour, Tibet tour, China tour package, China travel deals and China vacations.
china	 	http://www.executiveplanet.com/index.php?title=China-Executive Planet - China - Main Page - ExecutivePlanet.com	 Chinapex. Chinapex is a market expansion firm providing China and Hong Kong market entry & growth solutions, empowering companies looking to enter China or already ...
china	 	http://www.chinapage.com/main2.html-China the Beautiful - Chinese Art and Literature	 China the Beautiful. Classical Chinese Art, Calligraphy, Poetry, History, Literature, Painting and Philosophy
china	 	http://globaledge.msu.edu/countries/china/-China: Introduction >> globalEDGE: Your source for Global ...	 China is a country in East Asia bordering the East China Sea, Korea Bay, and South China Sea. Neighboring countries include Afghanistan, Bhutan, Burma, India ...
china	 	http://www.internetworldstats.com/asia/cn.htm-China Internet, Telecommunications and Market Report	 China Internet and Market Information China Country Briefing The basic country profile from the Economist. China Today Data and Statistics for China.
china	 	http://fallout.wikia.com/wiki/China-China - The Fallout wiki - Fallout: New Vegas and more	 China, formally the People's Republic of China (PRC), was the primary rival of the United States during the twenty-first century, with the U.S. having developed ...
china	 	http://chinasite.com/-ChinaSite.com: The Complete Reference to China/Chinese ...	 About China, you name it, we have it! 8,500+ links to China/Chinese related Web sites, and update everyday. Last updated: If your site is listed by us, please put ...
china	 	http://www.weatherforecastmap.com/china/-China Weather, Weather Forecast in China	 Weather forecast in China : Temperature, humidity, rain , sun predictions for China . Average weather in China through out the year. Weather widget for China also.
china	 	http://www.chinapictures.org/-China Pictures:Virtual Photo Tours to China & Travel ...	 China Pictures is a free picture site including pictures of China's major cities and tourist attractions as well as pictures of Chinese people and their daily life.
china	 	http://www.cnn.com/2015/01/13/world/asia/china-burqa-ban/index.html-China bans wearing burqa in biggest Muslim city - CNN.com	 Legislators in China's far-western Xinjiang province have passed a law to prohibit residents from wearing burqas in public, state media reported.
china	 	http://www.china-airlines.com/en/about/about_career.htm-China Airlines	 China Airlines boasts a professional team of around 10,500 high-caliber employees who are committed to serving our customers throughout our system.
china	 	http://www.dltk-holidays.com/china/index.htm-China and Chinese New Year - Holiday and Seasonal Crafts ...	 DLTK's Crafts for Kids Chinese New Year and China Crafts and Children's Activities. The Chinese calendar follows the moon and divides the years into groups of twelve.
china	 	http://www.chinabloglist.org/-China Blog List: Blogs about Greater China	 The China Blog List (CBL) is a collection of links to English language weblogs focused on China. The CBL plays an important role in providing the rest of the world ...
china	 	http://chinatravelservice.com/-China Travel Services	 China Travel Service (CTS Tours) — A Life Enriching Journey with Exceptional Value. China Travel Service (U.S.A.) Inc. or CTS Tours is an affiliate of China Travel ...
china	 	http://www.lenox.com/-Lenox.com (Official Site) | Unique China & Giftware by Lenox	 Lenox - America's #1 fine and casual china. Shop with confidence for Lenox, kate spade new york, Dansk and Marchesa china, Disney gifts and more.
china	 	http://www.wildchina.com/-Wild China Tour - China, including Tibet - Travel Experts ...	 Adventure and cultural tours focusing on western China and Tibet, including cycling and bird watching trips.
china	 	http://www.humantrafficking.org/countries/china-Human trafficking in China - HumanTrafficking.org: A Web ...	 While the majority of trafficking occurs within China’s borders, around 600,000 workers migrate annually overseas, many of whom are recruited by false promises of ...
china	 	http://www.chinatoday.com/general/a.htm-China Information, China General Information, Information ...	 General Information of the People's Republic of China (PRC) China boasts a total land area of 9.6 million square kilometers, across four time zones.
china	 	http://amchamchina.org/-American Chamber of Commerce in China	 AmCham China Business Center. Drawing on the vast experience of the chamber’s more-than-1,000 member companies, the site provides the most up-to-date information on ...
china	 	http://www.wsj.com/articles/china-official-manufacturing-pmi-falls-in-december-1420076371-China Official Manufacturing PMI Falls in December - WSJ	 There was more evidence of weakness in China’s huge manufacturing sector in December, a soft end to the year that suggests the country will likely miss its 2014 ...
china	 	http://www.mapsofworld.com/china/china-facts.html-Facts about China, China Facts - World Map - Maps of the World	 Facts about China - Read cool and interesting facts about China related to modern culture, economy, language, tradition, currency, political leaders, etc.
china	 	http://www.lib.utexas.edu/maps/china.html-China Maps - Perry-Castañeda Map Collection - UT Library ...	 The following maps were produced by the U.S. Central Intelligence Agency, unless otherwise indicated. Country Maps. China (Political) 2011 (1.2MB) and pdf format (2.7MB)
china	 	http://www.china.manufacturers.globalsources.com/-China Suppliers & China Manufacturers | China Sources	 Find the latest products from reliable China manufacturers & suppliers. China Sources is the leading B2B portal connecting quality suppliers and buyers.
china	 	http://www.dhgate.com/-DHgate.com - Cheap Electronics & Cell Phones | China ...	 Find cheap tablet computers, cell phones and electronics here at Dhgate.com. Buy wedding dresses direct from China at low wholesale prices.
china	 	http://money.cnn.com/2015/01/14/news/china-taxi-strike-uber/index.html-Taxi drivers strike in China over steep fees, Uber - Jan ...	 Need a cab in China? Good luck finding one. Taxi drivers in many Chinese cities -- unhappy with steep cab rental fees and competition from firms like Uber ...
china	 	http://www.musicfromchina.org/-Music From China: Ancient, folk, and contemporary Chinese ...	 Since 1984, Music From China has brought the best of Chinese music — ancient, folk and contemporary — to audiences in the New York area and beyond.
china	 	http://www.unhcr.org/cgi-bin/texis/vtx/page?page=49e487cd6-UNHCR - China	 UNHCR Tents Reaching Earthquake Survivors in China The UN refugee agency has provided 11,000 urgently needed tents to China to help with emergency shelter for some of ...
china	 	http://www.world-newspapers.com/china.html-Chinese Newspapers and China News	 Directory of Chinese newspapers, magazines and news sites in English, sorted by region. Also China news headlines.
china	 	http://www.swissnexchina.org/-swissnex China	 swissnex China events bring the best to its community by creating wonderful networking opportunities in China.
china	 	http://export.gov/china/-Export.gov - U.S. Commercial Service China	 Welcome to the U.S. Commercial Service China! The U.S. Commercial Service in China offers valuable assistance to American businesses exporting goods and ...
china	 	http://www.frommers.com/destinations/china/-China | Frommer's	 Identifying the "best of China" becomes a more and more difficult task. As this once isolated giant awakens, forces are being unleashed that impact tourism. Dev
china	 	http://www.tradetang.com/-China Wholesale, Buy Wholesale Products from Chinese ...	 Tradetang.com is the leading China wholesale marketplace where global buyers can buy beauty supplies, musical instruments, electronics, fashion, accessories and other ...
china	 	http://goingtochina.com/-Home | Going To China	 China, (People’s Republic of China), is situated in eastern Asia, bounded by the Pacific in the east. It is the third largest country in the world, next to Canada and
china	 	http://www.tradetang.com/-China Wholesale, Buy Wholesale Products from Chinese ...	 Tradetang.com is the leading China wholesale marketplace where global buyers can buy beauty supplies, musical instruments, electronics, fashion, accessories and other ...
china	 	http://english.sina.com/news/china/index.html-China News - SINA English	 Find breaking China news, news headlines and current events through SINA English.
china	 	http://goingtochina.com/-Home | Going To China	 China, (People’s Republic of China), is situated in eastern Asia, bounded by the Pacific in the east. It is the third largest country in the world, next to Canada and
china	 	http://www.chinability.com/China%20population%20clock.htm-China population clock - China economic and business news ...	 China's population clock shows the latest up-to-the-second estimated population of China with the probable latest birth (boy or girl) and latest death (age and sex).
china	 	http://hua.umf.maine.edu/China/china.html-China Experience - University of Maine System	 China Experience: Beijing, Imperial City, Temple of Heaven, the Great Wall, the Terracotta Soldiers, Xi'an, Shanghai, the Summer Palace, acupuncture, calligraphy ...
china	 	http://www.crccasia.com/-CRCC Asia - Internships in China	 CRCC Asia is the leading provider of Internships in China. With over 3,000 students and graduates placed in Beijing and Shanghai since 2006. Programs every month.
china	 	http://travel.nationalgeographic.com/travel/countries/china-cities-photos/-China Cities Photos -- National Geographic	 See photos and get wallpaper of China's biggest cities (Hong Kong, Beijing, Shanghai, and more) in this travel photo gallery from National Geographic.
china	 	http://go.hrw.com/atlas/norm_htm/china.htm-HRW WORLD ATLAS - China	 Country (long form) People's Republic of China: Capital: Beijing: Total Area: 3,705,406.97 sq mi 9,596,960.00 sq km (slightly smaller than the US) Population
china	 	http://www.topchinatravel.com/-Top China Travel Agency, Top China Tour Operator	 Top China travel agency and China tour operator with over 50 years experience of China travel service, offers the best China tours and China travel Guide.
china	 	http://www.flychinaeastern.com/-China Eastern Airlines| flights, special airfare, ticket ...	 China Eastern Airlines offer flights from Europe to over one hundred destinations as well as onward destinations in Asia and Australia. special tickets, discount ...
china	 	http://www.chinashippingna.com/-China Shipping North America	 China Shipping signs three agreements on the biggest worldwide maritime trades. Please click here for detail. China Shipping Opens new National Customer Service and ...
china	 	http://www.whychristmas.com/cultures/china.shtml-Christmas in China -- Christmas Around the World ...	 How Christmas is celebrated in China and lots of other countries around the world.
china	 	http://www.chinacenter.net/-China Research Center	 The China Research Center promotes understanding of greater China based on in-depth research and experience. Center Associates are experts on greater China’s ...
china	 	http://www.listofcountriesoftheworld.com/ch.html-China - List of countries of the world in alphabetical order	 China is a place of amazing beauty, many curiosities and a wealth of interesting facts. Most people are familiar with China's well-known landmarks, such as the Great ...
china	 	http://chinareplacements.com/-China Replacements - Discontinued china, crystal, sterling ...	 CHINA REPLACEMENTS has been in the dinnerware matching business since 1985, located in the midwest near St. Louis, Missouri. We specialize in the discontinued and ...
china	 	http://geography.about.com/od/populationgeography/a/onechild.htm-China's One Child Policy: An Overview - About	 one child policy was established by Chinese leader Deng Xiaoping in 1979 to limit communist China's population growth. Although designated a "temporary measure," it ...
china	 	http://www.thefinechinastore.com/-The Fine China Store: Dinnerware & Collectibles	 Bone China Dinnerware & Collectibles from Lenox, Royal Doulton, Royal Albert and many more. Free domestic shipping!
china	 	http://wwp.greenwichmeantime.com/time-zone/asia/china/-China (including Hong Kong & Macau) - GMT: Greenwich Mean ...	 Clock showing current local time now in China (Shanghai Time Zone) Despite China being a vast country geographically spanning several time zones the whole of China ...
china	 	http://www.wsj.com/articles/sony-documents-show-studio-dealings-in-china-1420849438-Sony Documents Show Studio Dealings in China - WSJ	 Documents leaked in the cyberattack on Sony shed light on a U.S. government investigation into how Hollywood studios get their movies distributed in China and whether ...
china	 	http://www.chinasuppliers.globalsources.com/SITE/top-china-suppliers.html-China Suppliers & Manufacturers for Made In China Products	 China Suppliers from Global Sources ★ Choose Verified Chinese Suppliers from Global Sources ★ Find Hot Products from this Verified China Suppliers Directory
china	 	http://geology.com/world/china-satellite-image.shtml-China Map - China Satellite Image - Physical - Political	 China Country Information: China is located in eastern Asia. China is bordered by the Yellow Sea, Korea Bay, South China Sea, and East China Sea; Kazakhstan ...
china	 	http://countrystudies.us/china/-China - Country Studies	 Robert L. Worden, Andrea Matles Savada and Ronald E. Dolan, editors. China: A Country Study. Washington: GPO for the Library of Congress, 1987.
china	 	http://eawc.evansville.edu/chpage.htm-EAWC: Ancient China - Exploring Ancient World Cultures	 China. The Analects of Confucius. The Art of War. Reflections on The Tao Te Ching. . . Chronology Essays Images Internet Sites Texts: Imagine: a collection of poems ...
china	 	http://replacements.com/identify.htm-China Pattern Identification, china dishes , crystal ...	 China | Crystal | Silver | Collectibles. If you are not sure of the manufacturer and pattern name of your china, the first place to start is by looking at the back of ...
china	 	http://afe.easia.columbia.edu/china/geog/maps.htm-Geography: China: Reading/Maps	 Maps General Maps (China in Asia) Visit the following sites to view and select maps as well as other general background information about China.
china	 	http://fas.org/nuke/guide/china/doctrine/0046.htm-China: the Emerging Superpower - Federation Of American ...	 The aim of this paper is to demonstrate that China's economic and military transformation, under the current Communist regime, has the potential to seriously threaten ...
china	 	http://china.lbl.gov/-China Energy Group | China Energy Group	 Working collaboratively with groups in China and elsewhere to understand the dynamics of energy use, improve energy efficiency, and reduce emissions in China ...
china	 	http://en.chinatelecom.com.cn/-China Telecom	 China Telecommunications Corporation is an extra-large State-owned telecom operator in China,Global Partner of World Expo 2010 Shanghai,and was selected into the Top ...
china	 	http://www.theodora.com/wfbcurrent/china/index.html-China - 2014, CIA World Factbook - ITA - Information ...	 NOTE: The information regarding China on this page is re-published from the 2014 World Fact Book of the United States Central Intelligence Agency.
china	 	http://www.classicreplacements.com/china.html-China - Classic Replacements	 China - Highest quality dinnerware patterns at Classic Replacements
china	 	http://www.virtualtourist.com/travel/Asia/China/TravelGuide-China.html-China Travel Guide - VirtualTourist - Travel Guides, Hotel ...	 China Travel Guide: 30375 real travel reviews, tips, and photos from real travelers and locals in China at VirtualTourist.
china	 	http://www.yourdictionary.com/china-China dictionary definition | china defined	 noun. porcelain or any ceramic ware like porcelain; dishes, ornaments, etc. made of china; any earthenware dishes or crockery; Origin of china. after China, where ...
china	 	http://www.traveldocs.com/index.php?page=china-China Visas - Traveldocs.com - HOME	 TDS, a Washington DC Passport and Visa Service, specializes in visas and passports for immigration, tourist needs, and travel, plus Russian and China services. We ...
china	 	http://www.jobsinchina.com/-Jobs in China for foreigners - living and working in China	 Your guide to living and working in China. Provides essential information and job listings for both professional and English teaching positions.
china	 	http://www.miniclip.com/games/china-2008/en/-China 2008 - A free Sports Game - Games at Miniclip.com ...	 Play China 2008 - Go for gold and compete in various Track & Field events!
china	 	http://www.thepotteries.org/types/bonechina.htm-Bone China - Stoke-on-Trent, Pottery and Ceramics ...	 Bone China is a hybrid hard-paste porcelain containing bone ash. The initial development of bone china is attributed to Josiah Spode, who introduced it around 1800.
china	 	http://www.terragalleria.com/asia/china/-China Pictures - Asia stock photos, fine art prints by QTL	 A large gallery of Pictures of China. Part of a gallery of color pictures of Asia by professional photographer QT Luong, available as prints or for licensing.
china	 	http://www.fcps.edu/KingsParkES/technology/ancient/china.htm-Ancient China - Fairfax County Public Schools	 China is located on the continent of Asia. The climate in ancient China includes seasons similar to those in North America. The ancient Chinese fished, farmed, and ...
china	 	http://www.wwoofchina.org/-WWOOF China	 WWOOF China (Worldwide Opportunities on Organic Farms) promotes cultural exchange, and build a global community using environmentally sustaining farming practices.
china	 	http://www.alexa.com/topsites/countries/CN-Alexa - Top Sites in China - Alexa - Actionable Analytics ...	 Top Sites in China The sites in the top sites lists are ordered by their 1 month alexa traffic rank. The 1 month rank is calculated using a combination of average ...
china	 	http://china.mrdonn.org/games.html-Free Interactive Games for Kids for Ancient China	 Games Ancient China for Kids. advertisement. advertisement
china	 	http://www.tripadvisor.com/ShowForum-g294211-i642-China.html-China Forum, Travel Discussion for China – TripAdvisor	 Travel forums for China. Discuss China travel with TripAdvisor travelers
china	 	http://atozkidsstuff.com/china.html-China Facts For Children | A to Z Kids Stuff	 Information, history, facts, and activities on China for school-age children.
china	 	http://www.historyforkids.org/learn/china/food/-Ancient Chinese food - China Facts for Kids!!	 When you think of Chinese food you think of rice, and rice was the first grain that people farmed in China. There is archaeological evidence of rice farming along ...
china	 	http://www.tooter4kids.com/china/Index.htm-China_Index - Tooter4Kids	 A proud winner of these awards! View other awards by visiting my awards page ! Welcome To China. Mrs. Stein's Class By:
china	 	http://lcweb2.loc.gov/frd/cs/profiles/China.pdf-Country Profile: China - American Memory from the Library ...	 COUNTRY PROFILE: CHINA Click to Enlarge Image COUNTRY Formal Name: People’s Republic of China (Zhonghua Renmin Gonghe Guo — 中华人民共和国 ).
china	 	http://www.maplandia.com/china/-China Map: Anhui — Zhejiang | China Google Satellite Maps	 Welcome to google maps China locations list, welcome to the place where google maps sightseeing make sense! With comprehensive destination gazetteer, maplandia.com ...
china	 	http://www.maps-of-china.com/-Maps of China - China City and Province Maps	 Maps of Chinese cities, provinces and regions in the principal areas of China. Each map section has large, clear maps showing cities, borders and highways.
china	 	http://www.chinaspree.com/-China Spree	 China Spree Travel, America’s Leading China Tour Operator, offers First Class, All Inclusive and escorted China Tours, China Vacations, China Travel Packages ...
china	 	http://www.boxofficemojo.com/intl/china/-China Weekend Box Office Index for 2015	 China Box Office Index. NOTE: Consistent and accurate data is not currently available for China. Therefore, China box office results will not be updated until we ...
china	 	http://www.onlinechinatours.com/-China Tours, China Travel, China Travel Agent	 Online China Tours is a leading China travel agency that offers over 300 China tour pacakges with different themes and specilize in customizing private China tours
china	 	http://www.the-north-pole.com/around/china.html-Christmas In China - The North Pole Web Site	 Christians in China celebrate by lighting their houses with beautiful paper lanterns and decorating their Christmas trees, which they call "Trees of Light," with ...
china	 	http://www.nytimes.com/2015/01/15/world/asia/taxi-strikes-spread-across-china.html-Strikes by Taxi Drivers Spread Across China - NYTimes.com	 BEIJING — Taxi drivers in a half-dozen cities across China have gone on strike in recent days to protest what they say are soaring expenses, shrinking ...
china	 	http://www.youtube.com/user/china-China 中国 - YouTube	 China, officially the People's Republic of China (PRC), is a country in East Asia. It is the world's most populous country, with a population of over 1.3 bil...
china	 	http://www.itourschina.com/-China Tours, China Travel, China Tour Operator, China ...	 Welcome to itourschina.com. Itourschina.com is a leading online China Tour operator. We offer single city tours and China tour packages at great budgets.
china	 	http://chinasuppliers.alibaba.com/-Alibaba.com - China Manufacturer Directory - China ...	 The best channel for you to find china products, china manufacturers, china suppliers, china exporters, china producers, china buyers, china traders, china agents ...
china	 	http://www.destination360.com/asia/china-China - Online Travel Guides of Travel Destinations - Las ...	 China is a study in contrasts. From the hip urban jungles of Hong Kong in the east to the lonely outposts along the Himalayas rising from the western border, China ...
china	 	http://classifieds.chinadaily.com/-China Daily	 Disclaimer: ChinaDaily.com(dba China Daily Information) is in no way affiliated with China Daily Newspaper or chinadaily.com.cn
china	 	http://www.sacu.org/china.html-Information about China - Society for Anglo-Chinese ...	 All about China. SACU has a wealth of information about all aspects of China built up over the last forty years. A large number of pages have been divided into ...
china	 	http://www.socialstudiesforkids.com/subjects/ancientchina.htm-Ancient China - Social Studies for Kids	 Maps of Ancient China When did the Great Wall first show up on a map? You can find the answer here, along with many other maps of China in ...
china	 	http://www.ups.com/content/corp/worldwide/asia/china.html-UPS Corporate: China - United Parcel Service	 UPS Customer Service Center (Call Center) People's Republic of China Nationwide Toll Free No.: 800-820-8388 / 400-820-8388 Monday - Friday: 07:30 - 22:00
china	 	http://www.topix.com/topstories/china-China - Topix Tracker	 China - Topix Tracker. Articles, photos, and discussions about China from the top news sites on the web. Continually tracked and updated.
china	 	http://www.telegraph.co.uk/news/worldnews/asia/china/11343851/Man-in-China-recovering-in-hospital-after-wife-chopped-off-his-penis.html-Man in China recovering in hospital after wife chopped off ...	 Man in China recovering in hospital after wife chopped off his penis A man in China is recuperating after his wife chopped off his penis when she found out ...
china	 	http://www.chinahighlights.com/map/-China Map, Maps of China's Top Regions, Cities and Attractions	 China map with hand-picked top sights and cities by local China travel agency. Find also maps of china provinces, maps of top tourist China cities and maps of ancient ...
china	 	http://www.pbs.org/independentlens/chinablue/-Independent Lens . CHINA BLUE | PBS	 Jasmine left her village in a remote part of China to get a job and help her family. Now she and her teenage friends at the blue jeans factory are trying to survive ...
china	 	http://www.affordabletours.com/China/-China Tours : Huge Discounts on China Vacations, China Travel	 Vast and varied, China is the world's most populated country. One of the best ways to see and experience its bustling cities and revered landmarks is on a tour.
china	 	http://abcnews.go.com/International/wireStory/state-paper-china-arrests-turks-smuggling-uighurs-syria-28213130-State Paper: China Arrests Turks Smuggling Uighurs to ...	 Shanghai police have detained nine terror suspects from an ethnic minority in western China plus 10 Turkish people accused of helping them in an attempt to ...
china	 	http://scholarship-positions.com/category/china-scholarships/-China Scholarships, 2015-2016 Scholarship Positions 2015 2016	 China Scholarships. We here at scholarship-positions.com helps you in finding the best China scholarships compatible to your needs. These China scholarships and ...
china	 	http://www.42explore2.com/china.htm-Ancient China	 Easier - China is located in Asia. It has the oldest surviving civilization in the world. Ancient China began between 500,000 ...
china	 	http://www.eslcafe.com/jobs/china/-Dave's ESL Cafe China Job Board - China Job Board	 Best Teaching job offers in China Click Here American TESOL Institute- the pioneer in TESOL training, which boasts of its international recognition and global ...
china	 	http://www.sinodaily.com/-China News From Sino Daily - Business, Environment and ...	 China News - Sinodaily.Com brings you daily news about China in the 21st century.
china	 	http://www.gov.cn/english/-Gov.cn: The Chinese Central Government's Official Web Portal	 China will allow all forms of capital to equally compete in the financial market through ease of market access, Chinese Premier Li Keqiang said on Friday.
china	 	http://english.china.com/zh_cn/business/-China Business, China wholesalers, chinese wholesalers ...	 China Business, China wholesalers, chinese wholesalers, china factories, computer wholesalers, suzhou industrial park, china mobile, golden week economic, China ...
china	 	http://www.huffingtonpost.com/2015/01/09/china-uighur-journalist-pressures-by-imprisoning-family_n_6439540.html-China Pressures Uighur Journalist Based In U.S. By ...	 WASHINGTON (AP) — Journalist Shohret Hoshur left China 20 years ago, fearing for his safety after authorities branded him a separatist for his critical ...
china	 	http://www.foxnews.com/health/2015/01/15/china-approves-new-polio-vaccine-shows-innovative-muscle/-China approves new polio vaccine, shows innovative muscle ...	 China has approved a new polio vaccine, the first of its kind to be produced in the country, a month after local authorities gave the green light for a ...
china	 	http://www.robbinsnest.com/china.html-Replacement China | Robbins Nest	 Robbins Nest, complete china replacement catalog with detailed photos and descriptions.
china	 	http://www.fmprc.gov.cn/eng/ljzg/-Ministry of Foreign Affairs, China: About China	 On January 7, 2015, the senior officials meeting of the first ministerial meeting of the Forum between China and the Community of Latin A...
china	 	http://www.cnet.com/news/dont-try-to-smuggle-94-iphones-into-china-wearing-them-like-body-armor/-Man busted smuggling 94 iPhones into China like body armor ...	 Man busted smuggling 94 iPhones into China like body armor. Chinese officials reportedly discover an iPhone smuggler who didn't do a very good job of hiding his ...
china	 	http://uk.reuters.com/article/2015/01/13/uk-china-economy-trade-idUKKBN0KM05020150113-China December trade more robust than expected, but ...	 BEIJING/SHANGHAI (Reuters) - China's December trade data beat expectations as demand from a stronger U.S. economy helped offset weakness in Europe and ...
china	 	http://sinosphere.blogs.nytimes.com/2015/01/15/china-debates-how-to-manage-unruly-airline-passengers/-China Debates How to Manage Unruly Airline Passengers ...	 A spate of passengers opening the emergency doors of taxiing airplanes in China has led to calls for tougher punishment of unruly fliers. On Monday, a man ...
china	 	http://www.bloomberg.com/news/2015-01-13/china-plays-wildcard-in-bets-on-venezuela-bond-default.html-China Plays Wildcard in Bets on Venezuela Bond Default ...	 For debt investors betting Venezuela will default this year as oil slumps, there is one big wildcard that threatens to sink the trade: China.
china	 	http://finance.yahoo.com/news/china-december-factory-pmis-suggest-054014970.html-China December factory PMIs suggest economy cooling ...	 BEIJING (Reuters) - China's factory activity sputtered in December, underlining the challenges facing the country's manufacturers as they fight rising ...
china	 	http://chinadataonline.org/-Homepage--All China Data	 China Data Center Newsletter, Vol. 8, 20123(1)(2013-3-7) 1. China Data Update: - China 2010 Population Census Data With GIS Maps - The 2000 and 2010 China Province ...
china	 	http://www.ups.com/content/cn/en/contact/index.html-UPS: Contact UPS: China - United Parcel Service	 UPS Customer Service Center (Call Center) People's Republic of China Nationwide Toll Free No.: 800-820-8388 / 400-820-8388 Monday - Friday: 07:30 - 22:00
china	 	http://www.chinatraveldepot.com/ChinaTours/-China Tours, Things to Do in China with Private Vacation ...	 China Private Tour and Group Tour Packages to Beijing, Shanghai, Xi’an, Guilin. Tailor Making Your China Tour Online.
china	 	http://www.maps-of-china.com/china-country.shtml-China Map : Country View - Maps of China	 China map showing the Peoples Republic of China, major provinces and major cities.
china	 	http://www.silversuperstore.com/china.html-Fine China, casual dinnerware at discount prices - Silver ...	 Formal and casual china at discount! Featuring Lenox, Noritake, Denby, Royal Doulton, and more. SilverSuperstore.com
china	 	http://www.bbc.co.uk/news/world-asia-china-30808774-BBC News - China media cautiously optimistic over Japan ties	 Papers are cautiously optimistic over better China-Japan ties after both countries held talks on maritime security. The two countries held talks on Monday ...
china	 	http://www.bbc.co.uk/news/world-asia-china-30826114-BBC News - China media back Hong Kong chief	 More China stories RSS. Beijing smog hits hazardous levels. Pollution soars to hazardous levels in Beijing, reaching 20 times the limit recommended by the ...
china	 	http://loveme.com/tour/chinese-women/chinese-women.htm-Chinese women - meet the beautiful women of china	 Meet the most exotic, charming and beautiful Chinese women. We offer the most exciting single tour to china
china	 	http://chinadataonline.org/-Homepage--All China Data	 China Data Center Newsletter, Vol. 8, 20123(1)(2013-3-7) 1. China Data Update: - China 2010 Population Census Data With GIS Maps - The 2000 and 2010 China Province ...
china	 	http://www.cctv.com/program/chinatoday/01/index.shtml-China Today - CCTV9 - CCTV.com	 Keep up with the changes every day with China Today, thirty minutes of news from every corner of the country. It´s your daily wrap-up of today´s China.
china	 	http://finance.yahoo.com/news/china-december-factory-pmis-suggest-054014970.html-China December factory PMIs suggest economy cooling ...	 BEIJING (Reuters) - China's factory activity sputtered in December, underlining the challenges facing the country's manufacturers as they fight rising ...
china	 	http://www.nydailynews.com/news/world/auto-parts-factory-explosion-kills-17-china-article-1.2061660-Auto parts factory explosion kills 17 in China - NY Daily News	 Auto parts factory explosion kills 17 in China At least 17 are dead and 20 have been injured Wednesday at the Foshan auto parts factory, officials said.
china	 	http://www.china-briefing.com/news/-News: Tax, Law, Accounting, Investment | China Briefing	 News from China, including business insight, regulatory updates and tax, law and accounting summaries
china	 	http://edition.cnn.com/2015/01/08/travel/china-high-speed-north-south-rail/index.html-Record breaker: China's incredible north-south high-speed ...	 China has the world's largest high-speed rail network, which includes a 2,298-kilometer line linking Beijing and Guangzhou.
china	 	http://in.reuters.com/article/2015/01/01/china-economy-pmi-idINKBN0KA1BC20150101-China Dec factory PMIs suggest economy cooling further ...	 BEIJING (Reuters) - China's factory activity sputtered in December, underlining the challenges facing the country's manufacturers as they fight rising ...
china	 	http://www.cnbc.com/id/102343074-China to give banks more cash to lend to farmers, small ...	 China's central bank will increase its relending quota by $8.1 billion this year, stepping up efforts to spur loans to the agriculture and small business segments.
china	 	http://uk.reuters.com/article/2015/01/02/uk-china-stampede-idUKKBN0K916Y20150102-China demands answers after stampede in financial hub ...	 Apart from Hong Kong, which is run as a separate territory, Shanghai is China's most international and cosmopolitan city, a glitzy home to global companies ...
china	 	http://photobucket.com/images/china-China Pictures, Images & Photos | Photobucket	 View the 182027 best China Photos, China Images, China Pictures. Download photos or share to Facebook, Twitter, Tumblr, Blogger
china	 	http://in.reuters.com/article/2015/01/12/china-philippines-southchinasea-idINKBN0KL0WA20150112-China slams Philippines for criticising island project in ...	 China lays claim to almost all of the entire South China Sea, believed to be rich with minerals and oil-and-gas deposits. Brunei, Malaysia, the Philippines ...
china	 	http://www.bookrags.com/China/-China Summary - BookRags.com | Study Guides, Essays ...	 Immediately download the China summary, chapter-by-chapter analysis, book notes, essays, quotes, character descriptions, lesson plans, and more - everything you need ...
china	 	http://seattletimes.com/html/businesstechnology/2025426209_chinaseniorsxml.html-Seattle firms export expertise on senior housing to China ...	 Seattle firms export expertise on senior housing to China. Changing cultural norms and economic realities in China mean there’s a growing potential ...
china	 	http://www.latimes.com/business/la-fi-australia-china-mining-20150111-story.html-Western Australia's mining boom ebbs along with China's ...	 With China's slowing economic growth, one of the biggest mining booms in Australian history is over, leaving behind a trail of jobless workers and ...
china	 	http://arstechnica.com/staff/2015/01/personal-computing-behind-the-great-firewall/-Behind the Great Firewall: using my laptop and phone in China	 Chasing Brilliance / An Ars Technica feature Behind the Great Firewall: using my laptop and phone in China Safe and secure computing inside China is not a ...
china	 	http://www.komonews.com/news/national/China-sending-large-Ebola-relief-team-to-West-Africa-288352201.html-China sending large Ebola relief team to West Africa ...	 BEIJING (AP) - China is ramping up its assistance in the fight against Ebola by dispatching an additional 232 army medical workers to West Africa, state ...
china	 	http://www.wired.com/2015/01/zhang-xiao-coastline/-Take a Stroll Down China's Strange and Captivating ...	 China is experiencing dramatic economic and social change. Though its economy has slowed in recent years, it averaged double-digit annual growth for more ...
china	 	http://www.newsday.com/news/world/china-s-xiaomi-unveils-phone-aimed-at-iphone-users-1.9809977-China's Xiaomi unveils phone aimed at iPhone users - Newsday	 China's rising smartphone brand Xiaomi targets Apple's iPhone with new, much cheaper Mi Note
china	 	http://seattletimes.com/html/businesstechnology/2025465219_apxchinaxiaomi.html-China's Xiaomi takes aim at Apple with new phone ...	 China's Xiaomi takes aim at Apple with new phone. Rising smartphone star Xiaomi is moving upmarket and taking aim at Apple's iPhone.
china	 	http://www.latimes.com/entertainment/envelope/cotown/la-et-ct-night-at-the-museum-china-box-office-20150113-story.html-'Night at the Museum' tops China box office; 'Tiger' at $ ...	 “Night at the Museum: Secret of the Tomb” jumped to the top of the box office charts last week in China, leaping ahead of some popular Chinese-language ...
china	 	http://video.cnbc.com/gallery/?video=3000343094-The year of China?	 "Fast Money" traders Tim Seymour and Brian Kelly make their predictions for China's economy in the coming year.
china	 	http://www.optinetchina.com/-OptiNet China	 OptiNet China Conference and FTTH China Forum is the best place for receiving the necessary insight and critical knowledge to make informed decisions about network ...
china	 	http://pickardchina.com/-Pickard: Monogrammed and Custom Pickard China and Fine ...	 Produces a wide selection of fine china retail dinnerware patterns as well as custom dinnerware for the food service and hospitality markets.
china	 	http://www.timeanddate.com/weather/china/shanghai-Weather in Shanghai, Shanghai Municipality, China	 Current weather in Shanghai, Shanghai Municipality, China and forecast for today, tomorrow, and next 14 days
china	 	http://www.china-train-ticket.com/-Book China Train Tickets Online or Deliver: Schedule, Fare ...	 Live China train tickets online: Quick booking & delivery service, real-time schedule, timetable, availability, fare and more options.
china	 	http://www.postcrossing.com/country/CN-China in Postcrossing - Postcards connecting the world ...	 China is a country in the continent of Asia with a population of 1,330,044,000 habitants. The capital of China is Beijing.
china	 	http://www.chinaspringisd.net/-China Spring ISD	 2009: China Spring Independent School District : PO Box 250, China Spring, TX. 76633: Phone: (254)836-1115 Fax: (254)836-0559
china	 	http://finance.yahoo.com/q?s=FXI-FXI: Summary for iShares China Large-Cap ETF- Yahoo! Finance	 View the basic FXI stock chart on Yahoo! Finance. Change the date range, chart type and compare iShares China Large-Cap ETF against other companies.
china	 	http://uk.reuters.com/article/2015/01/13/uk-china-economy-trade-idUKKBN0KM05020150113-China December trade more robust than expected, but ...	 BEIJING/SHANGHAI (Reuters) - China's December trade data beat expectations as demand from a stronger U.S. economy helped offset weakness in Europe and ...
china	 	http://www.wilsoncenter.org/program/china-environment-forum-China Environment Forum | Wilson Center	 The first amendments to China's Food Safety Law are likely to pass this year. To increase the efficiency, safety and sustainability of the country's food supply ...
china	 	http://www.cnet.com/news/dont-try-to-smuggle-94-iphones-into-china-wearing-them-like-body-armor/-Man busted smuggling 94 iPhones into China like body armor ...	 Man busted smuggling 94 iPhones into China like body armor. Chinese officials reportedly discover an iPhone smuggler who didn't do a very good job of hiding his ...
china	 	http://www.findouter.com/China/-Search Engine China Web Directory | China Findouter	 The search engine and web directory for China
china	 	http://maps.howstuffworks.com/maps-of-china.htm-China - HowStuffWorks	 Maps of China show the location of major cities and regions in China. Check out our interactive maps of China.
china	 	http://china.legalbusinessonline.com/-China Legal Business	 A piecemeal effort China is set to publish a planning document aimed at improving its inefficient state-led firms, which will also result in a loosening of its grip ...
china	 	http://www.chinatowne.com/-China Towne Furniture and Mattress in Syracuse & Solvay, NY	 China Towne Furniture and Mattress, serving the Syracuse and surrounding areas. We provide a selection of quality home furnishings, custom upholstery, living room and ...
china	 	http://salsainchina.blogspot.com/-Do They Have Salsa in China?	 adopt, adoption, adopting, china, twins, twin, salsa in china, salsa twins
china	 	http://www.yourchildlearns.com/mappuzzle/China-puzzle.html-China Provinces Map Puzzle - Educational Software - Maps ...	 Learn the provinces of China with this fun and educational map puzzle. Use the free China map puzzle as a quiz to test your knowledge of the provinces and ...
china	 	http://www.cnn.com/2015/01/13/world/asia/china-burqa-ban/index.html-China bans wearing burqa in biggest Muslim city - CNN.com	 Legislators in China's far-western Xinjiang province have passed a law to prohibit residents from wearing burqas in public, state media reported.
china	 	http://www.fineart-china.com/-Xiamen China Wholesale Oil Paintings Wholesale Frames ...	 We are the leading wholesale oil painting factory & frame factory or manufacturer in Xiamen city, Fujian Province, Peoples Republic Of China.
china	 	http://www.fccchina.org/-Foreign Correspondents' Club of China	 Foreign Correspondents' Club of China - The professional association of foreign journalists in Beijing.
china	 	http://www.seawaychina.com/-Seaway China - Royal Doulton Figurines, Toby Jugs ...	 Save on Royal Doulton Figurines, Character Jugs, Toby Jugs, Bunnykins, Kingsware, Simeon Jugs, Halcyon Days, Beatrix Potter and Storybook figurines at Seaway China.
china	 	http://sinosphere.blogs.nytimes.com/2015/01/15/china-debates-how-to-manage-unruly-airline-passengers/-China Debates How to Manage Unruly Airline Passengers ...	 A spate of passengers opening the emergency doors of taxiing airplanes in China has led to calls for tougher punishment of unruly fliers. On Monday, a man ...
china	 	http://worldcoingallery.com/countries/China1.php-Coins of China - World Coin Gallery	 Click here to view all China Republic examples. Coins of The Peoples Republic of China Coins of Taiwan <--Return to Country Index . This is my collection of world coins.
china	 	http://hua.umf.maine.edu/-China - University of Maine System	 china! ting -- the chinese language! bibliography of chinese history psychology. reading revolutions creativity bibliography creativity questions
china	 	http://www.chinadiscover.net/-China Travel Service, One of The Best China Tour Operators ...	 One of the best local China travel agency which is expert at Photography Tours, Hiking Tours, Train Tours and Family Tours and other China travel services.
china	 	http://agoodic.com/-china wholesale electronics - Direct Wholesale China cell ...	 electronics wholesale centers: discount china wholesale electronics,wholesale China Phones,cect phones,mini iphone,cheap mp4 player,cheap mp5 player,mp3 player,cheap ...
china	 	http://www.airlinequality.com/Forum/china.htm-China Airlines Customer Reviews | SKYTRAX	 China Airlines Passenger Reviews and China Airlines Customer opinions about China Airlines product and China Airlines service standards.
china	 	http://photo.chinatravel.com/-China Photos, China Travel Photos, China Pictures	 Welcome to a huge China tourist pictures gallery. Upload your own China travel photos or see China pictures shared by other travelers.
china	 	http://www.sacu.org/provmap.html-China's Provinces - Society for Anglo-Chinese ...	 This map shows all the provinces that make up China together with the names of the surrounding countries and the two main rivers of China (the Yellow and the Yangzi).
china	 	http://www.chinatraderonline.com/-China Wholesale Suppliers - Professional Chinese ...	 China trader online supply many kinds of products , find electrical products,Gifts and Crafts,Health and Beauty,Houlsehold etc. made in China
china	 	http://www.tootoomart.com/-China wholesale, Wholesale products from Chinese wholesaler.	 Buy high quality China wholesale apparel, cell phones, electronics, handbags;china wholesalers wedding dresses, jeans, hoodies, sweaters;chinese wholesale Coats ...
china	 	http://www.chinainternetwatch.com/-China Internet Watch: Internet News, Trends, Insights	 China Internet Watch: CIW is a leading news source on China internet news, trends & insights covering search, social media, mobile...across various industries.
china	 	http://chinadataonline.org/-Homepage--All China Data	 China Data Center Newsletter, Vol. 8, 20123(1)(2013-3-7) 1. China Data Update: - China 2010 Population Census Data With GIS Maps - The 2000 and 2010 China Province ...
china	 	http://www.tinydeal.com/-China Wholesale Supplier - Online shopping for cheap ...	 The Best Wholesale Supplier. As a world-leading China wholesale supplier, we supply more than 50,000 elaborate merchandises and famous brand products online at cheap ...
china	 	http://www.seatguru.com/airlines/China_Airlines/information.php-China Airlines Flight Information - SeatGuru	 Your all-inclusive guide to China Airlines providing the most comprehensive resource on current aircraft, contact information, and airline partners.
china	 	http://www.globecorp.com/-China Plastic Injection Molding	 CHINA PLASTIC INJECTION MOLDING & INJECTION MOLDS SINCE 1987. When you place your orders with Globe Industries, you are doing business with a 100% American owned and ...
china	 	http://www.enchantedlearning.com/asia/china/flag.shtml-China's Flag - EnchantedLearning.com - ENCHANTED LEARNING ...	 China's national flag was adopted in September, 1949. This flag was first flown in Tiananmen Square on October 1, 1949 - the day of the founding of the People's ...
china	 	http://www.chinaexpat.com/-China Expat - Chinese Cultural Observations From The ...	 Offers China city guides and information about art, travel, culture, history and business.
china	 	http://www.bbc.co.uk/news/world-asia-china-30826114-BBC News - China media back Hong Kong chief	 More China stories RSS. Beijing smog hits hazardous levels. Pollution soars to hazardous levels in Beijing, reaching 20 times the limit recommended by the ...
china	 	http://www.globalmarket.com/-GMC Certified Manufacturers, Suppliers, Factories ...	 GlobalMarket is the largest Manufacturer-to-Business marketplace. Find manufacturers, suppliers, factories, exporters and wholesalers with qualified made in China ...
china	 	http://www.xinhuanet.com/english/-Xinhua – China, World, Business, Sports, Entertainment ...	 China's exports rose 6.1 percent year on year in 2014, while imports increased 0.4 percent, customs data revealed on Tuesday. China consumer prices up 2 pct in 2014
china	 	http://facts.randomhistory.com/2009/05/04_china.html-74 Interesting Facts about China - Random Facts | Fun ...	 Random China facts, including inventions, political movements, art and literature, weaponry, and current events.
china	 	http://www.who.int/countries/chn/en/-WHO | China	 WHO website on China, contain national key health statistics, emergency crisis, disease outbreak etc.
china	 	http://chinaview.cn/-Xinhua News Agency - Xinhua – China, World, Business ...	 Xinhua, xinhuanet.com/english，english.news.cn, chinaview，brings you headlines, photos, video and news stories from china, Asia and Pacific, Europe, Asia, Africa ...
china	 	http://www.telegraph.co.uk/news/worldnews/asia/china/-China news, all the latest and breaking Chinese news ...	 China news, all the latest and breaking Chinese news from Telegraph.co.uk.
china	 	http://www.elong.net/-eLong - Travel China, Travel Smart - China, travel ...	 eLong is the leading online travel planning and hotel booking, flight booking site in China. Book flights online, reserve hotels, cars and vacation packages in China.
china	 	http://www.flychina.com/-China Travel and China Tour - Low Fare Airline Tickets	 Your China travel source for the lowest fares to China, Hong Kong, Taiwan and Southeast Asia. We cover over 20 airlines' discount airfares, all quoted instantly.
china	 	http://chinatour.net/-China Tours for Travelers from Worldwide, China Land Tour ...	 China leading travel company based in Beijing, offer China tour packages in all China tourist destinations, our China travel services also include China domestic ...
china	 	http://world.einnews.com/country/china-China News - World News Report	 China News Service from EIN News; Media Monitoring & Online News Coverage of China News
china	 	http://gdcchina.com/-Game Developers Conference China | Fall 2014 | Shanghai, China	 GDC China 2014 Agenda. Check out the agenda to plan your time onsite. Learn more
china	 	http://chineseculture.about.com/-News About China, Chinese History and Culture	 Get the latest news on China, including coverage of the Chinese government, media, laws, business and economy.
china	 	http://www.chinatraveldepot.com/-China Travel Depot: China Travel Vacations, Tours, Hotels ...	 China Travel Depot is a top ranked travel agency in China. Providing China Tours, Activities, Hotels, Flights, Cars. Specializing in Customized China Travel for ...
china	 	http://www.cnto.org/-CNTO China Like Never Before	 discover China. The ancient treasures and modern wonders of China span 5,000 years of culture and history. The natural beauty, fascinating heritage, mouth-watering ...
china	 	http://weather.china.org.cn/english/-Weather - China Internet Information Center	 Weather Around China Jan. 16 08:00 - Jan. 16 20:00 °F | °C: Home: China: World: Copyright China Internet Information Center. All Rights Reserved
china	 	http://www.worldtimeserver.com/current_time_in_CN.aspx-China - World Time Server: current local time and date in ...	 Current local time and date in China from a trusted independent resource
china	 	http://replacements.com/china/manu/a.htm-Replacements, Ltd Discontinued and Active China Matching ...	 Replacements Discontinued and Active China Matching Service, 400,000 old and new patterns!
china	 	http://abcnews.go.com/topics/news/china.htm-China News , Photos and Videos - ABC News	 Browse China latest news and updates, watch videos and view all photos and more. Join the discussion and find more about China at abcnews.com
china	 	http://www.chinainstitute.org/-China Institute	 China Institute advances a deeper understanding of China through programs in education, culture, business and art in the belief that cross-cultural understanding ...
china	 	http://www.seat61.com/China.htm-Train travel in China | A beginner's guide | How to buy ...	 Train times, fares & how to buy tickets for train travel in China, including trains from Beijing to Xian, Beijing to Hong Kong and Beijing to Guangzhou, also the ...
china	 	http://www.economywatch.com/world_economy/china/-China Economy | Economy Watch - World, US, China, India ...	 In 2012, China was the 18th fastest growing economy in the world, with a real GDP growth rate (constant prices, national currency) of 7.8 percent.
china	 	http://www.topix.com/world/china-China News - Topix	 News on China continually updated from thousands of sources around the net.
china	 	http://www.enchantedlearning.com/asia/china/-China - EnchantedLearning.com - ENCHANTED LEARNING HOME PAGE	 Location: China is the largest country entirely in Asia. China is bordered by Russia, India, Afghanistan, Bhutan, Myanmar, Kazakhstan, North Korea, Kyrgyzstan, Laos ...
china	 	http://www.infoplease.com/encyclopedia/world/china.html-China: Introduction - Infoplease: Encyclopedia, Almanac ...	 Introduction China, Mandarin Zhonghua Renmin Gongheguo , officially People's Republic of China, country , 3,691,502 sq mi , E Asia. The most
china	 	http://www.chinadiscoverytours.com/-China Tours - All Inclusive China Tour Packages by ...	 China discovery tours, a USA based tour operator offers all-inclusive China tours and other Asia tour packages.
china	 	http://www.chinaodysseytours.com/-China Tours, Top China Tour Operator-Good Service, Price ...	 Lifetime China Tours by China Tour Operator. Each year 8,000 + customers all around the world travel with Odyssey for our good service, price & reviews.
china	 	http://www.intertrips.com/-World Travel Operator, Tour to Europe, Southeast Asia ...	 Intertrips.com is a reliable travel service operator offering wide range of tour packages to Europe, Southeast Asia, India and China.
china	 	http://www.chinatravel.com/facts/-China Facts And Chinese Culture - Chinatravel	 China Facts and Chinese Culture talks about topics on China's Geography & Society, Administration & Economy, Transport & Communication, Chinese History & Culture and ...
china	 	http://www.collectorsweekly.com/china-and-dinnerware/overview-China and Dinnerware - Collector Information | Collectors ...	 The art of making decorated porcelain ware originated in China more than 1,000 years ago. From 960 through 1127, during the Song dynasty, emperors established ...
china	 	http://dictionary.reference.com/browse/China-China | Define China at Dictionary.com	 Thought reform and the psychology of totalism a study of brainwashing in china. It was a very popular instrument in the northeastern part of china.
china	 	http://www.amnesty.org/en/region/china-China | Amnesty International	 Further information: China: Female activist still held in ... 28 November 2014. Fears are growing for the welfare of Chinese women's rights activist Su Changlan, who ...
china	 	http://www.chinaseafoodexpo.com/-CFSE - 2015 China Seafood Expo	 2015 China Seafood Expo ... 5350 30th Ave NW Suite D Seattle, WA 98107-5813 Phone: 206.789.5741 ext. 334
china	 	http://enactus.org/country/china/-China - Enactus - Dedicated to making the world a better ...	 Enactus China Room 805, Block B, 521 521 South Wanping Road Shanghai, China 200032 +86 (21) 6481 3669 www.sifechina.org. Norwell Coquillard President, Enactus China
china	 	http://beijing.usembassy-china.org.cn/-Home | Embassy of the United States Beijing, China	 Amb. Baucus in Shanxi Ambassador Baucus visited Shanxi and in addition to meeting with Governor Li Xiaopeng (pictured) and other officials, he toured a U.S.-China ...
china	 	http://www.historyforkids.org/learn/china/-Ancient China - Middle School History for Kids	 China Facts for Kids! - Ancient China Curriculum for Middle School
china	 	http://www.chinahush.com/-China Hush - ChinaHush	 Translated stories, Chinese cultures, lifestyles, trends, what Chinese people are talking about, and the latest memes in China
china	 	http://news.yahoo.com/topics/china/-China | News - Yahoo! News	 Get the latest China news headlines from Yahoo News. Find breaking China news with in-depth coverage including analysis and opinions.
china	 	http://www.chinabusinessreview.com/-China Business Review	 Subscribe to the China Business Review’s RSS (Really Simple Syndication) feeds to get news delivered directly! To view our feed in your RSS reader:
china	 	http://geography.about.com/od/populationgeography/a/chinapopulation.htm-China: Population Growth of the World's Largest Country	 China's current population and information about Chinese population growth, from your About.com Guide to Geography.
china	 	http://www.chinapage.org/-China the Beautiful - Culture and Language	 China the Beautiful - Its Music, Art, Literature, Painting , Calligraphy, Novel, Philosophy, History, Classics and Chinese culture forum.
china	 	http://www.tourvacationstogo.com/china_tours.cfm-China Tours, China Tour, China Vacations, China Vacation ...	 China Tours. Find every China tour here, along with terrific discounts on China vacations including early-bird China vacation specials and other deals on China tour ...
china	 	http://www.ftchinaconfidential.com/-China Confidential	 China Confidential provides exclusive predictive analysis on China investment themes. Using a dedicated FT team of specialists in China and the UK, it taps Chinese ...
china	 	http://www.thefreedictionary.com/China-china - definition of china by The Free Dictionary	 chi·na (chī′nə) n. 1. High-quality porcelain or other ceramic ware, originally made in China. 2. Porcelain or earthenware used for the table.
china	 	http://www.csmonitor.com/World/Asia-Pacific/2015/0111/In-China-a-church-state-showdown-of-biblical-proportions-In China, a church-state showdown of biblical proportions ...	 HANGZHOU, CHINA — There’s nothing secret about Chongyi Church, one of the largest in China. Its lighted steeple and giant cross penetrate the night sky ...
china	 	http://www.made-in-china.com/prod/catlist/-China Products Directory - Made-in-China.com	 China products directory and catalog, Find hot China products & suppliers from Made-in-China.com.
china	 	http://chinadigitaltimes.net/-China Digital Times (CDT) - Covering China from Cyberspace	 Strikes by Taxi Drivers Spread Across China. Strikes by taxi drivers has spread to numerous Chinese cities, spurred by complaints about mistreatment by their ...
