era	 	http://en.wikipedia.org/wiki/Era-Era - Wikipedia, the free encyclopedia	 An era is a period of time marked by character, events, changes on earth, etc. When used in science, for example geology, an era denotes a clearly defined period of ...
era	 	http://www.era-american.com/-ERA American | Destin, Fort Walton, Niceville... Real Estate	 ERA American Real Estate- ** JUST UPDATED ** Real Estate Listings and Homes for Sale, Fort Walton Beach, Crestview, Niceville, Destin, Navarre and 30A
era	 	http://www.era.com/homebuying/searchforhomes/-Search for Homes - ERA Real Estate	 ERA Franchise Systems LLC fully supports the principles of the Fair Housing Act and the Equal Opportunity Act An Equal Opportunity Company. Equal Housing ...
era	 	http://www.flyera.com/-Era Aviation - Home - Ravn Alaska	 Introducing Ravn Alaska. Era Alaska, the brand that represents the family of airlines that includes Era Aviation, Hageland Aviation Services and Frontier Flying ...
era	 	http://equalrightsamendment.org/-Equal Rights Amendment - ERA: Home	 Help the ERA Summit and National Woman's Party promote ratification of the Equal Rights Amendment to the Constitution, guaranteeing equal rights for women and men.
era	 	http://www.eraqc.com/-ERA - Proficiency Testing Products, Certified Reference ...	 ERA is an accredited provider of Certified Reference Materials, Proficiency Testing and Quality Control Standards for laboratories in the environmental and life ...
era	 	http://dictionary.reference.com/browse/era-Era | Define Era at Dictionary.com	 Even in an era of cutbacks, some colleges see big performance halls as the new necessities. Demographically and economically, our era is unique in human history.
era	 	http://www.merriam-webster.com/dictionary/era-Era - Definition and More from the Free Merriam-Webster ...	 Full Definition of ERA 1 a : a fixed point in time from which a series of years is reckoned b : a memorable or important date or event; especially : one that begins a ...
era	 	http://era.org/-ERA - Welcome to the Electronics Representatives Association!	 equal partners in the marketing process. ERA gives reps a voice ... by listening
era	 	http://jawbone.com/store/buy/era-Buy ERA by Jawbone | Bluetooth Headset + Charging Case	 Buy ERA by Jawbone | Free Shipping | 60-Day Money-Back Guarantee | NoiseAssassin 4.0 eliminates background noise | Charging Case lets you charge on the go
era	 	http://www.eraspares.com/-ERA - AUTOMOTIVE SPARE PARTS	 ERA S.p.A. – Italy. Electrical spare parts for vehicles (European, Korean, Japanese) and trucks: ignition coils, sensors, EGRV, column switches, fuel pumps ...
era	 	http://www.eradetergent.com/-Laundry Detergent | Era	 Information about Era and Era Max laundry detergent. Includes sponsored events, sweepstakes, and resources for active women and families.
era	 	http://era.nih.gov/-Electronic Research Administration (eRA) - Home	 NIH's eRA systems provide applicants, grantees and federal staff the tools necessary for electronic processing of grants. Used by NIH, AHRQ, CDC, FDA, SAMHSA and the ...
era	 	http://www.last.fm/music/Era-Era – Free listening, videos, concerts, stats and ...	 There is more than one band/artist with this name: 1. Era (Enminential Rythmn of the Ancestors) (styled as eRa) is a New Age music project by French composer Eric Lévi.
era	 	http://www.vans.com/shop/shoes-classics-era-Era™ | Vans	 Vans Era shoes. The first Vans low top lace up skate shoe with a padded collar for added comfort and support.
era	 	http://www.era.cz/-Home - ERA a.s.	 ERA is a world leader in next-generation surveillance and flight tracking solutions with proven multilateration and ADS-B (Automatic Dependent Surveillance ...
era	 	http://www.era.co.za/-ERA Real Estate South African Properties.	 ERA South Africa | Always there for you. Just as you pride yourself on doing the little things that make your house a home, focusing on the fine details is what ...
era	 	http://teamera.com/-TeamERA - Login/Register	 © ERA Franchise Systems LLC. All Rights Reserved. Privacy Policy; Terms & Conditions; SiteMap Login . Email Address : Password : Remember Me. Login Problems? Click ...
era	 	https://jawbone.com/headsets/era/overview-ERA by Jawbone | Bluetooth Headset | Comfortable Conversation	 Learn more about the all-new ERA by Jawbone - the smallest, lightest, most comfortable Bluetooth headset we've ever created. Be heard anwhere.
era	 	http://www.era.org.uk/-ERA	 On behalf of its members ERA operates a licensing scheme for educational use of broadcast material.
era	 	http://www.fangraphs.com/library/pitching/era/-ERA | FanGraphs Sabermetrics Library	 Things to Remember: ERA is difficult to compare across teams due to differences in team defenses, difficult to compare across leagues due to competition imbalance and ...
era	 	http://era.int/-ERA – Academy of European Law	 The Academy of European Law is a non-profit public foundation that provides training in European law to legal practitioners. ERA organises conferences and seminars ...
era	 	http://www.erareps.com/-ERA - Engineering Representatives - ERA :: Manufacturer ...	 ERA Incorporated is a manufacturer’s representative selling a broad line of Analog, Digital and Rf semiconductors, Subsystems and Multifunction Assemblies, Rf ...
era	 	http://www.cedarcityera.com/-Era Realty Center	 From cozy starter homes to high-end luxury properties, Whether you're looking for a house or commercial land in Southern Utha, Contact ERA Realty Center at 435-586-2777.
era	 	https://commons.era.nih.gov/-eRA Commons	 eRA Home Page: To find Commons FAQs, User Guides, training materials, and step-by-step instructions for performing tasks in Commons, visit the eRA website.
era	 	http://franchise.era.com/-ERA Real Estate Franchise	 LEARN MORE ABOUT WORKING WITH ERA REAL ESTATE. Contact Kevin Pasek, Senior Vice President - Franchise Sales, ERA Franchise Systems LLC. 1 Campus Drive, Parsippany, NJ ...
era	 	http://www.era-security.com/-ERA - Locks and Hardware	 People come to ERA when they want a total security solution – with a range of quality hardware covering all areas of housing including internal and external doors ...
era	 	http://www.eramanhattan.com/-ERA The Conderman Group Has Kansas Homes For Sale, Local ...	 At ERA The Conderman Group when you work with one of us you work with all of us. ERA The Conderman Group was founded on the principle of collaboration- the idea that ...
era	 	http://erabeautyusa.com/-Era Beauty	 ERA EVERYDAY spray on foundation; ERA EVERYDAY spray on foundation Travel size; Bronzers & Shimmers. ERA EVERYDAY spray on shimmer; ERA EVERYDAY spray on bronzer;
era	 	http://eraeurope.com/-ERA Europe	 Welcome to ERA Europe ERA Franchise Systems LLC launched its European expansion in 1993 with the opening of ERA France. Today, ERA Europe is the fastest growing ...
era	 	http://www.thefreedictionary.com/ERA-ERA - definition of ERA by The Free Dictionary	 ERA abbr. 1. earned run average 2. Equal Rights Amendment e·ra (îr′ə, ĕr′ə) n. 1. A period of time as reckoned from a specific date serving as the basis of ...
era	 	http://www.eragulfrealtyinc.16983.004772.idx.era.com/-ERA Gulf Realty, Inc. - ERA Real Estate - Homes for Sale ...	 About ERA Real Estate. At ERA Real Estate when you work with one of us you work with all of us. ERA Real Estate was founded on the principle of collaboration- the ...
era	 	http://www.youtube.com/watch?v=OPanGWUdIz4-ERA- ERA (Full album) - YouTube	 1° ERA 0:00 2° Ameno remix 3:14 3° Cathar rhythm 6:55 4° Mother 10:10 5° Avemano 15:07 6° Enae Volare Mezzo 19:19 7° Mirror 23:07 8° Ameno 27:03 9 ...
era	 	http://www.era.co.uk/-ERA Technology | | Specialist technical consultancy	 ERA Technology. ERA Technology is a leading engineering consultancy that improves the safety and reliability of critical assets. We take pride in offering a unique ...
era	 	http://www.era.pt/-ERA® Imobiliária - Portugal	 ERA® a Imobiliária que mais portugueses confiam. ... Lojas Era A rede era tem cerca de 200 lojas. Em todo o território nacional.
era	 	http://www.archives.gov/era/-National Archives Electronic Records Archives (ERA	 Electronic Records Archives (ERA) NARA is building ERA to fulfill its mission in the digital age: to safeguard and preserve the records of our government, ensure that ...
era	 	http://eravictoria.com/-Era | Victoria Condos	 Era offers an opportunity of a lifetime – the best new condo value in downtown Victoria.
era	 	http://www.erareplicas.com/-Era Replica Automobiles - Makers of the 427, 289FIA, and ...	 Era Replica Automobiles is the premiere maker of roadster replicas, both the 427SC and the 289FIA. E.R.A. also makes the worlds best GT40 replica.
era	 	http://www.thesaurus.com/browse/era-Era Synonyms, Era Antonyms | Thesaurus.com	 Synonyms for era at Thesaurus.com with free online thesaurus, antonyms, and definitions. Dictionary and Word of the Day.
era	 	http://www.era.org.in/-Executive Recruiters Association - ERA : Home	 ERA holds marquee events for recruiters in different cities of India which attracts visitors from a broad range of industries. This is a library of high quality ...
era	 	http://www.coupons.com/coupon-codes/new-era/-Free Shipping New Era Coupons, Promo Codes 2015	 See the 4 best New Era coupons and promo codes as of August 7. Popular today: Free Shipping on $99+. Trust Coupons.com for Headwear savings.
era	 	http://erahumphreyrealtygroup.22830.009218.idx.era.com/-ERA Humphrey Realty Group Has North Carolina Homes For ...	 At ERA Real Estate when you work with one of us you work with all of us. ERA Real Estate was founded on the principle of collaboration- the idea that by working ...
era	 	http://www.nremi.com/-ERA Network Real Estate	 WE SELL SOUTHWEST MICHIGAN REAL ESTATE. ERA Network Real Estate welcomes you to our site! We have the ability and expertise to serve your real estate needs throughout ...
era	 	http://www.eralandmark.com/-Home | ERA Landmark Real Estate - Bozeman, Livingston ...	 ERA Landmark is your source for Bozeman Montana Real Estate, Livingston Montana Real Estate and Big Sky Montana Real Estate. We'll help you find homes for sale in ...
era	 	http://www.era-advantagerealty.com/-ERA Advantage Realty	 ERA Advantage Realty - Mike Hazlewood, Owner/Broker, Lee Ann Murray - Co-Owner/Assoc. Broker. Locations: 110 Courthouse Road, Princeton, WV 24740 - 3082 Robert C ...
era	 	http://www.energyres.com.au/-Energy Resources of Australia Ltd. - ERA - Home page	 ERA wins Explorer of the Year. Energy Resources of Australia Ltd (ERA) is Australia's longest continually operating uranium producer. ERA has operated the Ranger ...
era	 	http://eravintageshop.com/-Era Vintage - Era Vintage	 About Us · Shipping/FAQs. Era Vintage · 2704 e. marshall st. RVA 23223 · wedesday - saturday 11am-3pm · eravintageshop@gmail.com
era	 	http://www.eraisd.net/-Era ISD / Overview	 Hornet News . Watch our first episode of Hornet News to get the latest news and information about what is happening at Era ISD.
era	 	http://eraluxembourg.com/-ERA Luxembourg	 © 2002-2015 ERA Europe. Each ERA office is independently owned and operated. Mentions légales
era	 	http://www.erawire.com/-ERA Wire Home	 ERA Wire Inc., the wire straightening and cutting specialists for medical device manufacturing and the aerospace industry
era	 	http://www.erahome.com/-ERA Gillespie Real Estate - Owatonna MN Homes for Sale ...	 Owatonna, Faribault and Waseca, MN Homes for Sale. ERA-Gillespie Real Estate, Owatonna Minnesota. Service with integrity since 1948.
era	 	http://www.erakeyrealty.com/-ERA Key Realty - Servicing North and West of Boston, MA ...	 ERA Key Realty Services Office Locations: Auburn MA, 01501 304 Washington St Phone: 508-832-5831 Fax: 508-832-8394 View Agents: Billerica MA, 01821 630 Boston Rd
era	 	http://eracaps.org/-Homepage | ERA-CAPS	 ERA-CAPS. Promote sustainable collaboration in plant sciences through coordinating and funding excellent transnational research.
era	 	http://www.amazon.com/s?ie=UTF8&page=1&rh=i%3Aaps%2Ck%3Aera-Amazon.com: era	 Product Features ERA's built in locator and Jawbone App ensure you'll never lose it
era	 	http://www.erasunriserealty.com/-Greater Atlanta Real Estate & Homes For Sale | ERA Sunrise ...	 ERA Sunrise Realty serves the Greater Atlanta real estate market. Our offices are located in Canton, Athens, Duluth, Kennesaw, Milton, & Smyrna.
era	 	http://www.newerahomes.com/-New Era Homes	 Looking for houses for sale in northwest United States? Picking from a list of northwest builders can be tough. New Era Homes makes it simple for you. We build custom ...
era	 	http://www.eraeurope.com/index.cfm?fuseaction=vforms.nocountry&country=ireland-ERA Europe	 Thank you for visiting ERA ireland We are currently interviewing potential candidates to be considered for the ERA master franchise for ireland.
era	 	http://www.archives.gov/era/about/-About ERA - National Archives and Records Administration	 About the ERA System. The National Archives and Records Administration (NARA) has been developing, testing, and refining the Electronic Records Archives (ERA) System ...
era	 	http://www.wordreference.com/iten/era-era - Dizionario italiano-inglese WordReference	 Compound Forms/Forme composte era | Era | essere: c'era v: there was : c'era da aspettarselo! It was to be expected, I should have known, I might have guessed expr ...
era	 	http://www.eramanufacturinginc.com/-ERA Manufacturing	 Since 2003 ERA Manufacturing has been involved with extensive research and development in the field of axle replacements for John Deere track tractors.
era	 	http://www.reyrey.com/solutions/era/index.asp-ERA-IGNITE | Retail Management System | DMS | Reynolds and ...	 Dealers using ERA-IGNITE. Rusty Wallis Honda Dallas, TX; L&L Motor Company, Inc. Roosevelt, UT; Andrews Cadillac/Land Rover Nashville Nashville, TN; Faulkner BMW
era	 	http://www.eraliving.com/-Era Living - Seattle Retirement Communities, Independent ...	 Era Living offers eight premier retirement communities in the Seattle area. Experience vibrant senior living, exceptional Assisted Living and Continuing Care.
era	 	http://www.eraelitegroup.com/-ERA Elite Group Realtors Has Virginia Homes For Sale ...	 At ERA Elite Group, REALTORS when you work with one of us you work with all of us. ERA Elite Group, REALTORS was founded on the principles of partnership and ...
era	 	http://www.britannica.com/EBchecked/topic/190963/era-era | geologic time | Encyclopedia Britannica	 era, a very long span of geological time; in formal usage, a portion of geological time of the greatest magnitude. Three eras are recognized: Paleozoic Era (542 ...
era	 	http://www.lids.com/New-Era-New Era Gear - LIDS Team Apparel & Hats: NFL Jerseys, NBA ...	 Shop New Era hats, caps, & apparel at Lids.com and enjoy FREE shipping on $24.95 this holiday season. Check out all the styles & sizes you need from New Era.
era	 	http://era.on.ca/-ERA Architects | Architecture, heritage conservation ...	 At ERA we often gather on a Wednesday morning or a Friday afternoon to share progress on recent projects, issues affecting our cities, or to look at both historical ...
era	 	http://www.vernianera.com/-The Vernian Era	 Verne had an interest in the developing technology of his era. He didn't conceive of the submarine, but seeing the many inventors building submarines with ...
era	 	http://eraminerals.com/-Era Minerals	 Lightweight and elegant, natural and long-lasting, hypoallergenic and efficient - all this turns into reality with mineral makeup Era Minerals.
era	 	http://www.eraarthur.com/-ERA Arthur Real Estate	 About ERA Real Estate. At ERA Real Estate when you work with one of us you work with all of us. ERA Real Estate was founded on the principle of collaboration- the ...
era	 	http://www.eraaccentiirealty.com/-ERA Accent II Realty	 Welcome! ERA Accent II Realty, Inc. is a successful company established in 1984. We are a friendly group of agents who enjoy the real estate business.
era	 	http://neweralife.com/-New Era Life	 New Era provides affordable insurance solutions that help you take control of your financial and health care future. Our quality products are backed by a commitment ...
era	 	http://era.nih.gov/commons/faq_commons.cfm-eRA Commons Frequently Asked Questions - Electronic ...	 I. General Questions. What is eRA Commons? Do I have to have my browser configured a certain way to use eRA Commons? I seem to be experiencing a problem with the ...
era	 	http://www.erabenelux.be/-ERA Benelux	 ERA has a wide range of airconditioning compressors, steering racks (left and right hand drive), steering pumps, ignition distributors, driveshafts and CV Joints ...
era	 	http://mp3.com/artist/Era-Era - News, Photos, Videos, Bio. Free music downloads at ...	 Get news updates, watch videos, listen to Era radio on MP3.com. ...
era	 	http://www.wilkinsonera.com/-Wilkinson ERA | Carolina Real Estate Agents	 North and South Carolina Real Estate presented by Wilkinson ERA professional agents.
era	 	http://erarepro.com/-ERA Real Estate Professionals | Your Source for VA Real Estate	 ERA Real Estate in Hampton Roads, assisting buyers and sellers. Access the MLS, search new construction homes and sell your house with the best agents.
era	 	http://acronyms.thefreedictionary.com/era-ERA - What does ERA stand for? - Acronyms and Abbreviations	 Acronym Definition; ERA: Earned Run Average: ERA: Equal Rights Amendment: ERA: Electronic Research Administration: ERA: Electronic Retailing Association: ERA ...
era	 	http://www.livescience.com/38596-mesozoic-era.html-Mesozoic Era: Age of the Dinosaurs - LiveScience.com	 During the Mesozoic, or "Middle Life" Era, life diversified rapidly and giant reptiles, dinosaurs and other monstrous beasts roamed the Earth.
era	 	http://dictionary.cambridge.org/dictionary/british/era-era definition, meaning - what is era in the British ...	 era - definition, meaning, audio pronunciation, synonyms and more. What is era? a period of time of which particular events or stages of development are typical ...
era	 	http://www.era-oman.com/-ERA - Real Estate Oman - Sell,buy or Rent Properties in ...	 ERA Oman provides you with affordable solutions to your real estate needs in Oman. Whether you are thinking of buying, renting or selling your property, finding a ...
era	 	http://eramanagement.com/-ERA ARTIST MANAGEMENT	 ERA Artist Management is a London based creative agency. We represent photographers, stylists, hair stylists and make-up artists offering a full production service ...
era	 	http://app.era.com/-ERA Mobile	 SIMPLE WAYS TO SEND THE APPLICATION TO YOUR PHONE Text ERA to 87778 Enter your Mobile Number
era	 	http://www.erareplicas.com/427/427sc.htm-Era Replica Automobiles 427 - The premier 427 replica in ...	 Era Replica Automobiles is the premiere maker of roadster replicas, both the 427SC and the 289FIA. E.R.A. also makes the worlds best GT40 replica.
era	 	http://www.erabayandriverrealestate.24564.010081.idx.era.com/-Mathews Real Estate - ERA Bay and River Real Estate - ERA ...	 ERA Bay and River Real Estate specializes in waterfront homes in Mathews, Middlesex, and Gloucester counties., At ERA Bay & River Real Estate we strive to give you ...
era	 	http://www.harringtonera.com/-Harrington ERA Realty — Serving the Real Estate ...	 Delaware Real Estate, Real Estate, ERA Dover DE, ERA Milford DE, ERA Harrington Realty Inc, ERA Harrington Realty Dover, ERA Harrington Realty Milford
era	 	http://eralechner.com/-ERALECHNER&ASSOCIATES,INC.	 Welcome to ERA Lechner & Associates, Inc. We are a full service company able to help you with your real estate needs from start to finish. Our agents are ready ...
era	 	http://www.raceabout.fi/era/-ERA - RaceAbout	 "Helsinki Metropolia University of Applied Sciences has launched a new project called ERA, Electric RaceAbout." With an experience of engineering and building already ...
era	 	http://eramalaysia.com/-ERA Malaysia - Home	 Greetings from ERA Malaysia. ERA Real Estate® has been in business since 1971 and is widely known as E lectronic R ealty A ssociates. Currently operating a worldwide ...
era	 	http://www.erakeyrealtyservices.com/-ERA Key Realty Services	 ERA Key brokers and agents are relocation specialists, short sale professionals, new construction experts. We are helping to list and sell thousands of new and pre ...
era	 	http://www.eratopservice.com/-ERA Top Service Realty - eratopservice.com	 ERA Top Service Realty 219-21 Jamaica Ave, Queens Village 198 Avenues U, Brooklyn Phone: (718) 464-5800
era	 	http://www.eraind.com/-ERA Industries	 ERA Industries, Inc. is a privately held provider of premium machining services, founded in 1975 and incorporated in the state of Illinois in 1982.
era	 	http://eraeducationproject.com/-ERA Education Project | Informing America About Women's Rights	 Welcome to the ERA Education Project! Click About on the menu or click here to learn more.
era	 	http://starwars.wikia.com/wiki/Legacy_era-Legacy era - Wookieepedia, the Star Wars Wiki	 The Legacy era takes place between and after 37 ABY and 138 ABY / 139 ABY. Major events happened in this era, such as Jacen Solo's fall to the dark side and ...
era	 	http://teamnewerabaseball.com/-Team New Era Baseball	 Welcome Welcome to Team New Era Baseball - Home of Western New York's premier baseball development, training and recruiting program for college bound athletes.
era	 	http://www.erachamberwoodrealty.com/-ERA Chamberwood Realty Group	 Welcome to ERAchamberwoodrealty.com, your source for real estate information on buying and selling real estate property and more! At ERAchamberwoodrealty.com you can ...
era	 	http://eraamericanrealty.com/-ERA American Real Estate of Citrus County	 ERA American Realty & Investments came into existence in 1980 and serves the Citrus County residential and commercial real estate market. Founded on the principles of ...
era	 	http://www.infect-era.eu/-Infect-ERA | Infect-ERA	 Website of the ERA-NET Infect-ERA: Coordination of European funding for infectious diseases research.
era	 	http://www.erautah.com/-Kanab Real Estate - ERA Utah Properties	 Kanab Utah Real Estate by ERA Utah Properties, Kane County's leader in Southern Utah properties and homes for sale. Serving buyers and sellers of residential ...
era	 	http://www.encyclopedia.com/topic/Mesozoic_era.aspx-Mesozoic era Facts, information, pictures | Encyclopedia ...	 Get information, facts, and pictures about Mesozoic era at Encyclopedia.com. Make research projects and school reports about Mesozoic era easy with credible articles ...
era	 	http://www.princeton.edu/~achaney/tmve/wiki100k/docs/Elizabethan_era.html-Elizabethan era - Princeton University - Home	 The Elizabethan era was a time associated with Queen Elizabeth I's reign (1558–1603) and is often considered to be the golden age in English history.
era	 	http://www.era-go.com/-Graal Online Era Fansite	 Graal Online Era Fansite. Enter Era and find yourself immersed in modern city life. Fight using assault rifles, shotguns, and more! This 2D adventure pits you against ...
era	 	http://richfield.erabrokers.com/-ERA Brokers Consolidated Has Utah Homes For Sale, Local ...	 ERA Brokers Consolidated has been helping people buy and sell homes in Richfield, Annabella, Aurora, Elsinore, Glenwood, Monroe, Richfield, Salina, Sigurd, and ...
era	 	http://www.eragroup.ca/-Era Group	 Mission. ERA Group is a result-oriented global family that strive to achieve customer satisfaction and success through teamwork, quality products, continuous ...
era	 	http://www.ebay.com/bhp/jawbone-era-Jawbone Era: Headsets | eBay	 Find great deals on eBay for Jawbone Era in Cell Phone Headsets. Shop with confidence.
era	 	http://www.myfitteds.com/-New Era - New Era Hats - Hats - New Era Fitted Caps ...	 New Era Hats, Fitted Hats, New Era Caps and Fitteds. 59fifty Fitted Custom NFL, NBA, College, Minor League, NHL, MLB Hats and Baseball Fitteds - New Era
era	 	http://www.erainsiterealty.com/-ERA Insite Realty Services Has New York Homes For Sale ...	 At ERA Real Estate when you work with one of us you work with all of us. ERA Real Estate was founded on the principle of collaboration- the idea that by working ...
era	 	https://www.facebook.com/neweracap-New Era Cap | Facebook	 New Era Cap. 3,610,989 likes · 19,400 talking about this. New Era® is an international lifestyle brand with an authentic sports heritage that dates back...
era	 	http://www.enchantedlearning.com/subjects/dinosaurs/mesozoic/-THE MESOZOIC ERA - ENCHANTED LEARNING HOME PAGE	 The Mesozoic Era was the Age of Reptiles; dinosaurs flourished and then went extinct. Mammals, birds, and flowering plants appeared for the first time.
era	 	http://www.ecapcity.com/-Custom New Era Hats - 59Fifty Fitted Hats - New Era Fitted ...	 New Era Hats, Fitted Hats, New Era Fitted Caps and Fitteds. 59fifty limited custom NFL, NBA, College, Minor League, NHL, MLB Hats, Fitteds and Snapbacks, Snapback ...
era	 	http://www.eraofthebiff.com/-Era Of The Biff - Rugby League Memories Stories 50s to ...	 Rugby League, Era of the Biff, Old Rugby League News, stories from around the world, A place to share stories and memories. Memorable matches, Rugby League Heroes ...
era	 	http://www.erapol.com.au/-Era Polymers - Home	 Era Polymers is an Australian owned and operated company specialising in the field of polyurethane chemistry. Being owned and operated by Industrial Chemists, we have ...
era	 	http://www.u-s-history.com/pages/h43.html-The Era of Good Feelings -- Test - U-S-History.com	 The role of The Era of Good Feelings in the history of the United States of America.
era	 	http://www.shadowera.com/-Shadow Era - Free online collectible trading card game for ...	 Shadow Era is a physical and digital collectible card game (CCG) featuring gorgeous card art, highly balanced gameplay, and streamlined game rules.
era	 	http://www.erapro.com/-ERA PRO BIKE- BIKE SHOP LANCASTER PA	 Era Pro Bike, Lancaster PA's premiere ski and bike shop, specializes in bikes, skis, apparel, and other accessories. Visit our website to browse products and learn more!
era	 	http://www.eratuckerrealestate.com/-ERA Tucker Nanuet New York Buying Selling Home - ERA ...	 Servicing All Your Real Estate Needs! ERA Tucker Associates, Inc. is a full service real estate company centrally located in Nanuet, NY. Our real estate agents ...
era	 	http://flagshipre.com/-Home - ERA Flagship Real Estate Marco Island Florida	 ERA Flagship Real Estate 901 North Collier Boulevard Marco Island, FL 34145 Phone: (239) 394-7515
era	 	http://www.last.fm/music/Era/_/Ameno-Era – Ameno – Listen and discover music at Last.fm	 Watch the video or listen to Era – Ameno for free. Ameno appears on the album Chapter One. There is more than one band/artist with this name: 1. Era (Enminential ...
era	 	http://www.eralandmark.com/communities/livingston-Livingston, Montana | ERA Landmark Real Estate - Bozeman ...	 ERA Landmark is your source for Bozeman Montana Real Estate, Livingston Montana Real Estate and Big Sky Montana Real Estate. We'll help you find Community Information ...
era	 	http://www.erafrance.com/-Vente d'immobilier : ERA France	 ERA Immobilier. ERA France, réseau d’agences immobilières leader en France et en Europe vous propose des services d’achat,location ou vente d’immobilier
era	 	http://my.era.com.sg/-ERA Singapore - MyERA Portal	 Welcome to MyERA Portal: User ID: Password: Forget Password : For General Enquiry: era@era.com.sg For Technical Enquiry: it@era.com.sg
era	 	http://erabistro.com.au/-Era Bistro	 Era's new pre-show Matinee Lunch menu. The most awarded new musical and Broadway's number one show will thrill Brisbane at the Lyric Theatre from 12 February 2015 and ...
era	 	http://www.eradating.com/-Russian dating with beautiful Russian brides | Russian women	 Single Russian Brides. Looking for serious relationships? Then you are in the right place to start with! EraDating is an international online dating website that has ...
era	 	http://era.teipir.gr/-era.teipir.gr - Welcome to ERA International Scientific ...	 New ERA website launched. Welcome to the new and updated website of ERA. The new website will include new functionalities and better usability for reasearchers and ...
era	 	http://www.eranorthlandrealty.com/-Detroit Lakes, Minnesota Real Estate - ERA Northland Realty	 Our Listings MLS Listings New Listings List # Search Sales Associates Links Contact Us Home : Welcome to ERA Northland Realty Co. ERA Northland Realty is headed by a ...
era	 	http://era67.com/-Era 67 Restaurant	 “A Taste of Canadian History” Click here to make a reservation. Era 67 is proud to offer; Bring Your Own Wine! Click here for more details. Our team is proud to ...
era	 	http://www.footlocker.com/New-Era/_-_/N-11v-New Era Caps, Hats & Snapbacks | Foot Locker	 If you're looking to cap off your look, New Era has just what you need. Shop New Era Caps and Snapbacks at Foot Locker and get FREE SHIPPING on the latest styles.
era	 	http://www.goldeneraphoto.com/-Golden Era Photography - Salem Oregon Wedding Photographer	 Golden Era Photography is a Salem, Oregon wedding photographer as unique as you. We bring our experience in the studio working with creative lighting to each wedding ...
era	 	http://new-era.com/-NewEra	 New-Era managed workforce services deliver operational and financial results not possible through traditional labor staffing or 3PL alternatives.
era	 	http://shop.neweracap.com/New-Era-New Era Gear	 Find New Era Gear, Hats, Caps and more at NewEraCap.com. Check out NewEraCap.com selection of exclusive New Era products.
era	 	http://www.neweracap.com/en_us/explore/New_Era_Heritage.aspx-Heritage - New Era	 how new era caps are madehow new era caps are madehow new era caps are madehow new era caps are madehow new era caps are madehow new era caps are madehow new era caps ...
era	 	http://www.eraoldsouth.com/-ERA Old South: Serving Florida	 ERA Old South is the leading real estate company working with Pensacad Florida homes for sale and Pace FL homes for sale. Also offers real estate listing in Milton ...
era	 	http://www.ameliavacations.com/-Real Estate Vacation Rentals Fernandina Beach Amelia ...	 ERA Fernandina Beach Realty has the largest inventory of rental homes and real estate properties for sale in Fernandina Beach and Amelia Island Florida. All
era	 	http://www.erashields.com/-Homes for Sale in Colorado Springs, CO - ERA Shields Real ...	 For nearly 30 years, ERA Shields Real Estate has been an integral member of the Colorado Springs real estate and philanthropic communities. Longevity affords our ...
era	 	http://erasafety.com/-Era Environmental Safety	 Era Environmental & Safety, Inc. - Environmental Contracting Company Providing High Quality, Reasonable Service Since 1991.
era	 	http://www.machine-era.com/-Machine Era Co.	 MACHINE ERA CO. - American Made Goods - ... ***US customers- Place your order before December 19th to get your package before Christmas!***
era	 	http://www.kimlighting.com/products/era-Kim Lighting, Inc. - Products : Site/Roadway : Era®	 Era® is a transitionally styled luminaire that complements both traditional and contemporary architecture. Available with Kim's exclusive PicoEmitter™ LED technology.
era	 	http://www.erafoundation.org/-ERA Foundation	 The ERA Foundation contributes to the economic vitality of the UK by supporting activities that help bridge the gap between research and commercialisation in ...
era	 	http://www.eagleforum.org/era/-Equal Rights Amendment Information - Eagle Forum - Leading ...	 When Phyllis Schlafly rallied grassroots Americans against the Equal Rights Amendment, the measure had bipartisan support. Ten years later, the ERA was dead.
era	 	http://www.newsadvance.com/new_era_progress/-The Amherst New Era Progress: Amherst County, Virginia ...	 The Amherst New Era-Progress, the number one source for news in Amherst, Madison Heights, Elon and all parts of Amherst County.
era	 	http://www.eraaruba.com/-Welcome to ERA Solito Real Estate	 Welcome to ERA Solito Real Estate Looking for your own property in ARUBA? You are at the right place: the ERA Solito Real Estate website. We have a wide selection of ...
era	 	http://beaver.erabrokers.com/-Beaver Office - ERA Brokers Consolidated Has Utah Homes ...	 ERA Brokers Consolidated has been helping people buy and sell homes in Beaver, Milford, Minersville, Eagle Point Ski Resort, and Surrounding Areas since 1982.
era	 	http://panamacityera.com/-Panama City Real Estate - ERA NeubauerPanama City ERA ...	 Panama City Real Estate - ERA Neubauer. We are proud to be regarded by our client, our employees and our Bay County community as the best in the industry.
era	 	http://www.eranapier.com/-Napier Realtors ERA Has Virginia Homes For Sale, Local ...	 Napier Realtors ERA is celebrating over 55 years of serving the real estate needs of buyers and sellers in the Richmond and Central Virginia Area.
era	 	http://www.era-ib.net/-Homepage | Era Ib 2	 ERA-IB is an ERA-NET supported by the European Community. In the ERA-NET “Towards an ERA in Industrial Biotechnology” partners (18) and observers (8) from 21 ...
era	 	http://eratrainingcenter.com/content/-Era Training Center – using Level 6 Flight Training ...	 Welcome to Era Training Center. Era Training Center is recognized around the industry for its high level of professionalism and commitment to safety and excellence.
era	 	http://www.chistera.eu/-CHIST-ERA | CHIST-ERA	 Website of the ERA-Net CHIST-ERA: European Coordinated Research on Long-term Challenges in Information and Communication Sciences & Technologies ERA-Net
era	 	http://www.zappos.com/new-era-New Era Hats, Snapbacks | Zappos.com	 New Era Cap Company Inc.™, the largest and fastest growing headwear manufacturer in the United States, has an 88-year-old tradition of creating quality products ...
era	 	http://norfolkareaproperties.com/-ERA Premier Team - Norfolk Homes	 ERA Premier Team (402) 371-3700 Norfolk, NE. Home; Search Listings; Agents; Visual Tours ... 84107 574th Ave $394,000; 710 N Maple $159,700; 104 S 2nd Street $149,990
era	 	http://www.eraflorida.com/-ERA Neubauer Real Estate Inc.	 Search for Homes: Sea rch Homes From Your Cell Phone: ERA Commercial: Our Community: Our Team-
era	 	http://www.atlantaera.com/-ERA Towne Square Realty, Inc. - Real Estate Broker ...	 ERA Towne Square Realty is a leading greater Atlanta area Real Estate Company specializing in helping buyers and sellers with buying and selling Homes, Land ...
era	 	http://www.fossilmuseum.net/Paleobiology/Paleozoic_paleobiology.htm-Paleozoic Era Paleobiology - Fossils Geological Time and ...	 The Paleozoic Periods: Cambrian Ordovician Silurian Devonian Carboniferous Permian. The Paleozoic (meaning "time of ancient life)" Era lasted ...
era	 	http://www.gilderlehrman.org/history-by-era-History by Era | The Gilder Lehrman Institute of American ...	 History by Era. An Introduction; The Americas to 1620; Colonization & Settlement, 1585-1763; The American Revolution, 1763-1783; The New Nation, 1783-1815
era	 	http://www.infoplease.com/encyclopedia/science/paleozoic-era.html-Paleozoic era - Infoplease: Encyclopedia, Almanac, Atlas ...	 Paleozoic era , a major division of geologic time occurring between 570 to 240 million years ago. It is subdivided into six periods, the
era	 	http://www.eraparkside.com/-ERA Parkside Realty - Serving Northwest Wisconsin Real ...	 ERA Exclusive Listings. Affordable home in Wildwood Estates for the 55+ crowd ! 3 bedroom, 2 bath home with deck that overlooks the Yellow Lake Golf Course. 2 car ...
era	 	http://uesp.net/wiki/Lore:Merethic_Era-Lore:Merethic Era - UESPWiki	 Note: The Merethic Era, also known as the Mythic Era, is a period with few known, exact dates, and some of the events below may be misplaced in the general narrative.
era	 	http://www.napierera.com/-Napier ERA	 ERA Sellers Security Plan You could call it a jump start. Or a leg up. If you are on the move and need to sell, Our ERA® team developed a program that's designed for ...
era	 	http://www.era-american.com/contact-Contact - ERA American Real Estate	 Contact ERA American Real Estate ERA American Real Estate specializes in Destin real estate, homes for sale in Destin, Ft Walton Beach real estate, Eglin real estate ...
era	 	http://eradanjones.com/-Era Dan Jones & Assoc.	 ERA Dan Jones & Assoc., Inc. is Northeast Florida's premier real estate firm. We specialize in Property Management, residential and commercial sales and leases.
era	 	http://www.eramarketing.com/-Welcome! - NEW ERA Marketing	 Welcome to NEW ERA Marketing! NEW ERA Marketing is a manufacturer's representative company based in Dallas, Texas with branch offices in Houston, Austin, and New Orleans.
era	 	http://neweraintroducing.com/-New Era Introducing -	 New Era Invites you to express your creativity We invite you to participate in New Era Introducing and compete for a $10,000 grant, launching you into your chosen ...
era	 	http://www.veniceflproperties.com/-ERA Preferred Properties of Venice	 Welcome to the official website of ERA Preferred Properties of Venice, Inc. As a longtime established real estate brokerage in the VENICE area, we are dedicated to ...
era	 	http://www.nicekicks.com/tag/vans-era/-Vans Era | Nice Kicks	 Vans Era release dates and information at NiceKicks.com. Get the latest news and info about Vans Era shoes.
era	 	http://www.elizabethan-era.org.uk/-Elizabethan Era	 Elizabethan Life The section and era covering Elizabethan Life provides the History, Facts and Information about the daily life of the Elizabethans.
era	 	http://stitchera.com/-Stitch ERA	 Stitch ERA Universal. Very powerful embroidery design software products, including a huge set of features such as: Stitch Editing, Lettering, Auto-Digitizing, Manual ...
era	 	http://www.eracaribbean.com/-ERA Caribbean	 Welcome to ERA Caribbean ERA is a leading global franchisor of residential real estate broker... independently owned and operated. For nearly 30 years, ERA had...
era	 	http://www.britannica.com/EBchecked/topic/238695/Era-of-Good-Feelings-Era of Good Feelings | United States history ...	 Era of Good Feelings, also called Era of Good Feeling, national mood of the United States from 1815 to 1825, as first described by the Boston Columbian Centinel on ...
era	 	http://www.newerasales.com/-New Era Sales	 Welcome to the New Era Sales website. New Era Sales is a Manufacturer’s Representative of electronic product, providing sales support in the Maryland, Virginia and ...
era	 	http://www.capecodera.com/-ERA Martin Surette Realty - Cape Cod Real Estate | Cape ...	 Browse latest Cape Cod real estate with Cape Cod ERA a locally owned and operated real estate company in South Yarmouth, West Dennis and Yarmouth Port.
era	 	http://www.foxnews.com/leisure/2015/01/09/soviet-era-aerosledge-ready-for-winter-vacation/-Soviet-era Aerosledge ready for winter vacation | Fox News	 Flying cars are all the rage these days -- as they’ve always been -- but how would you like to buy an (almost) flying sled? The Soviet-era Tupolev A-3 ...
era	 	http://www.era.net.au/-ERA Communications	 ERA Communications is a Western Australian owned and operated business specialising in communication solutions for commercial and small to medium enterprise clients ...
era	 	http://www.abbreviations.com/ERA-What does ERA stand for? - Abbreviations.com	 What does ERA stand for? What does ERA mean? This page is about the various possible meanings of the acronym, abbreviation, shorthand or slang term: ERA.
era	 	http://www.era-atomica.com/-Era Atomica	 The hub of Era Atomica's goings-on, including email links, facebook and instagram links.
era	 	http://www.neweratickets.com/-New Era Tickets :: Home	 Synergize Solutions New Era Tickets provided the Portland'5 Centers For The Arts the best available ticketing solutions. Click here to learn more!
era	 	http://www.eraclassic.com/-ERA Classic Real Estate: real estate: ERA Classic Home	 ERA Classic Real Estate is a leader in the real estate industry by offering the products and service needed in today's real estate market. A hometown company that has ...
era	 	http://starwars.wikia.com/wiki/Expansionist_Era-Expansionist Era - Wookieepedia, the Star Wars Wiki	 The Expansionist Era, also known as the Expansion Period or the Galactic Expansion Era, was the term given to the years after the Galactic Republic formed, when ...
era	 	http://sentence.yourdictionary.com/era-Use era in a sentence | era sentence examples	 How to use era in a sentence. Example sentences with the word era. era example sentences.
era	 	http://www.siliconera.com/-Siliconera - Welcome to the Unseen Side of Video Games!	 Siliconera is the blog to read for international video game news, hands-on impressions, and interviews you won't see anywhere else on the net.
era	 	http://www.erasportsinc.com/-ERA Sports, Inc. | Central PA's Premier Baseball and ...	 ERA Sports is Central PA's premier baseball and softball academy.
era	 	http://www.steam-era.com/-Steam Era - Milton Ontario	 Steam-Era - Milton Ontario Steam-Era held every year on Labour Day weekend at the Milton Fairgrounds.
era	 	http://www.neweraed.co.uk/-New Era Education UK	 About Us. New Era is a market leader in educational software solutions, specialising in learning platforms for primary schools. We are part of the successful New Era ...
era	 	http://www.typographicalera.com/-Typographical Era - It is the best of times.	 As we round the corner of Typographical Era’s second anniversary, we’ve decided to continue our Best Read in the year tradition, and what a year it has been!
era	 	http://eradesign.ca/-Era Custom Design Engagement Rings, Wedding Bands and ...	 Era Design Vancouver offers custom designed engagement rings, wedding bands, pendants and earrings alongside a collection of antique & estate items from
era	 	http://www.hatland.com/-HATLAND Authentic New Era Fitted Hats Blank Snapbacks and ...	 Shop for Authentic New Era 59FIFTY fitted hats with the most beanies and Snapback hats! The Store for custom NFL NBA MLB NHL and NCAA team hats.
era	 	http://www.hatclub.com/-Hat Club - Hats | Baseball Caps | Snapback Hats | New Era ...	 Hat Club has the newest styles and brands of hats including baseball caps, new era 59fifty hats and snapback hats.
era	 	http://www.vietnam-era-seabees.org/-www.vietnam-era-seabees.org/	 Site for Seabees of the Vietnam Era. Quarterly Newsletter.
era	 	http://www.teamnewerabaseball.com/tne.htm-Team New Era Baseball	 New Era Park is Western New York's premier baseball development and training program.
era	 	http://www.eraconsulting.com/-ERA Consulting - Regulatory Affairs Consulting for the ...	 ERA Consulting - Specialist Consultants to the Biopharmaceutical Industry. Biotech product development and regulation is a potential maze with countless pitfalls and ...
era	 	http://gundam.wikia.com/wiki/Cosmic_Era-Cosmic Era - Gundam Wiki	 The Cosmic Era is the fictional timeline of the anime television series Gundam SEED and its spinoff projects. This Gundam timeline is noted for its similarities with ...
era	 	http://www.circle-era.eu/-Circle /	 The CIRCLE-2 Climate Adaptation Frontiers Conference took place between 10-12 March 2014 in Lisbon Portugal. This conference marked the end of the CIRCLE-2 ERA-Net ...
era	 	http://arc.gov.au/era/era_2012/era_2012.htm-ERA 2012 - Australian Research Council (ARC)	 ERA 2012. In 2012, the Australian Research Council conducted the second Excellence in Research for Australia (ERA) evaluation across all eight discipline clusters.
era	 	http://www.universetoday.com/47473/cenozoic-era/-Cenozoic Era - Universe Today	 The Cenozoic Era is one of the most exciting periods in Earth’s history, geologically, climatically, and biologically. It is also the most recent(and curre
era	 	http://era-wiki.wikidot.com/-Era - Era Wiki	 Era is a multifaceted playerworld for GraalOnline. It is themed after the modern world, featuring guns, gangs, and everything in between.
era	 	http://www.eragraphics.com/-ERA Graphics Rubber Stamps - Homepage	 ERA Graphics creates unique and original art rubber stamps. Thousands of original images: mounted or unmounted, retail or wholesale. Also laminated Focus Cards with a ...
era	 	http://www.newerabank.com/-New Era Bank - Home	 New Era Investment Services » New Era Investment Services is here to assist you with your financial goals.
era	 	http://www.fossils-facts-and-finds.com/cenozoic_era.html-The Cenozoic Era, The Age of Mammals The Last 65 Million Years	 The Cenozoic Era: Age of Mammals. The Cenozoic Era is the last and most recent of the geologic periods. Its name means “new life” coming from the Greek root ...
era	 	http://www.metrolyrics.com/ameno-lyrics-era.html-Era - Ameno Lyrics | MetroLyrics	 Lyrics to 'Ameno' by Era. Dori me, interimo / Ayapare, dorime / Ameno, ameno / Latire, latiremo / Dori me / Ameno / Omenare imperavi ameno / Dimere, dimere
era	 	http://www.era-richmond.com/?MlsName=greatermeadville&MlsListID=98780&SourceID=realtor-ERA-Richmond Real Estate Service	 ERA Richmond Real Estate Service. Your 1 Stop Shop Real Estate Company. Specializing in Residential, Commercial, Lots & Land, Mult-Family, Lakefront, Resort, & Second ...
era	 	http://www.neweraperformanceparts.com/-New Era Performance	 Neweraperformanceparts.com Custom Tuning Solutions, New Era Performance Brand Products, Porting Services, Fuel Injector Service
era	 	http://www.silentera.com/-Silent Era : The silent film website	 One of the Internet's top sources of information on silent era films, people and theaters. Includes news, top 100 list, home video reviews, book reviews, and more.
era	 	http://www.erabuchananrealestate.com/-ERA Buchanan Real Estate	 We at ERA Buchanan Real Estate believe real estate isn't just about property..... it's about people! We are dedicated to providing real estate services to our clients ...
era	 	http://americanhistory.about.com/od/prohibitionera/-Prohibition Era - Learn American History on About.com	 Read about the fascinating Prohibition era, a time when America decided to (legally) give up drinking alcohol. Unfortunately, the experiment ended in failure with ...
era	 	http://egypt-era.org/-Egypt ERA	 E-ERA is the Egyptian Association for Educational Resources. E-ERA is a non-governmental and not-for-profit organization founded in 2005
era	 	http://www.webservice.erafrance.com/-ERA Web-services	 ERA Web-services
era	 	http://vault.fbi.gov/gangster-era-FBI — Gangster Era	 Machine Gun Kelly George "Machine Gun Kelly" Barnes (1895 –1954) was a notorious criminal during the gangster era. This release covers the investigation of the ...
era	 	http://www.drjays.com/shop/G1-V5201-R319/new-era.html-Shop & Find Men's New Era Clothing & Fashions at DrJays.com	 Find the latest New Era Men's clothing, fashion & more at DrJays.
era	 	http://www.eraacademy.com/index.aspx-Welcome - ERA Academy - Sterngold	 The ERA Academy is a service of Sterngold, the leading source for restorative dentistry including alloys, attachments, implants, and restorative systems.
era	 	http://www.titaniumera.com/-Titanium Engagement Rings | Wedding Bands | Titanium ERA	 Titanium ERA has the best Titanium engagement bands and wedding rings for sale. We design jewelry as well as titanium rings for men and women.
era	 	http://www.era-egypt.com/-ERA - Real Estate Egypt - Sell,Buy or Rent Properties in ...	 ERA Egypt Real Estate provides you with affordable solutions to your real estate needs in Egypt. Whether you are thinking of buying, renting or selling your property ...
era	 	http://www.ebay.com/sch/i.html?_nkw=aliph+jawbone+era-aliph jawbone era | eBay	 Find great deals on eBay for aliph jawbone era plantronics m55. Shop with confidence.
era	 	http://www.geyernoakesrealty.com/-ERA Geyer-Noakes Realty Group - Findlay Real Estate and ...	 Findlay OH Real Estate, Ottawa and Tiffin Homes for sale by ERA. Trusted real estate brokers in Upper Sandusky and North Baltimore Ohio. Search Listings.
era	 	http://eraromania.com/-ERA Romania	 Thank you for contacting ERA Romania. Someone will contact you shortly.”
era	 	http://www.erabiotech.com/-ERA Biotech	 Applications . ZERA ® Vaccines Enhanced immune responses are achieved by ZERA ® vaccines. Industrial enzymes Carrier-free immobilized industrial enzymes with ...
era	 	http://www.geo.msu.edu/geogmich/Precambrian.html-Precambrian Era - MSU Department of Geography - Department ...	 THE PRECAMBRIAN ERA The Precambrian Era. The name means: "before the Cambrian period." This old, but still common term was originally used to refer to the whole ...
era	 	http://www.new-era-aquaculture.com/-New Era fish food diets - New Era Aquaculture	 New Era's passion - Fish nutrition. Many years of experience in ornamental aquaculture has enabled New Era to develop a unique range of fish foods and dietary regimes ...
era	 	http://www.golden-era.co.za/-Golden Era	 Golden Era Group of companies encompasses a series of privately-owned printing and packaging companies. We specialize in a spectrum of specialist products and ...
era	 	http://www.shmoop.com/jackson-era/-The Jackson Era - Shmoop: Homework Help, Teacher Resources ...	 The Jackson Era Learning Guide. The Jackson Era analysis by PhD students from Stanford, Harvard, Berkeley
era	 	http://www.erastyleloft.com/-Women's Clothing Boutique - Era Style Loft Saskatoon	 Era Style Loft offers timeless clothing, accessories, and footwear for the modern woman in Saskatoon. Drawing on the fashion needs of stylish women, Era Style Loft ...
era	 	http://newerayachts.com/-New Era Yachts	 New Era Yachts is a full service brokerage located on the Alameda Estuary in the San Francisco Bay Area. As a brokerage, we work with both purchasers and sellers of ...
era	 	http://www.geyernoakesrealty.com/-ERA Geyer-Noakes Realty Group - Findlay Real Estate and ...	 Findlay OH Real Estate, Ottawa and Tiffin Homes for sale by ERA. Trusted real estate brokers in Upper Sandusky and North Baltimore Ohio. Search Listings.
era	 	http://www.cotf.edu/ete/modules/msese/earthsysflr/mesozoic.html-EARTH FLOOR: THE MESOZOIC ERA - Exploring the Environment	 Mesozoic ("Middle Life") Era This is the second of three geologic eras squeezed into the Phanerozoic ("Evident Life") Eon that covers the ...
era	 	http://www.huntrealestate.com/-Upstate New York Real Estate - Hunt Real Estate ERA	 From title services to relocation, you can trust Hunt Real Estate ERA for all of your upstate New York real estate needs.
era	 	http://new-era-group.com/-The New Era Group	 New Era Overseas Limited specialise in emerging property markets, building overseas property portfolios to safe-guard the future of our clients' wealth.
era	 	http://tigerracing.com/era-30.php-Tiger Racing :: Sportscars For Road And Track :: Tiger ERA 30	 ERA30 - ERA - English Racing Automobiles. The Pedigree The ERA 30 takes its design inspiration from the Lotus 23 although the car has been designed to be slightly ...
era	 	http://www.neweraantiques.com/-New Era Antiques	 New Era Antiques specializes in 1920-1950 industrial design, art deco, electrical antiques, vintage radios, televisions, world's fair, lighting, Chase chrome, and ...
era	 	http://www.riverjunction.com/-Victorian Clothes, 1800 Clothes, Victorian Era Clothing ...	 River Junction specializes in Victorian era clothing & Victorian fashion mercantile including clothing from 1800, Victorian clothes as well as 1800 clothing designed ...
era	 	http://www.eraarchitects.net/-ERA ARCHITECTS-Cinemas, Multiplex, Theaters, Hotels ...	 ©1999 - 2015 ERA ARCHITECTS. Globally 1 of the top 3 cinema, theater & Multiplex design studio. Also specialized in hotels, resorts, malls & retail architectural ...
era	 	http://www.newerafiber.com/-New Era Fiber - Home	 New Era Fiber LLC is an alpaca and llama fiber processing company. We provide award winning yarns and roving for the quality conscious knitter, crocheter, weaver or ...
era	 	http://www.pathogenomics-era.net/-ERA-NET PathoGenoMics • Home	 ERA-NET PathoGenoMics . Trans-European cooperation and coordination of genome sequencing and functional genomics of human-pathogenic microorganisms
era	 	http://steamboateramuseum.org/-Welcome to the Steamboat Era Museum	 Steamboat Era Museum 156 King Carter Drive Irvington, Virginia 22480 804.438.6888 Thursday - Saturday 10am-4pm Adult: $5. Children 12 and under and active ...
era	 	http://www.shmoop.com/reagan-era/-The Reagan Era - Shmoop: Homework Help, Teacher Resources ...	 The Reagan Era Learning Guide. The Reagan Era analysis by PhD students from Stanford, Harvard, Berkeley
era	 	http://freesierrasoftware.com/-Free Sierra software for Embroidery & more...	 Seeking Dealers. We are currently seeking retail outlets to freely distribute Stitch Era ® Universal software in some ...
era	 	http://womenshistory.about.com/od/equalrightsamendment/a/Stop_ERA.htm-Phyllis Schalfly's Stop ERA Campaign	 Phyllis Schlafly's Stop ERA campaign fought against the Equal Rights Amendment throughout the 1970s. This overview looks at the anti-ERA philosophy of Stop ERA.
era	 	http://era-leader.com/-The Era-Leader	 This week in The Era-Leader. Check out this week's edition of The Era-Leader for more on the following:-DA Walter Reed will not run again
era	 	http://arthistory.about.com/od/movements/f/eramoveperiod.htm-Art History: Difference Between Era, Period and Movement	 An era is usually long: the Baroque Era lasted 200 years. A movement describes a group of artists who banded together. A period is more slippery.
era	 	http://www.craniumfitteds.com/-New Era Caps, Snapbacks, Bucket Hats, T-Shirts, Streetwear ...	 Buy Snapbacks, Fitted Hats, Authentic New Era Caps, 59Fifty, Snapback, Streetwear Clothing, Bucket Hats, Custom T-Shirts, Mitchell Ness Hats at CraniumFitteds.com ...
era	 	http://www.newerawindows.com/-New Era Windows & Door Residential Replacement	 New Era Windows is a worker-owned windows manufacturer based in Chicago. With decades of experience manufacturing windows, in 2012 we decided to buy the factory for ...
era	 	http://victorianera.blogspot.com/-Victorian Era in British Literature	 Victorian era is often considered a prudent age. The Religion of the time was the exact opposite, it was the first time British theologians began to voice their views ...
era	 	http://www.infoplease.com/encyclopedia/science/cenozoic-era.html-Cenozoic era - Infoplease: Encyclopedia, Almanac, Atlas ...	 Cenozoic era , last major division of geologic time lasting from 65 million years ago to the present. The Cenozoic is divided into the
era	 	http://www.eraeuropeic.com/-ERA Europe International Collection	 ERA Europe International Collection Magazine Web Site, a place for exquisite and luxurious real estate properties around the world
era	 	http://www.reuters.com/article/2015/01/11/us-sri-lanka-rights-media-idUSKBN0KK0G020150111-Sri Lanka's new government promises end to repression ...	 COLOMBO (Reuters) - Sri Lanka's new government promised a tolerant era of harmony and political freedom after years of mounting repression under a decade ...
era	 	http://www.metalera.com/-Commercial Roof Edge, Fascia & Ventilation | Metal-Era	 Discover how choosing Metal-Era can save time, improve aesthetics and ensure quality in every commercial building project.
era	 	http://www.sellersbuyers.com/-El Paso, TX Real Estate and Homes for Sale - ERA Sellers ...	 ERA Sellers Buyers and Associates sells more real estate in El Paso than any other real estate firm. Our dollar volume exceeds that of the number two and three firms ...
era	 	http://www.veganera.com/-Home | Vegan EraVegan Era	 Vegan Era is dedicated to spreading love, peace and compassion. It is the ultimate guide to transition to a beautiful, vegan lifestyle. World Vegan.
era	 	http://eragroup.co.in/-Era Infra Engineering | Infrastructure Company India ...	 Starting as a small experiment in Public Private Partnership, the visionary company unfolded an opportunity in infrastructure development as Era Infra Engineering Ltd ...
era	 	http://nepip.org/-Nazi-Era Provenance Internet Portal	 Provides a searchable registry of objects in U.S. museum collections that were created before 1946, and changed hands in Continental Europe during the Nazi era (1933 ...
era	 	http://continentalrealty.com/-Continental Realty Online - Real Estate Montgomery, Bucks ...	 Welcome to ERA Continental Realty’s home page. Since 1974 ERA Continental Realty has been helping people through the home ...
era	 	http://www.u-s-history.com/pages/h377.html-Federalist Era - United States American History	 The role of Federalist Era in the history of the United States of America.
era	 	http://www.geaaonline.org/geaahome.html-GOLDEN ERA AUTOMOBILE ASSOCIATION	 Golden Era Automobile Association. A Car Club That Celebrates Original Cars, Trucks and Motorcycles from 1915 to 1942 and WW2. No Hot Rods, No Modern Powerplants. The ...
era	 	http://www.newerapark.com/-New Era Park	 Welcome New Era Park is the home of the Premier Facilities for Baseball and Softball Training and Development. New Era Park incorporates the best of the best in the ...
era	 	http://www3.troweprice.com/fb2/fbkweb/snapshot.do?ticker=PRNEX-T. Rowe Price New Era Fund (PRNEX)	 Find investment performance and objectives for the New Era Fund (PRNEX) from T. Rowe Price. Compare it to other stock market funds and mutual funds.
era	 	http://moderneraweddings.com/-Modern Era Weddings: Pittsburgh Wedding DJs and More!	 Why are we called Modern Era? Because we entered the Pittsburgh Wedding Market 6 years ago to bring weddings into the Modern Age! Started by nightclub DJ Bill Bara ...
era	 	http://www.silentera.com/info/top100.html-Silent Era : Information	 What are the 100 best silent era films? We couldn’t help asking that question, because we love silent films and because we are insatiable list makers.
era	 	http://news.yahoo.com/revived-nazi-era-term-luegenpresse-german-non-word-182753390--business.html-Revived Nazi-era term 'Luegenpresse' is German non-word of ...	 BERLIN (Reuters) - A German linguists' panel has chosen a Nazi-era term "Luegenpresse" (lying press), which anti-immigrant protesters have revived and shouted at the ...
era	 	http://www.eteamz.com/neweradiamondgirls/-New Era Diamond Girls Softball - Free Website Design ...	 new era diamond girls softball league web site hosted at eteamz - Buffalo, New York USA
era	 	http://proera.tumblr.com/-Tumblr - PROERA47	 Did Dirty Sanchez actually creat the @profckingera Instagram account or is that just a fake account some random guy made?
era	 	http://www.ruragri-era.net/-Introduction - RURAGRI-Home	 Introduction. RURAGRI is an ERA-NET supported by the European Commission under the 7 th Framework Programme (FP 7, CA 235175). The objective of the ERA-NET scheme is ...
era	 	http://eranetroad.org/-ERA-NET ROAD- Welcome	 ERA-NET ROAD II - Coordination and Implementation of Road Research in Europe, a project funded under the 7th Framework Programme of the European Commission.
era	 	http://www.victoriana.com/Regency-Era/-Regency Era | Regency Style | Regency Fashion	 In depth and informative articles about the Regency Era - fashion, decorating and lifestyle. Regency era clothing is featured in photos, prints, and articles.
era	 	http://www.hydro-news.com/?where-lady-era-qanj-where lady era - lady era cost in canada. Your Home for ...	 where lady era. lady era cost in canada ^ Best Online Pharmacy Reviews - Animal Health Literacy > Online Pet Pharmacies. Discount Online Pharmacy Shopping ...
era	 	http://www.newera.com.np/-New Era	 New ERA is one of the first non-government, non-profit research organization founded in 1971 and registered as a public limited company to articulate Nepalese ...
era	 	http://www.eradancetheatre.com/-Era Dance Theatre Limited - EDT_homepage	 Era Dance Theatre Ltd is a recipient of the National Arts Council's Major Grant for the period from 1 April 2013 to 31 March 2016
era	 	http://www.seas-era.eu/-SEAS-ERA	 SEAS-ERA (2010-2014) is a project funded by the EU FP7 ERA-NET Scheme. SEAS-ERA is a partnership of the leading Marine RTD Funding Organizations in 18 countries.
era	 	http://www.collectorsweekly.com/victorian-era/overview-Victorian Antiques - Collector Information | Collectors Weekly	 The Victorian Era, named after the prosperous and peaceful reign of England's Queen Victoria (1837-1901), is a rich and diverse area for collectors.
era	 	http://europeanhistory.about.com/od/referenceencyclopedia/g/glce.htm-CE - The Common Era	 Abbreviation for 'Common Era', a non-religious alternative to the use of A.D. in designating the second period of the Gregorian Calendar, our current era.
era	 	http://neweracolorado.org/-New Era Colorado Foundation | Hands-on democracy for our ...	 Democracy Done Right New Era Colorado Foundation is an innovative vehicle for hands-on democracy. We engage, educate, and train a new generation of active citizens ...
era	 	http://www.eralora.com/-Era L'Ora - ROLEX, PATEK PHILIPPE, VACHERON & CONSTANTIN ...	 ERA L'ORA SRL. Sede Legale: Corso Magenta 22 - 20123 MILANO Capitale sociale 20.000,00 i.v. Partita Iva /Codice fiscale 07298550158 Registro Imprese di Milano n ...
era	 	http://www.neweradebtsolutions.com/-New Era Debt Solutions | Debt Settlement | People-Friendly ...	 Check out New Era's Debt Settlement Program. Reduce the amount you owe. Get out of debt faster. Make one low monthly payment. Get started for free.
era	 	http://neweraconverting.com/-New Era Converting Machinery	 As a world leader in manufacturing cleanroom converting equipment, New Era can custom engineer a system best suited for your process. Our designs go to great
era	 	http://www.eraconsumer.org/-Welcome to ERA Consumer Malaysia's Homepage	 ERA Consumer Malaysia's programs are designed and implemented to nurture alternative people centered development initiatives at the community level through ...
era	 	http://www.ecapcity.com/new-era-fitted-hats/mlb-new-era-hats.html/-MLB New Era Hats - Fitted Hats - 59Fifty New Era Caps ...	 Baseball New Era Hats, Baseball Fitted Hats, MLB New Era Caps and Baseball Fitteds. 59fifty Fitted Baseball Caps – New Era Cap authorized dealer.
era	 	http://lamp.infosys.deakin.edu.au/era/?page=jmain-John Lamp's IS Pages :: ERA Journal Ranking	 ERA Journal Rankings Access This site is not an official ERA site. The intent of this page is to provide a quick, efficient access to the ERA journal outlet lists.
era	 	http://goldeneravegan.com/-Golden Era Vegan Restaurant	 Golden Era Vegan Restaurant Provides wholesome, high quality foods which are natural and 100% plant-based. Our freshly prepared vegan dishes feature the bold and ...
era	 	http://www.eramanhattan.com/FranchiseOpportunities/-Franchise Opportunities - ERA The Conderman Group Has ...	 Franchise Opportunities. Interested in joining ERA? In growing numbers, real estate professionals across the world are making the decision to join our team.
era	 	http://cordis.europa.eu/coordination/era-net.htm-ERA-NET Scheme - EUROPA - CORDIS: Community Research and ...	 ERA-NET Scheme. The objective of the ERA-NET scheme is to step up the cooperation and coordination of research activities carried out at national or regional level in ...
era	 	http://www.winnebagoind.com/products/era/floorplans.php-2009 ERA Floorplans - Winnebago Industries	 FLOORPLANS. Two floorplans with several options let you customize an Era to fit the way you travel.
era	 	http://www.metroland.com/Communities/100351/Newmarket_Era-Newmarket Era - Metroland.com - Metroland Media Group Ltd	 The Era-Banner has served the adjacent towns of Newmarket and Aurora plus Georgina and the northern half of York Region, for 143 years.
era	 	http://newerajewelryncoin.com/-New Era Jewelry & Coin	 about us / buying / selling / appraising / contact us © 2011 New Era Jewelry & Coin 4359 W DIVERSEY AVE. CHICAGO, IL 60639
era	 	http://tfwiki.net/wiki/Beast_Era-Beast Era - Transformers Wiki	 The Beast Era is an umbrella term used by fans to refer to the future time period in which Beast Wars and its related franchises are set. The term can also be applied ...
era	 	http://goldenerarecords.com.au/ge/-Golden Era Records |	 Golden Era Records is the label home of Australian Hip Hop artists Hilltop Hoods, Funkoars, Vents, Briggs, K21 and DJ Adfu.
era	 	http://www.newerascouting.com/-New Era Scouting	 Scott Bischoff Takes Over New Era Scouting. A new era for New Era Scouting is here! Scott Bischoff makes the move from scouting intern to Managing Editor and co-owner ...
era	 	http://www.era-instruments.eu/-ERA-Instruments	 ERA-Instruments An ERA-Net initiative for promoting infrastructure funding in the Life Sciences (2008 - 2012) ERA-Instruments aims at initiating ...
era	 	http://franceera.com/-France Era Co. Egyptian French Furniture Reproductions	 FRANCE ERA Co has an extensive selection of hundreds of standard items produced the Old World Way. Different furniture craftsmen using the kind of ...
era	 	http://memory.loc.gov/ammem/coolhtml/coolhome.html-Prosperity and Thrift: The Coolidge Era and the Consumer ...	 Prosperity and Thrift: The Coolidge Era and the Consumer Economy, 1921-1929 assembles a wide array of Library of Congress source materials from the 1920s that ...
era	 	http://www.neweraracecraft.com/-Race Car Chassis Fabrication - New Era Racecraft	 Welcome to New Era Racecraft New Era Racecraft, where customer service and accute attention to detail, on a project by project basis, is our mission.
era	 	http://www.eranetbioenergy.net/-ERA-NET Bioenergy	 Welcome to ERA-NET Bioenergy! Here you can find background information and project descriptions on bioenergy research. The European strategy for renewable energy ...
era	 	http://www.era-ora.dk/restaurant-The Restaurant | EraOra	 Era Ora has always focused on delicate and creative Italian dishes. Starting out in 1983 as the only authentic Italian restaurant in Copenhagen, it has gradually ...
era	 	http://newerasystem.com/-New Era System	 New Era System Pvt. Ltd. is a professional and creative website designing & internet marketing company providing complete solution to our esteemed customers.
era	 	http://instagram.com/fazirah_era/-ERA (@fazirah_era) • Instagram photos and videos	 ERA. 2 posts; 1 follower; 30 following. ID:ERAlovely Follow my IG
era	 	http://www.neweragalapagos.org/-New Era Galapagos Foundation	 The New Era Galapagos Foundation works with the people of San Cristobal, in the Galapagos Islands, to develop environmental education through community programmes.
era	 	http://www.metamodernera.com/-Meta Modern Era	 Meta Modern Era by Shri Mataji Nirmala Devi is a loving, compelling and powerful book that introduces a tangible spiritual breakthrough for the 21st century ...
era	 	http://www.neweraracecraft.com/-Race Car Chassis Fabrication - New Era Racecraft	 Welcome to New Era Racecraft New Era Racecraft, where customer service and accute attention to detail, on a project by project basis, is our mission.
era	 	http://www.newera-spectro.com/-Welcome to New Era Enterprises, Inc.	 New Era Enterprises - Infrared/FTIR Spectroscopy Supplies and Accessories Online Catalog
era	 	http://www.hydro-news.com/?lady-era-no-prescription-compare-prices-qanj-lady era no prescription compare prices - lady era side ...	 lady era no prescription compare prices. lady era pills sweat ^ Order your prescriptions online - Online Canada Drugs Store. Where the the canadian ...
era	 	http://evolution.about.com/od/LifeOrigins/a/Cenozoic-Era.htm-Cenozoic Era - Geologic Time Scale - About	 The first period of the Cenozoic Era is called the Tertiary Period. Recently, the Tertiary Period has been broken down into the Paleogene Period and Neogene Period.
era	 	http://www.craniumfitteds.com/New-Era-fitted-hats-on-sale.html-New Era Cap|New Era Caps, Snapbacks, Bucket Hats, T-Shirts ...	 The New Era Cap Company, located in Buffalo, New York, is an American headwear manufacturer. It was founded in 1920 by German immigrant Ehrhardt Koch.
era	 	http://www.cotf.edu/ete/modules/msese/earthsysflr/cenozoic.html-Earth Floor: Geologic Time - Cenozoic &amp;amp;quot;Recent ...	 Cenozoic ("Recent Life") Era This is the last of three geologic eras squeezed into the Phanerozoic ("Evident Life") Eon that covers the ...
era	 	http://www.reynaulds.com/beginner.aspx-Model Railroading Definitions of Era's, Gauges, and Railways	 Model train railroading beginner page describring the different gauges, era's and railways available.
era	 	http://www.bobainsworth.com/fossil/cenozoic.htm-The Cenozoic Era. - Bob Ainsworth Photography	 BobAinsworth.com - The Cenozoic Era. An illustrated geological time line for the Cenozoic era, which includes the Palaeocene, Eocene, Oligocene, Miocene, Pliocene and ...
era	 	http://www.the-ballet.com/romantic.php-Romantic Era - the Ballet	 Romantic Era. The Romantic age more or less began with the staging of Giselle, ou Les Wilis at the Paris Opera in 1841, with music composed by Adolphe Adam, who ...
era	 	http://finance.yahoo.com/q?s=prnex-PRNEX: Summary for T. Rowe Price New Era Fd- Yahoo! Finance	 View the basic PRNEX stock chart on Yahoo! Finance. Change the date range, chart type and compare T. Rowe Price New Era Fd against other companies.
era	 	http://neweraelementary.mi.sse.schoolinsites.com/-New Era Elementary	 New Era Student Council October Update All of our student council members were given tee shirts to wear when representing New...
era	 	http://www.nehsindia.org/#!-New Era School Panchgani	 From a hostel for Bahai children established on 1st August 1945 with sixteen children, New Era has grown into a leading international educational institution.
era	 	http://nne.org/-- Northside New Era	 Welcome to Northside New Era. Welcome Video. Centered in the heart of downtown Indianapolis, New Era Church is a Multi-Cultural and Multi-Ethnic church that is ...
era	 	http://www.embroideryabc.com/-EMBROIDERY ABC	 Where to get Stitch Era Universal? Only authorized dealers can offer STITCH ERA UNIVERSAL. Do not rely on other sources. Unauthorized copies can damage or destroy ...
era	 	http://www.nwhm.org/online-exhibits/progressiveera/home.html-Women in the Progressive Era - National Women's History ...	 The Progressive Era was a time period in American history lasting from the 1890s through the 1920s. At the turn of the century, America was experiencing rapid ...
era	 	http://www.sparknotes.com/history/american/gildedage/-SparkNotes: The Gilded Age & the Progressive Era (1877–1917)	 From a general summary to chapter summaries to explanations of famous quotes, the SparkNotes The Gilded Age & the Progressive Era (1877–1917) Study Guide has ...
era	 	http://www.historyguide.org/intellect/lecture16a.html-Lecture 16: The Romantic Era - The History Guide -- Main	 Lecture 16 The Romantic Era: The categories which it has become customary to use in distinguishing and classifying "movements" in literature or philosophy and in ...
era	 	http://www.americaslibrary.gov/jb/index.php-Take a trip to an era in American history.	 Take a trip to an era in American history. Go Big Green!
era	 	http://era10-3.com/-Gastronomistudio era 10:3	 Gastronomistudion era 10:3 är den moderna catering- och event-firman med gästen i fokus
era	 	http://www.era-edta2015.org/-ERA-EDTA 52nd Congress - London May 28th - 31th, 2015	 era-edta 52nd congress official site this website is mantained by era-edta . designed by gaf
era	 	http://www.memory.loc.gov/ammem/aaohtml/exhibit/aopart9.html-African American Odyssey: The Civil Rights Era (Part 1)	 The post-war era marked a period of unprecedented energy against the second class citizenship accorded to African Americans in many parts of the nation.
era	 	http://neweraglobalsports.com/-New Era Global Sports	 New Era Global Sports Management New Era Global Sports is a dynamic and forward thinking company that provides essential management and advice to our clients
era	 	http://www.bobainsworth.com/fossil/palaeozoic.htm-The Palaeozoic Era. - Bob Ainsworth Photography	 The Palaeozoic Era spans 322 million years, beginning with the Cambrian period 570 million years ago, and finishing with the end of the Permian period 248 million ...
era	 	http://neh2000.com/-New Era Homes 2000 Limited	 New Era Homes 2000 Ltd. New Era Homes 2000 Ltd. designs and builds volume housing solutions that are ideal for Jamaica's home buyers in the modest to middle ...
era	 	http://www.westernartifacts.com/paleo.htm-Indian Arrowheads from the Paleo era - Paleo Page 1	 Native American Indian Arrowheads and other Indian Artifacts from the Paleo era for sale
era	 	http://www.artcyclopedia.com/history/baroque.html-The Baroque Era - Art cyclopedia: The Fine Art Search Engine	 Artists by Movement: The Baroque Era Europe, 17th Century Baroque Art developed in Europe around 1600, as an reaction against the intricate and formulaic Mannerism ...
era	 	http://www.victoriana.com/-Home - Victoriana Magazine	 Extensive selection of vintage ski posters and vintage Louis Vuitton luggage capture an era of glamour.
era	 	http://erayoucrazy.bandcamp.com/-Music | Era Hardaway	 Era Hardaway Era Hardway is a realist/creative out of Fredericksburg, VA that just happens to make music. Starting off as a disc jockey at the age of 13, Era has ...
era	 	http://www.douglasdc3.com/era/era.htm-My DC-3 Flight in Alaska with ERA	 During my vacation in Alaska, I had the oppurtunity to fly on (one of two they have) an ERA Classic Airlines DC-3 out of Anchorage and over the Kenai Fjords.
era	 	http://richardscenter.psu.edu/-George and Ann Richards Civil War Era Center	 The People's Contest Digital Archiving Project This pathbreaking project by the Richards Center and the Penn State Libraries catalogs and digitizes Civil War era ...
era	 	http://www.erastudio.com/-ERA Studio	 ERA Studio is one of the UK's leading multi-disciplinary design consultancies, specialising in interior design and supported by beautiful product and furniture design.
era	 	http://www.swingmusic.net/Swing_Era_Pics.html-Swing Era Photos Of Famous Jazz Musicians	 Swing era photos and captions of famous jazz musicians from historic Down Beat jazz magazines
era	 	http://richardscenter.psu.edu/-George and Ann Richards Civil War Era Center	 The People's Contest Digital Archiving Project This pathbreaking project by the Richards Center and the Penn State Libraries catalogs and digitizes Civil War era ...
era	 	http://digital-era.net/-Privacy in Digital Era	 Purpose of Digital Era is to present and give resources and tools to achieve and maintain anonymity, security and privacy.
era	 	http://www.fossilmuseum.net/Paleobiology/Cenozoic_Paleobiology.htm-Cenozoic Era Paleobiology - Fossils Geological Time and ...	 Cenozoic Era (65 million years ago to present) The KT Event set the stage for the Cenozoic Era Cenozoic Era that began ...
era	 	http://www.myfitteds.com/newera59fifty.html-Find MLB NBA Minor League NHL Hats and Caps by New Era at ...	 Find MLB NBA Minor League NHL Hats and Caps by New Era at myfitteds.com - Custom New Era 59FIFTY Fitted Caps and more! ...
era	 	http://news.yahoo.com/era-sri-lanka-government-vows-end-repression-131942537.html-Sri Lanka's new government promises end to repression ...	 COLOMBO (Reuters) - Sri Lanka's new government promised a tolerant era of harmony and political freedom after years of mounting repression under a decade-old ...
era	 	http://www.ehow.com/facts_5557889_progressive-era.html-What Is the Progressive Era? | eHow	 The Progressive Era was a period of reform in U.S. history that ran roughly from the 1890s through the 1920s. Antitrust laws, Prohibition, women's suffrage ...
era	 	http://www.sonnets.org/romantic.htm-The Romantic Era - Sonnet	 The Romantic Era. In 1789, William Lisle Bowles (1762-1850) wrote an influential sonnet sequence, Fourteen Sonnets, a sign of brighter times ahead for the form.
era	 	http://neweraplayers.org/-New Era Players	 New Era Players is a small, friendly and very successful theatre club that was established in the Wash Common area on the south edge of Newbury in 1978.
era	 	http://in.reuters.com/article/2015/01/11/sri-lanka-rights-media-idINKBN0KK0E720150111-A new era for Sri Lanka as government vows end to ...	 COLOMBO (Reuters) - Sri Lanka's new government promised a tolerant new era of religious harmony and political freedom for the Indian Ocean island nation ...
era	 	http://www.tumblr.com/search/Reagan+Era-Reagan Era | Tumblr	 Lol yeah I was watching that episode where Fry meets the Reagan era white collar guy at the cryo support group, and I saw his name and was like, “Heeeeey, I know ...
era	 	http://americanhistory.about.com/od/prohibitionera/a/prohibition.htm-Prohibition Era Timeline - Learn American History on About.com	 The Prohibition Era in the United States has a storied past beginning with various temperance movements in the 1830's and finally culminating with the passage of the ...
era	 	http://www.neweracap.co.uk/-New Era Cap European, Middle Eastern and African Homepage	 Buy official New Era Cap 59FIFTY fitted headwear plus much more now at neweracap.co.uk.
era	 	http://freepages.genealogy.rootsweb.ancestry.com/~poindexterfamily/OldNames.html-Victorian Era Names, A Writer's Guide - RootsWeb: Freepages	 VICTORIAN ERA NAMES. circa 1840's-1890's. Being a compilation drawn from old census and vital statistic records. A large part of creating a good set of ...
era	 	http://mesquiteconnection.tripod.com/erabrokersconsolidatedmesquite/-For Real Estate In Mesquite Nevada ERA Brokers Consolidated	 Welcome to ERA Brokers Consolidated's website! Your internet connection to Mesquite Nevada and neighboring Arizona communities.
era	 	http://www.era-ora.dk/-Nicola Fanetti becomes new kitchen chef in Era Ora – and ...	 Nicola Fanetti becomes new kitchen chef in Era Ora – and Michel Milleri new restaurant chef. We are very proud to present Era Oras new kitchen chef from the 8 of ...
era	 	http://www.newerawrestling.net/-New Era Wrestling	 Shopping Cart. Your cart is empty. © 2015 New Era Wrestling | Powered by WordPress
era	 	http://www.newdresssuits.com/-New Era Factory Outlet — Men's Dress Suits, Tuxedos ...	 Men's Dress Suits and Formal Wear Welcome to New Era Factory Outlet's online store. We've been a retail destination in New York City for over thirty years ...
era	 	http://www.dinosaurfact.net/Cretaceous.php-Dinosaurs, Cretaceous dinosaurs, Cretaceous era, and ...	 Cretaceous Period The Cretaceous Period was the last period of the three which made up the Mesozoic Era. It was during this time, which ended close to 65 million ...
era	 	http://simple.wikipedia.org/wiki/Victorian_era-Victorian era - Simple English Wikipedia, the free ...	 The Victorian era of the United Kingdom was a time of Queen Victoria's rule from 1837 to 1901. This time was very prosperous for the British people.
era	 	http://neweracaptalk.com/blog/-New Era Cap Talk – Online Fitted Cap Community | New Era ...	 Remember the Guardians of the Galaxy All Over Comic Art New Era 59Fifty fitted cap? It’s one of those hats that you’d be upset to miss out on at the time of ...
era	 	http://www.ksl.com/?nid=235&sid=33103965&title=chile-ends-dictatorship-era-electoral-system-Chile ends dictatorship-era electoral system | KSL.com	 Chile's Senate has voted to end a dictatorship-era electoral system that has squeezed out independent candidates and guaranteed an outsized presence in Congress for ...
era	 	http://www.victorian-era.co.uk/-Victorian Era	 Victorian Pictures. Below is a random selection from Victorian England. Click on the image to view displayed item. Britain in the Victorian era saw a dramatic ...
era	 	http://facstaff.uww.edu/carlberj/romart.htm-Art of the Romantic Era - File Storage | University of ...	 Samples of Romantic Era Art. Jacques Louis David, 1748-1825 Bonaparte Crossing the Alps, 1800 Cupid and Psyche, 1817 Casper David Friedrich, 1774-1840
era	 	http://www.victorian-era.org/victorian-sports.html-Victorian Games,Victorian Era Sports,Tennis,Cricket ...	 This website offers free information on Life in England during Victorian Era. There were plenty of interesting facts to life during Victorian Period.
era	 	http://au.indeed.com/cmp/Era-Living-Era Living Careers and Employment | Indeed.com	 Research and review Era Living jobs. Learn more about a career with Era Living including all recent jobs, hiring trends, salaries, work environment and more.
era	 	http://www.hemmings.com/classifieds/?adtypefacet=vehicles20for20sale&makefacet=cadillac&modelfacet=seville&makeFacet=ERA&makeFacet=ERA-ERA Classifieds | Hemmings Motor News	 View our classified listings for ERA. ... F40 Motorsports is proud to offer this 1995 ERA Cobra. This ERA was built as a Turnkey car by ERA in New Britain, CT...
era	 	http://www.theguardian.com/media-network/2015/jan/16/short-attention-span-businesses-schools-The mass attention deficit era: what businesses can learn ...	 We are living through the first era of mass attention deficit. You’ll recognise it if, like me, you struggle to read a book from start to finish, or if ...
era	 	http://www.latimes.com/local/obituaries/la-me-usc-bob-boyd-20150115-story.html-Bob Boyd dies at 84; coached USC basketball team during ...	 "I was at the right place at the wrong time," Bob Boyd said of coaching USC during John Wooden era at UCLA
era	 	http://www.erahelicopters.com/content/-Era Helicopters – support and leasing to companies ...	 Welcome to Era Helicopters LLC. Era Helicopters LLC, established in 1948, is the longest serving helicopter transport operator in the industry. With 166 helicopters ...
era	 	http://www.erafirst.com/-ERA First Advantage	 ERA First Advantage Realty and firstadvantage.com are your resources for finding a new home, ... and searching for commercial property in the Evansville Tri-state area.
era	 	http://finance.yahoo.com/q?s=ERA-ERA: Summary for Era Group, Inc. Common Stock- Yahoo! Finance	 View the basic ERA stock chart on Yahoo! Finance. Change the date range, chart type and compare Era Group, Inc. Common Stock against other companies.
era	 	http://www.eraecosystems.com/-Era Ecosystem Services - A leader in global forest carbon ...	 Era Ecosystem Services is a leader in global forest carbon project development, ecosystems services, and conservation finance offering fully integrated services from ...
era	 	http://eracurasirealty.22468.009043.idx.era.com/-ERA Curasi Realty Has New York Homes For Sale, Local Data ...	 At ERA Curasi Realty when you work with one of us you work with all of us. ERA Curasi Realty was founded on the principle of collaboration- the idea that by working ...
era	 	http://oaklandera.com/-Era Art Bar and Lounge	 Era Art Bar and Lounge offers diverse music, curated collections of contemporary art and boutique cocktails in an elegant environment.
era	 	http://www.yourdictionary.com/era-Era dictionary definition | era defined	 The definition of an era is a period of time in history that is unified by cultural or historical factors.
era	 	http://www.retailing.org/-Electronic Retailing Association | Direct Response Marketing	 ERA BLOG. DRTV Goes Amish. Web Optimization for DR: Optimizing for Mobile "I Don't Speak For The FTC" - DRTV Listener Advisory. How Amazon Sets the Bar Higher for ...
era	 	http://www.oaklandera.com/era/-Era Art Bar and Lounge - oaklandera.com	 Era Art Bar and Lounge offers diverse music, curated collections of contemporary art and boutique cocktails in an elegant environment.
era	 	http://www.kentuckynewera.com/-Kentucky New Era: News that hits home	 A Hopkinsville native who gave up more than $90,000 of his salary to pay low-wage employees more at Kentucky State ... Kentucky New Era Main number: 270-886 ...
era	 	http://en.wiktionary.org/wiki/era-era - Wiktionary	 A time period of indeterminate length, generally more than one year. 1963, Margery Allingham, chapter 6, The China Governess[1]: Even in an era when ...
era	 	http://espn.go.com/mlb/stats/pitching/_/league/al/order/false-2014 MLB Baseball Pitching Statistics and League Leaders ...	 ERA: 31: Jeremy Guthrie: KC: 32: 32: 202.2: 215: 100: 93: 49: 124: 13: 11: 0: 0: 1.1: 1.30: 4.13: 32: Kyle Gibson: MIN: 31: 31: 179.1: 178: 91: 89: 57: 107: 13: 12: 0 ...
era	 	http://www.era.ca/-Computer and Electronic Recycling, The ERA Story	 Computer and Electronic Recycling, The ERA Story. The Electronic Recycling Association (ERA) is a Not for Profit Organization that has been reducing unnecessary ...
era	 	http://era.gv.at/-ERA - ERA Portal Austria	 ERA Portal Austria is a knowledge-sharing platform providing information on EU-related research policy and its implementation in Austria and in Europe.
era	 	http://www.erasimmons.com/-ERA Simmons Real Estate Has New Mexico Homes For Sale ...	 ERA Simmons Real Estate is a full service brokerage providing real estate solutions to ... we pride ourselves on being the market experts in Alamogordo and Otero ...
era	 	http://erarental.org/-Homepage - ERA European Rental Association	 For a manufacturer like Caterpillar, being a member of the ERA is invaluable. The association provides us with great industry insights. We can also interact with key ...
era	 	http://theproera.com/-Pre-Order B4.DA.$$ - The Pro Era	 Pro Era; Tour; Shop ↓ Skip to Main Content. B4.DA.$$ AVAILABLE 1.20.2015 Pre-order now. CD / VINYL AT "No. 99" "Big Dusty" "Christ Conscious" Enter Site
era	 	http://www.eraglobal.com/-ERA Freeman & Associates, Realtors	 ERA Freeman & Associates, Realtors® is licensed in the state of Oregon. Each ERA Office is Independently Owned and Operated. Contact Us; Company Listings; Open Houses;
era	 	http://www.erathebrokerage.com/-Welcome to ERA The Brokerage! - ERA The Brokerage Has ...	 Homes for sale. Real Estate information. Answers to frequently asked questions about buying, selling, or financing a home., Let ERA The Brokerage help you find or ...
era	 	http://www.youtube.com/watch?v=Egy5BIypnlQ-Era - Era - YouTube	 music video from ERA (1998)
era	 	http://www.eraa.org/-ERA - European Regions Airline Association	 ERA is the recognised representative body for regional air transport throughout Europe.
era	 	http://www.erasingapore.com/-ERA Singapore	 ERA Singapore, Singapore Property, HDB, Property Agent, New Launches, Real Estate Career, Landed Property, Agents, Condo, URA
era	 	http://www.era.eu.org/-European Rotogravure Association	 New ERA members in 2015 ERA is delighted to welcome two new member companies at the start of 2015: German packaging cylinder engraver 4Packaging and Turkish packaging ...
era	 	http://era-edta.org/-ERA-EDTA	 Welcome to the ERA-EDTA website. the association of European kidney specialists This is an association of physicians with over 7000 members. It is registered in ...
era	 	http://www.neweracap.com/en_US/Default.aspx-New Era - Home	 New Era - Officially licensed 59FIFTY baseball, NHL and Negro league hats and caps
era	 	http://erajohnsonrealestateinc.22463.003865.idx.era.com/-ERA Johnson Real Estate, Inc. Has Pennsylvania Homes For ...	 At ERA Real Estate when you work with one of us you work with all of us. ERA Real Estate was founded on the principle of collaboration- the idea that by working ...
era	 	http://www.erayuma.com/-ERA Matt Fischer Realtor | Real Estate Yuma | Yuma Realtor ...	 Buying or selling real estate in Yuma? ERA Real Estate can help you buy or sell your home. Visit or contact us for all your real estate needs. Welcome to Yuma Real ...
era	 	http://www.era.org/l7/-ERA Locator Search - Welcome to the Electronics ...	 ERA Rep Locator A detailed search engine for locating reps by territory, product group, company or owner
era	 	http://eraleathermanrealtyinc.21429.008463.idx.era.com/-ERA Leatherman Realty, Inc. Has South Carolina Homes For ...	 Genuine Hospitality is the foundation of ERA Leatherman Realty, Inc. As the greater Pee Dee area's premier real estate company, they continue to grow their stellar ...
era	 	http://erainthesmokies.com/-ERA In The Smokies - Gatlinburg Cabins, Gatlinburg, TN	 Gatlinburg Cabin Rentals and Real Estate. Vacation Rentals and Real Estate in Gatlinburg, Pigeon Forge and the Smoky Mountains by ERA In The Smokies.
era	 	http://www.iflyera.org/-ERA Alaska Virtual Aviation	 Where can you go at ERA? ERA Alaska Virtual Aviation has a large network of facilities around Alaska, British Columbia, and Washington and beyond.
era	 	http://www.erastrother.com/-ERA Strother Real Estate | Fayetteville, NC Homes for Sale ...	 ERA Strother Real Estate is the local leader in the marketing of new homes. Since our beginning in 1975, we have worked hard to represent the most respected builders ...
era	 	http://erafirstadvantagerealtyinc.21899.008487.idx.era.com/-ERA First Advantage Realty, Inc. Has Indiana Homes For ...	 About ERA Real Estate. At ERA Real Estate when you work with one of us you work with all of us ... Evansville l Newburgh l Mount Vernon l Boonville l Chandler. Home ...
era	 	http://www.fashion-era.com/-Fashion-Era	 Fashion-era contains 890 content rich, illustrated pages of Fashion History, Costume History, Clothing, Fashions and Social History.
era	 	http://www.eraltd.org/-ERA - Home - Entertainment Retailers Association	 Welcome to the Entertainment Retailers Association Website. ERA represents retailers who sell entertainment products such as recorded music, DVD's and games (multimedia).
era	 	http://medical-dictionary.thefreedictionary.com/ERA-ERA - definition of ERA by Medical dictionary	 A CONVENTION of female writers, which for two days had been stuffing Woman's couch with goose-quills and hailing the down of a new era, adjourned with unabated ...
era	 	http://www.eramillennium.com/-ERA Millennium Real Estate Has Massachusetts Homes For ...	 ERA Millennium is a full-service real estate office servicing the Greater Boston area. We offer buyer and seller representation in addition to listing and renting ...
era	 	http://erahumphreyrealtygroup.22830.009218.idx.era.com/-ERA Humphrey Realty Group Has North Carolina Homes For ...	 At ERA Real Estate when you work with one of us you work with all of us. ERA Real Estate was founded on the principle of collaboration- the idea that by working ...
era	 	http://www.hemmings.com/classifieds/?adtypefacet=vehicles20for20sale&makefacet=cadillac&modelfacet=seville&makeFacet=ERA&makeFacet=ERA-ERA Classifieds | Hemmings Motor News	 View our classified listings for ERA. ... F40 Motorsports is proud to offer this 1995 ERA Cobra. This ERA was built as a Turnkey car by ERA in New Britain, CT...
era	 	http://www.theguardian.com/media-network/2015/jan/16/short-attention-span-businesses-schools-The mass attention deficit era: what businesses can learn ...	 We are living through the first era of mass attention deficit. You’ll recognise it if, like me, you struggle to read a book from start to finish, or if ...
era	 	http://www.tumblr.com/search/medulla+era-medulla era | Tumblr	 Perigo é nunca mais ver o sol, como ele era antes - medulla.
era	 	http://www.latimes.com/local/obituaries/la-me-usc-bob-boyd-20150115-story.html-Bob Boyd dies at 84; coached USC basketball team during ...	 "I was at the right place at the wrong time," Bob Boyd said of coaching USC during John Wooden era at UCLA
era	 	http://www.hemmings.com/classifieds/?adtypefacet=vehicles20for20sale&makefacet=cadillac&modelfacet=seville&makeFacet=ERA&makeFacet=ERA-ERA Classifieds | Hemmings Motor News	 View our classified listings for ERA. ... F40 Motorsports is proud to offer this 1995 ERA Cobra. This ERA was built as a Turnkey car by ERA in New Britain, CT...
era	 	http://www.theguardian.com/media-network/2015/jan/16/short-attention-span-businesses-schools-The mass attention deficit era: what businesses can learn ...	 We are living through the first era of mass attention deficit. You’ll recognise it if, like me, you struggle to read a book from start to finish, or if ...
era	 	http://www.tumblr.com/search/medulla+era-medulla era | Tumblr	 Perigo é nunca mais ver o sol, como ele era antes - medulla.
era	 	http://www.latimes.com/local/obituaries/la-me-usc-bob-boyd-20150115-story.html-Bob Boyd dies at 84; coached USC basketball team during ...	 "I was at the right place at the wrong time," Bob Boyd said of coaching USC during John Wooden era at UCLA
era	 	http://www.hemmings.com/classifieds/?adtypefacet=vehicles20for20sale&makefacet=cadillac&modelfacet=seville&makeFacet=ERA&makeFacet=ERA-ERA Classifieds | Hemmings Motor News	 View our classified listings for ERA. ... F40 Motorsports is proud to offer this 1995 ERA Cobra. This ERA was built as a Turnkey car by ERA in New Britain, CT...
era	 	http://www.theguardian.com/media-network/2015/jan/16/short-attention-span-businesses-schools-The mass attention deficit era: what businesses can learn ...	 We are living through the first era of mass attention deficit. You’ll recognise it if, like me, you struggle to read a book from start to finish, or if ...
era	 	http://www.tumblr.com/search/medulla+era-medulla era | Tumblr	 Perigo é nunca mais ver o sol, como ele era antes - medulla.
era	 	http://www.latimes.com/local/obituaries/la-me-usc-bob-boyd-20150115-story.html-Bob Boyd dies at 84; coached USC basketball team during ...	 "I was at the right place at the wrong time," Bob Boyd said of coaching USC during John Wooden era at UCLA
era	 	http://www.hemmings.com/classifieds/?adtypefacet=vehicles20for20sale&makefacet=cadillac&modelfacet=seville&makeFacet=ERA&makeFacet=ERA-ERA Classifieds | Hemmings Motor News	 View our classified listings for ERA. ... F40 Motorsports is proud to offer this 1995 ERA Cobra. This ERA was built as a Turnkey car by ERA in New Britain, CT...
era	 	http://www.theguardian.com/media-network/2015/jan/16/short-attention-span-businesses-schools-The mass attention deficit era: what businesses can learn ...	 We are living through the first era of mass attention deficit. You’ll recognise it if, like me, you struggle to read a book from start to finish, or if ...
era	 	http://www.tumblr.com/search/medulla+era-medulla era | Tumblr	 Perigo é nunca mais ver o sol, como ele era antes - medulla.
era	 	http://www.latimes.com/local/obituaries/la-me-usc-bob-boyd-20150115-story.html-Bob Boyd dies at 84; coached USC basketball team during ...	 "I was at the right place at the wrong time," Bob Boyd said of coaching USC during John Wooden era at UCLA
era	 	http://www.hemmings.com/classifieds/?adtypefacet=vehicles20for20sale&makefacet=cadillac&modelfacet=seville&makeFacet=ERA&makeFacet=ERA-ERA Classifieds | Hemmings Motor News	 View our classified listings for ERA. ... F40 Motorsports is proud to offer this 1995 ERA Cobra. This ERA was built as a Turnkey car by ERA in New Britain, CT...
era	 	http://www.theguardian.com/media-network/2015/jan/16/short-attention-span-businesses-schools-The mass attention deficit era: what businesses can learn ...	 We are living through the first era of mass attention deficit. You’ll recognise it if, like me, you struggle to read a book from start to finish, or if ...
era	 	http://www.tumblr.com/search/medulla+era-medulla era | Tumblr	 Perigo é nunca mais ver o sol, como ele era antes - medulla.
era	 	http://www.latimes.com/local/obituaries/la-me-usc-bob-boyd-20150115-story.html-Bob Boyd dies at 84; coached USC basketball team during ...	 "I was at the right place at the wrong time," Bob Boyd said of coaching USC during John Wooden era at UCLA
era	 	http://www.hemmings.com/classifieds/?adtypefacet=vehicles20for20sale&makefacet=cadillac&modelfacet=seville&makeFacet=ERA&makeFacet=ERA-ERA Classifieds | Hemmings Motor News	 View our classified listings for ERA. ... F40 Motorsports is proud to offer this 1995 ERA Cobra. This ERA was built as a Turnkey car by ERA in New Britain, CT...
era	 	http://www.theguardian.com/media-network/2015/jan/16/short-attention-span-businesses-schools-The mass attention deficit era: what businesses can learn ...	 We are living through the first era of mass attention deficit. You’ll recognise it if, like me, you struggle to read a book from start to finish, or if ...
era	 	http://www.tumblr.com/search/medulla+era-medulla era | Tumblr	 Perigo é nunca mais ver o sol, como ele era antes - medulla.
era	 	http://www.latimes.com/local/obituaries/la-me-usc-bob-boyd-20150115-story.html-Bob Boyd dies at 84; coached USC basketball team during ...	 "I was at the right place at the wrong time," Bob Boyd said of coaching USC during John Wooden era at UCLA
era	 	http://www.hemmings.com/classifieds/?adtypefacet=vehicles20for20sale&makefacet=cadillac&modelfacet=seville&makeFacet=ERA&makeFacet=ERA-ERA Classifieds | Hemmings Motor News	 View our classified listings for ERA. ... F40 Motorsports is proud to offer this 1995 ERA Cobra. This ERA was built as a Turnkey car by ERA in New Britain, CT...
era	 	http://www.theguardian.com/media-network/2015/jan/16/short-attention-span-businesses-schools-The mass attention deficit era: what businesses can learn ...	 We are living through the first era of mass attention deficit. You’ll recognise it if, like me, you struggle to read a book from start to finish, or if ...
era	 	http://www.tumblr.com/search/medulla+era-medulla era | Tumblr	 Perigo é nunca mais ver o sol, como ele era antes - medulla.
era	 	http://www.latimes.com/local/obituaries/la-me-usc-bob-boyd-20150115-story.html-Bob Boyd dies at 84; coached USC basketball team during ...	 "I was at the right place at the wrong time," Bob Boyd said of coaching USC during John Wooden era at UCLA
era	 	http://www.hemmings.com/classifieds/?adtypefacet=vehicles20for20sale&makefacet=cadillac&modelfacet=seville&makeFacet=ERA&makeFacet=ERA-ERA Classifieds | Hemmings Motor News	 View our classified listings for ERA. ... F40 Motorsports is proud to offer this 1995 ERA Cobra. This ERA was built as a Turnkey car by ERA in New Britain, CT...
era	 	http://www.theguardian.com/media-network/2015/jan/16/short-attention-span-businesses-schools-The mass attention deficit era: what businesses can learn ...	 We are living through the first era of mass attention deficit. You’ll recognise it if, like me, you struggle to read a book from start to finish, or if ...
era	 	http://www.tumblr.com/search/medulla+era-medulla era | Tumblr	 Perigo é nunca mais ver o sol, como ele era antes - medulla.
era	 	http://www.latimes.com/local/obituaries/la-me-usc-bob-boyd-20150115-story.html-Bob Boyd dies at 84; coached USC basketball team during ...	 "I was at the right place at the wrong time," Bob Boyd said of coaching USC during John Wooden era at UCLA
era	 	http://www.hemmings.com/classifieds/?adtypefacet=vehicles20for20sale&makefacet=cadillac&modelfacet=seville&makeFacet=ERA&makeFacet=ERA-ERA Classifieds | Hemmings Motor News	 View our classified listings for ERA. ... F40 Motorsports is proud to offer this 1995 ERA Cobra. This ERA was built as a Turnkey car by ERA in New Britain, CT...
era	 	http://www.theguardian.com/media-network/2015/jan/16/short-attention-span-businesses-schools-The mass attention deficit era: what businesses can learn ...	 We are living through the first era of mass attention deficit. You’ll recognise it if, like me, you struggle to read a book from start to finish, or if ...
era	 	http://www.tumblr.com/search/medulla+era-medulla era | Tumblr	 Perigo é nunca mais ver o sol, como ele era antes - medulla.
era	 	http://www.latimes.com/local/obituaries/la-me-usc-bob-boyd-20150115-story.html-Bob Boyd dies at 84; coached USC basketball team during ...	 "I was at the right place at the wrong time," Bob Boyd said of coaching USC during John Wooden era at UCLA
