far away	 	http://www.metrolyrics.com/far-away-lyrics-nickelback.html-Nickelback - Far Away Lyrics | MetroLyrics	 Lyrics to 'Far Away' by Nickelback. Far away / This time, this place / Misused, mistakes / Too long, too late / Who was I to make you wait? / Just one chance,
far away	 	http://www.youtube.com/watch?v=j4y-RzVGrHg-Nickelback - Far Away [OFFICIAL VIDEO] - YouTube	 Nickelback's music video for 'Far Away' from the album, All The Right Reasons - available now on Roadrunner Records. - CD: http://smarturl.it ...
far away	 	http://en.wikipedia.org/wiki/Far_Away-Far Away - Wikipedia, the free encyclopedia	 Far Away may refer to: Contents 1 Music 1.1 Albums 1.2 Songs 2 Other media 3 See also Music Far Away (Lasgo album), 2005 Far Away (EP), a 1995 EP by Royal Hunt Songs ...
far away	 	http://en.wikipedia.org/wiki/Far_Away_(Nickelback_song)-Far Away (Nickelback song) - Wikipedia, the free encyclopedia	 "Far Away" is a single by Canadian band Nickelback. Released in late 2005/early 2006 in the United States and February 13, 2006 in the United Kingdom.
far away	 	http://www.youtube.com/watch?v=xBIfffmQR-4-Tyga - Far Away ft. Chris Richardson - YouTube	 Music video by Tyga performing Far Away. (C) 2011 Cash Money Records Inc.
far away	 	http://www.azlyrics.com/lyrics/tyga/faraway.html-TYGA LYRICS - Far Away - A-Z Lyrics - AZLyrics - Song ...	 Lyrics to "Far Away" song by TYGA: [Chris Richardson] Walk a thousand miles Just to see her (see her) But she’s far far away And I’...
far away	 	http://www.azlyrics.com/lyrics/nickelback/faraway.html-NICKELBACK LYRICS - Far Away - A-Z Lyrics	 Lyrics to "Far Away" song by NICKELBACK: This time, This place Misused, Mistakes Too long, Too late Who was I to make you wait Just one chanc...
far away	 	http://www.last.fm/music/Nickelback/_/Far+Away-Nickelback – Far Away – Listen and discover music at ...	 Watch the video or listen to Nickelback – Far Away for free. Far Away appears on the album All The Right Reasons. Nickelback is a rock band which formed in Hanna ...
far away	 	http://www.songlyrics.com/nickelback/far-away-lyrics/-NICKELBACK - FAR AWAY LYRICS - SongLyrics.com	 Nickelback - Far Away Lyrics. This time, this place Misused, mistakes Too long, too late Who was I to make you wait? Just one chance, just one breath Just in case
far away	 	http://www.lyricsmode.com/lyrics/n/nickelback/far_away.html#!-Nickelback - Far Away Lyrics - LyricsMode.com	 Lyrics to Far Away by Nickelback: This time, This place / Misused, Mistakes / Too long, Too late / Who was I to make you wait? / Just one
far away	 	http://www.metrolyrics.com/far-away-lyrics-tyga.html-Tyga - Far Away Lyrics | MetroLyrics	 "Far Away" is track #24 on the album Careless World: Rise Of The Last King. It was written by Stevenson, Michael / Jackson, Jess / Blaine, Jason / Obuchowski, Dane ...
far away	 	http://www.lyrics.com/far-away-lyrics-nickelback.html-Nickelback - Far Away Lyrics - Lyrics.com - your music ...	 Nickelback Far Away lyrics: This time, This place Misused, Mistakes Too long, Too late Who was I to make you wait Just one chance Just one breath Just in case there's ...
far away	 	http://geeknation.com/podcast/far-far-away/-Far, Far Away | GeekNation.com	 Far, Far Away. Hosts Kristian Harloff and Tiffany Smith talk about all things Star Wars. From discussions about the original trilogy to the latest rumors about ...
far away	 	http://faraway.travel/-Far Away Travel	 5 of 5; Far Away Travel now stronger and more efficient in Brasil. by Anderson Peres Rodrigues Experience Manager
far away	 	http://www.amazon.com/Far-Away-Tom-McNeal/dp/0375843299-Far Far Away: Tom McNeal: 9780375843297: Amazon.com: Books	 Far Far Away [Tom McNeal] on Amazon.com. *FREE* shipping on qualifying offers. A National Book Award Finalist An Edgar Award Finalist A California Book ...
far away	 	http://www.lyricsmode.com/lyrics/t/tyga/far_away.html#!-Tyga - Far Away Lyrics - LyricsMode.com	 Lyrics to Far Away by Tyga: [Chris Richardson] / Just to see her (see her) / But she's far far away / And I'd do anything just to see her
far away	 	http://farfarawayradio.com/-Front Page - Far Far Away Radio	 Andrew Lupi Co-Founder, Co-Host. Andrew is a passionate individual who has turned his love of the Galaxy Far, Far Away into an avenue to create multiple online ...
far away	 	http://www.elyrics.net/read/n/nickelback-lyrics/far-away-lyrics.html-FAR AWAY Lyrics - NICKELBACK - eLyrics.net - Song Lyrics	 So far away This time, this place Misused, mistakes Too long, too late Who was I to make you wait? Just one chance, just one breath Just in case there?s just one left
far away	 	http://www.amazon.com/Far-Away/dp/B0011Z0YN6-Amazon.com: Far Away: Nickelback: MP3 Downloads	 Far Away by Nickelback really speaks to me, I love the lyrics because they say almost exactly what I wish I could say to the only person I've ever loved.
far away	 	http://www.fragrantica.com/perfume/Avon/Far-Away-4908.html-Far Away Avon perfume - a fragrance for women 1994	 Far Away by Avon is a Oriental Floral fragrance for women. Far Away was launched in 1994. Top notes are karo karounde, ylang-ylang, orange, coconut and peach; middle ...
far away	 	http://farawayfaraway.tumblr.com/-far away - Tumblr	 Far Away doesn’t exist anymore. I’ve branched off and have my own tumblr. Perhaps this one will still roll, perhaps not. Pls follow it. redhash.tumblr.com.
far away	 	http://songmeanings.com/songs/view/3530822107858557853/-Nickelback - Far Away Lyrics | SongMeanings	 My InterpretationFar Away by Nickelback This song is all about how you love someone no matter what, that even distance doesn’t really matter.
far away	 	http://www.directlyrics.com/marsha-ambrosius-far-away-lyrics.html-Marsha Ambrosius - Far Away lyrics - Directlyrics	 View the Marsha Ambrosius Far Away lyrics and music video. So sad to see you go so soon, I know that you ain't coming back, In the beginning everything was cool ...
far away	 	http://www.farawayradio.net/-Far Away	 Far Away party #011 with Tornado Wallace & Justin Strauss. May 9, 2014 | Comments »
far away	 	http://www.e-chords.com/chords/nickelback/far-away-FAR AWAY Chords - Nickelback | E-Chords	 Far Away Chords by Nickelback Learn to play guitar by chord and tabs and use our crd diagrams, transpose the key and more.
far away	 	http://www.lyricsmania.com/far_far_far_away_lyrics_lisa_mitchell.html-Lisa Mitchell - Far Far Far Away Lyrics	 Lyrics to Far Far Far Away We had lunch in a bakery,???? you said you couldn't stay. well i suspect you're looking in all the wrong places, but you won't forget.
far away	 	http://tabs.ultimate-guitar.com/n/nickelback/far_away_crd.htm-Far Away Chords by Nickelback @ Ultimate-Guitar.Com	 Far Away Chords by Nickelback with chord diagrams, easy version and transpose. Added on October 17, 2005
far away	 	http://slack-time.com/music-video-1172-nickelback-far-away-Nickelback - Far Away (video+lyrics) - Slack-Time: Music ...	 Lyrics to Far Away by Nickelback This time, This place Misused, Mistakes Too long, Too late Who was I to make you wait Just one chance Just one breath
far away	 	http://www.vagalume.com.br/nickelback/far-away.html-Far Away - Nickelback - VAGALUME - VAGALUME - Letras de ...	 Nickelback - Far Away (música para ouvir e letra da música com legenda)! That I love you / I have loved you all along / And I miss you / been far away for far too long
far away	 	http://tabs.ultimate-guitar.com/n/nickelback/far_away_tab.htm-Far Away Tab by Nickelback @ Ultimate-Guitar.Com	 Far Away tab by Nickelback with free online tab player, speed control and loop. Correct version. Added on October 10, 2005
far away	 	http://farawayfriendsuganda.com/-Far Away Friends | BUILD DREAMS.	 DONATE TODAY EMPOWER LEADERS Far Away Friends exists to encourage global citizenship by empowering communities in need around the globe through education, cross ...
far away	 	http://www.goear.com/listen/b5442a1/far-away-nickelback-Far away - nickelback - Escuchar musica en goear	 escuchar MP3 Far away de nickelback online ... Letra This time, This place Misused, Mistakes Too long, Too late Who was I to make you wait Just one chance Just one ...
far away	 	http://www.songlyrics.com/junip/far-away-lyrics/-JUNIP - FAR AWAY LYRICS - SongLyrics.com	 Junip - Far Away Lyrics. Step in front of a runaway train just to feel alive again Pushing foward through the night aching chest and blurry sight It's all
far away	 	http://letras.mus.br/nickelback/286115/-FAR AWAY - Nickelback | Letras.mus.br	 Far Away; How You Remind Me; Never Gonna Be Alone; Photograph; Million Miles An Hour; Someday; Savin' Me; Rockstar; What Are You Waiting For; Lullaby; Trying Not To ...
far away	 	http://www.barnesandnoble.com/w/far-far-away-tom-mcneal/1112349702?ean=9780375849725-Far Far Away by Tom McNeal | 9780375849725 | Hardcover ...	 Far Far Away (CD - Unabridged) Pub. Date: 6/11/2013 Publisher: Penguin Random House Audio Publishing Group
far away	 	http://www.last.fm/music/Slade/_/Far+Far+Away-Slade – Far Far Away – Listen and discover music at ...	 Watch the video or listen to Slade – Far Far Away for free. Far Far Away appears on the album Wall Of Hits. "Far Far Away" was released as a single to promote the ...
far away	 	http://www.goodreads.com/book/show/16030663-far-far-away-Far Far Away by Tom McNeal — Reviews, Discussion ...	 Far Far Away is a book that I am finding difficult to review without raving over certain portions and accidentally throwing out a spoiler. I will proceed ...
far away	 	http://sitefestival.northwestern.edu/far-away/-FAR AWAY – SITE Festival - Northwestern University	 Far Away thrills with a gripping story of a young girl who, waking to a strange noise, ... Recent projects for Northwestern include Jessica Thebus ...
far away	 	https://www.facebook.com/farfarawayband-Far Far Away | Facebook	 Far Far Away. 680 likes · 6 talking about this. Booking: thefarfarawayband@gmail.com Links to purchase our music in Description. Follow us on Twitter:...
far away	 	http://www.farfarawaybooks.com/-Far Far Away Books	 FAR FAR AWAY BOOKS & MEDIA 20-22 Bedford Row, London, WC1 R4JS, UK office@farfarawaybooksandmedia.co.uk: UK SALES - SIGNATURE BOOKS
far away	 	http://www.thesaurus.com/browse/far+away-Far away Synonyms, Far away Antonyms | Thesaurus.com	 Synonyms for far away at Thesaurus.com with free online thesaurus, antonyms, and definitions. Dictionary and Word of the Day.
far away	 	http://www.elyricsworld.com/far_away_lyrics_tyga.html-Tyga - Far Away Lyrics - Lyrics and Music News at ...	 [Chris Richardson] Walk a thousand miles Just to see her (see her) But she’s far far away And I’d do anything just to see her face But she’s far far away
far away	 	http://www.nickelback-songs.com/song/Far-Away/4434764-Nickelback Far Away | Nickelback Far Away free download	 Read Nickelback Far Away lyrics and listen to Far Away. Nickelback Far Away free mp3 download
far away	 	http://www.lyrics007.com/Staind%20Lyrics/So%20Far%20Away%20Lyrics.html-Staind So Far Away Lyrics | Lyrics007	 Read guaranteed accurate human-edited Staind So Far Away lyrics from lyrics007
far away	 	http://farfarawayalbum.bandcamp.com/album/far-far-away-Far Far Away | Dainumo, Jeesh, P.SUS, Pogo	 Far Far Away by Dainumo, Jeesh, P.SUS, Pogo, released 04 May 2012 1. P.SUS - A Long Time Ago 2. Dainumo - Light Speed 3. Jeesh - Sky Walking 4. Pogo - Yoda Yodel 5.
far away	 	http://www.wordreference.com/es/translation.asp?tranword=far%20away-far away - English-Spanish Dictionary - WordReference.com	 Compound Forms: far away from [sth/sb] prep preposition: Relates noun or pronoun to another element of sentence--for example, "a picture of John," "She walked from my ...
far away	 	http://www.martystuart.com/ZLyrics-Far-Away2.htm-Lyrics - Far Away - Marty Stuart	 Far Away: Written by Marty Stuart: Fields are deathly quiet Where the cotton used to grow I'm a stranger in a land That I used to know In a land A land I've not forgotten
far away	 	http://www.rwsentosa.com/language/en-US/Homepage/Attractions/UniversalStudiosSingapore/FarFarAway-Universal Studios Singapore | Far Far Away | Resorts World ...	 At USS Far Far Away, come experience the lifestyles of the rich and the fairy-taled. Guests can enjoy Shrek 4-D Adventure or sing along with Donkey.
far away	 	http://www.sheetmusicplus.com/title/far-away-sheet-music/8183101-Far Away Sheet Music By Nickelback (SKU: HL.322055 ...	 Buy Far Away Sheet Music (Original Sheet Music Edition). By Nickelback. For Piano/Vocal/Guitar. Artist/Personality; Piano/Vocal/Chords; Sheet; Solo. Piano Vocal.
far away	 	http://www.songsterr.com/a/wsa/nickelback-far-away-tab-s14044t0-Far Away Tab by Nickelback | Songsterr Tabs with Rhythm	 Far Away by Nickelback tab with free online tab player. One accurate version. Recommended by The Wall Street Journal
far away	 	http://www.kpoplyrics.net/c-clown-far-away-young-love-lyrics-english-romanized.html-C-CLOWN - Far Away Young Love Lyrics (English & Romanized)	 C-Clown Far Away Young Love Lyrics from mini-Album with english translation, romanization and individual parts. More C-Clown Lyrics at KPopLyrics.net
far away	 	http://www.yourchords.com/106917/Nickelback/Far-Away-Chords/-Far Away Chords - Nickelback - Guitar Chords	 Far Away Chords by Nickelback with guitar chords and tabs. Best version of Far Away Chords available.
far away	 	http://www.romantic-lyrics.com/lf13.shtml-Far Away by Demis Roussos - Romantic Song Lyrics - Famous ...	 FAR AWAY (Demis Roussos) There's a lucky man who'll take you far away, far away, so very very far away he will come some day to another land he'll take you far away
far away	 	http://top40.about.com/od/singles/gr/faraway.htm-Nickelback - Far Away. Review of Far Away by Nickelback	 Nickelback - Far Away. This is the 3rd top 40 pop hit single from the album 'All the Right Reasons.'
far away	 	http://www.sing365.com/music/lyric.nsf/So-far-away-lyrics-Avenged-Sevenfold/0B8AB37C5B3D4B9F4825776C00118EA5-SO FAR AWAY LYRICS - AVENGED SEVENFOLD - Sing365.com	 "So far away" Lyrics by Avenged Sevenfold: Never feared for anything, never shamed but never free A life that healed a broken heart with all that...
far away	 	http://www.tor.com/blogs/2011/04/dystopia-on-stage-caryl-churchills-far-away-Dystopia on Stage: Caryl Churchill’s Far Away | Tor.com	 Dystopia on Stage: Caryl Churchill's Far Away by Matt Cheney
far away	 	http://www.nia.nih.gov/health/publication/so-far-away-twenty-questions-and-answers-about-long-distance-caregiving-So Far Away: Twenty Questions for Long-Distance Caregivers	 So Far Away: Twenty Questions and Answers About Long-Distance Caregiving
far away	 	http://longagoandfaraway.com/-Long Ago and Far Away	 Welcome to the web site of Long Ago & Far Away. We are a Vermont Gallery featuring Canadian Inuit Art, Native Alaskan Art, Native American Art, and Vermont ...
far away	 	http://www.chordie.com/chord.pere/www.guitaretab.com/n/nickelback/138768.html-Far Away by Nickelback - guitar chords, guitar tabs and ...	 Formatted version of Far Away by Nickelback. Guitar chords and guitar tabs. Chordie is the largest collection of chords and tabs on the Internet, with more than 200 ...
far away	 	http://lyrics.wikia.com/Libera:Far_Away-Libera:Far Away Lyrics - LyricWikia - song lyrics, music ...	 Wherever I go Far away and anywhere Time after time, you always shine Through dark of night, calling after me And wherever I climb Far away and anywhere
far away	 	http://www.sing365.com/music/Lyric.nsf/So-Far-Away-lyrics-Carole-King/A25A3788F5286A9D48256DA6000FE7F3-SO FAR AWAY LYRICS - CAROLE KING - Sing365.com	 So far away Doesn't anybody stay in one place anymore It would be so fine to see your face at my door Doesn't help to know you're just time away
far away	 	http://www.911tabs.com/tabs/n/nickelback/far_away_tab.htm-Far Away chords & tabs by Nickelback @ 911Tabs	 Choose and determine which version of Far Away chords and tabs by Nickelback you can play
far away	 	http://www.directlyrics.com/tyga-far-away-lyrics.html-TYGA - FAR AWAY LYRICS - DirectLyr i cs - Directlyrics	 View the Tyga Far Away lyrics and music video. Just to see her (see her), But she’s far far away, And I’d do anything just to see her face, But she’s far far ...
far away	 	http://www.kerbymusic.org/music/far-far-away/-FAR FAR AWAY - Free Sheet Music by Lindy Kerby	 Lyrics: Far, far away on Judeah's Plains Shepherds of old heard their joyous strains! Glory to God! Glory to God! Glory to God in the Highest! Peace on Earth,
far away	 	http://www.vrbo.com/159326-Far Far Away- Steps to Beach, Across Street from Pool	 Leave all of your troubles behind when you enter the doors of “Far Far Away”, your next dream vacation getaway. The stage for an ultimate luxury beach vacation ...
far away	 	http://www.seventeen.com/college/freshman-15/going-far-away-for-college-Going to College Far Away - Pros and Cons of Leaving Home ...	 Hey Guys! So the question I get asked the most is: what's it like to go so far away for college? My decision to go so far away had nothing to do with hating my home ...
far away	 	http://www.yourchords.com/63787/Nickelback/Far-Away-ver-4-Chords/-Far Away Chords - Nickelback - Guitar Chords v4	 Far Away Chords by Nickelback with guitar chords and tabs. Chords version num. 4 of Far Away Chords available.
far away	 	http://www.nia.nih.gov/sites/default/files/so_far_away_twenty_questions_about_long-distance_caregiving.pdf-National Institute on Aging So Far Away	 2 So Far Away The answer for Dave, and for so many families faced with similar situations, is encouraging. Long-distance caregivers can be helpful
far away	 	http://www.netpoets.com/poems/love/0546001.htm-Love Poems - So Far Away , Yet Always Close by Steve Forsythe	 Love Poems - So Far Away, Yet Always Close by Steve Forsythe. In the realm of Love, distance is never a matter of miles. Whether you are nine inches or 900 miles ...
far away	 	http://www.songfacts.com/detail.php?id=21848-Far Away by Marsha Ambrosius Songfacts - Song Meanings at ...	 Far Away by Marsha Ambrosius song meaning, lyric interpretation, video and chart position
far away	 	http://starwars.wikia.com/wiki/Galaxy_Far,_Far_Away-Galaxy Far, Far Away - Wookieepedia, the Star Wars Wiki	 The Galaxy Far, Far Away, often abbreviated GFFA is the unofficial name given by many fans to the galaxy that is the setting for the Star Wars films and their spin-offs.
far away	 	http://www.hymnsandcarolsofchristmas.com/Hymns_and_Carols/from_far_away.htm-From Far away - Hymns and Carols of Christmas	 From Far away. Words: William Morris. Music: Rev. John B. Dykes. Source: Henry Ramsden Bramley and John Stainer, Christmas Carols New and Old, Second Series (London ...
far away	 	http://shag.bandcamp.com/album/far-far-away-Far, Far Away | Shag	 Far, Far Away by Shag, released 07 June 2013 1. Intro/Far, Far Away 2. Give You Up 3. Rainy Night Alone 4. Dreamin' Interlude 5. Dreams ft. Edward Frost and Lamar ...
far away	 	http://www.musicsonglyrics.com/far-away-lyrics-tyga.html-Tyga - Far Away Lyrics - MusicSongLyrics.com	 Tyga Far Away lyrics have amazing beat and vocals. Performed by Tyga, Far Away lyrics will give you a musical euphoria...
far away	 	http://www.azlyricdb.com/lyrics/Tyga-Far-Away-313900-Tyga - Far Away Lyrics - Azlyricdb.com	 Tyga Far Away lyrics : [Chris Richardson] Just to see her (see her) But she's far far...
far away	 	http://www.musicsonglyrics.com/far-away-lyrics-tyga.html-Tyga - Far Away Lyrics - MusicSongLyrics.com	 Tyga Far Away lyrics have amazing beat and vocals. Performed by Tyga, Far Away lyrics will give you a musical euphoria...
far away	 	http://shag.bandcamp.com/album/far-far-away-Far, Far Away | Shag	 Far, Far Away by Shag, released 07 June 2013 1. Intro/Far, Far Away 2. Give You Up 3. Rainy Night Alone 4. Dreamin' Interlude 5. Dreams ft. Edward Frost and Lamar ...
far away	 	http://www.farawaycreations.com/-Far Away Creations	 Welcome to Far Away Creations Our creations you see here or in public are shown to display our talents. Do you need something created? Would you like us to come to ...
far away	 	http://www.cyberhymnal.org/htm/t/i/tiagreen.htm-There Is a Green Hill Far Away - Hymn - - NetHymnal ...	 There is a green hill far away, Outside a city wall, Where the dear Lord was crucified, Who died to save us all. Refrain. O dearly, dearly, has He loved,
far away	 	https://farawayinthesunshine.wordpress.com/-Far Away In The Sunshine | The stories of a woman pursuing ...	 The stories of a woman pursuing her creative dreams (by Anyes - Far Away in the Sunshine)
far away	 	http://www.nick.com/games/shrek-4-far-far-away-faceoff.html-Shrek: Far Far Away Faceoff (AD) - Nickelodeon Games ...	 Restore peace to Far Far Away by defeating Rump! (AD)
far away	 	http://collider.com/shrek-5-sequel-attraction-far-far-away-adventure/-SHREK 5 Sequel in the Works. SHREK'S FAR FAR AWAY ...	 SHREK 5 Sequel in the Works, Says DreamWorks Animation's Jeffrey Katzenberg. Visitor Attraction SHREK'S FAR FAR AWAY ADVENTURE to Open in London 2015.
far away	 	http://www.vh1.com/video/avenged-sevenfold/649471/so-far-away.jhtml-"So Far Away" by Avenged Sevenfold | Music Video | VH1.com	 Watch "So Far Away" by Avenged Sevenfold. Check out more Avenged Sevenfold music videos, interviews, photos and music news at VH1.com.
far away	 	http://www.lyricsreg.com/lyrics/libera/Far+Away/-LIBERA : Far Away lyrics	 LIBERA lyrics : "Far Away" Wherever I go Far away and anywhere Time after time you always shine Through dark of night calling after me And wherever I climb
far away	 	http://farfarawaytoys.com/-Far Far Away Toys	 Welcome to Far Far Away Toys! Far Far Away Toys . . . a place to find the newest retro-style toys and collectibles as well as the hard to find vintage toys, all at fair
far away	 	https://wispx.bandcamp.com/album/far-away-Far Away | Wisp X	 Far Away by Wisp X, released 30 November 2014 1. Far Away (ft. LilyCloud) 2. Mitigate (ft. Rena) 3. Memories of Another World 4. Final Night 5. Far Away (Instrumental) 6.
far away	 	http://planets.findthedata.com/q/1/1320/How-far-away-is-Mercury-from-the-sun-How far away is Mercury from the sun? - Planet Database ...	 How far away is Mercury from the sun? Mercury is 57,909,175... Find the full answer at FindTheBest.com
far away	 	http://artists.letssingit.com/kindred-lyrics-far-away-zxf6tc1-Kindred - Far Away Lyrics - Songs | Most Popular	 Kindred lyrics - Far Away: far away from here far away from here far away from here, just jump in a taxicab pack a bag and get away fast (2x)
far away	 	http://vimeo.com/16747536-Staind - So Far Away on Vimeo - Vimeo, Your Videos Belong Here	 This is "Staind - So Far Away" by alf alv on Vimeo, the home for high quality videos and the people who love them.
far away	 	http://www.lyricsreg.com/lyrics/marsha+ambrosius/Far+Away/-MARSHA AMBROSIUS : Far Away lyrics - LyricsReg.com	 MARSHA AMBROSIUS lyrics : "Far Away" So sad to see you go so soon I know that you ain't coming back In the beginning everything was cool Toward the end of it all it's ...
far away	 	https://www.lds.org/music/text/hymns/far-far-away-on-judeas-plains?lang=eng-Far, Far Away on Judea's Plains - The Church of Jesus ...	 212 Far, Far Away on Judea's Plains. 31243, Hymns, Far, Far Away on Judea's Plains, no. 212. 1. Far, far away on Judea's plains, Shepherds of old heard the joyous ...
far away	 	http://mp3skull.com/mp3/far_away.html-Far Away Mp3 Download - Mp3skull	 To listen Far Away music just click Play To download Far Away mp3 for free: 1. Right Click -> Save Link As (Save Target As) 2. Change filename to Far Away.mp3
far away	 	http://planets.findthedata.com/q/5/1320/How-far-away-is-Jupiter-from-the-sun-How far away is Jupiter from the sun? - FindTheData	 How far away is Jupiter from the sun? Jupiter is 778,340,821... Find the full answer at FindTheBest.com
far away	 	http://www.songsterr.com/a/wsa/avenged-sevenfold-so-far-away-tab-s61651t0-So Far Away Tab by Avenged Sevenfold | Songsterr Tabs with ...	 So Far Away by Avenged Sevenfold tab with free online tab player. One accurate version. Recommended by The Wall Street Journal
far away	 	http://www.nga.gov/feature/bearden/170-142.htm-Romare Bearden, Tomorrow I May Be Far Away, 1966/1967	 < Previous Image | Back to Biography | Image List | Next Image > Romare Bearden, Tomorrow I May Be Far Away, 1966/1967 collage of various papers with charcoal and ...
far away	 	https://www.lyricinterpretations.com/nickelback/far-away-Nickelback - Far Away Lyrics Meaning - Lyric Interpretations	 What does Nickelback's song Far Away mean? We have the answer.
far away	 	http://www.urbanlyrics.com/lyrics/tyga/faraway.html-"Far Away" lyrics by TYGA - Urban Lyrics - R&B Rap Hip-Hop ...	 Lyrics to "Far Away" song by TYGA: Just to see her (see her) But she's far far away And I'd do anything just to see her face But she's...
far away	 	http://www.guitaretab.com/n/nickelback/138768.html-Nickelback - Far Away tab - A-Z Guitar Tabs - ( 200,000 ...	 Far Away tab by Nickelback at GuitareTab.com
far away	 	http://www.guitaretab.com/a/avenged-sevenfold/247189.html-Avenged Sevenfold - So Far Away chords - A-Z Guitar Tabs ...	 So Far Away tab by Avenged Sevenfold at GuitareTab.com
far away	 	http://www.christiewatson.co.uk/-Christie Watson	 ABOUT ME. Christie Watson is a British novelist. Her novels, Tiny Sunbirds Far Away, and Where Women are Kings have been widely translated. Christie won the Costa ...
far away	 	http://www.searchquotes.com/search/Birthday_Boyfriend_Far_Away/-Birthday Boyfriend Far Away Quotes - Quotes and Sayings ...	 Birthday Boyfriend Far Away quotes - 1. I don't know how we manage to keep our relationship when we are so far away. I don't know why things happened the way they did ...
far away	 	http://mp3skull.com/mp3/so_far_away_avenged.html-So Far Away Avenged Mp3 Download - mp3skull.com - Free Mp3 ...	 To listen So Far Away Avenged music just click Play To download So Far Away Avenged mp3 for free: 1. Right Click -> Save Link As (Save Target As)
far away	 	http://www.windhamfabrics.net/php/fabricshop/fabricshop.php?a=sc&Category=735-Far Far Away, 39657-4, Windham Fabrics	 Far Far Away, Heather Ross' second collection for Windham Fabrics, is inspired by tiny princesses everywhere who stay up past their bedtimes, love unicorns and ...
far away	 	http://www.cmt.com/videos/jennette-mccurdy/552480/not-that-far-away.jhtml-CMT : Music Video : Not That Far Away : Jennette McCurdy	 Watch "Not That Far Away" from Jennette McCurdy for free on CMT.com.
far away	 	http://www.livescience.com/37734-how-far-away-is-lightning-distance.html-How Far Away Is Lightning | Calculate Lightning Distance	 Next time you're stuck in a thunderstorm, try this easy way to calculate how far away you are from lightning strikes. Just count the number of seconds that ...
far away	 	http://www.lyricsdepot.com/nickelback/far-away.html-Far Away Lyrics by Nickelback - Lyrics Depot - Free Song ...	 Lyrics Depot is your source of lyrics to Far Away by Nickelback. Please check back for more Nickelback lyrics. Far Away Lyrics Artist: Nickelback
far away	 	http://lirik.kapanlagi.com/artis/avenged_sevenfold/so_far_away-KapanLagi.com: Lirik Avenged Sevenfold - So Far Away	 Lirik lagu So Far Away oleh Avenged Sevenfold. Dapatkan lirik lagu lain oleh Avenged Sevenfold di KapanLagi.com
far away	 	http://quilthome.com/Heather_Ross/Far_Far_Away-Far Far Away - QuiltHome - QuiltHome - Modern Designer ...	 Far Far Away, Heather Ross' second collection for Windham Fabrics, is inspired by tiny princesses everywhere who stay up past their bedtimes, love unicorns and ...
far away	 	http://jellyfishrecordings.bandcamp.com/album/far-far-away-Far Far Away | Jellyfish Recordings	 Far Far Away' is the sophomore album by Vancouver beatmaker and multi-instrumentalist AstroLogical, AKA Nate Drobner. Using samples, live instruments, and hiphop ...
far away	 	http://www.readinga-z.com/book.php?id=33-Near and Far Away - Reading A-Z: The online leveled ...	 Near and Far Away Cerca y lejos Près et loin Near and Far Away
far away	 	http://www.hymnary.org/text/there_is_a_green_hill_far_away-There is a green hill far away - Hymnary.org	 Authoritative information about There is a green hill far away, with lyrics, MIDI files, printable scores, and products for worship planners.
far away	 	http://www.planetminecraft.com/project/shreks-far-far-away-kingdom/-Shrek's Far Far Away KIngdom Minecraft Project	 The Minecraft Shrek's Far Far Away KIngdom Project was contributed by ilikecutepeople. Im done and thanks to my subscribers that i decided to build this castle ...
far away	 	http://www.viraldoza.com/22-far-away-perspectives-famous-places-will-change-way-see-forever/-These 22 Far Away Perspectives Of Famous Places Will ...	 These 22 Far Away Perspectives Of Famous Places Will Change The Way You See Them Forever
far away	 	http://www.wikihow.com/Deal-With-Your-Crush-Living-Far-Away-How to Deal With Your Crush Living Far Away: 3 Steps	 Communicate: Just because he may be far away does not mean that you should not stay in touch. There are still ways to contact one that is far away mainly with ...
far away	 	http://www.songandpraise.org/there-is-a-green-hill-far-away-favorite-hymn.htm-There Is A Green Hill Far Away Hymn - Hymns	 There Is A Green Hill Far Away Hymn. There is a green hill far away, Outside a city wall, Where the dear Lord was crucified, Who died to save us all.
far away	 	http://www.911tabs.com/tabs/t/tyga/far_away_tab.htm-Far Away chords & tabs by Tyga @ 911Tabs	 Choose and determine which version of Far Away chords and tabs by Tyga you can play
far away	 	http://onlineslangdictionary.com/thesaurus/words+meaning+far+away,+rural+area,+boring+place.html-Slang words for far away, rural area, boring place | Urban ...	 A list of slang words for far away, rural area, boring place. Find words with this meaning on The Online Slang Dictionary's slang thesaurus (urban thesaurus).
far away	 	http://www.lyricschord.com/nickelback/far-away/-Nickelback - Far Away Lyrics Chord	 Far Away Nickelback : This time, this place Misused, mistakes Too long, too late Who was i to make you wait Just one chance Just one breath Just in case there's just ...
far away	 	https://farawayliterary.wordpress.com/-Far Away Literary Magazine	 Over the course of assisting Chrissy to put together the inaugural and second issue of Far Away, I have written to a number of different people to invite them to ...
far away	 	http://www.pbs.org/wgbh/nova/balloon/science/hotscienceup/-Up, Up, and How Far Away? - PBS: Public Broadcasting Service	 Up, Up, and How Far Away? Big News! You just heard on the radio that the Virgin Global Challenger balloon is going to land in your town. You look outside, and sure ...
far away	 	http://www.cmt.com/videos/justin-moore/638006/if-heaven-wasnt-so-far-away.jhtml-CMT : Music Video : If Heaven Wasn't So Far Away : Justin ...	 Watch "If Heaven Wasn't So Far Away" from Justin Moore for free on CMT.com.
far away	 	http://mcnealbooks.com/home.aspx-Tom McNeal, Author|Far Far Away	 Far Far Away. National Book Award Finalist; California Book Award Gold Medal Winner; The Horn Book starred review; The Bulletin starred review; Booklist starred review
far away	 	http://overthemountainsandfaraway.blogspot.com/-Over the mountains and far away...	 Over the mountains and far away: A blog about books and other literary things.
far away	 	http://sevenislandsfabric.com/heatherfarfaraway3.htm-"far far away III " by Heather Ross NEW!!	 "far far away III" by Heather Ross NEW!! JG-55200 (cotton 85%, linen 15%, light weight canvas, w44inch x L10.9yds)
far away	 	http://www.lyricsbay.com/far_away_lyrics-tyga.html-FAR AWAY Song Lyrics by TYGA - LyricsBay.com	 Tyga Far Away lyrics - song # 1236497. [Chris Richardson] Just to see her (see her) But shes far far away And Id do anything just to see her face But sh...
far away	 	http://www.searchquotes.com/search/So_Far_Away/-So Far Away Quotes	 So Far Away quotes - 1. It's amazing how one person can make you feel so special even though they live so far away. Read more quotes and sayings about So Far Away.
far away	 	http://madmen.wikia.com/wiki/Far_Away_Places-Far Away Places - Mad Men Wiki	 Roger telling Don about Howard Johnson's, in Far Away Places. Don takes Megan away from Peggy's office, which upsets her because she feels like she is abandoning the ...
far away	 	http://www.goodreads.com/quotes/tag/far-away-Quotes About Far Away (9 quotes) - Share Book ...	 9 quotes have been tagged as far-away: Dejan Stojanovic: ‘I visited many places, Some of them quite Exotic and far away, But I always returned to myse...
far away	 	http://www.yelp.com/biz/far-away-places-imports-inc-new-brunswick-Far Away Places Imports, Inc - New Brunswick, NJ | Yelp	 1 Review of Far Away Places Imports, Inc "Far Away Places is a diamond in the rough! A real old school jewelry shop (truly a mom and pop!) where you can always get ...
far away	 	http://nowwhat.cog7.org/Articles/ChristianFaith/General/When_You_Feel_Far_Away_From_God.html-When You Feel Far Away From God - NowWhat	 In a life of faith, looks can be deceiving. by Dianne E. Butts "If you feel far away from God, guess who moved!" I read the one-liner in a magazine and chuckled.
far away	 	http://www.brainyquote.com/quotes/quotes/l/louisamaya121254.html-Far away there in the sunshine are my highest aspirations ...	 Far away there in the sunshine are my highest aspirations. I may not reach them, but I can look up and see their beauty, believe in them, and try to follow where they ...
far away	 	http://shrek.wikia.com/wiki/Far_Far_Away_Palace-Far Far Away Palace - WikiShrek - The wiki all about Shrek	 The Far Far Away Palace is the home of the Far Far Away Royal Family. Land Exterior It contains many erect towers, keeps, fortress, drawbridges, etc.
far away	 	http://www.allmusic.com/album/long-ago-and-far-away-mw0000188164-Long Ago and Far Away - Erroll Garner | Songs, Reviews ...	 Find album reviews, stream songs, credits and award information for Long Ago and Far Away - Erroll Garner on AllMusic - 1951 - These sides from 1950-51 were the first ...
far away	 	http://www.universetoday.com/14151/how-far-away-is-venus-from-the-sun/-How Far Away is Venus From the Sun - Universe Today	 How far away is Venus from the Sun? That is a very interesting question. 108 million km is the average distance it is from the Sun. To be more exact, it is 107 ...
far away	 	http://earthsky.org/space/in-space-how-far-away-can-you-see-earth-How far away in space can you still see Earth? | Space ...	 If you were looking with the eye alone, how far away in space would our planet Earth still be visible?
far away	 	http://dogcare.dailypuppy.com/far-away-can-dog-smell-4722.html-How Far Away Can a Dog Smell? | Dog Care - The Daily Puppy	 How Far Away Can a Dog Smell? by Melissa Schindler. Dog Care; Behavior; How Far Away Can a Dog Smell? A wet nose allows a dog to capture tiny scent particles.
far away	 	http://www.universetoday.com/101237/how-far-away-is-mars/-How Far Away is Mars? - Universe Today – Space and ...	 How far away is Mars — or, looking at it another way, how close is it? The exact answer varies, of course, as both it and our planet are constantly moving along ...
far away	 	http://weddings.about.com/od/bridalshowers/tp/farawaybridalshower.htm-Bridal Shower in a Box - Cute Idea for Bridesmaids Who ...	 When a good friend or close relative gets married, it's natural that you'd want to help celebrate and throw a shower for them. But what happens if you live far away?
far away	 	http://en.wiktionary.org/wiki/far_away-far away - Wiktionary	 Definition from Wiktionary, the free dictionary. Jump to: navigation, search. English Adjective . far away (not comparable) Alternative spelling of faraway
far away	 	http://www.lyrics007.com/Groove%20Coverage%20Lyrics/Far%20Away%20From%20Home%20Lyrics.html-Groove Coverage Far Away From Home Lyrics | Lyrics007	 Read guaranteed accurate human-edited Groove Coverage Far Away From Home lyrics from lyrics007
far away	 	http://www.leoslyrics.com/perry-como/far-away-places-lyrics/-FAR AWAY PLACES - PERRY COMO LYRICS - Leo's Lyrics	 Far away places with strange sounding names Far away over the sea Those far away places with the strange sounding names are Calling Calling me
far away	 	http://www.bartleby.com/101/787.html-787. Remember. Christina Georgina Rossetti. The Oxford ...	 REMEMBER me when I am gone away, Gone far away into the silent land; When you can no more hold me by the hand, Nor I half turn to go, yet turning stay.
far away	 	http://www.farawayfromfiji.com/-Far Away From Fiji	 Far Away From Fiji - Nicolai Qvindbjerg · Rasmus Zedlitz · Dennis Debannic
far away	 	http://eo.ucar.edu/webweather/lightningact2.html-How Far Away Is That Storm?	 How Far Away Is That Storm? The purpose of this experiment is to watch lightning and hear thunder to give you clues about how far away you are from a storm.
far away	 	http://www.hrw.org/reports/2009/12/02/locked-far-away-Locked Up Far Away - Human Rights Watch | Defending Human ...	 Locked Up Far Away The Transfer of Immigrants to Remote Detention Centers in the United States I.
far away	 	http://sohowww.nascom.nasa.gov/explore/lessons/howfar9_12.html-Lesson: How Far Away Is SOHO ? - Solar and Heliospheric ...	 Activity: How far away is SOHO? (A measuring activity, appropriate for grades 9-12) Materials: Meter sticks, or meter tape Cut-outs of Sun, Earth, Moon, SOHO, Mercury ...
far away	 	http://naruto.wikia.com/wiki/Haruka_Kanata-Haruka Kanata - Narutopedia, the Naruto Encyclopedia Wiki	 Haruka Kanata (遥か彼方; Literally meaning "Far Away"), performed by Asian Kung-Fu Generation, was the second opening for Japanese version and the third opening ...
far away	 	http://weirdsciencekids.com/HowFarAwayIsTheThunderStorm.html-Thunder - How Far Away Is The Storm? - Weird Science Kids	 Every wonder how far away the storm coming towards you is? There is an easy way to figure it out! When you see a flash of lightning, start counting the seconds - one ...
far away	 	http://www.ehow.com/info_12273350_far-away-can-dog-smell.html-How Far Away Can a Dog Smell? - eHow | How to - Discover ...	 How Far Away Can a Dog Smell?. When you take Buddy on his afternoon walk, undoubtedly you've witnessed a great deal of sniffing and smelling along the way.
far away	 	http://www.stlyrics.com/songs/c/carolking5704/sofaraway230112.html-Carol King — So Far Away Lyrics | Album: Other Songs	 So Far Away So far Away Doesn't anybody stay in one place anymore? It would be so fine to see your face at my door Doesn't help to know that you're just time away
far away	 	http://www.guitarbackingtrack.com/play/nickelback/far_away.htm-Nickelback - Far Away Free Guitar Backing Track	 Free guitar backing track for Far Away by Nickelback in MP3 format. Download it for free.
far away	 	http://www.freepeople.com/far-away-cable-cardigan/-Far Away Cable Cardigan at Free People Clothing Boutique	 Shop for the Far Away Cable Cardigan at Freepeople.com. Share style pics with FP Me, and read & post reviews. Free shipping worldwide – see site for details.
far away	 	http://www.worldcat.org/title/far-far-away/oclc/798131888-Far far away (Book, 2013) [WorldCat.org]	 Get this from a library! Far far away. [Tom McNeal] -- "When Jeremy Johnson Johnson's strange ability to speak to the ghost of Jacob Grimm draws the interest of his ...
far away	 	http://science.howstuffworks.com/question224.htm-How are astronomers able to measure how far away a star is ...	 It turns out that measuring the distance to a star is an interesting problem! Astronomers have come up with two different techniques to estimate how far away any ...
far away	 	http://preparednessadvice.com/survival/far-away-can-see-candle-night/-How Far Away Can You See a Candle at Night? - Preparedness ...	 How far away can you see a candle at night is a question that should be of interest to preppers. Due to the curvature of the earth this is 3.1 miles.
far away	 	http://www.indiebound.org/book/9781590514665/christie-watson/tiny-sunbirds-far-away-Tiny Sunbirds, Far Away | IndieBound	 “'Haunting' and 'eye-opening' only begin to describe Tiny Sunbirds, Far Away. Blessing may only be 12 years old, but she speaks to us through her wise, yet innocent ...
far away	 	http://www.keno.org/stones_lyrics/farawayeyes.html-Keno's ROLLING STONES Web Site - Far Away Eyes	 Keno's ROLLING STONES Web Site. ROLLING STONES LYRICS FAR AWAY EYES. Recorded October thru December, 1977. Released in the US & UK on the album Some Girls on June 9 ...
far away	 	http://www.familyfriendpoems.com/poem/my-family-so-far-away-My Family So Far Away, Those, Poem about Family	 My family lives so far away, I am here and there they stay. I remember a time of fun and walks and now I have to deal with locks. Can you guess where I live now?
far away	 	http://eo.ucar.edu/kids/dangerwx/tstorm6.htm-How Far Away Is That Storm? - Dangerous Weather	 Storm Impacts | Lightning Impacts | Storm Stories | How Thunderstorms Form How Lightning Forms | Activities | Storm Safety : How Far Away Is That Storm?
far away	 	http://digital-photography-school.com/sometimes-close-ups-are-better-from-far-away/-Sometimes Close-ups Are Better From Far Away - Digital ...	 In this post, Steve Berardi from the PhotoNaturalist explains why sometimes close-up photos are better from far away. When you think of close-up photography, you ...
far away	 	http://www.takemefaraway.co.uk/-Tropical Holiday Deals, Cheap Far Away Holidays, Long Haul ...	 Tropical Holidays. Take Me Faraway brings you tropical holiday deals to far away places, perfect for a relaxing luxury holiday or honeymoon. If you are looking for ...
far away	 	http://contrailscience.com/how-far-away-is-that-contrail/-How Far Away is That Contrail? - Contrail Science ...	 The important colum there is in bold, the “Miles” column which tells you how far away horizontally the plane is. That is, it tells you how far away the point is ...
far away	 	http://www.ehow.com/how_6367566_boost-far-away-wi_fi-connection.html-How to Boost a Signal From a Far Away Wi-Fi Connection | eHow	 How to Boost a Signal From a Far Away Wi-Fi Connection. Wi-Fi is a wireless radio frequency (RF) technology that is used to network computers and other ...
far away	 	http://www.musicanet.org/robokopp/usa/waydownu.htm-Way down upon the Swanee River, far, far away / Old Folks ...	 Way down upon the Swanee River, Far, far away That's where my heart is turning ever That's where the old folks stay All up and down the whole creation,
far away	 	http://lucyandnorman.blogspot.com/2010/04/far-far-away-quilt-done.html-Lucy & Norman: Far Far Away Quilt done!	 I really, really love this quilt. I've been sitting on my big ol' stash of Heather Ross's Far, Far Away since it came out last year and just couldn't ...
far away	 	https://www.guitartricks.com/tutorial.php?input=1369-Guitar Lessons: Staind So Far Away - Free Online Guitar ...	 In this song tutorial, Lee Wanner will teach you So Far Away, by Staind. After covering the tones and tuning, Lee will get into the clean electric in the verse ...
far away	 	http://nolimitpress.com/-American historical novel	 Thanks to all those who bought FAR AWAY HOME. We are honored by your support. Escape into a memorable work of historical fiction that will make you believe no matter ...
far away	 	https://www.guitartricks.com/tutorial.php?input=1369-Guitar Lessons: Staind So Far Away - Free Online Guitar ...	 In this song tutorial, Lee Wanner will teach you So Far Away, by Staind. After covering the tones and tuning, Lee will get into the clean electric in the verse ...
far away	 	http://www.u.arizona.edu/~lebofsky/sky.htm-Why the Sky is Far Away - U-System | University ...	 Why the Sky is Far Away. The sky started off being very close to the Earth. The sky provided all the food for the people. When they were hungry, all they had to do ...
far away	 	http://www.dailymotion.com/video/x121ve_led-zeppelin-over-the-hills-far-awa_music-Led Zeppelin - Over the Hills & Far Away - Video Dailymotion	 "Over the Hills and Far Away" is the third track from English rock band Led Zeppelin's 1973 album Houses of the Holy. The piece starts off with an acoustic ...
far away	 	http://www.paroles-musique.com/traduction-Avenged_Sevenfold-So_Far_Away-lyrics,t63259-Traduction Avenged Sevenfold So Far Away lyrics ...	 paroles officielles {So Far Away} Never feared for anything, never shamed but never free A light that healed a broken heart with all that it could
far away	 	http://www.123greetings.com/birthday/miss_you/miss19.html-Birthday Wishes From Far Away! Free Miss You eCards ...	 Send this birthday ecard to your loved one across the miles. Free online Birthday Wishes From Far Away ecards on Birthday
far away	 	http://www.computereconomics.com/article.cfm?id=1042-Backup Data Center: How Far Away Should It Be?	 Backup Data Center: How Far Away Should It Be? April, 2005. Computer Economics was asked recently to advise a client on how far a backup recovery data center should ...
far away	 	http://letras.mus.br/avenged-sevenfold/1715932/-SO FAR AWAY - Avenged Sevenfold | Letras.mus.br	 So far away / And I needed to know / So far away / And I need you to / Need you to know
far away	 	http://popularmelodies.blogspot.com/2008/12/coldplay-postcards-from-far-away.html-Music Scores: COLDPLAY - POSTCARDS FROM FAR AWAY ( SHEET ...	 COLDPLAY - POSTCARDS FROM FAR AWAY ( SHEET MUSIC ) Coldplay - Postcards From Far Away. Posted by
far away	 	http://guitarid.blogspot.com/2011/12/lirik-dan-cord-so-far-away-avenged.html-Lirik dan Kunci Gitar So Far Away (Avenged Sevenfold ...	 So Far Away (Avenged Sevenfold) adalah lagu yang sangat fenomenal, lirik lagu dan syair yang menyiratkan kesedihan dan rasa kehilangan dari sang penulis lagu Synyster ...
far away	 	http://www.chordie.com/chord.pere/www.xguitar.com/guitar-tabs/dire_straits/brothers_in_arms/so_far_away.txt-So Far Away by Dire Straits - guitar chords, guitar tabs ...	 Formatted version of So Far Away by Dire Straits. Guitar chords and guitar tabs. Chordie is the largest collection of chords and tabs on the Internet, with more than ...
far away	 	http://www.sky-watch.com/articles/howfar2.html-Skywatch Article: How Far Away Are The Stars ?	 In any case, even without fully understanding the Tuller-Fisher relationship, we can use it. There are distant galaxies that are too far away to measure through their ...
far away	 	http://www.fabricworm.com/herofarfaraw10.html-Heather Ross, Far Far Away, Snails Yellow	 Heather Ross, Far Far Away, Snails Yellow. Fabric is sold by the 1/2 Yard. For example, if you would like to purchase 1 Yard, you would enter 2 in the Qty. box at ...
far away	 	http://www.guntheranderson.com/v/data/sofaraw0.htm-So Far Away - Carole King ( Lyrics and Chords )	 ARTIST: Carole King TITLE: So Far Away Lyrics and Chords So far away / Dmaj7 D6 / Doesn't anybody stay in one place anymore It would be so fine to see your face at my ...
far away	 	http://www.farawaytown.com/-Far Away Town | Stoner Rock Trio	 Stoner Rock Night #23: FAR AWAY TOWN (AUT) + SPACE CELL (AUT) + THE VEINS (AUT) + HALF BAKED CHEESE (AUT) April 17, 2015, 7:00pm
far away	 	http://www.contemplator.com/england/faraway.html-Over the Hills and Far Away (Version 1) - Contemplations ...	 Midi File, Lyrics and Information to Over the Hills and Far Away
far away	 	http://www.stafaband.info/download/137426/Avenged_Sevenfold/So_Far_Away/-[Download: 413,831] AVENGED SEVENFOLD - SO FAR AWAY Mp3 ...	 Free Download lagu Avenged Sevenfold - So Far Away Mp3 dan Lirik secara Gratis hanya di sini.
far away	 	http://www.economist.com/node/21554740-Remittances: Over the sea and far away | The Economist	 Remittances Over the sea and far away The business of sending money across borders is lucrative, fast-growing and ripe for change May 19th 2012 | From the ...
far away	 	http://www.contemplator.com/england/overhls.html-Over the Hills and Far Away (Version 2) - Contemplations ...	 Midi File, Lyrics and Information to Over the Hills and Far Away
far away	 	http://www.kshs.org/p/online-exhibits-from-far-away-russia-introduction/10679-From Far Away Russia - Introduction - Kansas Historical ...	 From Far Away Russia - Introduction Russian-Germans in Kansas. Thousands of people left Russia for Kansas in the 1870s. These folk actually had closer ties to Germany ...
far away	 	http://www.flutetunes.com/tunes.php?id=206-Over the Hills and Far Away (Trad. English) - Free Flute ...	 Free sheet music for Over the Hills and Far Away (Sharpe's Rifles) by Traditional English, arranged for Flute solo. Free printable PDF score and MIDI track.
far away	 	http://saroneta93.tumblr.com/-Take me somewhere far away - Tumblr	 "We met at the wrong time. That’s what I keep telling myself anyway. Maybe one day years from now, we’ll meet in a coffee shop in a far away city somewhere and we ...
far away	 	http://yhst-81611447311311.stores.yahoo.net/masomofarawv.html-Make Someone Move Far Away, Voodoo Spell - USPSYCHIC.COM ...	 Spell Casting Title & Description Make Someone Move Far Away Voodoo Spell Casting or Spell Casting Kit Our Voodoo Spell Castings and Kits a re formulated for those ...
far away	 	http://www.dailymotion.com/video/x1751a_flock-of-seagulls-i-ran-so-far-away_music-Flock Of Seagulls - I Ran (So Far Away) - Video Dailymotion	 "I Ran (So Far Away)" by A Flock of Seagulls was a 1982 hit single in the United States. The song's lyrics address the anxiety associated with getting to ...
far away	 	http://www.gagirl.com/poetry/poetry20.html-Love Poem | Far Far Away - GAgirl - Georgia Girl's Love ...	 Far Far Away. When we're not together my thoughts drift alongside memories of you Things we've done the way you smile so brightly that helps me forget my worries
far away	 	http://tvtropes.org/pmwiki/pmwiki.php/Main/ALongTimeAgoInAGalaxyFarFarAway-Main/A Long Time Ago, in a Galaxy Far Far Away ...	 The A Long Time Ago In A Galaxy Far Far Away trope as used in popular culture, with a list of examples from all media.
far away	 	http://rpgmaker.net/games/2226/-A Home Far Away, an indie Adventure RPG game for RPG Maker ...	 A Home Far Away, an indie game made with RPG Maker 2003. Get downloads, images and news!
far away	 	http://yhst-81611447311311.stores.yahoo.net/masomofarawv.html-Make Someone Move Far Away, Voodoo Spell - USPSYCHIC.COM ...	 Spell Casting Title & Description Make Someone Move Far Away Voodoo Spell Casting or Spell Casting Kit Our Voodoo Spell Castings and Kits a re formulated for those ...
far away	 	http://www.poemhunter.com/poem/over-the-hills-and-far-away-3/-POEM: OVER THE HILLS AND FAR AWAY BY WILLIAM ERNEST HENLEY	 Over the Hills and Far Away - by William Ernest Henley. Where forlorn sunsets flare and fade On desolate sea and lonely sand, Out of the silence and the shade What is ...
far away	 	http://www.shazam.com/discover/artist/40032084/album/54133264-Cut Copy - Far Away	 Far Away Cut Copy Far Away. Far Away (Hercules & Love Affair Remix)
far away	 	http://www.dailymotion.com/video/x1751a_flock-of-seagulls-i-ran-so-far-away_music-Flock Of Seagulls - I Ran (So Far Away) - Video Dailymotion	 "I Ran (So Far Away)" by A Flock of Seagulls was a 1982 hit single in the United States. The song's lyrics address the anxiety associated with getting to ...
far away	 	http://www.cyberhymnal.org/htm/f/a/farfaraw.htm-Far, Far Away on Judea’s Plains - - NetHymnal ...	 Far, far away on Judea’s plains, Shepherds of old heard the joyous strains: Refrain. Glory to God, glory to God, Glory to God in the highest; Peace on earth, good ...
far away	 	http://www.cifraclub.com.br/avenged-sevenfold/so-far-away/-Cifra Club | SO FAR AWAY - Avenged Sevenfold (cifra com ...	 Avenged Sevenfold - So Far Away - aprenda a tocar com as cifras da música e a vídeo-aula do Cifra Club TV
far away	 	http://www.legacyofhope.ca/projects/we-were-so-far-away-We Were So Far Away | Legacy of Hope Foundation	 We Were So Far Away. Exhibition "We were far away from home, very far away; emotionally, geographically and spiritually.” Seeing a need to portray the unique Inuit ...
far away	 	http://www.indianahistory.org/teachers-students/hoosier-facts-fun/fun-facts/indiana-state-song-Indiana State Song — Indiana Historical Society	 On the Banks of the Wabash, Far Away, written by Terre Haute native Paul Dresser and dedicated to 14-year-old Mary E. South of Terre Haute, whom Dresser had never met ...
far away	 	http://www.4squarebadges.com/foursquare-badge-list/far-far-away-badge/index.html-Foursquare Far Far Away Badge - 4squarebadges.com	 How to get the far far away badge on foursquare.
far away	 	http://elanzafir.com/tag/far-away/-far away | Structured Daydreams	 Posts about far away written by Elan ... Is it hugging, or talking? Which one do you want to do till we die. Hugging or talking, walking or crawling…
far away	 	http://www.lyrster.com/youtube/iran-iran-so-far-away.html-iran iran so far away - YouTube results - Song Lyrics ...	 Here's the YouTube results list of all the videos containing the lyrics: 'iran iran so far away'.
far away	 	http://mp3clan.com/mp3/So_Far_Away._Crossfade.html-(7.86MB) So Far Away. Crossfade.mp3 Download (320Kbps)	 So Far Away. Crossfade Reviewed by So Far Away. Crossfade on 10-Jan-2015. (7.86MB) So Far Away. Crossfade.mp3 Download (320Kbps) Found! So Far Away.
far away	 	http://smallorfaraway.blogspot.com/-Small or far away?	 Small or Far Away Invented hundreds of years ago by clever Italians, the art of perspective revolutionised the world of fine art – changing its course forever.
far away	 	http://www.funtrivia.com/askft/Question92555.html-At sea level, how far away is the horizon?	 --simone--Distance to horizon In order to determine how far away the horizon is for any given observer, first determine how far above sea level the observer's eyes are.
far away	 	http://www.ledzeppelin.com/video/over-hills-and-far-away-promo-Over the Hills and Far Away (promo) | Led Zeppelin ...	 Led Zeppelin promo video for "Over the Hills and Far Away". From the official Led Zeppelin DVD (2003).
far away	 	http://www.capotastomusic.com/piano-sheet-music/easy/far-away-dream.pdf-Far Away Dream - Free sheet music - New PDF music scores ...	 Title: Far Away Dream Author: Peter Edvinsson Subject: free piano sheet music score Keywords: free piano sheet music easy pdf printable download Created Date
far away	 	http://www.time-for-time.com/nextbirthday.htm-Telling Time Activity ; how far away is my next birthday?	 How far away is your next birthday? Let's find out! Enter your date of birth
far away	 	http://www.ultimatearcade.com/game/shrek-skateboard-far-far-away-Shrek - Skateboard Far Far Away | UltimateArcade - Free ...	 Game Plays: 39304 Description FREE GAME! Here is your chance to choose a skateboard and rip through the streets of Far Far Away with Shrek, but watch out for ...
far away	 	http://www.graphicshunt.com/images/youre_too_far_away-1454.htm-Youre Too Far Away Images, Graphics, Comments and Pictures ...	 GraphicsHunt.com has all the best Youre Too Far Away images, pictures and Youre Too Far Away comments. Feel free to use your image search anytime. We promise to have ...
far away	 	http://www.amazon.co.uk/Here-Far-Away-Pentti-Sammallahti/dp/1907893261-Here, Far Away: Amazon.co.uk: Pentti Sammallahti ...	 Buy Here, Far Away by Pentti Sammallahti (ISBN: 9781907893261) from Amazon's Book Store. Free UK delivery on eligible orders.
far away	 	http://www.hymnsandcarolsofchristmas.com/Hymns_and_Carols/far_far_away_on_judeas_plains.htm-Far Far Away On Judea's Plains - Hymns and Carols of Christmas	 FAR, FAR AWAY ON JUDEA'S PLAINS. Words & Music: John Menzies MacFarlane (1833-1892). 1. Far, far away on Judea's plains, Shepherds of old heard the joyous strains:
far away	 	http://www.redbubble.com/shop/galaxy+far+away+posters-Galaxy Far Away: Posters | Redbubble	 High quality Galaxy Far Away related Posters by independent artists and designers from around the world. Also available as greeting cards, art prints, and ...
far away	 	http://www.guitarbackingtrack.com/play/dire_straits/so_far_away.htm-Dire Straits - So Far Away Free Guitar Backing Track	 Free guitar backing track for So Far Away by Dire Straits in MP3 format. Download it for free.
far away	 	http://www.kboing.com.br/avenged-sevenfold/1-1056315/-So Far Away - Avenged Sevenfold - Ouvir Música Ver A ...	 So Far Away - Avenged Sevenfold música para ouvir e letra no Kboing
far away	 	http://www.docstoc.com/docs/4320721/Far-Away---Original-David-Sides-Sheet-Music-Far Away - Original David Sides Sheet Music	 Far Away Arranged by David Sides Written by Chad Kroeger, Michael Kroeger Ryan Peake, Daniel Adair Performed by Nickelback With ...
far away	 	http://everything2.com/title/Over+the+Hills+and+Far+Away-Over the Hills and Far Away - Everything2.com	 a lullaby from Love-Songs of Childhood by Eugene Field, 1894. OVER THE HILLS AND FAR AWAY Over the hills and far away, A little boy steals from his morning play
far away	 	http://www.kboing.com.br/avenged-sevenfold/1-1056315/-So Far Away - Avenged Sevenfold - Ouvir Música Ver A ...	 So Far Away - Avenged Sevenfold música para ouvir e letra no Kboing
far away	 	http://www.guitarbackingtrack.com/play/dire_straits/so_far_away.htm-Dire Straits - So Far Away Free Guitar Backing Track	 Free guitar backing track for So Far Away by Dire Straits in MP3 format. Download it for free.
far away	 	http://www.docstoc.com/docs/4320721/Far-Away---Original-David-Sides-Sheet-Music-Far Away - Original David Sides Sheet Music	 Far Away Arranged by David Sides Written by Chad Kroeger, Michael Kroeger Ryan Peake, Daniel Adair Performed by Nickelback With ...
far away	 	http://everything2.com/title/Over+the+Hills+and+Far+Away-Over the Hills and Far Away - Everything2.com	 a lullaby from Love-Songs of Childhood by Eugene Field, 1894. OVER THE HILLS AND FAR AWAY Over the hills and far away, A little boy steals from his morning play
far away	 	http://www.redbubble.com/shop/galaxy+far+away+posters-Galaxy Far Away: Posters | Redbubble	 High quality Galaxy Far Away related Posters by independent artists and designers from around the world. Also available as greeting cards, art prints, and ...
far away	 	http://www.redbubble.com/shop/galaxy+far+away+framed-prints-Galaxy Far Away: Framed Prints | Redbubble	 High quality Galaxy Far Away related Framed Prints by independent artists and designers from around the world. Also available as canvas prints, metal prints, and art ...
far away	 	http://abcnotation.com/tunePage?a=trillian.mit.edu/~jc/music/abc/mirror/musicaviva.com/england/over-the-hills-far-away/0000-abcnotation.com | Over The Hills and Far Away - trillian ...	 The tune page for 'Over The Hills and Far Away' at abcnotation.com, with free sheet music, a playable midi sound file and the abc code - tune 0000 in the file ...
far away	 	http://www.faqs.org/qa/qa-10619.html-How far away is Euro Disney from Charles De Gaulle airport ...	 How far away is Euro Disney from Charles De Gaulle airport and what is the best way of getting there?
far away	 	http://www.liftupyoureyes.com/-Lift Up Your Eyes -	 So close, yet so far away! Ok, enough venting! The gas company has spent over a week installing a pipe on the exterior of our building.
far away	 	http://www.funtrivia.com/trivia-quiz/History/Czechoslovakia-1918-93-34046.html-Czechoslovakia 1918-93 Quiz - Czech - Fun Trivia Quizzes ...	 In 1938 Neville Chamberlain described Czechoslovakia as a far away country about which we know little. Test your own knowledge of the country and its history.
far away	 	http://www.hymnlyrics.org/lyricso/on_a_hill_far_away.html-On a hill far away - Hymnlyrics.org Hymn Center	 On a hill far away stood an old rugged cross, the emblem of suffering and shame; and I love that old cross where the dearest and best for a world of lost sinners was ...
far away	 	http://www.hymnlyrics.org/lyricso/on_a_hill_far_away.html-On a hill far away - Hymnlyrics.org Hymn Center	 On a hill far away stood an old rugged cross, the emblem of suffering and shame; and I love that old cross where the dearest and best for a world of lost sinners was ...
far away	 	http://www.hymnlyrics.org/lyricso/on_a_hill_far_away.html-On a hill far away - Hymnlyrics.org Hymn Center	 On a hill far away stood an old rugged cross, the emblem of suffering and shame; and I love that old cross where the dearest and best for a world of lost sinners was ...
far away	 	http://www.lyricsfreak.com/n/nickelback/far+away_20483035.html-Far Away Lyrics - Nickelback - LyricsFreak.com	 Lyrics to Far Away by Nickelback: This time, this place misused, mistakes / Too long, too late, who was I to make you wait? / Just one
far away	 	http://www.elyrics.net/read/t/tyga-lyrics/far-away-lyrics.html-FAR AWAY Lyrics - TYGA - eLyrics.net - Song Lyrics	 Tyga Far Away lyrics & video : [Chris Richardson] mhhhhhhh Walk a thousand miles Just to see her (see her) But she's far far away And I'd do anything just to see her ...
far away	 	http://www.wordreference.com/enfr/far%20away-far away - English-French Dictionary WordReference.com	 far away - traduction anglais-français. Forums pour discuter de far away, voir ses formes composées, des exemples et poser vos questions. Gratuit.
far away	 	http://videokeman.com/nickelback/far_away-nickelback/-Far Away – Nickelback - VideokeMan Lyrics	 Far Away – Nickelback This time, This place Misused, Mistakes Too long, Too late Who was I to make you wait Just one chance Just one breath Just in case there’s…
far away	 	http://www.vagalume.com.br/nickelback/far-away-traducao.html-Far Away (tradução) - Nickelback - VAGALUME	 Nickelback - Far Away (tradução) (música para ouvir e letra da música com legenda em português)! That I love you / I have loved you all along / And I miss you ...
far away	 	https://itunes.apple.com/us/album/far-away-feat.-chris-richardson/id436389524-iTunes - Music - Far Away (feat. Chris Richardson ...	 Preview songs from Far Away (feat. Chris Richardson) - Single by Tyga on the iTunes Store. Preview, buy, and download Far Away (feat. Chris Richardson) - Single for $ ...
far away	 	http://robertmunsch.com/book/from-far-away-From Far Away | The Official Website of Robert Munsch	 From Far Away started with this letter: To Robert Munsch I am a little girl. My name is Saoussan. I am seven years old. I am in grade two now.
far away	 	http://myfarawaygrandma.com/-My Far Away Grandma — By Deborah Riemer and Susan Sargent	 My Far Away Grandma. A read-aloud book in rhyme for all those Grandmothers, Grammas, Glammas, Nonnas, Savtas or grandmothers by any name, who long to tuck their ...
far away	 	http://www.theguardian.com/stage/2010/may/28/far-away-review-Far Away | Theatre review | Stage | The Guardian	 Absurdist horror ... Annette Badland and Eleanor Bailey as young Joan in Far Away by Caryl Churchill. Photograph: Donald Cooper Donald Cooper/Donald Cooper
far away	 	http://www.brainyquote.com/quotes/keywords/far_away.html-Far Away Quotes - BrainyQuote	 Far Away Quotes from BrainyQuote, an extensive collection of quotations by famous authors, celebrities, and newsmakers.
far away	 	http://www.facebook.com/FarAwayStables-Far Away Stables | Facebook	 Far Away Stables. 10,758 likes · 300 talking about this. Grab tickets to our going away show in Sydney here: bit.ly/FASGoingAwayShow
far away	 	http://shrek.wikia.com/wiki/Far_Far_Away-Far Far Away - WikiShrek - The wiki all about Shrek	 The Far Far Away sign. The Kingdom of Far Far Away is a fictional kingdom in Shrek 2, Shrek the Third, and Shrek Forever After. The kingdom is somewhat modeled after ...
far away	 	http://artists.letssingit.com/nickelback-lyrics-far-away-js7kk49-Nickelback - Far Away Lyrics - LetsSingIt	 Nickelback lyrics - Far Away: (so far away so far away), (been far away for far too long), (so far away so far away), (been far away for far too long), but you know ...
far away	 	http://www.lyricsfreak.com/d/dire+straits/so+far+away_20040684.html-So Far Away Lyrics - Dire Straits - LyricsFreak.com	 Lyrics to So Far Away by Dire Straits: Here I am again in this mean old town / And you're so far away from me / And where are you when the
far away	 	http://www.imdb.com/title/tt0230234/-A Galaxy Far , Far Away (2001) - IMDb	 Share this Rating. Title: A Galaxy Far, Far Away (2001) 5.5 /10. Want to share IMDb's rating on your own site? Use the HTML below.
far away	 	http://vimeo.com/16361729-Nickelback - Far Away on Vimeo - Vimeo, Your Videos Belong ...	 This is "Nickelback - Far Away" by roberto moraes on Vimeo, the home for high quality videos and the people who love them.
far away	 	http://www.ebay.com/sch/i.html?_nkw=avon+far+away+bella-avon far away bella | eBay - Electronics, Cars, Fashion ...	 Find great deals on eBay for avon far away bella avon far away. Shop with confidence.
far away	 	http://www.familyfriendpoems.com/poem/far-away-lover-Far Away Lover, Long Distance Love Poem - Family Friend ...	 I'm 15 years old and this poem is about my love for my boyfriend who lives far away. I miss him so much and love him so much that words will never be able to describe.
far away	 	http://www.fragrantica.com/perfume/Avon/Far-Away-Bella-17371.html-Far Away Bella Avon perfume - a new fragrance for women 2013	 Edition for women Far Away Bella offers a romantic composition which contains floral-fruity notes of Italian clementine and Chinese magnolia, spiced with a warm ...
far away	 	http://www.e-chords.com/tabs/nickelback/far-away-FAR AWAY Tab - Nickelback | E-Chords	 Far Away Tab by Nickelback Learn to play guitar by chord and tabs and use our crd diagrams, transpose the key and more.
far away	 	http://www.answers.com/Q/How_far_is_far_far_away-How far is far far away? - Answers - The Most Trusted ...	 This depends on your perspective. "Far far away" for an ant is a mile. A mile for you may not be that far away.
far away	 	http://www.izlesene.com/video/faydee-far-away/7413575-Faydee - Far Away | İzlesene.com Video	 Faydee - Far Away (Official Music Video) 2014 Faydee - Far Away (Şarkı Sözleri - Lyrics) Baby, I’m not what I used to be Nowhere, nowhere near the other me...
far away	 	http://www.lyrics.com/so-far-away-lyrics-avenged-sevenfold.html-Avenged Sevenfold - So Far Away Lyrics - Lyrics.com - your ...	 Avenged Sevenfold So Far Away lyrics: Never feared for anything Never shamed but never free A life that healed a broken heart With all that it could Lived a life so ...
far away	 	http://www.alandfaraway.org/-ALFA | A Land Far Away	 A land far away—a magical term that gives rise to mental images of exotic lands and exciting adventures. A land far away—the setting of countless fairy-tales and ...
far away	 	https://www.lyricinterpretations.com/tyga/far-away-Tyga - Far Away Lyrics Meaning - Lyric Interpretations.com ...	 But she’s far far away And I’d do anything just to see her face But she’s far far away Walk a thousand miles just to see her smile again [Tyga - Verse 1]
far away	 	http://www.lyricsmania.com/far_away_lyrics_tyga.html-Tyga - Far Away Lyrics - Lyrics Mania	 Tyga Far Away Lyrics. Far Away lyrics performed by Tyga: [feat. Chris Richardson] [Chris Richardson:] Just to see her (see her)
far away	 	http://www.caregiveraction.org/profiles/far-away/-Caregiver Action Network - I Live Far Away And I'm On The ...	 I Live Far Away And I'm On The Caregiving Team. More and more, family caregivers are facing the challenge of caring from afar. This is a result of more and more ...
far away	 	http://www.cifraclub.com.br/nickelback/far-away/-Cifra Club | FAR AWAY - Nickelback (cifra com vídeo-aula)	 Nickelback - Far Away - aprenda a tocar com as cifras da música e a vídeo-aula do Cifra Club TV
far away	 	http://coolcosmos.ipac.caltech.edu/ask/8-How-far-away-is-the-Sun--How far away is the Sun ? | Cool Cosmos	 The Sun is at an average distance of about 93,000,000 miles (150 million kilometers) away from Earth. It is so far away that light from the Sun, traveling at a speed ...
far away	 	http://www.songfacts.com/detail.php?id=6883-Far Away by Nickelback Songfacts - Song Meanings at Songfacts	 Far Away by Nickelback song meaning, lyric interpretation, video and chart position
far away	 	http://www.nickelback-songs.com/song/Far-Away/4434764-Nickelback Far Away | Nickelback Far Away free download	 Read Nickelback Far Away lyrics and listen to Far Away. Nickelback Far Away free mp3 download
far away	 	http://farfarawayalbum.bandcamp.com/album/far-far-away-Far Far Away | Dainumo, Jeesh, P.SUS, Pogo	 Far Far Away by Dainumo, Jeesh, P.SUS, Pogo, released 04 May 2012 1. P.SUS - A Long Time Ago 2. Dainumo - Light Speed 3. Jeesh - Sky Walking 4. Pogo - Yoda Yodel 5.
far away	 	http://www.hymnlyrics.org/lyricso/on_a_hill_far_away.html-On a hill far away - Hymnlyrics.org Hymn Center	 On a hill far away stood an old rugged cross, the emblem of suffering and shame; and I love that old cross where the dearest and best for a world of lost sinners was ...
far away	 	http://www.hymnlyrics.org/lyricso/on_a_hill_far_away.html-On a hill far away - Hymnlyrics.org Hymn Center	 On a hill far away stood an old rugged cross, the emblem of suffering and shame; and I love that old cross where the dearest and best for a world of lost sinners was ...
far away	 	http://www.hymnlyrics.org/lyricso/on_a_hill_far_away.html-On a hill far away - Hymnlyrics.org Hymn Center	 On a hill far away stood an old rugged cross, the emblem of suffering and shame; and I love that old cross where the dearest and best for a world of lost sinners was ...
far away	 	http://www.hymnlyrics.org/lyricso/on_a_hill_far_away.html-On a hill far away - Hymnlyrics.org Hymn Center	 On a hill far away stood an old rugged cross, the emblem of suffering and shame; and I love that old cross where the dearest and best for a world of lost sinners was ...
far away	 	http://www.hymnlyrics.org/lyricso/on_a_hill_far_away.html-On a hill far away - Hymnlyrics.org Hymn Center	 On a hill far away stood an old rugged cross, the emblem of suffering and shame; and I love that old cross where the dearest and best for a world of lost sinners was ...
far away	 	http://www.hymnlyrics.org/lyricso/on_a_hill_far_away.html-On a hill far away - Hymnlyrics.org Hymn Center	 On a hill far away stood an old rugged cross, the emblem of suffering and shame; and I love that old cross where the dearest and best for a world of lost sinners was ...
far away	 	http://www.hymnlyrics.org/lyricso/on_a_hill_far_away.html-On a hill far away - Hymnlyrics.org Hymn Center	 On a hill far away stood an old rugged cross, the emblem of suffering and shame; and I love that old cross where the dearest and best for a world of lost sinners was ...
far away	 	http://www.hymnlyrics.org/lyricso/on_a_hill_far_away.html-On a hill far away - Hymnlyrics.org Hymn Center	 On a hill far away stood an old rugged cross, the emblem of suffering and shame; and I love that old cross where the dearest and best for a world of lost sinners was ...
far away	 	http://www.hymnlyrics.org/lyricso/on_a_hill_far_away.html-On a hill far away - Hymnlyrics.org Hymn Center	 On a hill far away stood an old rugged cross, the emblem of suffering and shame; and I love that old cross where the dearest and best for a world of lost sinners was ...
