first week in	 	url	Majora‚Äôs Mask sold about 230,000 copies in its first week in Japan http://wp.me/po8S0-hVt
first week in	 	url	First week in the can #PiratesoftheCaribbean
first week in	 	url	We finish our first week in the #EUCS with a perfect record! GG to @followGamers2 and see you everyone next Wednesday against @ReasonGaming.
first week in	 	url	[Blogged] Foodie in Panama - First week in fruits & veggies paradise + meeting #Panam√°Vegano http://www.food.vanevalentine.com/foodie-panama-week-1-fruits-veggies-paradise-panamavegano/ ‚Ä¶ ~ #PanamaFoodie
first week in	 	url	USF women lose to East Carolina to end first week in Top 25. http://tbtim.es/e94  #USF @USFWBB @ECUWomensHoops
first week in	 	url	.@USFWBB loses to East Carolina to end first week in Top 25 via @TBTimes_Sports http://fw.to/enGC1fU
first week in	 	url	Taking the rough with the smooth. My first week in Lakeland. http://instagram.com/p/zKZ2QriQfh/
first week in	 	url	Life in the slow lane at the end of our first week in Burma http://ift.tt/1DXL0Hz
first week in	 	url	SSBBW Yummy Yulia: 'First Week in the Business' (The Movie) http://c4s.com/88678/12968652  #FAT via @c4supdates
first week in	 	url	Fifty Shades of Grey. Viewers: 3.8/10 on IMDB, Critics: 26% on @RottenTomatoes. Made $81M first week in US alone.
first week in	 	url	Dying Light Sales Top 400K First Week in the US: The zombie survival horror game Dying Light hit sto... http://bit.ly/1L2gBK8  #VGChartz
first week in	 	url	Photo: Day 595 : Starting our first week in Psychiatric Ward~ Hope everything goes well & I won‚Äôt be... http://tmblr.co/ZJa75y1dVgP3Z
first week in	 	url	Well done on completing your first week! How was your first week in the #ynb12wc challenge? #whatsyourstory... http://fb.me/3DZ3PiiRF
first week in	 	url	First week in the new flat complete and we haven't killed each other yet #newhouse #itsreallove‚Ä¶ http://instagram.com/p/zIs_uQCxIq/
first week in	 	url	Just finished our first week in the studio. Listening to first tracks in the car! Feelin real good about this one! http://www.pledgemusic.com/projects/jimkata ‚Ä¶
first week in	 	url	Taking it all in - It‚Äôs been a great first week in Austria. A lot to take in, especially after a quick... http://tmblr.co/ZP1YMl1dTryKL
first week in	 	url	First week in Europe with debeka complete! Good time riding his home resort today. Time to hit the‚Ä¶ http://instagram.com/p/zIbRbjgvlQ/
first week in	 	url	We survided our first week in our new apartment, now onto planning for the next one. Good thing we‚Ä¶ http://instagram.com/p/zHeZRonQ3_/
first week in	 	url	Within her first week in Paris, this model was booked for 25 shows‚Äîa record for a newcomer http://bit.ly/1bB8Me6  #waxmuseum
first week in	 	url	Dota 2 - My first week in review http://www.criticallysimple.co.uk/2015/02/dota-2-first-week-review/ ‚Ä¶ #dota2
first week in	 	url	First week in the new Titan Velocity suit, always rough but that's no reason to put on some real‚Ä¶ http://instagram.com/p/zHEeWlpu4l/
first week in	 	url	Our first week in California has been amazing. I love it here so far, and I'm looking forward to the next few years!
first week in	 	url	Drake projected to sell 500k first week in only 3 days based just off digital sales http://rss2twi.com/link/HipHopReddit/?post_id=9066326 ‚Ä¶
first week in	 	url	Drake projected to sell 500k first week in only 3 days based just off digital sales via #hiphopheads http://ift.tt/1F6zyL2
first week in	 	url	USS Ranger Pulling Out First Week in March | http://Military.com  http://www.military.com/daily-news/2015/02/13/uss-ranger-pulling-out-first-week-in-march.html ‚Ä¶
first week in	 	url	USA Military USS Ranger Pulling Out First Week in March: The mothballed aircraft carrier USS Ranger will ... http://mil-com.me/1yyf8m3  News
first week in	 	url	Catch up on Colleen & Tess' first week in India on our Instagram feed - http://bit.ly/1vInfSk  #anchaltravellogue
first week in	 	url	@MatthewVit32 Will be available the first week in March, which is the same as when the club will be shipping them.
first week in	 	url	Drake projected to sell 500k first week in only 3 days based just off digital sales http://ift.tt/1F6d3pD  #KonvictMuzik #HipHop
first week in	 	url	USS Ranger Pulling Out First Week in March: The mothballed aircraft carrier USS Ranger will... http://bit.ly/17tZrqL  via@Militarydotcom
first week in	 	url	#bestoftheday #crazy http://twtly.com/q7f  The White House's National Security Strategy (NSS) was unveiled the first week in February, t‚Ä¶
first week in	 	url	#RLMG Drake projected to sell 500k first week in only 3 days based just off digital sales http://ow.ly/2UDDds  http://fb.me/7rk91Sn1D
first week in	 	url	My talented wife wrote a lil blog on our first week in J√©r√©mie, #Haiti http://buff.ly/1Emot4Q
first week in	 	url	Pain first week in gym grinding hard for dem gains its taking all my energy but worth every drop of‚Ä¶ http://instagram.com/p/zDMDcJS-RI/
first week in	 	url	Fkod Shirts Will Be Here First Week In March!
first week in	 	url	Great first week in Floripa, greqt to be helping out @DesterroRugby with training and moving forward! @premrugby
first week in	 	url	Enter the unJURIED show the first week in March! Read the details here. http://www.valleyarts.org/artists-resources/ ‚Ä¶ http://fb.me/1waL4Yfhi
first week in	 	url	Todays @ED_Regio featuring @WithLocals . Our first week in The Netherlands is a very good one.
first week in	 	url	Hoped to have this filmed b4 the move but snow days interfered. Will be posted by end of first week in new school!
first week in	 	url	Good first week in Ondo we Thank God! Back in Gidi wats the wknd sayin!?üí®üí®üí®üí®üí®üí®üí®üí®üí®üí®üí®üí®üí®üí® http://instagram.com/p/zCkqPWov0M/
first week in	 	url	Emergency admissions via English A &Es at 76,657, hihgest since first week in Jan
first week in	 	url	So a friend made a cake to celebrate my first week in parliament - I'm the pony, the rest is pretty self-explanatory!
first week in	 	url	Along with a week of musical training, this week marks the first week in office for our new Band Sergeant Major,... http://fb.me/77dOugg6l
first week in	 	url	Tomorrow's expected high of 76 degrees is the average high for the first week in April. #vegas
first week in	 	url	#tbt my first week in NYC in 2007 with my bff for life missadina1 #loveyou http://instagram.com/p/zBZqkbRgEe/
first week in	 	url	The Hope Gala is the first week in March (March, 7, to be exact). The staff here are working hard to make sure it... http://fb.me/6qfZ79YM4
first week in	 	url	What a mob!!!! Nasty end to a high-stakes first week in Parliament http://www.afr.com/p/national/politics/nasty_end_to_high_stakes_first_week_2K1fSF3s7W0jDzj64phJuO ‚Ä¶ #Nasty politics Australia
first week in	 	url	Good feedback on the #AllAboveBoard script - looking to film the first week in May if you're free #SupportIndieFilm
first week in	 	url	Nasty end to a high-stakes first week in Parliament http://www.afr.com/Page/Uuid/e474891a-b283-11e4-9bd5-1ec0f00e6dbe ‚Ä¶
first week in	 	url	First Impressions - Jayne, Women's Empowerment, India "Hi guys! My first week in India working in the women's... http://fb.me/6u7Hljy7B
first week in	 	url	The controversial film The Interview has taken more than ¬£283,000 in its first week in UK cinemas.
first week in	 	url	Carlisle: First week in march having a cross-service CAS summit. Think A-10 gets mentioned? #AWS15
first week in	 	url	Island athletes leave today for first week in British Columbia: The wait is almost over. Team P.E.I.'s athlete... http://bit.ly/19bGsl4
first week in	 	url	Heading to Florence in a few hours, first week in Prague was unbelievable. On to the next city
first week in	 	url	As of Feb, 10 2015 #1 on the Top Jazz Adds Chart, first week in promotions. @kamaruby #jazz @RayZepedaMusic
first week in	 	url	@DFranks24 training camp start May 17, start playing first week in June!
first week in	 	url	News: Angoon Eagles win first hometown tournament in more than 20 years: At the end of the first week in Febru... http://bit.ly/1IWT9QU
first week in	 	url	In her first week in our gym session in January,1 of the awesome ladies I train- Pam - told me she didn't think... http://fb.me/71so8x9wj
first week in	 	url	Reminded Spring / Summer baseball make up tryouts are tonight Basketball Tryouts first week in March. All... http://fb.me/7UOJ1KJot
first week in	 	url	Don't forget tonight is the first week in our series "Play It" if you like Scrabble then you'll have‚Ä¶ http://instagram.com/p/y-WBavjfiV/
first week in	 	url	@DerekLansing Those flights are not operating after the first week in March. We will still have one flight each day though. -Krista
first week in	 	url	I love the smell of fixer in the morning! First week in the darkroom for my Photo I students. http://instagram.com/p/y9tGZDuMZX/
first week in	 	url	Just started writing my new book "COP KILLER" sooo excited should be published first week in June or sooner B4N XX
first week in	 	url	WOW Wednesday: First week in the studio has been WOW!! Thankful for all the support and excitement around seeing... http://fb.me/4pCfMCXuY
first week in	 	url	Tomorrow, our League of Legends division are looking to redeem themselves after a shaky first week in the OPL.... http://fb.me/7eqzqHQjT
first week in	 	url	Survive Your First Week in Udemy (Instructor Growth Hacking) by Gobala Krishnan http://snip.ly/ZTOp  via @udemy
first week in	 	url	#tb to our first week in college, when the lady at the hookah lounge tried to poison us üò≠ http://instagram.com/p/y8m4DxtB2H/
first week in	 	url	Such a great first week in 202 !! Just loving my new space !! Can't wait for the rest of my clients to enjoy our... http://fb.me/6VMM8PmEa
first week in	 	url	This is the first week in month 2 of insanity max:30 and I just keep maxing out, over and over again. But if I... http://fb.me/4PzChk3t0
first week in	 	url	Decided to write a blog about my first week in Korea.http://www.teamliquid.net/blogs/477844-pengwins-trip-to-korea-part-1 ‚Ä¶ @eS_performance
first week in	 	url	Let @NanyMTV and @MTVBananas recap their first week in the EXile house. https://m.youtube.com/watch?feature=youtu.be&v=5JLV6eoRrA4&a= ‚Ä¶ #TheChallengeBattleOfTheExes2
first week in	 	url	#CUNYJ15 student Chauncey Alcorn covered Speaker Heastie's reflection on his first week in the role for @NYDailyNews. http://buff.ly/1z2rgNk
first week in	 	url	Premier #dance scholar Stephanie Jordan of @RoehamptonUni will join us for two talks the first week in March: http://bit.ly/1ATtrbx .
first week in	 	url	Understanding Anorexia Treatment: What to Expect During the First Week in Residential Treatment: http://ow.ly/IIJzF
first week in	 	url	Want to find out how does the first week in a new #country look like? Check out here! http://ow.ly/IO8P4  #travel
first week in	 	url	We've had an amazing first week in #BishopStortford, thank you so much to everyone for making us feel so welcome! #NewHome
first week in	 	url	Rutgers Men‚Äôs Lacrosse and the Big Ten: First week in the books http://dlvr.it/8TmYGB
first week in	 	url	Are you following the Fun Mom 28 Day Challenge? If so, Lindsey shares her first week in review. http://fb.me/1LDCd7Gx2
first week in	 	url	QUOTES: Steve Bruce has hailed the impact made by Mike Phelan in his first week in the role of assistant manager
first week in	 	url	Rutgers Men's Lacrosse and the Big Ten: First week in the books http://bit.ly/16Os29c  #lax
first week in	 	url	GERMAN SHORTHAIR POINTER PUPPIES: These puppies were born Feb 3rd and will be ready to go the first week in Ap... http://bit.ly/1796d4Y
first week in	 	url	Going to Ouagadougou, Burkina Faso first week in March!! I'm peeing on myself and it feels kinda okay!! #currentmood
first week in	 	url	Top running by our #Jantastic team once again for the first week in February - we're still number 1!
first week in	 	url	So I lost a few pounds...the fat shamrock on the left was the first week in October. Pic on the right‚Ä¶ http://instagram.com/p/y6CJVCw_sT/
first week in	 	url	First week in Madrid! First impressions. - America Davila - Wow, I can‚Äôt believe that I am actually here! I... http://tmblr.co/ZcB9zp1d0BRe2
first week in	 	url	My hair is FINALLY grown out! I cut it shortshort (like one inch on top) for the last time the first week in August‚Ä¶ http://wp.me/pj3QC-SD
first week in	 	url	Jorma Kaukonen First Week In SD Done‚Ä¶ Another Begins - Last week I shared the teaching and an impromptu show on Th... http://ow.ly/2Ut6wu
first week in	 	url	Watch the first week in our new sermon series, "The Seven Signs of Jesus of Nazareth" http://youtu.be/Q0yjLlOCidU
first week in	 	url	Mcm goes out to this guy in honor of his first week in Australia. Thanks for being such an awesome big‚Ä¶ http://instagram.com/p/y5X08pl6HT/
first week in	 	url	Tales of Zestiria Sales Top 333K First Week in Japan: The 15th installment in the RPG Tales franchis... http://bit.ly/1757VV4  #VGChartz
first week in	 	url	First Week In SD Done‚Ä¶ Another Begins: Last week I shared the teaching and an impromptu show on Thursday night... http://bit.ly/1uwrD6a
first week in	 	url	I. and her daughter their first week in New York. I. fled Honduras and abhorrent violence for a new‚Ä¶ http://instagram.com/p/y5EX0Kxooc/
first week in	 	url	Where will cream of the crop search marketers be the first week in March? Why, @SMX West, of course! http://selnd.com/1ESB0AN
first week in	 	url	This warm weather better make its way to Florida by the first week in March.
first week in	 	url	Looks like last week was the first week in 90 days EUR bounced back a little after a steep dive. #fb
first week in	 	url	FM: Disability Employment the Focus of First Week in February http://news.wfsu.org/post/disability-employment-focus-first-week-february ‚Ä¶
first week in	 	url	Here's a quick writeup on my first week in the classroom. Hope you enjoy it! #AussieEd #edchat http://benduggan.com.au/2015/02/09/my-first-week-of-teaching/ ‚Ä¶
first week in	 	url	Hey friends come say hi to us at the @VanWebFest the first week in March! We screen Saturday, March 7th: https://www.youtube.com/watch?v=NyqEh_3D0F4 ‚Ä¶ #RoadTrip
first week in	 	url	We had a great first week in our new location!!! Thanks to all the lovely clients that stopped by!!‚Ä¶ http://instagram.com/p/y3wWZwxlYt/
first week in	 	url	How seniors be with the freshmen first week in the dorms
first week in	 	url	I'll be back at Palazzio in Austin the last weekend in Feb and the first week in March. Happy Hour is always a... http://fb.me/7M4jFHeTW
first week in	 	url	The first week in April will be the worst week of my life.
first week in	 	url	My first week in LA started with a film premiere and ends with a Grammy after-party, gone is the hermit of old.
first week in	 	url	Had a great first week in DECA at states! Guess who's heading to nationals!!!! #DU_DECA
first week in	 	url	My first week in the UN! Amazed about amount of challenges and energy to face them with leadership and engagement!
first week in	 	url	Route 66 is ON AIR NOW! This is the first week in our new time slot of Sunday 6-8. Join me for some rock & blues! http://Pureradio.org.uk
first week in	 	url	It's the end of the first week in February, and this same thing happened last year. Wyatt and I have a lemon tree... http://fb.me/1Xk5DloNv
first week in	 	url	Wow, is it really the first week in Feb! Quite warm walking on the #beach today! #Northumberland @itvweather
first week in	 	url	Our first week in our new time of 11 AM CT on JDX1029 / JDX1029 "revisited". Exciting stuff, y'all!!!!! [thanx... http://fb.me/2Wl3rm7M4
first week in	 	url	First week in the new apartment: I'm thrilled to have a jewellery drawer, the food is colourful and the view amazing.
first week in	 	url	Enjoying a brewski with some of the zhivagomusical cast after our first week in Russia! Ready for a‚Ä¶ http://instagram.com/p/y1HN5_vfMN/
first week in	 	url	It's the end of the first week in February, and with so much snow in the Boston/New England region,‚Ä¶ http://instagram.com/p/y0_QwbAB1k/
first week in	 	url	Looks like Carlitaly is has had a fantastic first week in Italy @CarliHolbrook
first week in	 	url	Huge Congrats to Tina Cook for hitting VIP800 in her first week in biz! This is just the beginning for you... http://fb.me/1ODx42w09
first week in	 	url	First week in the books! Had a great series! Have three weeks to iron out some wrinkles before Feb 28th opener vs Moriarty at VHS! #bethere
first week in	 	url	Hard to believe it's the first week in February!! 73 glorious degrees in Denver! Hiking, sunshine,‚Ä¶ http://instagram.com/p/y0SQMsBZr1/
first week in	 	url	Come first week in February they said. It will be "off season" they said....
first week in	 	url	@Cinema_Detroit @macman_828 first week in April -- either the 2nd or the 7th.
first week in	 	url	Winter Doldrums come with 103" of snow by the end of the first week in February. http://robinfollette.com/winter-doldrums/ ‚Ä¶ via @robinsoutdoors
first week in	 	url	Disability Employment the Focus of First Week in February - WFSU | @scoopit http://sco.lt/86LD3R
first week in	 	url	My first week in D.C. has been amazing! Here's a blog post about it: https://ericatakesdc.wordpress.com/2015/02/07/week-one/ ‚Ä¶
first week in	 	url	Today marks the first week in nearly five years that I am not employed at Westlake Ace Hardware. üôâ http://instagram.com/p/yzi1Fpo2-h/
first week in	 	url	By the first week in February, most people who make resolutions have already lost their resolve. Sadly, pests... http://fb.me/2OMauiUI5
first week in	 	url	First week in the new town theres a blizzard and now this @DEruzione4 must be home for the weekend #golfcarts
first week in	 	url	Hey there stranger, why so cold?! Amando el sol, cada d√≠a... Pretty cold and cloudy this first week in‚Ä¶ http://instagram.com/p/yzUqXilYOW/
first week in	 	url	Just been out for a drive and saw some lambs and it is the first week in February
first week in	 	url	The Exeter Team http://bit.ly/1ENNg5A  are now taking shape after their first week in training at Jade HQ #BuiltByJade #Exeterfittingteam
first week in	 	url	"@sammies1718: First week in Austrailia #StillAlice over Half a million üòâ http://www.urbancinefile.com.au/home/boxoffice.asp ‚Ä¶"@shruburbia @hebasaadnasr
first week in	 	url	And so ends my first week in L.A.. Auditions, self tapes and dinner with some awesome people!
first week in	 	url	Luxury Real Estate Headlines: First Week in February 2015 - Sotheby's International Realty http://rightrelevance.com/tw/luxurryre/d2dfd46fd3a8d8e94e8b3bfb54b79bfae272e3ab/luxury%20real%20estate/luxury%20real%20estate ‚Ä¶
first week in	 	url	Thoughts on my first week in the Assembly http://eepurl.com/bdB_b5
first week in	 	url	The first week in my first commission only job went well and it's a product that I know inside and out as well as... http://fb.me/3XxlmUmOh
first week in	 	url	You know what gets me curious... why is Signing Day the first week in Feb.? Shouldn't it be when school is out... http://fb.me/3CbvKf3dU
first week in	 	url	My first week in the ad industry was celebrated by purchasing my first desk toy #scarletwitch bobble‚Ä¶ http://instagram.com/p/yyJVfox7ZQ/
first week in	 	url	For those interested in trying out P90X here is my schedule for the first month! I did my first week in the... http://fb.me/2YWoEnbQl
first week in	 	url	Important info from Riviera magazine, the third of its kind that I have received in my first week in the neighborhood
first week in	 	url	First week in the new store - looking amazing! We are still hiring, come by 221 University Ave and apply today! http://Target.com/careers  #jobs
first week in	 	url	Luxury Real Estate Headlines: First Week in February 2015 - Sotheby's International Realty |... https://lnkd.in/e8p8HBg
first week in	 	url	@samkillen26 first week in march
first week in	 	url	#cmgg 1.305.741.0741 Luxury Real Estate Headlines: First Week in February 2015 http://ow.ly/2UmAYY
first week in	 	url	Congrats new int'l students on completing first week in SD61. Busy 4 days orientation & first day of school today.
first week in	 	url	First week in the books. More excited than overwhelmed. Big things ahead at @sanfordhealth. http://instagram.com/p/yxwi_zOzTy/
first week in	 	url	The first week in a new job is more than just an orientation. It's a career springboard. How to take advantage: http://buff.ly/1KouiCO
first week in	 	url	Well, survived my first week in the entertainment world. Wrote about new releases today. Check it out http://www.tribute.ca/news/index.php/weekend-action-packed-with-new-releases/2015/02/06/ ‚Ä¶
first week in	 	url	First week in our brand new showroom is a fact! ‚úåÔ∏èHappy Weekend ‚ù§Ô∏è http://fb.me/3A9dqTmIU
first week in	 	url	Dram of @OldPulteneyMalt 21yo to celebrate first week in new job. Last tried this at distillery with a motley crew...
first week in	 	url	Are you in #GranCanaria the first week in March? Head to our neighbouring village Arguineguin for Carnival! The... http://fb.me/33Jrh8ojD
first week in	 	url	First week in the books with Hillyard Inc. Excited for what the future has in store, I think the sales gig will... http://fb.me/78YlN5Ba1
first week in	 	url	First week in Spain going well organising books signings but fabulous interview with Polly for El Sur in English... http://fb.me/28MIn4lxM
first week in	 	url	Celebrating the end of my first week in my new job with a cheeky glass of red!
first week in	 	url	GLTi is seeking 750 - 4" pots of mature herbs and leafy greens for first week in March in the LA California area. Co‚Ä¶http://agreenroof.com
first week in	 	url	Luxury Real Estate Headlines: First Week in February 2015: Highlights from this week‚Äôs top news stories on lux... http://bit.ly/1Ko6IpK
first week in	 	url	Photo: #TGIF and the weekend is just around the corner: Has been quite an interesting first week in my new... http://tmblr.co/ZxUpux1chzBM9
first week in	 	url	Hello Everyone, we are launching our Club Members Monthly Darw this month which will commence the first week in March
first week in	 	url	Sun starting to set on the first week in the new work location. Got so much done. So much focus here.
first week in	 	url	Celebrating the first week in @GenesisMediaNY's new office with a little @DoughnutPlantNY action #startup #adtech
first week in	 	url	Post #Spinning class action. First week in February down. :) http://instagram.com/p/yxBY0vzLU5/
first week in	 	url	She quit Facebook first week in college, but blogs about Japanese animation.
first week in	 	url	This is my happy first week in London/finishing early on Friday celebratory lunch. That salad was‚Ä¶ http://instagram.com/p/yw3EJIyqR8/
first week in	 	url	Alhamdulillah done with the first week in PWC. It is now official working in International Tax‚Ä¶ http://instagram.com/p/yw1pWyxH3C/
first week in	 	url	Have had a great first week in our new office at @ICTC_CTIC w @LindsayMMcPhee
first week in	 	url	Le Monde Afrique's first week in review on the editors blog @ldreyfus http://blog.wan-ifra.org/node/15663  #Africa
first week in	 	url	Marta has really enjoyed her first week in North Ormesby
first week in	 	url	Provincial Grand Master‚Äôs diary for December 2014: The first week in December was a busy one as I was out four... http://bit.ly/16LI83Z
first week in	 	url	We are at the end of the first week in February 2015 the excitement and anticipation for a month of some great busin‚Ä¶https://lnkd.in/dfc6WqK
first week in	 	url	A little dose of brag won't hurt. God is so great that on my first week in ops, I had a commendation‚Ä¶ http://instagram.com/p/yv3SljP-UY/
first week in	 	url	It's been a beautiful first week in Sydney and this was my first trip to Bondi. Looking forward to a‚Ä¶ http://instagram.com/p/yvxTL3RlS5/
first week in	 	url	Our new Pres/CEO, Milan Kucerak, wraps up our meeting tonight and (almost) his official first week in his new role.
first week in	 	url	So, team, how has your first week in the #ChangeofHeart Challenge been? http://ow.ly/IAdgz
first week in	 	url	First week in Washington. Lil bro @stustiles13 had me on all typa adventures lol.. #GoodTimes http://instagram.com/p/yveSyDHC9k/
first week in	 	url	First week in and it's go, go, go! #Repost daisykateleaver „Éª„Éª„Éª Cannot wait to show you the video‚Ä¶ http://instagram.com/p/yvPlEaHdAK/
first week in	 	url	#tbt to before "czech me out" got old / my first week in Praha @ in czech http://instagram.com/p/yvLL2OFZNG/
first week in	 	url	Supt. @joy4ok sits down with @keatonfox to discuss her first week in office and big changes she plans to bring to #oklaed at 5!
first week in	 	url	Well, wrapping up my first week in ATL, still unemployed... May as well try to pitch a few sitcom‚Ä¶ http://instagram.com/p/yvDXOgP-h_/
first week in	 	url	The first week in Feb is always busy for interviewing. I for one am shattered with many more to come! #jobtalk
first week in	 	url	First Week in February and there isn‚Äôt any baseball in the Valley for two more weeks. http://tmblr.co/Zk3Htu1ccv_D4
first week in	 	url	Thanks for popping in today @ExeterBrewery...we'll have #FraidKnot on tap the first week in March #PorkScratchings
first week in	 	url	Rompers and plaid, I'm in love! A recap of our first week in a new place and this look on the blog. {Link in profile}
first week in	 	url	#tbt my first week in my new home......as you can see I'm not shy at all!
first week in	 	url	End of the first week in second semester just got me like üò•üò•üò• "can I ask for study leave? Then‚Ä¶ http://instagram.com/p/yuE5Euvxor/
first week in	 	url	There's a new post on the blog, all about our first week in Australia. Which has been incredible.‚Ä¶ http://instagram.com/p/ytpSF7od4f/
first week in	 	url	New travel post: our first week in Australia, covering the Top End to Red Centre http://wp.me/p4HyeI-2kx
first week in	 	url	First week in March is Bath's Literature Festival. Proud to be a part of such a great line up: http://issuu.com/bathfestivals/docs/2015_bath_literature_festival_progr ‚Ä¶ @Bathfestivals
first week in	 	url	#texas#houston#memories#18monthsago It was the my first week in U.S.A.. I just was trying to teach‚Ä¶ http://instagram.com/p/ytW-ngL8-9/
first week in	 	url	It's been a great year so far- it's only the first week in February and we've had a handful of settlements. Congrats‚Ä¶https://lnkd.in/dYWY7ZA
first week in	 	url	everything is new again! Our first week in the new space 151 Vermont Street: http://youtu.be/EgUmIZmF6g0?a  via @YouTube
first week in	 	url	everything is new again! Our first week in the new space 151 Vermont Street - Drop by & say 'hi'!
first week in	 	url	If you are free the first week in August, we would love to have you at NHB - applications are open at... http://fb.me/7jqKZ4fFD
first week in	 	url	First Week In Barcelona #studyabroad #generationstudyabroad http://ow.ly/ItMiX  http://fb.me/1WU8q7gHl
first week in	 	url	my first week in an anglophone kitchen while the rest of the world is mired in PC debates is kind of hilarious
first week in	 	url	NEW Open Europe Berlin Blog: The "Works and Days" of #Syriza first week in power. By Gregory Papanikos http://shar.es/1o5ELF  via @wohlgemu
first week in	 	url	Virtual event created to send a message to Washington D.C. to help STOP BULLYING! The first week in March, we are... http://fb.me/1tYVxWFie
first week in	 	url	Not looking to bad, for the first week in February !!! #Millwall #grass #green #lights
first week in	 	url	We return to Culver Square Shopping Centre the first week in March,Thursday to Sunday. #colchester #essex... http://fb.me/77Dl3YzMx
first week in	 	url	Here are the notes for the First week in the RESET Journey which started on Jan 5th. I shall be updating/... http://fb.me/2E0yfUuZ1
first week in	 	url	Congrats to my homie jordanwaldo for getting car qualified in his first week in MYNT. Super grateful‚Ä¶ http://instagram.com/p/yqjrD-yqfz/
first week in	 	url	Our First Week in Turkey http://bit.ly/16jo0p6  via @almostfearless
first week in	 	url	Our First Week in Turkey: It‚Äôs strange because I just remember the last week in Istanbul being full of back p... http://bit.ly/1HWNU35
first week in	 	url	Congrats to @NeedWantInc! First week in their new office and the next chapter in #downtownstl. Photo by @digit.
first week in	 	url	Thanks to everyone who came in one our first day! Here's to a great first week in our new location! Remember... http://fb.me/6YZ64XZ3y
first week in	 	url	Our First Week in Turkey // a few sweet stories in here too http://almostfearless.com/our-first-week-in-turkey/ ‚Ä¶
first week in	 	url	Come to Preston G&S Society production of "The Pirates of Penzance" during first week in March at Playhouse, Preston https://www.ticketsource.co.uk/prestongass
first week in	 	url	first week in Italy had me liiiikeeee
first week in	 	url	Read about CE Artist in Residence Joseph McGovern's first week in the CE studio on the blog. http://ow.ly/IrF1n
first week in	 	url	Salmond; first week in Westminster.
first week in	 	url	First week in of clean eating, doing well! #fitfam @BulkPowders üí™
first week in	 	url	First week in Spain done-my first impressions of my dream winter of #cycling in #Spain with @MetaBikeCafe CicloBlog http://www.ciclocostablanca.com/en/news/helen-russell-s-blog-update-back-in-spain-22.html ‚Ä¶
first week in	 	url	New Kettlercise courses start this month - Book ASAP to secure your place. Also starting the first week in March... http://fb.me/3xvdUpZYd
first week in	 	url	Xbox One Flops in Japan, But the PS Vita Can Save It: On its first week in Japan it sold over ... http://bit.ly/1x7Gyyr  #blackmannrobin
first week in	 	url	Elf baked highlighter. Bbm 799FB763 Any order placed from today would be shipped first week in‚Ä¶ http://instagram.com/p/ypWtH6LQ7Q/
first week in	 	url	Market Radar for first week in February looking for more pullback but a great opportunity https://www.youtube.com/watch?v=P5Z0M1J9_bk ‚Ä¶ @stocks #stockaction #es_F
first week in	 	url	A short article written by Chris about our first week in the Cognicity Challenge at Canary Wharf. All going well... http://fb.me/4rYJJwwIP
