hour before closing	 	http://www.tripadvisor.com/ShowUserReviews-g58536-d4226888-r245009143-Mizu_Sushi_and_Roll-Kennewick_Tri_Cities_Washington.html-1/2 off 1 hour before closing! - Review of Mizu Sushi and ...	 Mizu Sushi and Roll: 1/2 off 1 hour before closing! - See 11 traveler reviews, candid photos, and great deals for Kennewick, WA, at TripAdvisor.
hour before closing	 	http://www.woodshumanesociety.org/about-woods/our.php-Hours - Woods Humane Society - Home Page	 Our Hours Our new hours Noon-6 PM, 7 days a week . Please note: The adoption process must be started 1 hour before closing. Woods Humane Society is closed on:
hour before closing	 	http://twovegansistas.com/-Two Vegan Sistas	 Two Vegan Sistas is a Raw Vegan Restaurant, and we make our foods fresh and from scratch. ... Delivery orders must be called in no later than 1 hour before closing.
hour before closing	 	http://www.mrchans.net/ordereze/Files/Mr_Chans_Catering.pdf-We deliver all the time, except half hour before closing ...	 C H I N E S E E A T E R Y CATERING MENU We Deliver! $2.00 Delivery Charge. Minimum $10.00 purchase. We deliver all the time, except half hour before closing time.
hour before closing	 	https://answers.yahoo.com/question/index?qid=20100126194934AAUgGmf-One hour before closing, my mom signed an addendum to ...	 One hour before closing, my mom signed an addendum to remove the tires from the property. There were...
hour before closing	 	http://easttowneurgentcare.com/contact-us/-easttowneurgentcareUrgent Care, Walk in Medical Care ...	 HOURS: Monday-Friday: 8am to 6pm Saturday: 9am to 1:30pm . We take our last patient 1 hour before closing.
hour before closing	 	http://www.youtube.com/watch?v=-5dWH3bTq9I-Sahara Casino Las Vegas 1 hour before closing - YouTube	 Sahara Casino Las Vegas 1 hour before closing ...
hour before closing	 	http://www.tripadvisor.co.uk/ShowUserReviews-g186342-d214425-r211416236-Museum_of_Norwich_at_the_Bridewell-Norwich_Norfolk_East_Anglia_England.html-£1 an hour before closing - if you are short on time ...	 Museum of Norwich at the Bridewell: £1 an hour before closing - if you are short on time! - See 82 traveller reviews, 20 candid photos, and great deals for Norwich ...
hour before closing	 	http://www.youtube.com/watch?v=T5WDlQ627_Q-Thrift Store Pickups Episode 23: Hour Before Closing - YouTube	 [1 Hour Before Closing- Just Like ThriftDweller] Found a CIB NES for 19.99, it was in the showcase area thats why i predict no one saw it,if its on the ...
hour before closing	 	http://curliegirlzrock.com/connect.html-Call us today to schedule your appointment	 Call us today for your FREE consultation! *The last appointment will be accepted 1 hour before closing time*
hour before closing	 	http://beautiquehouston.com/-Beautique Day Spa & SalonHome	 Beautique Day Spa & Salon is a full service Day Spa and Salon with two locations in the Houston ... to end 1 hour before closing ... Houston, Tx 77024. P: (713) 464 ...
hour before closing	 	http://www.marinicornmaze.com/facts-hours.html-LAST TICKET S ARE SOLD 1 HOUR BEFORE CLOSING	 Marini Farm Corn Maze. 259 Linebrook Road Ipswich, MA 01938 (978) ... LAST TICKET S ARE SOLD 1 HOUR BEFORE CLOSING . Sponsors . Sign up for our newsletter!
hour before closing	 	http://www.woodshumanesociety.org/contact-us/shelter-hours.php-Woods Humane Society - Our Hours	 Our Hours Our new hours Noon-6 PM, 7 days a week . Please note: The adoption process must be started 1 hour before closing. Woods Humane Society is closed on:
hour before closing	 	http://www.onceuponachildwestmifflin.com/-Once Upon A Child - W Mifflin, PA	 Items accepted until 1 hour before closing. Click Here for Tips for Successful Selling! ... Each Once Upon A Child® store is independently owned and operated.
hour before closing	 	http://www.bebashi.org/?q=home-Home | Bebashi	 Bebashi will not save your phone number. From your phone, simply text your question to: 267.265.8228. ... HIV testing is available daily up to 1 hour before closing.
hour before closing	 	http://www.luce-skincare.com/-LUCÉ SKINCARE & BODY - Home	 LUCE SKINCARE - San Diego, CA. A SKINCARE EXPERIENCE, waxing, facials,peels,body wraps, ... Last appointment is taken 1 hour before closing ...
hour before closing	 	http://www.canoenj.com/hours.htm-New Page 1 [www.canoenj.com]	 Griggstown and Princeton Days and Hours differ - Please see below. a : Hours of Operation. Rentals are available until 1 hour before closing. Reservations are ...
hour before closing	 	http://mandarinmill.com/6.html-Hours of Operation - Mandarin MIll Family Golf and Games	 We can open early or stay later for large groups! HOURS ARE SUBJECT TO WEATHER AND BUSINESS VOLUME LAST GOLF TEE OFF 1 HOUR BEFORE CLOSING TIME COURSES AND CAGE ...
hour before closing	 	http://honolulu.craigslist.org/oah/thp/4850259691.html-BANGKOK THAI MASSAGE & SPA	 We're open 7 days a week , Monday through Saturday, 10am to 10pm and Sundays 10am to 6pm. Last appointments are taken 1 hour before closing. THAI MASSAGE
hour before closing	 	https://campus.texarkanacollege.edu/index.php-TC Online - Texarkana College	 Beginning Fall 2014 all course access will be through the myTC portal page https://my.texarkanacollege.edu ... (1) hour before closing. Skip Login . Login. Username.
hour before closing	 	http://www.theshootistpistolrange.com/#!location/c2q4-Location-Hours | The Shootist Pistol Range Inc | Englewood, CO	 The Shootist Pistol Range. ... 1 hour before closing time) Visit Us: We are 1 block North of Dartmouth, and 1 block East of Santa Fe Dr. At the address of:
hour before closing	 	http://forum.grasscity.com/real-life-stories/1244622-should-i-order-delivery-1-hour-before-closing.html-Should I order delivery 1 hour before closing? - Real Life ...	 Page 1 of 2 - Should I order delivery 1 hour before closing? - posted in Real Life Stories: I dont know if I should order food 1 hour before the place closes. Is it a ...
hour before closing	 	http://www.olneygolfpark.com/Facility/HoursofOperation.aspx-Hours of Operation - Olney Golf Park	 Hours of Operation. Facility; Pro Shop; Instruction. Golf 4 Kids ... Last Bucket sold 1/2 hour before closing. Fall Hours. Starting Fall 2015. Practice Range.
hour before closing	 	http://www.jaynasbodywraps.com/-Jayna's Body Wraps	 ﻿ Arlington, TX 76011 ... Saturday-9-1 Last appointment is scheduled 1 hour before closing *hours are subject to change without notice.
hour before closing	 	http://www.greenvalleycornmaze.com/hours.html-Green Valley Corn Maze Hours	 Open Sept. 10 - Nov. 7, 2010 Friday & Saturday 10 AM - 10 PM Sunday 10 AM - 7 PM Last tickets sold 1 hour before closing! Halloween October 31, 2010
hour before closing	 	http://pudgestowamencin.com/Pudge's_2014.pdf-Towamencin Beverage All Food Cooked to Order Hour Before ...	 Mon 11am-3pm Tues thru Thurs 11am-8pm Fri & Sat 11am-8:30pm Sun 11am-6pm 1/2 Hour Before Closing Table Service Ends All Food Cooked to Order myFOXPhilly/PHL17
hour before closing	 	http://vimeo.com/63157858-Brussels, one hour before closing time on Vimeo	 This is "Brussels, one hour before closing time" by Laurent Dryon on Vimeo, the home for high quality videos and the people who love them.
hour before closing	 	http://www.northgeorgiazoo.com/dates--directions.html-Dates & Directions - NORTH GEORGIA ZOO & Petting FarmHome ...	 Last Ticket sold 1 hour before closing Click here for Ticket Pricing! Schedule ... Cleveland, Cabbage Patch Land, and right around the corner from Frog Town Winery.
hour before closing	 	http://www.threesistersri.com/-Three Sisters LLC - ---------------------- WINTERHours ...	 Three Sisters 401 273 7230. 1074 Hope Street Providence, RI 02906 ph: 401-273-7230 threesis tersri @yahoo.com. Home; ... Grill shuts down 1 hour before closing. ...
hour before closing	 	http://forum.grasscity.com/real-life-stories/1244622-should-i-order-delivery-1-hour-before-closing.html/page-2-Should I order delivery 1 hour before closing? - Page 2 ...	 Page 2 of 2 - Should I order delivery 1 hour before closing? - posted in Real Life Stories: The places that I order food from have delivery hours different from ...
hour before closing	 	http://www.glenrockmillinn.com/i.htm-General Information	 Hours: Wed-Thur: 11am-9pm Fri-Sat: 11am-11pm Sun 11am-9pm Seating until 1 hour before closing Click the appropriate link below to make an advance reservation.
hour before closing	 	http://www.traderjacksriversidegrille.com/?page_id=242-Menu | - Trader Jack's Riverside Grille	 1 hour before closing. Proudly powered by WordPress | Theme: Sunspot by Automattic. ...
hour before closing	 	http://www.yelp.com/biz_photos/costco-gas-station-waipahu?select=dmV9zJMb9U9yTpKHxjBxLg-No waiting, a half hour before closing. | Yelp	 Photos of Costco Gas Station No waiting, a half hour before closing. Waipahu, HI
hour before closing	 	http://www.barksnbubblesli.com/2481.html-Barks-n-Bubbles Boutique, Self Serve Dog Wash & Full Serve ...	 1800-B Middle Country Road Centereach, New York 11720 Phone (631) 456-5362 ***** Last Wash Is 1 Hour Before Closing Time *****
hour before closing	 	http://www.rugglesmine.com/index.html-Ruggles Mine: Home	 Ruggles Mine is a family tourist attraction with fantastic views, the oldest and largest mica mine in the US. ... Last ticket sold 1 hour before closing
hour before closing	 	http://www.ritterhagee.com/?/our_practice/locations_and_directions-Ritter • Hagee Locations and Directions	 © Ritter Hagee | All Rights Reserved | Site Developed by 78 Design House Your ... Last appointment is scheduled 1 hour before closing.
hour before closing	 	http://www.companyhealthmed.com/-Main Navigation	 Company Health Medicine. Main Navigation. ... 1173 Sheridan Dr. Tonawanda, NY 14150. Ph: ... Tues, Thurs 7am - 5pm. Walk ins welcome . must arrive 1 hour before closing.
hour before closing	 	http://www.canobielake.com/SCREEEMFEST/haunts.htm-Canobie Lake Park SCREEEMFEST Haunts	 *Note: Ride lines close approximately 1 hour before closing. © Canobie Lake Park | 85 N. Policy St. | Salem, NH 03079 | (603) 893-3506 ...
hour before closing	 	http://springgreengeneralstore.com/test/specials/-Daily Specials | Spring Green General Store	 Cafe hours: full menu served until 1 hour before closing. All Day: Lunch Specials, Soup, Salad, Sandwiches, Burritos, Quiche Weekday Breakfast: Monday – Friday, 8 ...
hour before closing	 	http://www.celebrationstation.com/index.php?location_id=1&section_id=10-Celebration Station - Baton Rouge, LA	 ( 1 hour before closing and 2 hours after closing ) Unlimited Go-Karts; Bumper Boats* Minature Golf; $5 in Gameplay *Not available at every location; Get Quote
hour before closing	 	http://dogclub4u.com/contact.html-Daycare: Dog Wash*: - Dog Club of West Linn	 *Last Dogwash accepted 1 hour before closing: Location: 18675 Willamette Drive (Hwy. 43), West Linn, OR 97068: Phone: 503-635-3523 Fax: 503-635-3671 Email: info@ ...
hour before closing	 	http://www.picnpaintpottery.com/gallery1.jsp-gallery1 - Pic N Paint Pottery	 Last seating and pick-us is always 1 hour before closing - will close at last seating if no painters. Phone: 410-439-3555. Address: 3020 Mountain Road, Pasadena, MD ...
hour before closing	 	http://www.broadwaywashanddry.com/-Broadway Wash and Dry	 Broadway Wash and Dry is a coin-op ... We look forward to serving Sacramento's coin operated laundry needs! Home. Fluff ... * last load in 1 hour before closing.
hour before closing	 	http://www.mobilezoo.cc/wwhours.htm-Hours - The Mobile Zoo	 Hours: 9:00-4:30 P.M.(CST) 6:00 P.M. summer (CDT) Last call to enter 1 hour before closing. Tuesday thru Sunday, closed Monday. Closed Thanksgiving Day, and Christmas ...
hour before closing	 	http://wasatchspas.com/hours.htm-Wasatch Spas	 11 AM - 1 AM: Sunday: Noon - Midnight: Note: The last reservations are one (1) hour before closing. © 2009 Wasatch Spas | Design by: Calmes Computers ...
hour before closing	 	http://www.rbsushi.com/hillcrest/-Hillcrest | RB Sushi	 All You Can Eat all day, everyday! All you can eat available all day, everyday. Must be seated 1 hour before closing. Includes nigiri, rolls, hand rolls, and kitchen ...
hour before closing	 	http://www.edradour.com/index.php/visit/-Edradour Distillery :: Visit	 Tour Duration: 1 Hour. Last Tour Starts 1 Hour Before Closing. Booking Required: Groups of 8+
hour before closing	 	http://www.toots.com/happyhour/-Toot's Has the Best Happy Hour in Town	 2 for 1 Beer Specials Last Until Closing Time. 2 for 1 Wine and Liquor Specials Last Until 1 Hour Before Closing Time.
hour before closing	 	http://bubblypaws.com/locations/-Locations | Bubbly Paws – Dog Wash and Grooming	 Weekdays: 10am-8pm Weekends: 10am-6pm The last bath starts 1 hour before closing.
hour before closing	 	http://www.mrchans.net/ordereze/Files/Mr_Chans_Catering_0914.pdf-$2.00 Delivery Charge. mRCHANS NET Minimum $10.00 purchase ...	 C H I N E S E E A T E R Y CATERING MENU We Deliver! $2.00 Delivery Charge. Minimum $10.00 purchase. We deliver all the time, except half hour before closing time.
hour before closing	 	http://honolulu.craigslist.org/oah/thp/4844962396.html-honolulu.craigslist.org	 We're open 7 days a week , Monday through Saturday, 10am to 10pm and Sundays 10am to 6pm. Last appointments are taken 1 hour before closing.
hour before closing	 	http://www.topsyturvyworld.com/openingtimes.php-Opening Times - Indoor soft play centre at Brent Cross ...	 LAST ENTRY IS 1 HOUR BEFORE CLOSING TIME. Closed: Christmas Eve / Christmas Day & Boxing Day / New Year's Day / Easter Sunday New Year's Eve: 10am to 2pm only
hour before closing	 	http://bubblypaws.com/reservations-2/-Reservations | Bubbly Paws – Dog Wash and Grooming	 Weekdays: 10am-8pm Weekends: 10am-6pm The last bath starts 1 hour before closing.
hour before closing	 	http://www.beautique.cc/nails.html-Beautique Day Spa & SalonNails	 Beautique Hours . Mon 9am-6pm. Tue-Fri 9am-8pm. Sat 8am-6pm (8pm at Rice) Sundays 10am-6pm (T (all services are scheduled to end 1 hour before closing)
hour before closing	 	http://www.suttonfields.co.uk/news.html-Car boot sales and events at Sutton Fields offers golf ...	 OPENING TIMES for the moment. Weekdays 10.00am - 8.00pm Saturday & Sunday 9.00am - 6.00pm Last range balls issued ½ hour before closing Food available 1 hour before ...
hour before closing	 	http://thechildrensmuseum.org/hours-of-operation-Seattle Children's Museum — Where Imagination Comes ...	 The Museum is OPEN nearly every day! Monday thru Friday: 10:00am - 5:00pm Saturday & Sunday: 10:00am - 6:00pm. Admission sales end (1) one hour before closing.
hour before closing	 	http://www.aaronsrestaurant.ca/wp/take-out/-Our Take Out and Delivery Menu » - Aaron's Restaurant	 Please pickup all orders 1/2 hour before closing. “10% off pickup orders from 4pm to 9pm” For pickup orders, we accept: Deliveries have a $2.50, $20.00 minimum ...
hour before closing	 	http://www.imamother.com/forum/viewtopic.php?p=1510236-Restaurant refused to seat us half-hour before closing	 Restaurant refused to seat us half-hour before closing
hour before closing	 	http://www.elmvalejunglezoo.com/admission.html-ELMVALE Jungle Zoo	 *Please Note: Last admittance 1 hour before closing. Copyright © 2012 Elmvale Jungle Zoo | All Rights Reserved. Web Development By ReferLinksWebsites.com & Powered ...
hour before closing	 	http://www.southriveroutfitters.com/#!rentals/c1e18-South River Outfitters - Stuart Florida | Rentals	 All rented equipment is due back no later than a 1/2 hour before closing unless other arrangements have been made ahead of time.
hour before closing	 	http://www.bangkokgarden-nj.com/index.htm-Bangkok Garden Thai Restaurant	 Hours: Open 7 days. 11:00-10:00 Friday & Saturday until 11:00 *** Kitchen closed 1 hour before closing time *** Reservations: Recommended for table over 4 guests or ...
hour before closing	 	http://www.huntersrunwinebarn.com/-Hunters Run Wine Barn | Wine Tasting Loudoun County ...	 Friday: opening @ 1pm Saturday 11am to 5pm Sunday: 11am - 5pm LAST CALL 1/2 HOUR BEFORE CLOSING ADDRESS 40325 Charles Town Pike Hamilton, VA 20158
hour before closing	 	http://www.ocindoorrange.com/hours.upfl-OC Indoor Range	 Closed all major holidays * Must be in the door at least 1 hour before closing. Ceasefire begins 15 minutes prior to closing.
hour before closing	 	http://www.ballardreuse.com/-Welcome to Ballard Reuse | Ballard Reuse	 Hours: Mon-Sat: 9-6 Sun: 10-5 Donations accepted until 1 hour before closing
hour before closing	 	http://allaboutpawsvegas.com/contact/-Contact - All About Paws Vegas	 DOG WASH HOURS: Tuesday thru Friday: 9am-7pm. Saturday: 9am-6pm. Sunday & Monday: 10am-5pm *The last bath starts 1 hour before closing*
hour before closing	 	http://www.wheelerfarms.com/corn-maze/-Corn Maze — Wheeler Farms	 Hours. Friday: 5pm - Midnight Saturday: Noon - Midnight Sunday: Noon - 8pm. Last ticket is sold 1 hour before closing. Groups by appointment Call 419.877.2733
hour before closing	 	http://www.inflandersfields.be/en/practical/prices-and-opening-hours-Opening hours | Practical | In Flanders Fields Museum	 • Ticket sale stops 1 hour before closing. • An average visit to the museum takes 2 hours.
hour before closing	 	http://www.timberleehills.com/hours.html-Timberlee Hills - Snow Tubing Traverse City Family Fun	 Last ticket sold 1 hour before closing. Our lodge is your lodge. Let Timberlee host your next birthday celebration, church outing or family reunion.
hour before closing	 	http://www.cluckuunion.com/Home3.htm-Cluck-U Chicken Union	 Union Store Hours . Sunday: 11:00am-11:00pm Monday-Thursday: 11:00am-12:00am Friday-Saturday: 11:00am-2:00am *Last delivery order 1/2 hour before closing
hour before closing	 	http://heathcos.com/-Heathco's Pizza & Variety - Home of the Original "Old Man ...	 375 Court Street Auburn, ME 04210 We Deliver 11am – 1/2 hour Before Closing!!
hour before closing	 	http://www.gellertbath.com/services.php-Services and opening hours - Gellert Spa Budapest	 From 6.00 am until 8.00pm on each day of the week. Tickets are sold until 1 hour before closing, and guests should leave the pool areas 15 minutes before closing.
hour before closing	 	http://allaboutpawsvegas.com/location/-Location - All About Paws Vegas	 DOG WASH HOURS: Tuesday thru Friday: 9am-7pm. Saturday: 9am-6pm. Sunday & Monday: 10am-5pm *The last bath starts 1 hour before closing*
hour before closing	 	http://harlechclimbingwall.com/opening-times.html-Opening Times - HARLECH CLIMBING WALL	 12pm – 9pm WEEKDAYS. Last entry 8pm . 10am – 6pm WEEKENDS. Last entry 4pm . 11am - 5pm BANK HOLIDAYS. Last entry 4pm . LAST ENTRY WILL BE 1 HOUR BEFORE CLOSING ...
hour before closing	 	http://www.sittingbullcrystalcave.com/our-tours-Sitting Bull Crystal Caverns | Cave Tours	 Open 7 days a week! June, July, August: 8am – 8pm; May, late August, Sept: 9am – 5pm. Final tour leaves 1 hour before closing. Dates & hours subject to change ...
hour before closing	 	http://www.discoveringireland.com/vacations/rathfarnham-castle/-Rathfarnham Castle - Discovering Ireland Vacations ...	 Opening Times. May - October Daily 09:30-17:30 Last admission 1 hour before closing.
hour before closing	 	http://www.cluckusouthorange.com/-Cluck-U Chicken South Orange	 South Orange Store Hours . Sunday: 12:00pm-12:00am Monday-Thursday: 11:00am-12:00am Friday-Saturday: 11:00am-2:00am *Last delivery order 1/2 hour before closing
hour before closing	 	https://answers.yahoo.com/question/index?qid=20080111150755AAkrL85-Why do the dregs of humanity, who have no social graces ...	 Why do the dregs of humanity, who have no social graces, enter the library an hour before closing?
hour before closing	 	http://www.monroeny.org/index.php/community/parks-recreation/boat-rentals/21-boat-rentals-Town of Monroe - Boat Rentals	 Open Seven Days a Week: 10:00am - 7:30pm. Last Rental is 1 hour before closing. Rental Fees . Orange pedal boat (2 adults/2 kids) $6.00 per 1/2 hour
hour before closing	 	http://www.stoneleighfit.com/-Stoneleigh Performance Fitness Centre	 Opening times: weekdays 7am to 9pm. Saturday 8.30am to 1.30pm. Sunday TBA. Last entry 1 hour before closing Monthly Membership: Lunchtime circuits only - £25.
hour before closing	 	https://www.bushnvinefarm.com/corn-maze.html-Corn Maze - Farmers Market, Pick Your Own - Bush-n-vine ...	 Last ticket sold 1 hour before closing time. Bush-N-Vine's 1st Corn Maze. 2011 Corn Maze
hour before closing	 	http://www.steedsdairy.com/contact.html-Contact Us - Steeds Dairy Home	 Note: Last ticket sold 1 Hour before closing. Field Trips: Tuesday - Friday. by appointment ©
hour before closing	 	http://www.iplaysoftplay.co.uk/prices_opening_times.html-prices & opening times :: indoor soft play Bristol	 Monday – Saturday Sunday & Bank Holidays. 9:30am - 5:00pm 10:00am - 5:00pm : Last admission 1 hour before closing Open 7 days a week
hour before closing	 	http://gogospadogwash.com/album.html-Customer Album - Gogospa Home Page	 Business Hour Tue - Sat : 10:00AM - 6:00PM Sun : 11:00AM - 4:00PM Mon : Closed Last wash accepted 1 1/2 hour before closing May change during holidays
hour before closing	 	http://www.applebeesfish.com/index.html-Applebee’s Fish Shop & Cafe, Borough Market London	 Café. Monday-Thursday 12-23 Friday 11.30-23 Saturday 11.30-23 Last food orders take 1 hour before closing *excluding bank holidays
hour before closing	 	http://www.wcasrock.org/news.aspx-News - Home - Winnebago County Animal Services	 Shelter Hours: Monday: 11am until 7pm Tuesday thru Friday: 11am until 5pm Saturday: 10am until 4pm Sunday: Closed. Adoptions end 1/2 hour before closing.
hour before closing	 	http://www.eggheadcomputer.com/locations-Egghead Computer Repair, Service, Sales , Training and ...	 Southeast Gilbert / Queen Creek. PC must be dropped off 1 hour before closing for next day service.
hour before closing	 	http://www.mobilezoo.cc/wwhours.htm-Hours - The Mobile Zoo	 Hours: 9:00-4:30 P.M.(CST) 6:00 P.M. summer (CDT) Last call to enter 1 hour before closing. Tuesday thru Sunday, closed Monday. Closed Thanksgiving Day, and Christmas ...
hour before closing	 	http://www.stonewoodalehouse.com/reservations.php-Schaumburg IL Restaurant - Stonewood Ale House - Easy ...	 Or place your reservations online. Our Address: 601 Mall Drive Schaumburg, IL 60173 See our map. ... 1-hour before closing. See our menu. For Online Reservations:
hour before closing	 	http://www.texarkanacollege.edu/wp-content/uploads/2012/10/Testing-Center-Hours-Calendar.pdf-CLOSED In-service - Texarkana College	 MUST begin Testing 1 hour before closing CLOSED: March - Spring Break March 21 May 2015 Testing Center Hours MUST begin Testing 1 hour before closing th
hour before closing	 	http://www.mazefunpark.com/calendar.php-Maize Quest Corn Maze & Fun Park: Calendar & Hours - 2012 ...	 Flashlight Nights Don't miss ... Please note that the last ticket is sold 1 hour before closing. Giant Corn Maze & Fun For All! Located near York PA, Lancaster PA, ...
hour before closing	 	http://labcorp-locations.com/new-york/brooklyn/20794.html-Labcorp location on 2035 Ralph Ave A10 Brooklyn, NY 11234 ...	 Labcorp location on 2035 Ralph Ave A10 Brooklyn, ... Hours: Mon-Fri 7:00A-3:30P Sat 8:00A-12:00Pm Drug Screens Taken Up To 1 Hour Before Closing Services:
hour before closing	 	http://wasatchspas.com/hours.htm-Wasatch Spas	 11 AM - 1 AM: Sunday: Noon - Midnight: Note: The last reservations are one (1) hour before closing. © 2009 Wasatch Spas | Design by: Calmes Computers ...
hour before closing	 	http://www.fleetwoodlaundromat.com/-Fleetwood Laundromat NY	 Open 7 days a week! Open 7:00am – 9:00pm Weekend 8am-8pm (Last wash 1.5 hour before closing) Premises attended at all times for questions and assistance.
hour before closing	 	http://www.northeastnatmed.com/page7.html-Northeast Natural Medicine, LLC - Contact Us	 Saturday: 9-1, then massage by appointment only * Last new patient appointment is 1 hour before closing* powered by: + PHPlist : Subscribe to one or more of our ...
hour before closing	 	http://www.crossfitsavannah.org/schedulepricing/-Schedule/Pricing | - CrossFit Savannah	 CrossFit Savannah located at 42 W. Montgomery CrossRoads., Suite F Savannah, GA 31406 ... Please arrive at least 1 hour before closing time. Drop-ins welcome M-F.
hour before closing	 	http://paulspizzavernon.com/-Paul’s Pizza Restaurant – Pizza Delivery | Vernon CT	 Delivery Service ends 1 hour before closing. Plenty of variety to please your crowd. ... We are proudly rated the #1 Pizza Restaurant by Channel 3's news survey.
hour before closing	 	http://gallagherssurfcitybarandgrill.com/-Welcome to Gallagher's Bar and Grill!	 Surf City, NC 28445: Welcome to Gallagher's Sports Bar & Grill! ... **Kitchen closes 1 hour before closing time. Late-night bites available until closing.**
hour before closing	 	http://lostprovince.com/beer/vienna-lager/-Lost Province Brewing Co. | Vienna Lager	 Kitchen closes 1 hour before closing: Vienna Lager. Beer Description: Beer Style: Vienna Lager. Availability: Coming Soon, Now Fermenting. Beer Stats: % BJCP:
hour before closing	 	http://www.takeouttonight.com/menus/connecticut/fairfield/06824/buds%20delicatessen_2032540748/lunch/index.html-Buds Delicatessen Fairfield, CT 06824 Lunch Menu	 Roast Beef in Gravy Monday-Saturday. Served until 1 hour before closing. Roll: $5.50
hour before closing	 	http://beautique.cc/massage.html-Beautique Day Spa & SalonMassage	 Beautique Hours . Mon 9am-6pm. Tue-Fri 9am-8pm. Sat 8am-6pm (8pm at Rice) Sundays 10am-6pm (T (all services are scheduled to end 1 hour before closing)
hour before closing	 	http://www.radlettgolfrange.com/-Radlett Golf Range - HOME PAGE	 Last balls are available 1 hour before closing time each evening. Radlett Golf Range, Harper Lane, Radlett, WD7 7HU, 01923 852 557. Radlett ...
hour before closing	 	http://www.thegarden-mart.com/supplies.html-The Garden Mart	 Great for adding nutrients and improving soil tilth for your garden and planting beds ... We stop loading trees and bulk materials 1 hour before closing. MAP / HOURS;
hour before closing	 	http://www.tripadvisor.com/ShowUserReviews-g54430-d515966-r241337622-Clark_s_Inn_and_Restaurant-Santee_South_Carolina.html-Dont arrive an HOUR before closing! - Review of Clark's ...	 Clark's Inn and Restaurant: Dont arrive an HOUR before closing! - See 221 traveler reviews, 33 candid photos, and great deals for Santee, SC, at TripAdvisor.
hour before closing	 	http://www.kidsworldbedford.co.uk/wp2/times-prices/-Opening Times - Kidsworld Bedford - Soft Play Bedford ...	 Term Time. Sunday & Monday 10.00am – 5.30pm Tuesday – Saturday 10.00am – 6.30pm Bank Holidays 10.00am – 4.00pm. Last entry 1 hour before closing time.
hour before closing	 	http://getlostinthemaze.com/admission.html-The Corn Maze at Ekonk Hill Turkey Farm - Corn Maze Fun ...	 Explore the best corn maze in CT, fun for the whole family! CORN MAZE HOURS September 1st through October ... Last ticket sold 1 hour before closing. CORN MAZE ADMISSION
hour before closing	 	http://www.kumacharmers.com/saturday.html-Sizzlin' Saturday - Kuma Charmers Strip Club	 Sizzlin' Saturday Classic Night! ... Order at least 1 hour before closing. NAVIGATION More to explore... Employment; About Us; RECOMMENDED We recommend the following.
hour before closing	 	http://www.tallyrockgym.com/#!faq/c1unu-Tallahassee Rock Gym | FAQ	 Please keep in mind that if you need a belay class the last one starts 1 hour before closing. ... bouldering, birthdays, Tallahassee Florida. Tallahassee ROCK GYM.
hour before closing	 	http://www.celebrationstation.com/index.php?location_id=4&section_id=10-Celebration Station - Mesquite, TX	 ( 1 hour before closing and 2 hours after closing ) Unlimited Go-Karts; Bumper Boats* Minature Golf; $5 in Gameplay *Not available at every location; Get Quote
hour before closing	 	http://www.kimballfarm.com/pitchputt.shtml-Kimball Farm	 ... 9 hole pitch and putt golf course features full-sized greens with distances ranging from ... Last mini golf and pitch & putt round is sold 1 hour before closing
hour before closing	 	http://sportingclubbellevue.com/about/hours-of-operation/-Hours of Operation | The Sporting Club at The Bellevue	 The Sporting Club at The Bellevue's hours of operation including kids hours, ... Last appointment taken is 1 hour before closing. Sports Boutique Hours. Monday ...
hour before closing	 	http://www.lcfabookstore.com/product/fire-expo-tickets/-FIRE EXPO TICKETS - Lancaster County Firemen's Association ...	 Gates close 1 hour before closing time. Fire Expo Contact: expo@LCFA.com. Online ticket sales will be available through May 1, 2015. After May 1, ...
hour before closing	 	http://www.chabotcollege.edu/counseling/assessment/documents/Assessment%20for%20Sep%20to%20Jan%202015%20%20by%20week%20day.pdf-Assessment Center Schedule - Chabot College	 in 1 hour before closing Friday 9-11 AM Open Lab – last student check in 1 hour before closing September 8, 15, 22, 29 September 9, 16, 23, 30 September 3, 10, 17 ...
hour before closing	 	http://dev.olofsonrange.com/?page_id=19-Hours | Olofson Shooting Range	 We stop taking new shooters on the range 1 hour before closing ...
hour before closing	 	http://www.naplesbakery.com/#!-Naples Bakery	 Naples Bakery offers a variety of products including wedding cakes, special occasion cakes, ... Wedding Cake Tasting Ends 1 Hour Before Closing .
hour before closing	 	http://www.capcitybrew.com/downtown.php-Washington, DC 20005 - Capitol City Brewing Company	 Kitchen Closes 1 Hour before closing! ... Washington, DC 20005 (202) 628-2222. EMPLOYMENT : signature brews : menus: locations: host your party: merchandise: our history:
hour before closing	 	http://sherrod.etsu.edu/sites/default/files/images/BorrowLaptopContract.pdf-For ALL TAF Loans, the following conditions apply.	 the Library’s opening time and one (1) hour before closing. Loan return terms may differ, typically depending upon the type of ...
hour before closing	 	http://www.kerbers.com/mini-golf/-Mini Golf - Kerber's Dairy	 Cost for Mini Golf is $5 per round every day before 5 pm. ... Course Open – Noon Every Day – last group should be on the course at least 1 hour before closing.
hour before closing	 	http://www.pomlabtest.com/new-york.php-POM - New York - Drug Testing | Lab Testing | Std Testing	 All sites listed below are Labcorp Patient Service Centers ... MON-FRI 8:00A-4:30P SAT 9:00A-11:30AM DRUG SCREENS TAKEN UP TO 1 HOUR BEFORE CLOSING . 1317 3RD AVE 10TH FL
hour before closing	 	http://berniesfishing.com/-Bernie's Bait & Tackle	 Bernie’s Bait & Tackle, ... Fishing License machine closes down 1 hour before closing time Directions: East Bound on the Belt Parkway to exit 9A ...
hour before closing	 	http://www.hungryinholbrook.com/contact.html-Contact | Brookville Pizza ( Brookville House of Pizza ...	 Hours: Monday thru Saturday ~ 11 AM to 9 PM Sunday ~ 12 PM to 8 PM ( Delivery everyday until 1 hour before closing )
hour before closing	 	http://easttowneurgentcare.com/payment-methods/-easttowneurgentcareUrgent Care, Walk in Medical Care ...	 East Towne Urgent Care & Occupational Health 4711 Centerline Drive Knoxville, TN 37917 ... We take our last patient 1 hour before closing. Home; Our Physicians ...
hour before closing	 	http://www.wilmingtonandbeaches.com/things-to-do/battleship-north-carolina/-Battleship NORTH CAROLINA | Official Tourism Site	 Battleship NORTH CAROLINA. 1 Battleship Road Wilmington, NC, ... $6 Children(Under 5): FREE "Friends" Members: FREE ***TICKET SALES END 1 HOUR BEFORE CLOSING*** ...
hour before closing	 	http://www.jrfrogfashions.com/-jr Frog Fashions - About Us	 There is no appointment needed! We purchase items Tuesday-Saturday up until 1 hour before closing.
hour before closing	 	http://www.garnishisland.com/opening-hours-Opening Hours | Garnish Island	 Skip to primary content. Skip to secondary content. Home; Getting There; The Gardens; Seal Island; Opening Hours; Links; ... Last ferry landing 1 hour before closing.
hour before closing	 	http://www.frankiesbeef.com/index.html-Frankie's Beef & Pasta	 OAK LAWN, IL Phone: 708-423-4444 Fax: ... Delivery approximately 30 to 45 minutes Last order taken 1 hour before closing Minimum ... January 1: Closed Personal ...
hour before closing	 	http://www.chabotcollege.edu/counseling/assessment/concurrentstudentsschedule.asp-Chabot College	 © Chabot College 2012. 25555 Hesperian Blvd. Hayward, CA. 94545: Phone: ... Open lab, Mondays only - arrive no later than 1 hour before closing January 2015 .
hour before closing	 	http://ohsotansouthbeloit.com/-Oh So Tan	 Oh so Tan is a great place to catch some rays FAST! Stop by and see us today! °Wide selection of lotions ... (Last tan 1/2 hour before closing)
hour before closing	 	http://santarosacommunityacupuncture.com/-Santa Rosa Community Acupuncture also serving Sebastopol ...	 Santa Rosa Community Acupuncture is part of a growing movement of over 180 community ... Last appointment is 1 hour before closing. web site ...
hour before closing	 	http://www.marcopolosalem.com/-At Marco Polo.	 Hours: Mon-Thurs: 11am to 9:30pm Fri: 11am to 10pm Sat: 12pm to 10pm Sun: 11:30am to 8pm Last Seating 1/2 Hour Before Closing
hour before closing	 	http://www.knoxvillecmh.org/ctour.html-Christmas Tour Information - Historic Bleak House Knoxville	 "Saturday, December 12th from Noon - 6pm* Sunday, December 13th from 1pm - 5pm* *Last Tours start 1 hour before closing . Come join us in celebrating the Christmas ...
hour before closing	 	https://www.flickr.com/photos/urban-chill/2560582501/-Queuing on a Saturday afternoon at the Birkenstock shop ...	 Queuing on a Saturday afternoon at the Birkenstock shop, half an hour before closing time...
