hours before closing	 	http://www.paintballknights.net/hours.html-Park Hours - Paintball Knights Home	 Paintball Knights Paintball Park Hours. ... Last safety briefing 2 hours before closing. Private Parties. Mon Thru Thur 7:00PM - 10:00PM. Saturday 9:00AM - Noon.
hours before closing	 	https://www.banknorthland.com/mortgage-update-72-hours-before-closing-Mortgage Update-72 hours before closing | Northland Financial	 Posted 4/20/2012. 72 Hours before Closing . Often times we as mortgage originators get asked what all is left in their file in order to get the loan closed?
hours before closing	 	http://www.lvsclays.com/default.aspx?pageid=25-Hours of Operation - Lehigh Valley Sporting Clays	 LVSC Hours of Operation. Open year-round (rain, snow or shine) Wed-Sun 9:30am-5:00pm. Please be on the course at least 1-1/2 hours before closing if you want to shoot ...
hours before closing	 	http://www.maysrestaurant.com/specials.html-All You Eat Specials Must be seated 2 hours before closing ...	 All You Eat Specials Must be seated 2 hours before closing for AUCE specials
hours before closing	 	http://www.guyettefarms.com/dates-and-admission.html-Dates and Admission - Guyette Farms	 Dates. Saturdays and Sundays from September 20th until October 26th. ... *Last ticket sold 1 1/2 hours before closing. Admission. Ages 3 and Up: $6 2 and Under: Free
hours before closing	 	http://www.nvcc.edu/campuses-and-centers/woodbridge/campus-resources/testing-center/testing-information/index.html-Testing Information :: Northern Virginia Community College	 English or Math Placement ESL Placement/ABLE Exams ELI Exams Instructor Referred/Makeup Exams: 2 hours before closing 3 hours before closing 1.5 hours before closing ...
hours before closing	 	http://thechmarketplace.com/?source=collive-The Market Place	 In The News The website brings an entire market of kosher food, fresh produce, ... Thursday: Till 9:00 pm Friday: 2 hours before closing ...
hours before closing	 	http://www.edcc.edu/testing/schedule.html-Edmonds Community College: College Testing Center - Schedule	 Check in at least 2 hours before closing. MAP | CONTACT US | A-Z INDEX | EMPLOYEE DIRECTORY | EMPLOYMENT; Edmonds Community College; 20000 68th Ave. W; Lynnwood, WA ...
hours before closing	 	http://www.disboards.com/showthread.php?t=1394708-Waterparks- last 2 hours before closing - The DIS ...	 Waterparks- last 2 hours before closing Theme Parks Attractions and Strategies
hours before closing	 	http://www.yelp.com/biz/anderson-auto-service-phoenix-2-Anderson Auto Service - Phoenix, AZ | Yelp	 4 Reviews of Anderson Auto Service "I am very happy with the experience I had with Anderson Auto. I arrived about 1 1/2 hours before closing time on a hot Friday ...
hours before closing	 	http://www.yelp.com/biz/kfc-miami-28-KFC - Miami, FL | Yelp	 3 Reviews of KFC "Horrible drive thru! Very rude! They didn't have any Long John Silvers food and only 6 pieces of chicken 2 hours before closing."
hours before closing	 	http://www.hud.gov/offices/hsg/ramh/res/respa216.cfm-HUD Real Estate Settlement Procedures Act Program Description	 (2) A preliminary copy of a HUD-1 Settlement Statement is required if the borrower requests it 24 hours before closing.
hours before closing	 	http://www.putt-puttgolf.com/putt-putt/west-fort-worth/daily-specials.html-putt-puttgolf.com - Daily Specials	 Putt-Putt Golf, Putt-Putt Entertainment is one of the best amusement centers in the metroplex. ... Every night 2 hours before closing You get: 30 gameroom tokens for $5;
hours before closing	 	http://paintballknights.net/-Experience San Antonio's Only Nighttime Paintball Park	 Paintball Knights Paintball Park is the premier and only nighttime paintball park in San Antonio, Texas. ... Last safety briefing 2 hours before closing.
hours before closing	 	https://www.banknorthland.com/articles/72-hours-before-closing-72 Hours before closing | Northland Financial	 Posted 4/20/2012 72 Hours before closing Often times we as mortgage originators get asked what all is left in their file in order to get the loan closed?
hours before closing	 	http://maranapumpkinpatch.com/contactus.html-Marana Pumpkin Patch - Sponsored by Post Farms	 Please show up at least 1 1/2 hours before closing so you'll be able to enjoy ALL the fun! Marana Pumpkin Patch ... Please show up at least 1 1/2 hour before ...
hours before closing	 	https://answers.yahoo.com/question/index?qid=20071105141217AAGGVxL-Mortgage: Another Credit Pull before closing??	 There could be more. Some loan companies will check your credit in the last 24-48 hours before closing.
hours before closing	 	http://www.catalannewsagency.com/politics/item/almost-2-million-catalans-had-participated-in-non-binding-vote-before-6pm-2-hours-before-closing-time-Almost 2 million Catalans had participated in non-binding ...	 Almost 2 million Catalans had participated in non-binding vote before 6pm, 2 hours before closing time CNA Barcelona (ACN).- At 6pm, 2 hours before polling stations ...
hours before closing	 	http://www2.erie.gov/clerk/index.php?q=locations-amp-hours-Locations & Hours | Erie County Clerk's Office	 Permit tests for commercial driver’s license (CDL) are allowed to be taken up to 2 hours before closing. Downtown Buffalo: Williamsville - Eastern Hills Mall:
hours before closing	 	http://www.mccsmiramar.com/autoskills.html-Auto Skills Center - WELCOME TO MARINE CORPS COMMUNITY ...	 - LAST CHECK-IN: 1-1/2 HOURS BEFORE CLOSING - To all of our valued patrons: By direction of the Commandant of the Marine Corps, the Auto Skills ...
hours before closing	 	http://www.nvcc.edu/campuses-and-centers/medical/campus-resources/testing-centers/files/testingcenterhandout.pdf-TO THE STUDENTS - Northern Virginia Community College	 2 hours before closing to take the English or Math Placement exams 3 ...
hours before closing	 	http://local.dmv.org/new-york/erie-county/depew/2122-george-urban-blvd./dmv-office-locations.php-Erie County DMV Office of Depew, New York | DMV.org	 2122 George Urban Blvd. Depew, NY 14043. DMV Phone Number (716) ... CDL permit tests offered until 2 hours before closing. Online Services. DMV Office Hours. Daily ...
hours before closing	 	http://forum.freeadvice.com/buying-selling-home-40/realtor-lied-during-home-sale-transction-sale-fell-through-2-hours-before-close-262250.html-Realtor lied during home sale transction. Sale fell ...	 What is the name of your state? Michigan Last Monday we were to close on the sale of our condo and then close on the purchase of our home. 2 Hours before closing we ...
hours before closing	 	http://gov.nationaltaxid.com/-Get Instant Federal Tax & Employers Tax ID Online	 Alternately you can use the IRS website www.irs.gov to apply for a Tax ID yourself at no charge by ... *During Normal Business Hours,up to 2 hours before closing.
hours before closing	 	http://www.playitagainsportssouthingtonct.com/-Play It Again Sports Southington CT	 Play It Again Sports is your neighborhood sporting goods store that ... Please bring in your CLEAN used Seasonal items for resale at least 2 hours before closing time.
hours before closing	 	http://www.trulia.com/voices/Home_Buying/Bank_financing_fell_through_hours_before_closing-223408-Bank financing fell through hours before closing	 Bank financing fell through hours before closing Find answers to this and many other questions on Trulia Voices, a community for you to find and share local information.
hours before closing	 	http://actionsac.com/Home.php-Action Rentals - Sacramento, CA	 We are located in south Sacramento at the corner of Franklin Boulevard and 43rd ... Trailer-haul concrete is available from opening until 2 hours before closing time.
hours before closing	 	https://www.redfin.com/openbook/escrow/bay-area-north-american-title-company-sp30408#!-North American Title Company - Escrow - Title | Redfin	 A little slow and tended to leave 1-2 hours before closing hours stated further slowing one down.
hours before closing	 	http://burmil.guilfordparks.com/index.php/borrow-a-bike-Borrow a Bike - BurMil Park | Guilford County	 To check out a bike, come to the center to get your swipe card. ... until 1 1/2 hours before closing. 5. A security deposit is required. 6. Helmets ...
hours before closing	 	http://www.visitsealife.com/kansas-city/plan-your-visit/opening-times/default/-Opening times - Sea Life Centres	 Opening Hours Sun - Thurs 10am - 7pm Fri & Sat 10am-9pm . Last Admission 2 Hours Before Closing. Please Note: Double-wide strollers are not permitted inside
hours before closing	 	http://www.eitc.edu/admissions.cfm-Admissions - Eastern Idaho Technical College	 Eastern Idaho Technical College normally accepts applicants who are ... students arriving for testing with less than 2 hours before closing may NOT be able to ...
hours before closing	 	http://www.answerbag.com/q_view/1114235-1 1/2 hours before closing, title co. stated problem with ...	 1 1/2 hours before closing, title co. stated problem with getting clear title- there is a lien on the foreclosed property. The selling bank has not ...
hours before closing	 	http://thescrubtublaundromat.com/-West Palm Beach Laundromat 1304 N. Military Trail West ...	 Commercial Laundry Services for Palm Beach County Florida. ... West Palm Beach Laundromat ... Last Wash 1 and 1/2 hours Before Closing; Retail Services. Soaps;
hours before closing	 	http://www.shopforbridals.com/home.html-Quad Cities Bridal Wedding Shop, A Storybook Ending Bridal ...	 A Storybook Ending Bridal and Prom Shop located in DeWitt IA. is the bridal store ... We suggest being here at least 2 hours before closing so you have plenty of time ...
hours before closing	 	http://www.solacc.edu/compass_testing-Compass Testing | South Louisiana Community College	 Compass Testing Hours. Please note that the Compass Test takes approximately 2 hours to complete. Testing will start no later than 2 hours before closing.
hours before closing	 	http://www.santasvillage.com/public/seasons_and_events/events/halloween.cfm-Halloween | Events | Santa's Village | Christmas Time ...	 Santa's Village loves Halloween too! ... Spooky Halloween Extravaganza is a spooktacular time for the entire ... Last ticket will be sold 2 hours before closing.
hours before closing	 	http://www.dsd.state.md.us/comar/getfile.aspx?file=10.17.01.46.htm-.46 Operating Records Required. - 10.17.01.46	 .46 Operating Records Required. ... of this regulation in 2-hour intervals for a recreational ... The final recording shall be completed 2 hours before closing; ...
hours before closing	 	http://www.memphis10hairsalon.com/Prices.html-Celebrity Look without the celebrity price... - Prices ...	 Memphis 10 Hair Salon - memphis, TN. ... 2 Hours Before Closing For Weave Services & 1 Hour Before Closing For All Other Services.hope to see you again!
hours before closing	 	http://guidessportsbar.com/daily-specials-simplified/-Daily Specials | Guides Bar	 Daily Specials. DeLISA Pizza. 8 ... Last Order Accepted 1/2 Hours Before Closing VISA – MASTER CARD – AMERICAN EXPRESS $10.00 Minimum Credit Card Charge.
hours before closing	 	https://www.carespot.com/visit-loc-later?id=23-Make an appointment - CareSpot Immediate Care | Walk-In Clinic	 From Our Customers. I had a workers comp claim and came to be seen at least 2 hours before closing. The staff at this location were very caring, concerned and helpful.
hours before closing	 	http://www.uptowncheapskate.com/local-thrift-stores/texas/austin/-Austin | Uptown Cheapskate	 BUYING HOURS Normally we buy until 2 hours BEFORE closing time. However, we get so much GREAT merchandise that if waits are excessively long and/or we aren't able to ...
hours before closing	 	http://www.msjc.edu/StudentServices/AssessmentandPlacement/Pages/Menifee-Valley-Campus-Assessment-Center.aspx-Menifee Valley Campus Assessment Center - Welcome to Mt ...	 Students arriving for testing with less than 2 hours before closing may NOT be able to finish testing that same day. Holidays. Campus Closed. No Testing.
hours before closing	 	http://centralpizza.com/-Central Pizza	 Dining room SUN-WED: 10:00AM~10:00PM THUS-SAT: 10:00AM~11:00PM. DElIVERY: 11:00AM~2:00PM &4:00PM 1/2 hours before Closing time.
hours before closing	 	http://www.pasadena.edu/library/documents/InstructorReserveForm.doc-Pasadena City College / Shatford Library	 2 hours LIBRARY USE ONLY (Default Instructor Reserve borrowing time) ... May circulate OVERNIGHT if checked out 2 hours before closing (return next day @ 9am)
hours before closing	 	http://www.pasadena.edu/library/documents/PersonalCopyReserveForm.doc-Pasadena City College / Shatford Library	 __ Default Reserve borrowing period of 2 hours for LIBRARY USE ONLY ... __ May circulate OVERNIGHT if checked out 2 hours before closing (return next day ...
hours before closing	 	http://katiespetdepotlaverne.com/grooming/self-wash/-Self Wash | Katie's PET DEPOT® – La Verne	 Self Wash Hours. Monday-Saturday 10AM to 5PM Sunday 10AM – 3PM (The last bath starts 2 hours before closing) What is Self Wash? We provide you the tools to make ...
hours before closing	 	http://www.cnm.edu/depts/assessment-center/documents/FISDAPflyer_spring2015.pdf-CNM - Central New Mexico Community College	 The FISDAP exam is administered up to 2 hours before closing. The Assessment Center will give this exam at Main Campus SSC-204 (505) 224-3243.
hours before closing	 	http://newcitylibrary.org/taxonomy/term/404?page=2-suggestion box | New City Library	 Perhaps about 2 hours before closing time yesterday I noticed a possible harassment of a youth who was leaving the library at about 8:30 p.m.
hours before closing	 	https://local.yahoo.com/info-31697298-New China Buffet in Pompano Beach | New China Buffet 5441 ...	 It's a good asian buffet, but arrive at least 2 hours before closing time. If you arrive later than that, chances are you are not getting fresh food anymore.Servers ...
hours before closing	 	https://www.redfin.com/openbook/escrow/bay-area-north-american-title-company-sp30408?_escaped_fragment_=-North American Title Company - Escrow - Title | Redfin	 A little slow and tended to leave 1-2 hours before closing hours stated further slowing one down.
hours before closing	 	http://www.parkdeckchairs.co.uk/book.html-Parkdeckchairs London - Lets Make a Booking	 Customers are required to keep their ticket after purchase for any inspection carried out by staff. Tickets will cease being sold 2 hours before closing time.
hours before closing	 	http://www.trulia.com/voices/Home_Selling/Tree_fell_on_our_house_just_hours_before_closing_-40070-Tree fell on our house just 36 hours before closing!! NOW ...	 Tree fell on our house just 36 hours before closing!! NOW WHAT!!?? Find answers to this and many other questions on Trulia Voices, a community for you to find and ...
hours before closing	 	http://www.magicwoodclimbing.co.uk/content/open/-Opening Times - MagicWood Climbing : Open	 iCal... Last entry 2 hours before closing. There is a good chance that we are there at other times (earlier) so please just give us a ring and find out!
hours before closing	 	http://www.sporterizing.com/index.php?showtopic=9053-Free Rifle For Less Than The Cost Of A Bolt Job ...	 The largest local gun show was this weekend. I couldn't get there until this afternoon. About 2 hours before closing. At the end of the last day is deal time so that ...
hours before closing	 	http://business.grapevinechamber.org/list/member/legoland-discovery-center-4613-LEGOLAND Discovery Center | Entertainment - Events ...	 Mon - Fri 10am-8pm Sat 10am-9pm Sun 11am-6pm Last admission 2 hours before closing
hours before closing	 	https://plus.google.com/101771125677068241067-Muga Khan - Google+	 My wife and I came in about 2 hours before closing on a Sunday evening. They didn't have hardly any food prepared. Besides ourselves, there were several other ...
hours before closing	 	http://www.uptowncheapskate.com/local-thrift-stores/texas/lewisville/-Lewisville | Uptown Cheapskate	 BUYING HOURS Normally we buy until 2 hours BEFORE closing time. However, we get so much GREAT merchandise that if waits are excessively long and/or we aren't able to ...
hours before closing	 	http://centralpizza.com/contact/-Contact | Central Pizza	 Dining room SUN-WED: 10:00AM~10:00PM THUS-SAT: 10:00AM~11:00PM. DElIVERY: 11:00AM~2:00PM &4:00PM 1/2 hours before Closing time.
hours before closing	 	http://theskirenters.com/camping-rental-rates/-2014 Backpacking and Camping Rental Rates | The Ski Renter	 No charge day of pick up or day of return if in by 1/2 hour prior to closing. 1-Day / Pick-up on Friday, return on Sunday 1/2 hours before closing; applies to any 1 ...
hours before closing	 	http://www.themeparkinsider.com/tips/advice.cfm?tip=326-Toontown empties out early evening. Ride Roger Rabbit 2 ...	 Toontown empties out early evening. Ride Roger Rabbit 2 hours before closing, cause Toontown sometimes closes 1 hour before Disneyland. 13 readers voted in favor of ...
hours before closing	 	http://www.notaryrotary.com/archive/forum/2010/November/Closing_on_the_Fast_Track.html-Closing on the Fast Track	 Posted by Lisa/Tn on 11/9/10 10:55am Msg #360354 Closing on the Fast Track Anyone else getting closing on the Fast Track, Papers arriving only 2 hours before closing?
hours before closing	 	http://www.thelakeviewfarms.com/fun---games.html-Fun & Games - Lakeview Farms	 Corn Maze Hours: Monday - Thursday 9AM - 5PM Friday & Saturday 9AM - 10PM Sunday 10AM - 5PM Last ticket sold 2 hours before closing
hours before closing	 	http://merrimackvalley.macaronikid.com/calendar/event/229258/-Silly, Spooky Halloween @ Santa's Village! | Macaroni Kid	 Cost: Admission for the entire day is $17. per person. This includes all the rides and festivities for the day. Last ticket will be sold 2 hours before closing.
hours before closing	 	http://www.liftopia.com/ski-resort-info/product/3769/PA/Montage-Meltdown-Waterpark-Twilight-Ticket-Starts-3-hours-before-closing-.htm-Montage Mountain, PA - Montage Meltdown Waterpark Twilight ...	 Buy Montage Meltdown Waterpark Twilight Ticket (Starts 3-hours before closing) on Liftopia and save money when you ski at Montage Mountain, PA. Liftopia sells ...
hours before closing	 	http://www.lonniesaysyes.com/credit/-Credit - Lonnie Says Yes	 I have never had people work so hard to get me in a vehicle. I went in 2 hours before closing and walked out that very same day with my new vehicle.
hours before closing	 	http://www.yeskeithcan.com/approved/-Approved - Yes Keith Can	 I have never had people work so hard to get me in a vehicle. I went in 2 hours before closing and walked out that very same day with my new vehicle.
hours before closing	 	http://www.mojopages.com/burbank-il/italian-restaurant-Burbank Italian Restaurants - Best Italian Restaurant in ...	 "Avoid this location 1-2 hours before closing. From personal experience, I can tell you ..." read more
hours before closing	 	http://www.menupages.com/restaurants/royal-kabab-curry/?restaurantid=1807&page=3-Royal Kabab & Curry - New York Restaurant - MenuPages ...	 We love the food here. been going here for many years... but now we can't go back. We went in 2 full hours before closing several weeks ago.
hours before closing	 	http://www.yelp.com.au/biz/panda-express-temecula-2-Panda Express - Temecula, CA, United States | Yelp	 1 Review of Panda Express "The selection of food is minimal 2 3 hours before closing."
hours before closing	 	http://forums.redflagdeals.com/longos-left-over-hot-food-3-99-few-hours-before-closing-897207/-Longos - Left over Hot food for $3.99 few hours before ...	 Longos - Left over Hot food for $3.99 few hours before closing
hours before closing	 	http://c72.cesoluvo.cf/-Costco timings	 207 Reviews of Costco "I shopped at the Fremont Costco years ago, but let my membership lapse,. 2 hours before closing and the carts are already put away?. 656 ...
hours before closing	 	http://www.cbcc.us/donate-blood/donation-centers-CBCC Donation Centers | Community Blood Center of the ...	 Donation Centers. Last Platelet Donation - 2 hours before closing time. Last Double Red Cell Donation - 1 hour before closing time. Last Whole Blood Donation - 30 ...
hours before closing	 	http://dhyanacenter.com/events/-Calendar of Events | dhyana Center	 Sebastopol, CA 95472. local ... 2-hours before closing for ... dhyana Center's Ayurvedic practitioners blend the philosophy of Ayurveda with the application ...
hours before closing	 	https://www.blinn.edu/labs/bryan/testing.htm-Bryan Lab Testing - Welcome to Blinn College	 Bryan Learning Center Blinn College PO Box 6030 ... All exams must begin 1.5 hours before closing, 2 hours before closing during finals;
hours before closing	 	http://wilottery.com/offices.aspx-Wisconsin Lottery Offices	 Wisconsin Lottery Offices ... Please arrive at least 2 hours before closing time with tickets in excess of $50,000 to allow for additional paperwork and processing.
hours before closing	 	http://dhyanacenter.com/-Dhyana Center	 *last check-in 1-hour before closing for Members; 2-hours before closing for Guests. Clothing Optional Times: Women Only Tuesdays 4 pm - 9 pm Fridays 9 am - 1 pm.
hours before closing	 	http://wagstowhiskerspets.com/selfserve_grooming.asp-Self Serve Bathing - Wags to Whiskers | Plainfield Pet Center	 However a ramp is available in Plainfield if needed. Plus, our large tubs hold up to 250 pounds! We take the last wash 1 & 1/2 hours before closing. 2 hours for 2 dogs.
hours before closing	 	http://www.mundeleinparks.org/Parks-Facilities/pdfs/BarefootBayWebSheet.pdf-Combo Pass Barefoot Bay - Mundelein Park & Recreation ...	 Twilight: 2 hours before closing (not available holidays). Kids ages 2 and under are FREE with paying adult. ... Barefoot Bay Hours: Mon. – Sun.: 11 a.m. to 8 p.m.
hours before closing	 	http://www.smellydogaz.com/#!page2/cjg9-smelly-dog-html5 | dog wash	 To allow enough time for a dog wash, please arrive 2 hours before closing. Breed List. SD-Logo_2011_2.png. home; dog wash. de-shed; grooming; daycare; marketplace ...
hours before closing	 	http://www.planet-rock.com/?page_id=15-First Time? « Planet Rock	 The next time you climb at Planet Rock you will need only to ... if you are visiting Planet Rock for the first time please arrive at least 2 ½ hours before closing.
hours before closing	 	http://www.eggheadcomputer.com/locations-Egghead Computer Repair, Service, Sales , Training and ...	 South Chandler / Sun Lakes. PC must be dropped off 2 hours before closing for next day service.
hours before closing	 	http://www.chabotcollege.edu/counseling/assessment/assessmentschedule.asp-Chabot College	 Please plan accordingly and arrive no later than 2 hours before closing to be able to complete both ... © Chabot College 2012. 25555 Hesperian Blvd. Hayward ...
hours before closing	 	http://www.atlanta.com/attractions/legoland-discovery-atlanta_100221-LEGOLAND Discovery Atlanta - Atlanta, GA - Atlanta.com	 LEGOLAND Discovery Atlanta Information. ... although you are welcome to stay as long as you like. The last admission to the attraction is 2 hours before closing.
hours before closing	 	http://www.judysbook.com/cities/huntington-in/Restaurants/6043/p1/Kings_Garden.htm-Kings Garden Reviews - Huntington, IN 46750 | Page 1	 Good: Taste of the tidbit that was fresh was good.. Bad: I arrived 2 hours before closing (7:30 pm) and if I had looked at the buffet before I sat...
hours before closing	 	http://www.visitsealife.com/kansas-city/join-us/-Join us - SEA LIFE Kansas City	 Opening Hours Sun - Thurs 10am - 7pm Fri & Sat 10am-9pm . Last Admission 2 Hours Before Closing. Please Note: Double-wide strollers are not permitted inside
hours before closing	 	http://www.hsfwellness.com/#!-HSF Wellness Centre, Ikoyi Lagos	 HSF is home to everything you need to escape the stress and strain of ... ﻿Customers are to arrive 2 hours before closing for treatments and 1 hour before closing ...
hours before closing	 	http://www.cnm.edu/programs-of-study/programentry/documents/FISDAPflyerCNM.pdf-Fisdap Entrance Exam - Central New Mexico Community College	 Updated 4/18/2014 bw The Fisdap exam is administered up to 2 hours before closing. The Assessment Center will give this exam on at Main Campus SSC-204 (505) 224-3243.
hours before closing	 	http://www.youtube.com/watch?v=tLeHH39NaU8-Tetsjenia Back In Business - YouTube	 A mad Italian woman force the manager and staff on a quiet restaurant to dance until they had to close 2 hours before closing time because all the other ...
hours before closing	 	http://www.mollyspetgroominglivonia.com/-Mollys Pet Grooming in Livonia, Mi	 Tues- Weds 11am-7pm. Thurs-Sat 9am-5pm. Our last appointment is scheduled no later then 1 1/2 hours before closing time. Please remember, once your pet is ready to ...
hours before closing	 	http://www.restaurantica.com/ny/middletown/new-king-buffet/23292845/-New King Buffet: Middletown, NY | Restaurant Reviews ...	 Middletown Restaurants; New King Buffet; ... 400 Route 211 E Ste 9 Middletown, NY 10940; ... The ice cream machine was shut down 1 and 1/2 hours BEFORE closing.
hours before closing	 	http://elephantjumps.com/contact.htm-ELEPHANT JUMPS | Thai Restaurant	 Elephant Jumps Thai Restaurant serve authentic Thai foods. ... The kitchen will be closed 1/2 hours before closing time. All major credit cards are welcome.
hours before closing	 	http://genese.qc.ca/contact-us/-Contact Us - Project Genesis	 Please come at least 2 hours before closing time. Monday: 9am – 4pm Tuesday: 9am – 4pm Wednesday: CLOSED to the public Thursday: 9am – 7pm Friday: 9am – 2pm
hours before closing	 	http://www.keithsaysyes.com/-Keith Says Yes - Keith Says Yes	 I have never had people work so hard to get me in a vehicle. I went in 2 hours before closing and walked out that very same day with my new vehicle.
hours before closing	 	http://wwwappscfc.lonestar.edu/admissions/testing/compass_info.cfm?textonly=true-STUDY INFORMATION - Cy-Fair College: Home Page	 COMPASS can be taken during the hours that our Assessment Center is open. You must arrive 3 1/2 hours before closing time. When will I get my scores?
hours before closing	 	http://ctamachinery.com/visiting-cama.html-CAMA museum grounds, 31 Kent-Cornwall Rd. (Rt. 7), Kent ...	 The Connecticut Antique Machinery Association is located in Kent, ... Please arrive at least 1-2 hours before closing time to assure sufficient time ...
hours before closing	 	http://touringplans.com/disneyland/attractions/disneyland-monorail-Disneyland Monorail | Disneyland - Touring Plans | Disney ...	 Home » Disneyland » Attractions » Disneyland Monorail ... the wait to board is usually 15 to 25 minutes except in the 2 hours before closing.
hours before closing	 	http://www.legolanddiscoverycenter.com/atlanta/plan-your-visit/plan-your-visit.aspx-Plan your visit to LEGOLAND® Discovery Center Atlanta	 What to do at LEGOLAND® Discovery Center Atlanta. Opening times, directions and more. ... The last admission to the attraction is 2 hours before closing.
hours before closing	 	http://www.the-observatory.org/opening-dates-times-DATES AND TIMES OF OPENING 2015 | THE OBSERVATORY SCIENCE ...	 The Observatory Science Centre dates and times of opening. VISIT US WHAT'S ON. ASTRONOMY. GROUPS. SCHOOLS. EXHIBITS ... Last admission 2 hours before closing
hours before closing	 	http://www.blinn.edu/labs/brenham/LC/BCLResources.htm-Resources and Services - Blinn College	 All test must be started at least 1-1/2 hours before closing. Resources. Computers; CD ROM; Laser Printers; Color Printer; Color scanner; Windows ; MS Office ...
hours before closing	 	https://www.employerstaxid.com/-Get Instant Federal Tax & Employers Tax ID Online	 EASY AS 1-2-3 And you will have your Employers Tax ID Instantly/Federal Taxt ID the Same Day!! ... *During Normal Business Hours,up to 2 hours before closing.Mon-Fri PST
hours before closing	 	http://maranapumpkinpatch.com/events.html-Marana Pumpkin Patch - Sponsored by Post Farms	 Marana Pumpkin Patch and Farm Festival Opening weekend, ... Please show up at least 1 1/2 hours before closing so you'll be able to enjoy ALL the fun! Corn Mazes: ...
hours before closing	 	http://touringplans.com/magic-kingdom/attractions?sort=appeal_preschool-Magic Kingdom Attractions - Touring Plans | Disney World ...	 Magic Kingdom Attractions Name Pre-school ↓ Grade School Teens ... Indoor track ride When to go: Before 10 a.m., in the 2 hours before closing, or use Fastpass+:
hours before closing	 	http://fireflypottery.net/Birthday.html-Firefly Pottery	 Firefly Pottery has a huge selection of pieces to choose from that will fit everyone's budget. ... Starting 1/2 hour after opening to 2 hours before closing Call ...
hours before closing	 	http://www.law.fsu.edu/library/reserveoverduepolicy.html-SU College of Law - Research Center - Public Patron ...	 RESERVE ITEMS ARE DUE BACK WITHIN 2 HOURS. ... out overnight and therefore must be checked-out from the circulation desk no later than 2 hours before closing time ...
hours before closing	 	http://www.msjc.edu/StudentServices/AssessmentandPlacement/Pages/Temecula-Education-Complex.aspx-Temecula Education Complex - Welcome to Mt. San Jacinto ...	 Students arriving for testing with less than 2 hours before closing may NOT be able to finish testing that same day. Holidays. Campus Closed. No Testing.
hours before closing	 	http://www.wiesbaden.army.mil/sites/about/ttd/SwimmingPools/Kostheim%20Pool.pdf-Kostheim Pool Admission Prices - example.com	 Pool closes 1/2 hours before closing time! Our star rating: Address Waldhofstraße 11 55246 Mainz-Kostheim . Lawn with playground equipment and table tennis courts .
hours before closing	 	http://www.kudzu.com/m/Toms-Smog-872793-Toms Smog - Las Vegas, NV 89104 - Atlanta roofers, hvac ...	 Called for hours of operation @ wait time. Showed up 1 1/2 hours before closing time, about 20 minutes after calling them, & they were closed.
hours before closing	 	http://www.whiskeycreekmc.com/-Whiskey Creek Mason City Wood Fire Grill	 We do it twice daily Monday – Friday 4 – 6pm and again the last 2 hours before closing ... Whiskey Creek special deal thru the month of December!!!
hours before closing	 	http://www.louisianatravel.com/node/120718-Frogmore Cotton Plantation & Gins | Louisiana Travel	 Approx. 2 hrs from Baton Rouge. Please arrive 1 1/2 hours before closing time. Tours begin immediately upon arrival. Hours vary by season. Amenities
hours before closing	 	http://www.mortgagefit.com/loantalk/backout-mtgclosing.html-Can we be sued for backing out of mortage loan hours ...	 Can we be sued for backing out of mortage loan hours before closing? Author: Message: Add to del.icio.us: ... We find out that we have to pay 2 months HOA fees up ...
hours before closing	 	http://theburleys.blogspot.com/2008/08/our-week-by-numbers.html-The Burleys: Our Week By the Numbers	 Our Week By the Numbers. 1 house that closed on Friday ... $239 spent 2 hours before closing to fix an air conditioner we weren't even going to own anymore ...
hours before closing	 	http://aanytimemobilenotary.com/wedding_officiant1-Home - Wedding Officiant	 Since the confidential marriage license requires the signature of a marriage officiant, ... is issued the same day as long as we are there 2 hours before closing.
hours before closing	 	http://www.greensboro-nc.gov/modules/showdocument.aspx?documentid=4232-Dasani Blue Bikes - Greensboro, North Carolina	 Dasani Blue Bikes Contact us Phone 336-373-3800 Fax 336-373-3810 ... Center opens until 1 1/2 hours before closing. 5. A security deposit is required. 6.
hours before closing	 	http://cba.unl.edu/people/testingcenter/RequestExam.aspx-UNL - University of Nebraska–Lincoln	 If the Time Allowed is 2 hours they must arrive at the testing center 2 hours before closing or they will not be allowed to start the exam. ...
hours before closing	 	http://www.portlandyacht.com/documents/2012MarinaRateSheet.pdf-2011 Marina Rate Sheet - Portland Yacht Services, Inc ...	 the boat must be back 2 hours before closing. ½ Day Rental - $75.00 Full Day Rental - $150.00 Ice 5lbs ... 58 Fore Street Portland, Maine 04101
