in the back	 	http://en.wikipedia.org/wiki/Human_back-Human back - Wikipedia, the free encyclopedia	 The human back is the large posterior area of the human body, ... Other muscles in the back are associated with the movement of the neck and shoulders.
in the back	 	http://www.back.com/back-pain/conditions/back-arthritis/index.htm-Back pain causes - Mechanical disorders - Facet arthropathy	 Prolonged inactivity can cause more pain and stiffness in the back, ... Most people with facet arthropathy will complain of lower back pain that becomes worse ...
in the back	 	http://www.jukeintheback.org/-Juke in the Back	 Juke In The Back. Matt The Cat presents the soul that came before rock n’ roll: 1950s rhythm and blues. Each week, this underrated and rollicking music plays on ...
in the back	 	http://tvtropes.org/pmwiki/pmwiki.php/Main/InTheBack-Main/In the Back - Television Tropes & Idioms	 While not done in the back, the titular character of Jonah Hex is shot and killed during a cardgame when he stops to clean his glasses. Supporting character J.D Hart ...
in the back	 	http://idioms.thefreedictionary.com/Stab+in+the+back-stab in the back - Idioms by The Free Dictionary	 stab someone in the back . 1. Lit. to thrust a knife into someone's back. Max planned to stab his hostage in the back if he screamed. The murderer stabbed his victim ...
in the back	 	http://bleacherreport.com/articles/2280883-rory-macdonald-id-never-stab-gsp-in-the-back-Rory MacDonald: I'd Never Stab GSP in the Back | Bleacher ...	 For Rory MacDonald, fighting longtime friend and training partner Georges St-Pierre would be the same as stabbing him in the back. On paper, a potential ...
in the back	 	http://www.bellinghamherald.com/2014/12/05/4012403/man-stabbed-in-the-back-on-slater.html-Man stabbed in the back on Slater Road; suspect arrested ...	 An Everson man was arrested Friday afternoon, Dec. 5, on suspicion of stabbing a man in the back at a gas station on the outskirts of the Lummi Reservation.
in the back	 	http://shackinthebackbbq.com/?page_id=25-Catering by Shack in the Back BBQ Louisville KY | Shack in ...	 Catering from Shack in the Back. You need something special, something mouthwatering for your luncheon, your wedding, your reunion. Whatever the event, we have the ...
in the back	 	http://6abc.com/news/man-shot-in-the-back-in-south-philadelphia/447589/-Man shot in the back in South Philadelphia | 6abc.com	 Police say a 33-year-old man was shot in the back after walking home from a store in South Philadelphia early Tuesday morning.
in the back	 	http://www.jsonline.com/news/milwaukee/autopsy-man-killed-by-milwaukee-cop-in-red-arrow-park-not-on-drugs-b99400494z1-284373681.html-Bullet struck Dontre Hamilton in the back, autopsy says	 Half the bullets that hit Dontre Hamilton traveled in a downward direction and one hit him in the back, according to a portion of the autopsy released Monday by his ...
in the back	 	http://www.huffingtonpost.com/2014/12/29/ezell-ford-autopsy_n_6364352.html-Ezell Ford Autopsy Shows He Was Shot Three Times, Once In ...	 Ezell Ford Autopsy Shows He Was Shot Three Times, Once In The Back. Posted: 12/29/2014 5:49 pm EST Updated: 12/30/2014 11:59 am EST . Share; Tweet. 0 ...
in the back	 	http://www.medhelp.org/posts/Womens-Health/Something-in-the-back-of-my-throat/show/26953-Something in the back of my throat? - Women's Health - MedHelp	 I have felt like something is stuck in the back of my throat for 4 days now. I am prone to canker sores but they are usually painful and in the front of my mouth.
in the back	 	http://idioms.thefreedictionary.com/in+the+back+of+mind-in the back of mind - Idioms by The Free Dictionary	 What does in the back of mind expression mean? Definitions by the largest Idiom Dictionary. ... but in the back of my mind, I know that's not true.
in the back	 	http://www.menshealth.com/fitness/muscle-strains-tears-back-Muscle Strains (Tears) in the Back | Men's Health	 What is a muscle strain? Muscle strains or ruptures can occur in the back just like they can anywhere else in the body. A muscle strain (or tear) in the back is ...
in the back	 	http://pjmedia.com/eddriscoll/2010/10/25/obama-republicans-gotta-sit-in-the-back/-Obama: Republicans ‘Gotta Sit in the Back’ | Ed Driscoll	 12 Trackbacks to “Obama: Republicans ‘Gotta Sit in the Back ... » Blog Archive » Republicans get to sit “in the back of the bus ...
in the back	 	http://kidsintheback.org/-Home - Child Car Seat Inspection Clinics - Kids in the Back	 Kids in the Back is a Child Car Seat Inspection and Education Services company based in the Lower Mainland of BC, offering services including child car seat ...
in the back	 	http://www.huffingtonpost.com/2014/12/03/cop-helping-widow-_n_6263622.html-The Surprising Reason This 73-Year-Old Widow Is In The ...	 The Surprising Reason This 73-Year-Old Widow Is In The Back Of A Squad Car. Posted: 12/03/2014 2:53 pm EST Updated: 12/03/2014 2:59 pm EST . Share; Tweet ...
in the back	 	http://www.washingtonpost.com/news/national/wp/2015/01/02/on-911-call-georgia-police-chief-says-his-gun-accidentally-went-off-shot-his-wife-in-the-back/-On 911 call, Georgia police chief says his gun ...	 A Georgia police chief told a 911 dispatcher he accidentally shot his wife in the back late Thursday morning when he was moving a gun from their bed and it discharged.
in the back	 	http://www.metrolyrics.com/in-the-back-lyrics-michael-jackson.html-Michael Jackson - In The Back Lyrics | MetroLyrics	 Lyrics to 'In The Back' by Michael Jackson. You're just preaching the Bible and they still speakin you're a lier / And you still deal with the fires / That they
in the back	 	http://www.attorneys.com/traffic-tickets-violations/riding-in-the-back-of-a-pickup/-Is It Legal to Ride in the Back of a Pickup Anymore ...	 Is it legal to ride in the back of a pickup truck? To those who grew up outside the nation's cities and suburbs, bouncing along in the back of a pickup is as much a ...
in the back	 	http://www.jukeintheback.org/episodes/-Episodes – Juke In The Back	 The “Juke In The Back” concludes its two part series on Aladdin Records, one of the most important independent labels of the pre-rock era.
in the back	 	http://www.amazon.com/Bear-Back-Seat-Adventures-Mountains-ebook/dp/B00EW8TTQW-Bear in the Back Seat: Adventures of a Wildlife Ranger in ...	 Amazon Bear in the Back Seat: Adventures of a Wildlife Ranger in the Great Smoky Mountains National Park: Smokies Wildlife Ranger Book 1
in the back	 	http://www.liveleak.com/view?i=15a_1401511448-LiveLeak.com - Lowlife Shoots Cab Driver In The Back Of ...	 Warning - Item Lowlife Shoots Cab Driver In The Back Of His Head Then Robs Him **Warning: Graphic** might contain content that is not suitable for all ages.
in the back	 	http://jpcormier.bandcamp.com/album/somewhere-in-the-back-of-my-heart-Somewhere in the Back of My Heart | J.P. Cormier	 Somewhere in the Back of My Heart by J.P. Cormier, released 06 June 2012 1. The Picture (Better Days) 2. I Saw Jesus on the Lawn Last Night 3. Autumn Girl 4. The ...
in the back	 	http://www.belairbarandgrill.com/the-shack/-The Shack in the Back at the Bel Air Bar + Grill | Bel Air ...	 The Shack in the Back is a perfect place to pick up a grab-and-go breakfast or lunch. Whether you’re dashing to work without breakfast or traveling along Sepulveda ...
in the back	 	http://www.healthyhippie.net/headache-in-the-back-of-the-head-symptoms-and-causes/-Headache in the Back of the Head – Symptoms and causes ...	 A first time headache in the back of head that lasts for a few minutes to weeks can be due to following reasons: ... Chronic Recurrent Headache in the Back of the Head.
in the back	 	http://news.yahoo.com/california-man-arrested-live-calf-back-car-011310461.html-California man arrested with live calf in the back of his ...	 LOS ANGELES (Reuters) - Police in a Southern California city found an unusual stolen item this week in the back of a compact car with tinted windows - a ...
in the back	 	http://thefinancialbrand.com/13219/why-tellers-belong-in-the-back-of-branches/-Put the ‘Milk’ in the Back of Your Branches	 Putting Milk in the Back of the Branch. There is one common problem shared by each of these three flawed branch layouts: Branch visitors must make a ...
in the back	 	http://www.cure-back-pain.org/torn-ligament-in-the-back.html-Torn Ligament in the Back - Cure-Back-Pain.Org	 A torn ligament in the back can cause lasting pain and functional impairment. Learn about healing ligament tears in the back muscles.
in the back	 	http://www.answers.com/Q/Headache_in_the_back_of_head-Headache in the back of head - Answers - The Most Trusted ...	 1/1/09 I had a headache in the back of my head that wouldn't go away and morbid thoughts (death, etc.) I had been on a crash diet. I bought a VITAMIN B COMPLEX at the ...
in the back	 	http://www.azlyrics.com/lyrics/ludacris/diamondintheback.html-LUDACRIS LYRICS - Diamond In The Back - A-Z Lyrics	 Gangsta whitewalls, TV antennas in the back (the back, the back...) [Chorus] I wanna (diamond in the back) I wanna (sunroof top) I wanna (diggin' the scene with a ...
in the back	 	http://www.metrolyrics.com/stabbed-in-the-back-lyrics-youth-of-today.html-Youth Of Today - Stabbed In The Back Lyrics | MetroLyrics	 Lyrics to 'Stabbed In The Back' by Youth Of Today. We were brother, you and me / loyal to our hardcore scene / our thought, our aims, / our goals were true /
in the back	 	http://www.urbanspoon.com/r/51/551281/restaurant/Louisville/Shack-in-the-Back-BBQ-Fairdale-Shack in the Back BBQ - Fairdale | Urbanspoon	 Shack in the Back BBQ, Barbecue Restaurant in Fairdale. See the menu, 1 photo, 3 critic reviews, 1 blog post and 6 user reviews. Reviews from critics, food blogs and ...
in the back	 	http://www.illinoislegalaid.org/index.cfm?fuseaction=home.dsp_content&contentID=8475-Illinois Legal Aid | Is it Legal to Ride in The Back of a ...	 Is it Legal to Ride in The Back of a Pickup Truck, or in a Trailer That’s Being Towed?
in the back	 	http://www.instructables.com/id/Build-a-Bed-in-the-Back-of-your-Van/-Build a Bed in the Back of your Van - Instructables.com	 Intro: Build a Bed in the Back of your Van. So you've got a road trip planned, maybe you're even headed to Burning Man like we were, and you want to make the most of ...
in the back	 	http://www.familyfriendpoems.com/poem/the-kid-in-the-back-of-the-class-The Kid In The Back Of The Class, School Poem	 The kids pointed and the kids laughed at the young man that sat in the back of the class. The one with his head down to conceal his lost frown, the one whose face of ...
in the back	 	http://taxileaks.blogspot.com/2014/12/bbc-5-live-interview-david-mellor.html-What Happens In The Back Of A Taxi, Should It Stay In The ...	 What Happens In The Back Of A Taxi, Should It Stay In The Back Of TheTaxi?
in the back	 	http://www.imdb.com/title/tt0185766/-Who Came in the Back Door? (1987) - IMDb	 Share this Rating. Title: Who Came in the Back Door? (1987) 6.2 /10. Want to share IMDb's rating on your own site? Use the HTML below.
in the back	 	http://www.usatoday.com/story/sports/nfl/2014/10/01/ravens-smith-panthers-stabbed-me-in-the-back/16562989/-Steve Smith: Panthers stabbed me in the back	 Steve Smith: Panthers stabbed me in the back. CHARLOTTE, N.C. (AP) — Steve Smith took some parting shots at the Carolina Panthers, three days after the ...
in the back	 	http://quotes.dictionary.com/search/stabbed+in+the+back?page=1-Stabbed In The Back quotes | Quotations at Dictionary.com	 He made no resistance whatever, and was stabbed in the back.... I must not dwell upon the fearful repast.... Words have no power t... ATTRIBUTION DETAIL »
in the back	 	http://www.vevo.com/watch/ludacris/Diamond-In-The-Back/USDJM0400058-Diamond In The Back - Ludacris - VEVO | New Music Videos ...	 Watch Diamond In The Back by Ludacris online at vevo.com. Discover the latest Rap/Hip-Hop music videos by Ludacris on Vevo.
in the back	 	http://www.medhelp.org/posts/Womens-Health/Little-white-things-in-the-back-of-my-throat/show/36858-Little white things in the back of my throat! - Women's ...	 I have been having these little white ball looking things in the back of my throat for a few years now. They come and go but they really bother me.
in the back	 	http://www.spirithalloween.com/product/pmg-knife-in-the-back/-Knife in the Back Costume – Spirit Halloween	 Comments about Knife in the Back Costume: This is the only decent knife-in-back shirt around. None of the stores carry it, so you have to order it online.
in the back	 	http://unitedwithisrael.org/france-stabs-israel-in-the-back-at-un/-France Stabs Israel in the Back at UN | United with Israel	 France voted in favor of the damaging Palestinian bid at the UN, thus stabbing the Jewish State in the back while caving in to anti-Israel pressure.
in the back	 	http://sports.yahoo.com/blogs/soccer-dirty-tackle/alex-song-elbows-mario-mandzukic-in-the-back-for-some-reason--gets-sent-off-233143661.html-Alex Song elbows Mario Mandzukic in the back for some ...	 From Yahoo Sports: Down 1-0 to Croatia, Cameroon's Alex Song decided to elbow Mario Mandzukic in the back after bumping into him while not looking where he ...
in the back	 	http://www.ctvnews.ca/canada/calgary-mother-s-unlocked-suv-stolen-with-baby-in-the-back-seat-1.2158254-Calgary mother's unlocked SUV stolen with baby in the back ...	 A Calgary mother learned a hard lesson Sunday when her unlocked SUV was stolen with her 10-month-old baby son in the back seat. The woman had stopped at a shopping ...
in the back	 	http://www.buzzle.com/articles/headaches-in-back-of-head.html-Headaches in the Back of the Head - Buzzle	 Headaches in the Back of the Head Headaches in the back of the head is not as common as the pain that affects the front part, especially the temple.
in the back	 	http://dictionary.cambridge.org/dictionary/british/have-eyes-in-the-back-of-your-head-have eyes in the back of your head definition, meaning ...	 have eyes in the back of your head - definition, meaning, audio pronunciation, synonyms and more. What is have eyes in the back of your head? to know everything that ...
in the back	 	https://www.facebook.com/IntheBackRow-In the Back Row | Facebook	 In the Back Row. 2,944 likes · 79 talking about this. In the Back Row Live every Sunday Night at 6 PM PST with your Host Doc the Gaffer #INTHEBACKROW
in the back	 	https://www.facebook.com/forthekidintheback-For the Kid in the Back | Facebook	 To connect with For the Kid in the Back, sign up for Facebook today.
in the back	 	http://www.worldstarhiphop.com/videos/video.php?v=wshhfhScas316j2cokOc-Spoof: Jay-Z Getting Head In The Back Of A Cab | New Video	 Real Life Boondocks Episode In The DMV: Police Officer Posed As Santa Claus Gets Shot In The Back With A Pellet Gun While Giving Away Toys On Christmas Eve 517,737 views
in the back	 	http://bleacherreport.com/articles/2294260-ryan-giggs-can-do-keepy-uppies-with-a-potato-in-the-back-of-a-restaurant-Ryan Giggs Can Do Keepy-Uppies with a Potato in the Back ...	 For too long now, we've wondered whether Manchester United assistant manager Ryan Giggs can juggle a potato in the back of a restaurant. Now we have our ...
in the back	 	http://www.cnet.com/videos/skully-motorcycle-helmet-gives-you-eyes-in-the-back-of-your-head/#!-Skully motorcycle helmet gives you eyes in the back of ...	 CNET News Video: Skully motorcycle helmet gives you eyes in the back of your head 2:40 / January 13, 2014. The Skully motorcycle helmet features a heads-up ...
in the back	 	http://www.buckleupnc.org/occupant-restraint-laws/children-in-the-back-of-a-pickup-truck-law/-Children in the Back of a Pickup Truck Law : BuckleUpNC ...	 North Carolina Transportation of Children in the Back of a Pickup Truck Law (G.S. 20-135.2B) For the text of this law, click here to download a PDF version from the ...
in the back	 	http://www.policestateusa.com/2014/miriam-carey/-Police shoot erratic female driver in the back of the head ...	 Police shoot erratic female driver in the back of the head; D.C. put into lockdown Washington D.C. went into lockdown after a dental hygienist crashed into a ...
in the back	 	https://uk.answers.yahoo.com/question/index?qid=20070521150321AARqU11-Swollen gland at the back of neck?? - Yahoo Answers UK	 There are lymph glands all through out your body and yes in the back of your head at the neck line. Our lymph glands is our first line of defense against ...
in the back	 	http://www.healthhype.com/headache-causes-of-pain-in-the-back-of-the-head.html-Headache and Pain in the Back of the Head – Causes ...	 How to Find a Cause of Pain in the Back of the Head? You can suspect a cause of pain in the back of your head from the pain duration and characteristics, other ...
in the back	 	http://kotaku.com/5948129/steve-jobs-spotted-in-the-back-of-a-truck-in-china-Steve Jobs Spotted in the Back of a Truck. In China. [Update]	 Late fall, Steve Jobs sadly moved on from this world. He's gone and missed. Yet, a photo of Jobs in the back of a truck is now making the internet rounds ...
in the back	 	http://www.justanswer.com/medical/6vqr2-small-blisters-back-throat.html-I have small blisters in the back of my throat	 Question - I have small blisters in the back of my throat - JI. Find the answer to this and other Medical questions on JustAnswer.
in the back	 	http://www.salon.com/2001/04/09/mullets/-Business in the front, party in the back - Salon.com	 Monday, Apr 9, 2001 7:30 PM UTC Business in the front, party in the back The mullet is the Janelle Brown
in the back	 	http://www.mysanantonio.com/news/local/article/SAPD-Husband-shot-wife-in-the-back-5882000.php-SAPD: Husband shot wife in the back - San Antonio Express-News	 SAN ANTONIO — A woman is recovering after she was shot in the back by her husband Sunday afternoon on the Northeast Side, police said. Robert M. Ramirez ...
in the back	 	http://bicycling.about.com/od/howtoride/ss/how_to_shift_3.htm-Changing Gears in the Back	 In the back, the biggest sprocket, the one closest to the inside of your wheel, produces your easiest pedaling. The smallest sprocket on your rear wheel, the ...
in the back	 	http://www.buzzfeed.com/alexlewis/things-that-make-retail-workers-want-to-hide-in-the-back-Things That Make Retail Workers Want To Hide In The Back	 Things That Make Retail Workers Want To Hide In The Back. Every retail worker has had one of these customers!
in the back	 	http://www.wisegeekhealth.com/what-are-the-most-common-causes-of-pain-in-the-back-of-the-hand.htm-What Are the Most Common Causes of Pain in the Back of the ...	 Pain in the back of the hand can be caused by injuries, nerve compression, arthritis, and tendon problems. If the pain is...
in the back	 	http://dictionary.cambridge.org/dictionary/british/at-in-the-back-of-your-mind-at/in the back of your mind definition, meaning - what is ...	 at/in the back of your mind - definition, meaning, audio pronunciation, synonyms and more. What is at/in the back of your mind? If something is at/in the back of your ...
in the back	 	http://www.sing365.com/music/lyric.nsf/In-the-Back-lyrics-Michael-Jackson/9590E96A35B2E19D482576D30014BD9B-IN THE BACK LYRICS - MICHAEL JACKSON	 "In the Back" Lyrics by Michael Jackson: Youve got the strength of survivor And they still stick you a liar And you do deal with the fires And the...
in the back	 	http://www.thefreedictionary.com/Stab+in+the+back-Stab in the back - definition of Stab in the back by The ...	 He was leaning, with folded arms, over a bale of blankets, engaged in bargaining, when he received a deadly stab in the back, and fell down the companion-way.
in the back	 	http://barney.wikia.com/wiki/The_Caboose_Rides_in_the_Back-The Caboose Rides in the Back - Barney Wiki	 The Caboose Rides in the Back is an original Barney song that first appeared in All Aboard! All...
in the back	 	http://boosterseats4safety.org/-Booster Seats - Boost 'em in the Back - Educational Video ...	 Boost 'em in the Back Seat is a six-minute empirically-supported threat appeal video that delivers preventive messages about the importance of booster seat and rear ...
in the back	 	http://jondamore.com/boss/-The Boss Always Sits In The Back | Jon D’Amore	 Always Sits In The Back is a story of love, honor, respect and a young man’s loss of innocence. Jon D’Amore, the storyteller, watches as respect turns into duty ...
in the back	 	http://www.barenakedislam.com/2014/11/06/barack-hussein-obama-reportedly-plans-to-stab-israel-in-the-back-by-voting-with-israels-enemies-at-the-un/-BARACK HUSSEIN OBAMA reportedly plans to stab Israel in ...	 BARACK HUSSEIN OBAMA reportedly plans to stab Israel in the back by voting with Israel’s enemies at the UN
in the back	 	http://www.home-remedies-for-you.com/askquestion/8884/home-remedies-for-pinched-nerve-best-way-to-heal-a.html-Home Remedies for Pinched Nerves in the Back, Neck, Arm & Leg	 One of the natural home remedies for pinched nerve in the back is to prepare a paste of cinnamon powder and honey and then apply this paste to the concerned area.
in the back	 	http://www.stlyrics.com/lyrics/becool/bethankfulforwhatyougot.htm-Be Thankful for What You Got Lyrics — William DeVaughn ...	 Be Thankful for What You Got Though you may not drive a great big Cadillac Gangsta whitewalls TV antennas in the back You may not have a car at all
in the back	 	http://www.yandy.com/Party-In-The-Back-Mini-Dress.php-Party In The Back Mini Dress, Open Back Dress, Open Back ...	 Party In The Back Mini Dress. This sexy, short sleeve seamless mini dress features a low cut front and open, cut out back.
in the back	 	http://mumsgrapevine.com.au/2014/06/three-car-seats-in-the-back-what-you-need-to-know/-How to fit three car seats in the back - Mum's Grapevine	 Our difinitive guide to what you need to know about fitting three car seats in the back of your car: the brands that work plus top tips and advice.
in the back	 	http://www.stltoday.com/news/local/crime-and-courts/man-shot-in-the-back-of-head-during-drug-buy/article_d3143044-dc62-521a-ac19-c5e99978fc2b.html-Man shot in the back of head during drug buy on South ...	 ST. LOUIS • A man buying marijuana was shot in the back of the head in the 5500 block of South Grand Avenue on Friday night, police said. The man, 31, was listed in ...
in the back	 	http://www.nydailynews.com/new-york/7-nypd-bullets-killed-teen-kimani-gray-article-1.1287452-Seven police bullets killed Brooklyn teen Kimani Gray ...	 Enraged protesters battle cops in Brooklyn streets during third night of rioting after it's revealed that 16-year-old Kimani Gray was shot in the back
in the back	 	http://gawker.com/5965883/man-shoots-girlfriend-in-the-back-for-not-taking-the-possibility-of-a-zombie-apocalypse-seriously-Man Shoots Girlfriend in the Back for Not Taking the ...	 An argument over the likelihood of a zombie apocalypse becoming a reality ended with a woman getting shot in the back by her boyfriend. According to Nassau ...
in the back	 	http://teespring.com/partyintheback-Business In the Front, Party In the back | Teespring	 In the front we are all business.... but in the back, it ain't nothin' short of a party!Get yours now!For 4XL and 5XL sizes, choose Fruit of the Loom during checkout!
in the back	 	http://anatomy.uams.edu/anatomyhtml/muscles_back.html-UAMS Department of Anatomy - Muscles of the Back	 Muscles of the Upper Limb that are dissected in the Back Region; Muscle Origin Insertion Action Innervation Artery Notes; latissimus dorsi: vertebral spines from T7 ...
in the back	 	http://answers.microsoft.com/en-us/ie/forum/ie8-windows_vista/there-is-something-playing-in-the-back-ground/3d278803-249e-4dd9-be25-6fbf23d58691-there is something playing in the back ground ,commercials ...	 i have stuff playing in the back ground ,once i turn my computer on and get on the web ,after a few minutes ,i start hearing commercials and news the longer i stay on ...
in the back	 	http://teespring.com/partyintheback-Business In the Front, Party In the back | Teespring	 In the front we are all business.... but in the back, it ain't nothin' short of a party!Get yours now!For 4XL and 5XL sizes, choose Fruit of the Loom during checkout!
in the back	 	http://inthebackrow.com/-In the Back Row Live with Doc the Gaffer	 Official In the Back Row Website, Entertainment News You Need with Doc the Gaffer and You-Ming. (her father is Chinese) Watch In the Back Row Live Sunday Nights at 6 PST
in the back	 	http://www.theroot.com/articles/culture/2014/12/brandon_tate_brown_s_mother_speaks_out.html-Brandon Tate-Brown’s Mother Speaks Out - The Root	 “Why did they find it necessary to shoot him in the back of the head?” she asked, the hurt and disbelief evident in her voice. “His face was horrific.
in the back	 	http://anatomy.uams.edu/anatomyhtml/muscles_back.html-UAMS Department of Anatomy - Muscles of the Back	 Muscles of the Upper Limb that are dissected in the Back Region; Muscle Origin Insertion Action Innervation Artery Notes; latissimus dorsi: vertebral spines from T7 ...
in the back	 	http://answers.microsoft.com/en-us/ie/forum/ie8-windows_vista/there-is-something-playing-in-the-back-ground/3d278803-249e-4dd9-be25-6fbf23d58691-there is something playing in the back ground ,commercials ...	 i have stuff playing in the back ground ,once i turn my computer on and get on the web ,after a few minutes ,i start hearing commercials and news the longer i stay on ...
in the back	 	http://www.worldstarhiphop.com/videos/video.php?v=wshh2PE2NvLf788GbByM-Chris Brown Plays Karrueche For Two Moree!? (Sits In The ...	 Chris Brown Plays Karrueche For Two Moree!? (Sits In The Back. While His Girl Rolls Out In The Front Seat With Driver)
in the back	 	http://www.wikihow.com/Deal-With-Friends-Who-Stab-You-in-the-Back-How to Deal With Friends Who Stab You in the Back: 6 Steps	 Edit Article How to Deal With Friends Who Stab You in the Back. Did you have a friend that listened to a lie and then believed it and stabbed you in the back?
in the back	 	http://www.azlyrics.com/lyrics/miguel/candlesinthesunblowininthewind.html-MIGUEL LYRICS - Candles In The Sun, Blowin In The Wind	 Lyrics to "Candles In The Sun, Blowin In The Wind" song by MIGUEL: There's no separation, we're all one. Right? Diamond in the back, Babies on crack, Kickin' the door...
in the back	 	http://www.bungoblog.com/society-events/bungo-in-the-lanes/-Bungo Blog » Bungo in the Back Lanes	 As the name implies, Bungo in the Back Lanes is a neighbourhood festival held in the back lanes, usually on the Saturday closest to the summer solstice; 2014’s ...
in the back	 	http://www.mediawebapps.com/picturelike.php?id=1276-You’re right, people do lie, and cheat, and stab you in ...	 You’re right, people do lie, and cheat, and stab you in the back. There will be people who use you and don’t love you even though they say they do.
in the back	 	http://www.rvforum.net/SMF_forum/index.php?topic=40676.0-Riding in the back of a truck camper - The RV Forum	 Just curious.....can you have people ride in the back of a truck camper when its rolling down the road; or is this not safe? And if you say no, then how does this ...
in the back	 	http://www.yelp.com/list/brunch-in-the-back-bay-boston-Brunch in the Back Bay - Boston - Yelp	 Brunch on the weekends is just about my favorite pastime and probably my favorite meal! Since its been so cold -- and I live in the Back Bay, here are all the places ...
in the back	 	http://www.shopstyle.com/browse?fts=cross+strap+in+the+back+bras-Cross strap in the back bras - ShopStyle for Fashion and ...	 Find cross strap in the back bras at ShopStyle. Shop the latest collection of cross strap in the back bras from the most popular stores - all in one place.
in the back	 	http://www.urbandictionary.com/define.php?term=business%20up%20front%20party%20in%20the%20back-Urban Dictionary: business up front party in the back	 After winning the world championship lawnmower races, Earl shouted "Business up front party in the back!" with his dirty-greasy mullet flowing in the breeze.
in the back	 	http://www.celebdirtylaundry.com/2013/ann-curry-stabbed-in-the-back-by-matt-lauer-the-today-show-photo-0424/-Ann Curry Stabbed In The Back By Matt Lauer & The Today ...	 Unsurprisingly, here is the tale of how Ann Curry was stabbed in the back by her Today show co-host Matt Lauer. We knew that they had problems on the set ...
in the back	 	http://ezinearticles.com/?Pain-in-the-Back-of-the-Head---What-is-the-Cause?&id=3097883-Pain in the Back of the Head - What is the Cause?	 What to do with pain in the back of the head? Pain located in the back of the head, neck, and shoulders is very common. There can be many causes of pain located in ...
in the back	 	http://www.yelp.com/biz/shack-in-the-back-fairdale-Shack in the Back - Fairdale, KY | Yelp	 41 Reviews of Shack in the Back "Turkey ribs! Turkey ribs! Turkey ribs! Turkey ribs! Turkey ribs! Turkey ribs! I don't know where they find turkeys this big, but my ...
in the back	 	http://www.rightdiagnosis.com/symptom/cherry-red-spots-in-the-back-of-the-eyes.htm-Cherry-red spots in the back of the eyes - RightDiagnosis.com	 Causes and diagnosis of medical symptom Cherry-red spots in the back of the eyes with references to diagnosis, testing, and other symptoms.
in the back	 	http://darlenecraviotto.com/-Darlene Craviotto | Can you all hear me in the back?	 Can you all hear me in the back? ... Last year I wrote a story about a Monterey Pine that wanted to grow up to become a Christmas tree.
in the back	 	http://www.justanswer.com/dental/5r1fd-tongue-feels-swollen-back-close-throat.html-My tongue feels swollen in the back close to my throat and	 Question - My tongue feels swollen in the back close to my throat and - HT. Find the answer to this and other Dental questions on JustAnswer.
in the back	 	http://darlenecraviotto.com/-Darlene Craviotto | Can you all hear me in the back?	 Can you all hear me in the back? ... Last year I wrote a story about a Monterey Pine that wanted to grow up to become a Christmas tree.
in the back	 	http://personalliberty.com/stabbed-back/-Stabbed in the back | Personal Liberty	 Are you in as much pain as I am, after being poked in the eye by Obama’s thumb, and being kicked in the groin, then being stabbed in the back with a dull knife ...
in the back	 	http://www.rightdiagnosis.com/symptom/cherry-red-spots-in-the-back-of-the-eyes.htm-Cherry-red spots in the back of the eyes - RightDiagnosis.com	 Causes and diagnosis of medical symptom Cherry-red spots in the back of the eyes with references to diagnosis, testing, and other symptoms.
in the back	 	http://foreignpolicy.com/2011/07/13/a-shot-in-the-back/-A Shot in the Back | Foreign Policy	 A Shot in the Back. The CIA's fake vaccination program in Abbottabad is an outrage. But what's important to remember is that even Osama bin Laden wanted to vaccinate ...
in the back	 	http://www.justanswer.com/dental/5r1fd-tongue-feels-swollen-back-close-throat.html-My tongue feels swollen in the back close to my throat and	 Question - My tongue feels swollen in the back close to my throat and - HT. Find the answer to this and other Dental questions on JustAnswer.
in the back	 	http://www.healthboards.com/boards/brain-nervous-system-disorders/713721-burning-sensation-back-my-neck-head.html-Burning sensation in the back of my neck and head - Brain ...	 I have been feeling for about three weeks a burning sensation in the back of my neck and head. I have been going thru a lot of stress (family problems)
in the back	 	http://www.justsomelyrics.com/1122471/curtis-mayfield-diamond-in-the-back-lyrics.html-DIAMOND IN THE BACK LYRICS - Curtis Mayfield	 Lyrics to song "Diamond in the back" by Curtis Mayfield: Though you may not drive a great big cadillac Gangster whitewalls tv antenna in the back You may not have a ...
in the back	 	http://www.commercialappeal.com/news/local-news/crime/woman-shot-in-the-back_37062217-Woman shot in the back - The Commercial Appeal	 A 22-year-old woman was shot in the back on Thursday night, a Memphis Fire Department official said.
in the back	 	http://www.oldielyrics.com/lyrics/paul_evans/seven_little_girls_sitting_in_the_back_seat.html-PAUL EVANS lyrics - Seven Little Girls Sitting In The Back ...	 Seven Little Girls Sitting In The Back Seat lyrics - PAUL EVANS
in the back	 	http://www.casaromero.com/-Casa Romero | Boston, MA	 Upscale "traditional Mexican" dining in the Back Bay. Includes a menu, wine and beer list, and some recipes.
in the back	 	http://www.forcescience.org/shotback.html-shotback - Force Science	 WHY IS THE SUSPECT SHOT. IN THE BACK? Finally, Hard Data on How Fast the Suspect Can Be In 11 Different Shooting Scenarios . By Bill Lewinski, Ph.D.
in the back	 	http://www.slideshare.net/lspineinstitute/natural-remedies-for-a-herniated-disc-in-the-back-Natural Remedies for a Herniated Disc in the Back	 Transcript 1. Natural Remedies for a Herniated Disc in the Back; 2. Natural Remedies for a Herniated ...
in the back	 	http://blog.seattlepi.com/seattle911/2008/09/19/is-it-legal-to-ride-in-the-back-of-trucks-in-some-cases-yes/-Is it legal to ride in the back of trucks? In some cases ...	 Q: Under what circumstances, if any, is it legal to ride in the back of a pickup truck? A: “If all seatbelts are being utilized in the truck, then it’s ...
in the back	 	http://www.funtrivia.com/askft/Question11006.html-What is the little flap in the back of your throat called?	 Gnomon: The epiglottis is a flap in the back of your throat which covers your windpipe while you are swallowing to prevent food or drink going down into your lungs.
in the back	 	http://zelda.wikia.com/wiki/Soldier_in_the_Back_Alley-Soldier in the Back Alley - Zeldapedia, the Legend of ...	 The Soldier in the Back Alley is a character from The Legend of Zelda: Ocarina of Time. He is a...
in the back	 	http://thinkprogress.org/justice/2014/10/29/3585753/black-man-killed-by-utah-police-for-carrying-toy-sword-was-shot-6-times-in-the-back-autopsy-finds/-Autopsy Finds Black Man Killed By Utah Cops Was Shot 6 ...	 "Autopsy Finds Black Man Killed By Utah Cops Was Shot 6 Times In The Back"
in the back	 	http://webanswers.com/health/general-health-care/i-have-pain-in-the-back-of-my-head-when-i-cough-d1b506-I have pain in the back of my head when i cough ...	 Pain in the back of my head when i cough ? This is normal for people sometimes in the reflex of coughing so much and what happens is the person when they cough lower ...
in the back	 	http://janmodric.hubpages.com/hub/Headache-on-the-back-of-the-Head-Headache on the Back of the Head - janmodric on HubPages	 Brain tumor (right picture) or cyst in the back part of the brain may cause constant headache on the back of the head, usually worse in the morning.
in the back	 	http://www.healthcentral.com/cold-flu/h/can-sinus-infection-cause-pain-in-the-back-of-your-head.html-Can Sinus Infection Cause Pain In The Back Of Your Head ...	 Everything you need to know about can sinus infection cause pain in the back of your head, including the most common causes, symptoms and treatments.
in the back	 	https://beccarun.wordpress.com/-Diary of a slow runner | Adventures in running in the back ...	 Adventures in running in the back of the pack. (by Becca) ... I have been looking into activity trackers for a while. I did a TON of research on all the different ...
in the back	 	http://www.litpress.org/Detail.aspx?ISBN=9780814632581-From the Pews in the Back Paperback : Liturgical Press	 From the Pews in the Back is a book filled with questions about Catholic identity. How do young Catholic women see or define themselves? What is their relationship to ...
in the back	 	http://kingsinthebackrow.com/-Kings in the Back Row	 We are Kings in the Back Row.
in the back	 	http://webanswers.com/health/general-health-care/i-have-pain-in-the-back-of-my-head-when-i-cough-d1b506-I have pain in the back of my head when i cough ...	 Pain in the back of my head when i cough ? This is normal for people sometimes in the reflex of coughing so much and what happens is the person when they cough lower ...
in the back	 	http://kingsinthebackrow.com/-Kings in the Back Row	 We are Kings in the Back Row.
in the back	 	http://forthekidintheback.bandcamp.com/-Music | For the Kid in the Back	 For the Kid in the Back For the Kid in the Back is the DIY effort of Justin Passino, a singer/songwriter from Upstate, NY.
in the back	 	http://www.litpress.org/Detail.aspx?ISBN=9780814632581-From the Pews in the Back Paperback : Liturgical Press	 From the Pews in the Back is a book filled with questions about Catholic identity. How do young Catholic women see or define themselves? What is their relationship to ...
in the back	 	https://beccarun.wordpress.com/-Diary of a slow runner | Adventures in running in the back ...	 Adventures in running in the back of the pack. (by Becca) ... I have been looking into activity trackers for a while. I did a TON of research on all the different ...
in the back	 	http://www.healthcentral.com/cold-flu/h/can-sinus-infection-cause-pain-in-the-back-of-your-head.html-Can Sinus Infection Cause Pain In The Back Of Your Head ...	 Everything you need to know about can sinus infection cause pain in the back of your head, including the most common causes, symptoms and treatments.
in the back	 	http://janmodric.hubpages.com/hub/Headache-on-the-back-of-the-Head-Headache on the Back of the Head - janmodric on HubPages	 Brain tumor (right picture) or cyst in the back part of the brain may cause constant headache on the back of the head, usually worse in the morning.
in the back	 	http://www.ndtv.com/article/world/autopsy-shows-us-police-shot-black-man-in-the-back-641611-Autopsy Shows US Police Shot Black Man in the Back	 Los Angeles: An unarmed black man killed by Los Angeles police officers was shot three times, including once in the back at close range, according to his ...
in the back	 	http://kidsintheback.bandcamp.com/-Rockwell Powers x Ill Pill: Kids In The Back 2	 Rockwell Powers & Ill Pill Rockwell Powers (emcee) and Ill Pill (production) come together for their second album, Kids in the Back II.
in the back	 	http://www.meetup.com/In-the-Back-Room-Deep-House-Techno-Minimal/-In the Back Room - Deep House, Techno, Minimal (Los ...	 IN THE BACK ROOM is a music and art event in LA, produced in collaboration with the global artist team MAGLEV MUSIK. Selective global underground sounds.
in the back	 	http://www.nbcphiladelphia.com/news/local/Child-Shot-in-the-Back-254109421.html-Child Shot in the Back | NBC 10 Philadelphia	 An 11-year-old boy was shot in the back near the corner of Oxford and Gratz Streets as he was outside Sunday afternoon enjoying the weather. (Published ...
in the back	 	http://kidsintheback.bandcamp.com/album/kids-in-the-back-2-Kids in the Back 2 | Rockwell Powers & Ill Pill	 Rockwell Powers (emcee) and Ill Pill (production) come together for their second album, Kids in the Back II.
in the back	 	http://www.letsrun.com/forum/flat_read.php?thread=1701970-Anyone had a pain in the back of the knee?	 I have a pain in the back of my leg. It is right behind the knee and hurts when my leg swings out after coming through. It doesnt feel any different to the touch and ...
in the back	 	http://news.nationalpost.com/2014/09/10/if-sex-is-a-pain-in-the-back-forget-spooning-grab-a-pillow-and-try-the-missionary-position-canadian-researchers-suggest/-If sex is a pain in the back, grab a pillow and try the ...	 If sex is a pain in the back, grab a pillow and try the missionary position, Canadian researchers suggest
in the back	 	http://www.wikihow.com/Secure-Items-in-the-Back-of-Your-Truck-How to Secure Items in the Back of Your Truck: 5 Steps ...	 Edit Article How to Secure Items in the Back of Your Truck. One of the main contributors to roadside litter is debris blowing and falling from trucks.
in the back	 	http://singletrackworld.com/forum/topic/what-cars-have-3-proper-seats-in-the-back-What cars have 3 'proper' seats in the back ...	 We are possibly getting an older renault megane scenic but was wandering what other cars have 3 'proper' seats in the back? This is the only requirement by my wife so ...
in the back	 	http://www.thesmokinggun.com/documents/sex-on-school-bus-687543-Bus Sex Teen Busted After Queef Beef | The Smoking Gun	 JANUARY 22--A female high school student who was having sex in the back of a Pennsylvania school bus allegedly struck another pupil in the testicles after the younger ...
in the back	 	http://www.songfacts.com/detail.php?id=18186-See What The Boys in the Back Room Will Have by Marlene ...	 See What The Boys in the Back Room Will Have by Marlene Dietrich song meaning, lyric interpretation, video and chart position
in the back	 	http://www.golflink.com/how_3870_care-pulled-muscle-back.html-How to Care for a Pulled Muscle in the Back | GolfLink.com	 A strained or pulled muscle in the back is a common golf injury. Occasionally, a golf swing can stretch a back muscle too far or too quickly, resulting in a small tear.
in the back	 	http://www.cnn.com/2007/US/law/08/14/preacher.slain/index.html-Wife who killed preacher set free - CNN.com	 After spending a total of seven months in custody, the Tennessee woman who fatally shot her preacher husband in the back was released on Tuesday, her ...
in the back	 	http://www.hairfinder.com/hairstyles5/melgani-hairstyle1.htm-Red short hair, graduated in the back, that lengthens ...	 Short red hair, with graduation in the back and lengthening towards the front for styling across the face. Long fringe with a pointed tip.
in the back	 	http://news.bbc.co.uk/onthisday/hi/dates/stories/april/30/newsid_2499000/2499161.stm-BBC ON THIS DAY | 30 | 1993: Tennis star stabbed	 The world number one women's tennis player, Monica Seles, has been stabbed in the back during a quarter-final match in Hamburg. The 19-year-old American star was ...
in the back	 	http://www.songfacts.com/detail.php?id=7304-Seven Little Girls (Sitting In The Back Seat) by Paul ...	 Seven Little Girls (Sitting In The Back Seat) by Paul Evans song meaning, lyric interpretation, video and chart position
in the back	 	http://boingboing.net/2014/12/15/what-happens-when-you-shoot-a.html-What happens when you shoot a ball from a cannon in the ...	 What happens when you shoot a ball from a cannon in the back of a moving truck? Mark Frauenfelder at 1:07 pm Mon, Dec 15, 2014
in the back	 	http://www.urbandaddy.com/bos/food/12013/Lolita_Cocina_Tequila_Bar_200_Tequilas_in_the_Back_Bay_Boston_BOS_Back_Bay_Restaurant-Lolita Cocina & Tequila Bar | 200 Tequilas in the Back Bay ...	 “Your new bordello-ish underground tequila bar in the Back Bay.”
in the back	 	http://www.lyricsmode.com/lyrics/e/eddie_money/heaven_in_the_back_seat_lyrics.html#!-Eddie Money - Heaven In The Back Seat Lyrics	 Lyrics to Heaven In The Back Seat by Eddie Money: Young girl looking to take a ride / Gonna get to love you / If it takes all night / Oh,
in the back	 	http://www.apartmenttherapy.com/before-after-office-cabinet-all-business-up-front-then-party-in-the-back-200423-Before & After: Office Cabinet is All Business Up Front ...	 What was all business in the front, is now a party in the back. The formerly buttoned-up credenza fits nicely in her nook, and is now the perfect furniture host.
in the back	 	http://chowhound.chow.com/topics/363836-Best lunch in the Back Bay ? - Greater Boston Area - Chowhound	 Page 1 of Best lunch in the Back Bay? - I'm taking a friend to lunch in Boston, preferably the Back Bay, and am looking for a place where the food's very ...
in the back	 	https://myspace.com/shackintheback-Shack In The Back Productions | Listen and Stream Free ...	 Shack In The Back Productions's profile including the latest music, albums, songs, music videos and more updates.
in the back	 	http://chowhound.chow.com/topics/363836-Best lunch in the Back Bay ? - Greater Boston Area - Chowhound	 Page 1 of Best lunch in the Back Bay? - I'm taking a friend to lunch in Boston, preferably the Back Bay, and am looking for a place where the food's very ...
in the back	 	http://dailycaller.com/2014/03/24/you-going-to-shoot-me-asked-student-before-he-was-shot-five-times-once-in-the-back/-Killed student who asked cop, 'You going to shoot me?' was ...	 New details have emerged in the killing of 23-year-old Texas college student Cameron Redus, who was shot five times — and once in the back — by a ...
in the back	 	http://www.ravelry.com/patterns/library/party-in-the-back-Ravelry: Party in the back pattern by Melinda VerMeer	 Business up front, Party in the back… defines this light weight fitted summer tank that works great going from the office to a night out.
in the back	 	http://www.wellsphere.com/back-neck-pain-article/8220-why-are-the-muscles-in-the-back-of-my-neck-always-so-tight-8221/1206245-“Why Are The Muscles In The Back Of My Neck Always So ...	 The muscles in the back of the neck have to work all day to hold the head up. Individuals with forward head posture tend to have more tightness
in the back	 	https://myspace.com/shackintheback-Shack In The Back Productions | Listen and Stream Free ...	 Shack In The Back Productions's profile including the latest music, albums, songs, music videos and more updates.
in the back	 	http://www.mmamania.com/2014/11/26/7295285/ufc-rory-macdonald-wont-stab-georges-st-pierre-in-the-back-by-fighting-him-mma-Rory MacDonald won't 'stab Georges St-Pierre in the back ...	 Appearing on Joe Rogan's podcast (via MMA Fighting), Rory says he isn't bout to stab Georges in the back after he welcomed him with open arms into Tri-Star ...
in the back	 	http://harpers.org/archive/2006/06/stabbed-in-the-back-the-past-and-future-of-a-right-wing-myth/-Stabbed in the back! The past and future of a right-wing ...	 Article — From the June 2006 issue. Stabbed in the back! The past and future of a right-wing myth. By Kevin Baker
in the back	 	http://www.faqs.org/qa/qa-15848.html-What does the Phrase "Diamond in the back" refer to. - Q&A	 Though you may not drive a great big Cadillac Gangsta whitewalls TV antennas in the back You may not have a car at all But remember brothers and sisters
in the back	 	http://www.chp.ca.gov/community/safeseat.html-California Highway Patrol - Child Safety Seats	 California Law (Effective 01/01/2012): Children under the age of 8 must be secured in a car seat or booster seat in the back seat. Children under the age of ...
in the back	 	http://ftw.usatoday.com/2015/01/hilarious-nbc-graphic-penalizes-ravens-36-miles-for-block-in-the-back-Hilarious NBC graphic penalizes Ravens 36 miles for block ...	 Joe Flacco converted on fourth down to set up what was shaping up to be a game-winning drive, but the Ravens’ progress was hampered by a block in the back call ...
in the back	 	http://www.lyrics007.com/Paul%20Evans%20Lyrics/Seven%20Little%20Girls%20Sitting%20In%20The%20Back%20Seat%20Lyrics.html-Paul Evans Seven Little Girls Sitting in the Back Seat ...	 Read guaranteed accurate human-edited Paul Evans Seven Little Girls Sitting in the Back Seat lyrics from lyrics007
in the back	 	http://vimeo.com/106898926-Eyes In The Back of My Head on Vimeo - Vimeo, Your Videos ...	 Check out my season edit "Eyes In The Back of My Head" ! Filmed by Charlie Bolte, Apre Visual, EpicTV and TGR! Dedicated to Patrick Orton and Tony Seibert!
in the back	 	http://foreignpolicy.com/2013/07/09/shot-in-the-back/-Shot in the Back | Foreign Policy	 Shot in the Back « | Foreign Policy | the Global Magazine of News and Ideas
in the back	 	http://forthekidintheback.tumblr.com/-For the Kid in the Back	 For the Kid in the Back // How Am I Not Myself? I’m not too fun to be around these days so I think that I’ll just stay at home alone with my anger and my hate and ...
in the back	 	http://historymatters.gmu.edu/d/5710/-"The uncommon increase of Settlements in the back Country ...	 “The uncommon increase of Settlements in the back Country”: Sir William Johnson Watches the Settlers Invade Indian Lands. As North American colonists, eager for ...
in the back	 	http://www.mountainproject.com/v/iraq-in-the-back-attack/105741740-Iraq in the Back Attack Rock Climb in Wasatch Range	 Description, photos, and comments for rock climbing Iraq in the Back Attack at Wasatch Range
in the back	 	http://knitting.about.com/od/learntoknit/ss/knit_front_back_2.htm-Knit Front and Back - KFB - How to Knit in the Back of the ...	 Once you've knitted in the front of the stitch, you also need to knit in the back of the stitch to complete the increase.
in the back	 	http://www.lyricsmode.com/lyrics/d/david_weinstone/taxi_taxi_riding_in_the_back_seat.html#!-David Weinstone - Taxi, Taxi. Riding In The Back Seat Lyrics	 Taxi, Taxi. Riding in the back seat Roll the window up Roll the window down Put the money through the slot See you later, thanks a lot Sure beats walking cross town
in the back	 	http://lyrics.wikia.com/The_Drifters:Kissin%27_In_The_Back_Row_Of_The_Movies-The Drifters:Kissin' In The Back Row Of The Movies Lyrics ...	 Your momma says That through the week You can't go out with me But when the weekend comes around She knows where we will be Kissin' in the backrow
in the back	 	http://teenadvice.about.com/u/sty/datinglove/share_the_story_of_your_first_kiss/First-Kiss-in-the-Back-Seat-of-her-Sister-s-Car.htm-First Kiss in the Back Seat of her Sister's Car - Share ...	 Who and Where? My boyfriend at the time (now just my best friend), in the back seat of my sister's car.
in the back	 	http://archive.kare11.com/news/article/976738/396/7-year-old-Wis-girl-shot-in-the-back-with-arrow-7-year-old Wis. girl shot in the back with arrow | kare11.com	 7-year-old Wis. girl shot in the back with arrow 5:12 PM, May 21, 2012 | comments
in the back	 	http://www.slacker.com/song/ludacris/diamond-in-the-back/33315378-Diamond in the Back (Instrumental Version) | Ludacris ...	 Hear Diamond in the Back (Instrumental Version) and Ludacris's biggest hits and create personalized radio stations based on Slacker Radio and all of your favorite ...
in the back	 	http://www.last.fm/music/Elbow/Asleep+in+the+Back-Asleep in the Back – Elbow – Listen and discover music ...	 Listen free to Elbow – Asleep in the Back (Red, Powder Blue and more). 12 tracks (61:46). Asleep in the Back was released 16 Jun 2009. Elbow is an alternative rock ...
in the back	 	http://www.bbc.com/news/uk-england-tees-30007275-BBC News - Sex accused Helen Louise Turnbull 'obsessive ...	 A teaching assistant accused of having sex with a schoolboy in the back of her car became "obsessive" about their relationship, a court heard. Helen Louise Turnbull ...
in the back	 	http://dogshowconfidential.com/-Dog Show Confidential - Connie Newcomb's story of life and ...	 Dog Show Confidential: Sneaking in the Back Door of Westminster - by Connie Newcomb. Grand Champion El Grande Rock of Love Bobchi. Rocky on the judging stand at ...
in the back	 	http://www.homeopathyandmore.com/forum/viewtopic.php?t=1460-Lump in the back of my skull :: homeopathyandmore.com	 Homeopathy and More Forum - Lump in the back of my skull
in the back	 	http://hubpages.com/hub/Theres-a-Weird-Feeling-in-the-Back-of-My-Throat-There's a Weird Feeling in the Back of My Throat	 Have you ever felt like there was a lump in the back of your throat? You know that feeling when you're really nervous and you just can't seem to swallow?
in the back	 	http://diseases-conditions.blurtit.com/1103264/why-my-tongue-hurts-in-the-back-Why My Tongue Hurts In The Back ? - Blurtit	 There seem to be an awful lot of questions revolving around what it could be when the tongue hurts in the back. Unfortunately, there are a lot more questions about it ...
in the back	 	http://thegrio.com/2014/10/01/officer-stun-gun-62-year-old-woman/-Officer shoots 62-year-old woman in the back with stun gun ...	 Screen grab of video captured by pedestrian shows Viola Young being shot in the back by stun gun.
in the back	 	http://dogshowconfidential.com/-Dog Show Confidential - Connie Newcomb's story of life and ...	 Dog Show Confidential: Sneaking in the Back Door of Westminster - by Connie Newcomb. Grand Champion El Grande Rock of Love Bobchi. Rocky on the judging stand at ...
in the back	 	http://www.bbc.com/news/uk-england-tees-30007275-BBC News - Sex accused Helen Louise Turnbull 'obsessive ...	 A teaching assistant accused of having sex with a schoolboy in the back of her car became "obsessive" about their relationship, a court heard. Helen Louise Turnbull ...
in the back	 	https://dearestscooter.wordpress.com/-Dearest Scooter | Giving Voice To Those Stabbed In The Back	 Giving Voice To Those Stabbed In The Back ... Let me start off by saying that if someone has experienced something like the woman in this letter you have ...
in the back	 	http://www.homeopathyandmore.com/forum/viewtopic.php?t=1460-Lump in the back of my skull :: homeopathyandmore.com	 Homeopathy and More Forum - Lump in the back of my skull
in the back	 	http://thegrio.com/2014/10/01/officer-stun-gun-62-year-old-woman/-Officer shoots 62-year-old woman in the back with stun gun ...	 Screen grab of video captured by pedestrian shows Viola Young being shot in the back by stun gun.
in the back	 	http://hubpages.com/hub/Theres-a-Weird-Feeling-in-the-Back-of-My-Throat-There's a Weird Feeling in the Back of My Throat	 Have you ever felt like there was a lump in the back of your throat? You know that feeling when you're really nervous and you just can't seem to swallow?
in the back	 	http://diseases-conditions.blurtit.com/1103264/why-my-tongue-hurts-in-the-back-Why My Tongue Hurts In The Back ? - Blurtit	 There seem to be an awful lot of questions revolving around what it could be when the tongue hurts in the back. Unfortunately, there are a lot more questions about it ...
in the back	 	http://www.wjla.com/articles/2013/12/santa-claus-shot-with-pellet-gun-at-toy-giveaway-in-southeast-98506.html-VIDEO: Xavier Hawkins, "Southeast Santa," shot with pellet ...	 A man in a Santa Claus suit was shot in the back with a pellet gun Tuesday morning at a toy giveaway in Southeast.
in the back	 	http://www.forcescience.org/articles/shotinback.pdf-Here is the original study in PDF form	 WHY IS THE SUSPECT SHOT IN THE BACK? Finally, Hard Data on How Fast the Suspect Can Be in Il Different Shooting Scenarios e have always known that gen-
in the back	 	http://www.foot-health-forum.com/forum/showthread.php?t=1014-Sudden pain in the back of my heel - Foot Pain & Foot ...	 Sudden pain in the back of my heel Ask your questions here
in the back	 	http://www.brobible.com/life/article/selling-drugs-newscast/-If You Ever Plan On Selling Drugs For A Living Make Sure ...	 If You Ever Plan On Selling Drugs For A Living Make Sure Not To Do It In The Back Of A Live Newscast Like These Dudes
in the back	 	http://grouchyoldcripple.com/2014/11/stabbed-in-the-back/-Stabbed In The Back | Grouchy Old Cripple	 Mary Landrieu, who was the deciding vote in the Senate for Obummercare and was bribed with the Louisiana Purchase. was just stabbed in the back by her fellow Dimocrats.
in the back	 	http://www.nydailynews.com/new-york/nyc-crime/teen-killed-man-injured-brooklyn-gang-shooting-article-1.2073913-Teen killed, man injured in possible Brooklyn gang ...	 A 15-year-old boy was fatally shot in the back and a 20-year-old man was wounded in a possible gang-related shooting in Brooklyn on Sunday, cops said.
in the back	 	https://twitter.com/quietintheback-Quiet In The Back (@quietintheback) | Twitter	 The latest Tweets from Quiet In The Back (@quietintheback): "@nantucketblackbook Best place for a massage? In desperate need. Thanks!"
in the back	 	http://www.king-george.va.us/frequently-asked-questions/faq-sheriffs-office/how-old-do-you-have-to-be-in-order-to-ride-in-the-back-of-a-pick-up-truck.php-How old do you have to be in order to ride in the back of ...	 How old do you have to be in order to ride in the back of a pick-up truck?
in the back	 	http://www.momentummedia.com/articles/cm/cm1004/bbclipping.htm-High School Rules Clarify Clipping - MomentumMedia: The ...	 High School Rules Clarify Clipping NFHS separates blocking in the back from clipping. By Staff. Coaching Management, 10.4, May 2002, http://www.momentummedia.com ...
in the back	 	http://ezinearticles.com/?Mucous-in-the-Back-of-the-Throat-and-Up-the-Nose---Is-It-Part-of-Candida-Symptoms-in-the-Throat?&id=5256432-Mucous in the Back of the Throat and Up the Nose - Is It ...	 Someone I just knew has hard mucous in the back of the throat and up the nose, which doesn't go away and smells horrible. He has had this for a year now and after a ...
in the back	 	http://isobardave.wordpress.com/-A Pain In the Back	 Social Media Marketing for your business does not have to be a pain in the back. If you take a relaxed attitude and do your homework ahead of time, social ...
in the back	 	http://it.toolbox.com/blogs/nerf/is-there-the-likely-emergence-of-robot-armageddon-in-the-back-office-64894-Is there the likely emergence of robot Armageddon in the ...	 There is a rising tide of interest in the use of robots in the back office and although this may not seem like news, the reality is that it is creating confusion ...
in the back	 	http://artists.letssingit.com/the-drifters-lyrics-kissin-in-the-back-row-of-the-movies-2g3lzk6-The Drifters - Kissin' In The Back Row Of The Movies Lyrics	 Your mama says that through the week You can't go out with me But when the weekend comes around She knows where we will be Kissin' in the back row
in the back	 	http://archive.11alive.com/news/article/264390/445/Child-shot-in-the-back-in-bed-Child shot in the back while in bed | 11alive.com	 FAIRBURN, Ga. -- An 8-year-old boy was shot in the back late Tuesday evening as he lay in his upstairs bedroom. The shooting happened at around 11:30 p.m. at a home ...
in the back	 	http://www.yankodesign.com/2009/04/09/pain-in-the-back/-VertaBrate Back Massager by Jacob Ballard » Yanko Design	 Pain In The Back? Thanks to my husband’s persistent back problems, I have become a second hand expert when it comes to the various methods to alleviate back pain.
in the back	 	http://www.eyewitnesstohistory.com/hickok.htm-Shoot Out with "Wild Bill" Hickok, 1869 - EyeWitness to ...	 'Don't shoot him in the back; he is drunk.' In 1869 thirty-two-year-old Wild Bill Hickok was marshal of Hays City Kansas. Miguel Otero witnessed one of the exploits ...
in the back	 	http://artists.letssingit.com/the-drifters-lyrics-kissin-in-the-back-row-of-the-movies-2g3lzk6-The Drifters - Kissin' In The Back Row Of The Movies Lyrics	 Your mama says that through the week You can't go out with me But when the weekend comes around She knows where we will be Kissin' in the back row
in the back	 	http://www.yankodesign.com/2009/04/09/pain-in-the-back/-VertaBrate Back Massager by Jacob Ballard » Yanko Design	 Pain In The Back? Thanks to my husband’s persistent back problems, I have become a second hand expert when it comes to the various methods to alleviate back pain.
in the back	 	http://archive.11alive.com/news/article/264390/445/Child-shot-in-the-back-in-bed-Child shot in the back while in bed | 11alive.com	 FAIRBURN, Ga. -- An 8-year-old boy was shot in the back late Tuesday evening as he lay in his upstairs bedroom. The shooting happened at around 11:30 p.m. at a home ...
in the back	 	http://losangeles.cbslocal.com/2014/03/29/oxnard-boy-15-in-serious-condition-after-being-shot-in-the-back/-Oxnard Boy, 15, In Serious Condition After Being Shot In ...	 OXNARD (CBSLA.com) — Officials say that a 15-year-old Oxnard boy was shot in the back Friday evening. Police arriving to a shots fired call in the area ...
in the back	 	http://www.911tabs.com/tabs/e/elbow/asleep_in_the_back_tab.htm-Asleep In The Back chords & tabs by Elbow @ 911Tabs	 Choose and determine which version of Asleep In The Back chords and tabs by Elbow you can play
in the back	 	http://www.brainyquote.com/quotes/quotes/r/rodneydang167276.html-My wife wants sex in the back of the car and she wants me ...	 "My wife wants sex in the back of the car and she wants me to drive." - Rodney Dangerfield quotes from BrainyQuote.com
in the back	 	http://www.chacha.com/question/when-in-utah-is-it-illegal-to-ride-in-the-back-of-a-pick%26%2345%3Bup-truck-while-it-is-in-motion-When In Utah is it illegal to ride in the back of a pick ...	 When In Utah is it illegal to ride in the back of a pick-up truck while it is in motion. May 23, 2009 (8 months ago)
in the back	 	http://www.businessinsider.com/warren-buffett-byd-autos-2014-5-Warren Buffett BYD Autos - Business Insider	 Warren Buffett's Chinese Automaker Has Sold A Million Cars That Look Like Toyotas In The Front And Hondas In The Back
in the back	 	http://weknowmemes.com/2011/11/optical-illusion-if-you-look-for-30-seconds-a-forest-appears-in-the-back/-Optical Illusion If You Look For 30 Seconds A Forest ...	 Optical Illusion If you look for 30 seconds, a forest appears in the back. Im serious try it. more demotivationals here. Related posts:
in the back	 	http://lyricsplayground.com/alpha/songs/k/kissinginthebackrowofthemovies.shtml-KISSING IN THE BACK ROW OF THE MOVIES - Lyrics ...	 KISSING IN THE BACK ROW OF THE MOVIES The Drifters Your momma says that through the week you can't go out with me but when the weekend comes around she knows ...
in the back	 	http://www.cduniverse.com/seven-little-girls-sitting-in-the-back-seat-lyrics-13689571.htm-Seven Little Girls Sitting in the Back Seat Lyrics and MP3	 Seven Little Girls Sitting in the Back Seat Lyrics 25 All-Time Novelty Hits Track List Click on a song to view its lyrics 1 Flying Saucer, The (Pts 1 & 2) - Buchanan ...
in the back	 	http://www.nationalenquirer.com/celebrity/michelle-vs-oprah-war-MICHELLE vs. OPRAH WAR - The National Enquirer	 A distraught Oprah Winfrey is telling pals her "thank you" for helping Barack Obama win the presidency has been a knife in the back. A jealous first lady ...
in the back	 	http://patdollard.com/2013/08/florida-capitol-building-unveils-mural-of-george-zimmerman-shooting-trayvon-martin-in-the-back-of-the-head/-Florida Capitol Building Unveils Mural Of George Zimmerman ...	 Home » Trayvon Martin » Florida Capitol Building Unveils Mural Of George Zimmerman Shooting Trayvon Martin In The Back Of The Head
in the back	 	http://www.answerbag.com/q_view/10337-I sometimes get tiny white chunks in the back of my mouth ...	 I sometimes get tiny white chunks in the back of my mouth from my throat that have a vulgar taste and odor. I have heard that other people sometimes ...
in the back	 	http://entertainment.howstuffworks.com/question494.htm-Where is the best place to sit when I go to the movies ...	 This is the question that can divide friends: You like to sit down front, but your companion wan­ts to sit in the back. You both have good arguments for your side.
in the back	 	http://www.gentlebirth.org/archives/postrppr.html-Posterior Labor- A Pain In The Back! - FROM RONNIE Falcão ...	 The gentlebirth.org website is provided courtesy of Ronnie Falcao, LM MS, a homebirth midwife in Mountain View, CA. Posterior Labor- A Pain In The Back!
in the back	 	http://www.thekitchn.com/look-wild-onions-in-the-back-y-141184-Look! Wild Onions in the Back Yard | The Kitchn	 Right along with the green shoots coming up from flower bulbs in the back yard are green onions. You wouldn't believe how happy I was to see them poking up from the ...
in the back	 	http://1dmpreg-stories.tumblr.com/post/84703910107/in-the-back-seat-1D Mpreg Stories — In The Back Seat	 In The Back Seat A/N: This didn’t come out exactly like I wanted it to come, but this happens always because I can imagine the writing better than actually write it ...
in the back	 	http://www.buzzfeed.com/newsinc/things-that-make-retail-workers-want-to-hide-in-the-back-Things That Make Retail Workers Want To Hide In The Back	 Things That Make Retail Workers Want To Hide In The Back. Every worker has had these customers!
in the back	 	http://entertainment.howstuffworks.com/question494.htm-Where is the best place to sit when I go to the movies ...	 This is the question that can divide friends: You like to sit down front, but your companion wan­ts to sit in the back. You both have good arguments for your side.
in the back	 	http://1dmpreg-stories.tumblr.com/post/84703910107/in-the-back-seat-1D Mpreg Stories — In The Back Seat	 In The Back Seat A/N: This didn’t come out exactly like I wanted it to come, but this happens always because I can imagine the writing better than actually write it ...
in the back	 	http://www.buzzfeed.com/newsinc/things-that-make-retail-workers-want-to-hide-in-the-back-Things That Make Retail Workers Want To Hide In The Back	 Things That Make Retail Workers Want To Hide In The Back. Every worker has had these customers!
in the back	 	http://www.gentlebirth.org/archives/postrppr.html-Posterior Labor- A Pain In The Back! - FROM RONNIE Falcão ...	 The gentlebirth.org website is provided courtesy of Ronnie Falcao, LM MS, a homebirth midwife in Mountain View, CA. Posterior Labor- A Pain In The Back!
in the back	 	http://www.thekitchn.com/look-wild-onions-in-the-back-y-141184-Look! Wild Onions in the Back Yard | The Kitchn	 Right along with the green shoots coming up from flower bulbs in the back yard are green onions. You wouldn't believe how happy I was to see them poking up from the ...
in the back	 	http://www.theguardian.com/uk/2012/oct/17/police-taser-blind-man-stick-Police Taser blind man mistaking his white stick for a ...	 An innocent blind man was shot in the back with a 50,000-volt Taser by police after they mistook his white stick for a samurai sword. Colin Farmer, 61, was hit after ...
in the back	 	http://latimesblogs.latimes.com/lanow/2010/10/watts-man-shot-by-lapd-was-hit-in-the-back-after-pointing-gun-at-officers-police-sources-say.html-Watts man shot by LAPD was hit in the back after pointing ...	 Watts man shot by LAPD was hit in the back after pointing gun at officers, police sources say
in the back	 	http://www.informationliberation.com/?id=46013-Police Shoot Puppy of Witness to Police Shooting ...	 Police Shoot Puppy of Witness to Police Shooting Police allegedly shot a man in the back of the leg without cause, threatened to "shoot the shit out of" a witness ...
in the back	 	http://poetry.rotten.com/bowhunter/-The Bowhunter - Rotten.com	 Here are some photos from a buddy of mine in Vermont. He's a neurosurgeon. These are photos of some [derogatory noun] that managed to get shot in the back of the head ...
in the back	 	http://www.top40db.net/Lyrics/?SongID=59181&By=Year&Match=-Lyrics: Seven Little Girls (Sitting In The Back Seat) by ...	 Dee doodee doom doom..... Seven little girls Sitting in the backseat Hugging and a kissing with Fred I said, why don't one of you Come and sit beside me And this ...
in the back	 	http://ct.vod.com/video/254849/Tag-Teamed-In-The-Back-Seat/?ct=10484-Tag Teamed In The Back Seat | HotTheaters.com	 Tag Teamed In The Back Seat, With a chiseled body and undeniable good looks, Oscar catches the eye of prowling boys Reece and Sean who can’t wait to...
in the back	 	http://entertainment.blurtit.com/811025/what-song-has-the-lyrics-diamond-in-the-back-sunroof-top-digging-the-scene-with-a-gangsta-What Song Has The Lyrics: 'Diamond In The Back, Sunroof ...	 What Song Has The Lyrics: 'Diamond In The Back, Sunroof Top, Digging The Scene With A Gangsta Lean'?
in the back	 	http://www.telegraph.co.uk/health/expathealth/8373174/Long-haul-flights-can-be-a-real-pain-in-the-back.html-Long-haul flights can be a real pain in the back - Telegraph	 Long-haul flights can be a real pain in the back Take the pain out of frequent flying by building up your back and core strength, before and after you board.
in the back	 	http://www.rvforum.net/SMF_forum/index.php?topic=66913.30-Dog in the back of the truck?	 FWIW, in Texas, its state law to have any pet in the back of a truck secured with a leash short enough to prevent the dog from jumping out of the truck bed.
in the back	 	https://twitter.com/LakersNation/status/555196012411617281-Lakers Nation on Twitter: "Carlos Boozer taught LeBron ...	 LakersNation: Carlos Boozer taught LeBron James how to push someone in the back. https:// vine.co/v/ODjKdzzDMnO ” lebron gettin out of hand!
in the back	 	http://www.physlink.com/Education/AskExperts/ae554.cfm-If a car is traveling with a helium-filled balloon in the ...	 Question If a car is traveling with a helium-filled balloon in the back seat, and the car suddenly stops, what happens to the balloon? Asked by: Missy
in the back	 	http://www.healthyhippie.net/headache-in-the-back-of-the-head-symptoms-and-causes/-Headache in the Back of the Head – Symptoms and causes ...	 A first time headache in the back of head that lasts for a few minutes to weeks can be due to following reasons: ... Chronic Recurrent Headache in the Back of the Head.
in the back	 	http://tunein.com/radio/Juke-In-the-Back-p310492/-Juke In the Back - TuneIn: Listen to Online Radio, Music ...	 Juke In the Back - listen online, on demand topics and episodes, location, contact, schedule and broadcast information
in the back	 	http://news.yahoo.com/california-man-arrested-live-calf-back-car-011310461.html-California man arrested with live calf in the back of his ...	 LOS ANGELES (Reuters) - Police in a Southern California city found an unusual stolen item this week in the back of a compact car with tinted windows - a ...
in the back	 	http://www.harriscountytx.gov/CmpDocuments/36/Ask%20The%20Constable/Riding%20in%20the%20back%20of%20a%20pickup.pdf-Riding in the Back of a Pickup - Harris County	 Riding in the Back of a Pickup Can passengers ride in the back of a pickup truck or lowboy on the highway? For the most part, the answer to your question is no, but ...
in the back	 	http://www.buckleupintheback.com/-Buckle Up In The Back - Home	 What is it all about?: I set up the campaign in May 2010 after seeing too many children travelling without proper restraint in the back of cars.
in the back	 	http://www.ehow.com/facts_5017132_arthritis-back.html-What Is Arthritis in the Back? | eHow - eHow | How to ...	 What Is Arthritis in the Back?. Arthritis that causes pain in the back is called spondylitis, which is also known as spondyloarthritis or spondyloarthropathy.
in the back	 	http://www.ask.com/science/glands-back-head-76860924a605344a-What are the glands in the back of the head? | Ask.com	 According to MedlinePlus, the glands in the back of the head are referred to as lymph nodes and are responsible for aiding the body in fighting illnesses and infections.
in the back	 	http://lexingtonheadacheclinic.com/learn/jawmuscles.php-How Do Jaw Muscles Cause Pain in the Back of the Head?	 How Do Jaw Muscles Cause Pain in the Back of the Head? To answer this, let's think of the head as a teeter-totter, with your spine as the fulcrum.
in the back	 	http://www.livestrong.com/article/270359-causes-of-burning-pain-in-the-back-of-the-thigh/-Causes of Burning Pain in the Back of the Thigh ...	 Hamstring Injuries. You may feel aching or burning in the back of your thigh if you've suffered a hamstring injury. The hamstrings are the muscle group ...
in the back	 	http://www.amazon.com/Stabbed-Back-Confronting-Overtreated-Society/dp/0807833487-Stabbed in the Back: Confronting Back Pain in an ...	 Stabbed in the Back: Confronting Back Pain in an Overtreated Society: 9780807833483: Medicine & Health Science Books @ Amazon.com
in the back	 	http://outfitterssupply.blogspot.com/-Riding in the Backcountry	 Riding in the Backcountry Everything related to enjoying the outdoors with your horses and mules. Friday, November 07, 2008 “Rebekah – An Evening in Purple ...
in the back	 	http://www.snopes.com/horrors/madmen/backseat.asp-snopes.com: The Killer in the Backseat	 Claim: A good samaritan warns a female driver about the armed and dangerous man hiding in the back seat of her car.
in the back	 	http://www.lifehack.org/articles/communication/6-tips-to-handle-people-who-stab-you-in-the-back.html-6 Tips To Handle People Who Stab You in the Back	 How do you handle it when a friend stabs you in the back? Here are 6 tips to help you handle the ordeal and get you to move on.
in the back	 	http://goaskalice.columbia.edu/swollen-uvula-little-thing-hangs-back-your-throat-Swollen uvula (little thing that hangs in the back of your ...	 Dear Reader, The uvula (more commonly known as "the little thing that hangs in the back of your throat") is made of muscle and connective tissue and is ...
in the back	 	http://www.policestateusa.com/2014/darrien-hunt-shooting/-Police shoot 'suspicious' Utah man six times in the back ...	 Police shoot ‘suspicious’ Utah man six times in the back while fleeing "Those stupid cops thought they had to murder over a toy," cried the victim's mother.
in the back	 	http://www.ehow.com/facts_5025762_symptoms-pain-back-neck.html-Symptoms of Pain in the Back of Neck | eHow	 Sometimes, the pain in the back of the neck can begin to shoot down into the back and shoulders, causing even more discomfort.
in the back	 	http://www.historylearningsite.co.uk/stab_in_the_back_legend.htm-Stab in the Back Legend - History Learning Site	 Stab in the Back Legend. The ‘stab-in-the-back’ legend (Dolchstosslegende) became popular among right wing nationalists in Weimar Germany after the end of World ...
in the back	 	http://www.buzzle.com/articles/pressure-in-back-of-head.html-Pressure in the Back of Head - Buzzle	 The common contributing factors for the sensation of pressure in the back of the head include tension headaches, migraines, cervicogenic headaches, or inflamed sinuses.
in the back	 	http://restaurants.about.com/od/kitchenpositions/a/back_house_term.htm-Terms Used in the Back of the House	 Brief description of jobs in the back of the house. By Lorri Mealey. Restauranting Expert Share this. Restauranting Categories. Opening a Restaurant Restaurant Concepts
in the back	 	http://www.foxnews.com/us/2014/10/27/prosecutors-montana-boy-shot-in-back-suspect-didnt-think-gun-was-loaded-as/-Prosecutors: Montana boy shot in the back; suspect didn't ...	 POLSON, Mont. – A 3-year-old Montana boy who died of a bullet wound last week was shot in the back by an intoxicated man who said he didn't think the gun ...
in the back	 	http://www.liveleak.com/view?i=5dc_1393953567-Maidan. Inconvenient truth : shooting in the back	 Maidan. Inconvenient truth : shooting in the back Вот телефонный разговор между Эстонской МИД и главой ...
in the back	 	http://www.cure-back-pain.org/tingling-in-the-back.html-Tingling in the Back - Cure-Back-Pain.Org	 Tingling in the back is a feeling of pins and needles in the dorsal regions of the body and is typical for nerve pain conditions, like sciatica.
in the back	 	http://answers.microsoft.com/en-us/windows/forum/windows_xp-performance/programs-running-in-the-back-ground/0b167fdf-8727-4066-b6d7-d487c62e7e03-Programs running in the back ground. - Microsoft Community	 On system start up I suspect too manyprograms are running in the back ground, how do I find out whick programs are running and how do I prevent them from starting up ...
in the back	 	http://usnews.nbcnews.com/_news/2012/12/05/15702942-police-handcuffed-high-school-student-shoots-self-in-back-of-police-car?lite-Police: Handcuffed high school student shoots self in back ...	 Updated at 6:47 p.m. ET: A handcuffed Houston-area high school student shot himself in the head Wednesday while in the back of a police car, officials said.
in the back	 	http://thefinancialbrand.com/13219/why-tellers-belong-in-the-back-of-branches/-Put the ‘Milk’ in the Back of Your Branches	 Putting Milk in the Back of the Branch. There is one common problem shared by each of these three flawed branch layouts: Branch visitors must make a ...
in the back	 	http://www.urbanspoon.com/r/51/551281/restaurant/Louisville/Shack-in-the-Back-BBQ-Fairdale-Shack in the Back BBQ - Fairdale | Urbanspoon	 Shack in the Back BBQ, Barbecue Restaurant in Fairdale. See the menu, 1 photo, 3 critic reviews, 1 blog post and 6 user reviews. Reviews from critics, food blogs and ...
in the back	 	http://www.answers.com/Q/Headache_in_the_back_of_head-Headache in the back of head - Answers - The Most Trusted ...	 1/1/09 I had a headache in the back of my head that wouldn't go away and morbid thoughts (death, etc.) I had been on a crash diet. I bought a VITAMIN B COMPLEX at the ...
in the back	 	http://www.rvforum.net/SMF_forum/index.php?topic=66913.30-Dog in the back of the truck?	 FWIW, in Texas, its state law to have any pet in the back of a truck secured with a leash short enough to prevent the dog from jumping out of the truck bed.
in the back	 	https://twitter.com/LakersNation/status/555196012411617281-Lakers Nation on Twitter: "Carlos Boozer taught LeBron ...	 LakersNation: Carlos Boozer taught LeBron James how to push someone in the back. https:// vine.co/v/ODjKdzzDMnO ” lebron gettin out of hand!
in the back	 	http://www.physlink.com/Education/AskExperts/ae554.cfm-If a car is traveling with a helium-filled balloon in the ...	 Question If a car is traveling with a helium-filled balloon in the back seat, and the car suddenly stops, what happens to the balloon? Asked by: Missy
in the back	 	http://www.eteamz.com/mychirotipssite/-mychirotipssite	 Wednesday, January 14 Natural Remedies For Chronic Back Injuries And Aches. Pain in the back gets in the way of every little thing you do and can truly ...
in the back	 	http://www.eteamz.com/mychirotipssite/-mychirotipssite	 Wednesday, January 14 Natural Remedies For Chronic Back Injuries And Aches. Pain in the back gets in the way of every little thing you do and can truly ...
in the back	 	https://worldviewsports.wordpress.com/-worldview sports | Where faith and sport intersect	 ... or play catch in the back yard.. we have a connection. A connection to a 150 year-old game and all the boys who ever took to a diamond; ...
in the back	 	https://worldviewsports.wordpress.com/-worldview sports | Where faith and sport intersect	 ... or play catch in the back yard.. we have a connection. A connection to a 150 year-old game and all the boys who ever took to a diamond; ...
in the back	 	https://worldviewsports.wordpress.com/-worldview sports | Where faith and sport intersect	 ... or play catch in the back yard.. we have a connection. A connection to a 150 year-old game and all the boys who ever took to a diamond; ...
in the back	 	https://worldviewsports.wordpress.com/-worldview sports | Where faith and sport intersect	 ... or play catch in the back yard.. we have a connection. A connection to a 150 year-old game and all the boys who ever took to a diamond; ...
in the back	 	https://worldviewsports.wordpress.com/-worldview sports | Where faith and sport intersect	 ... or play catch in the back yard.. we have a connection. A connection to a 150 year-old game and all the boys who ever took to a diamond; ...
in the back	 	https://worldviewsports.wordpress.com/-worldview sports | Where faith and sport intersect	 ... or play catch in the back yard.. we have a connection. A connection to a 150 year-old game and all the boys who ever took to a diamond; ...
