last kilometer	 	http://www.thelastkilometer.com/-THE LAST KILOMETER - L'ULTIMO CHILOMETRO - A cycling ...	 The last kilometer. A cycling documentary. Film Documentario sul ciclismo. With/Con Davide Rebellin, Ignazio Moser, Gianni Mura, El Diablo. OUT IN DVD NOW! DA OGGI IN ...
last kilometer	 	http://en.wikipedia.org/wiki/The_Last_Kilometer-The Last Kilometer - Wikipedia, the free encyclopedia	 The Last Kilometer (original title: L'Ultimo Chilometro) is a 2012 Italian documentary film directed by Paolo Casalis. The film is portrait of road cycling made ...
last kilometer	 	http://en.wikipedia.org/wiki/Last_kilometer-Last mile - Wikipedia, the free encyclopedia	 The last mile or last kilometer is a phrase used by the telecommunications, cable television and internet industries to refer to the final leg of the ...
last kilometer	 	https://twitter.com/TheLastKm_Movie-The Last Kilometer (@TheLastKm_Movie) | Twitter	 The latest Tweets from The Last Kilometer (@TheLastKm_Movie). The Last Kilometer/L'Ultimo Chilometro A cycling film/Film sul ciclismo With/Con D.Rebellin,Ignazio ...
last kilometer	 	https://www.facebook.com/thelastkilometer-The Last Kilometer / L'ultimo Chilometro - Documentary ...	 To connect with The Last Kilometer / L'ultimo Chilometro - Documentary Movie, sign up for Facebook today.
last kilometer	 	http://thelastkilometer.wordpress.com/-The last kilometer/ L'Ultimo chilometro | A cycling ...	 Money, business, doping scandals and lack of epic and new champions: are we watching "The Last Kilometer" for cycling? The Last Kilometer is a film totally ...
last kilometer	 	http://inrng.com/2012/12/last-kilometer-review/-The Last Kilometer Film Review - The Inner Ring — news ...	 The Last Kilometer is a documentary film featuring Davide Rebellin and Ignazio Moser, two riders with over 20 years of age in between them. It also features press ...
last kilometer	 	https://www.reelhouse.org/paolo.casalis/thelastkilometerlultimochilometro/updatevideo-The Last Kilometer / TRAILER | Reelhouse	 The Last Kilometer / L'Ultimo Chilometro (52', ITA/ ENG) 2 VERSIONS ARE AVAILABLE: ENGLISH AND ITALIAN (after having bought the film you'll be able to choose the ...
last kilometer	 	http://www.youtube.com/watch?v=70FEhtuT0GE-The Last Kilometer / L'Ultimo Chilometro / OLD film ...	 THE LAST KILOMETER / A cycling documentary movie L'ULTIMO CHILOMETRO/ Film documentario sul ciclismo (please use updated version of this clip: http://youtu ...
last kilometer	 	http://vimeo.com/53139765-The Last Kilometer / L'Ultimo Chilometro / movie trailer ...	 THE LAST KILOMETER / A cycling documentary movie (52', ITA-ENG, PAL/NTSC) L'ULTIMO CHILOMETRO/ Film documentario sul ciclismo DVD or streaming available now…
last kilometer	 	http://www.thefreedictionary.com/Last+kilometer-Last kilometer - definition of Last kilometer by The Free ...	 Through the last kilometers, Hincapie's breakaway group was more than 6 minutes ahead of Nocentini, fanning suspense about the yellow shirt's future.
last kilometer	 	http://inrng.com/2012/11/the-last-kilometer-trailer/-The Last Kilometer - The Inner Ring — news, comment ...	 The Last Kilometer is a documentary film featuring Davide Rebellin and Ignazio Moser, two riders with over 20 years of age in between. It also includes press room ...
last kilometer	 	http://www.amazon.com/The-Last-Kilometer-Marching-1944-1945/dp/1557504342-The Last Kilometer: Marching to Victory in Europe With the ...	 The Last Kilometer: Marching to Victory in Europe With the Big Red One, 1944-1945 [A. Preston Price] on Amazon.com. *FREE* shipping on qualifying offers. Presented in ...
last kilometer	 	http://www.amazon.com/The-Last-Kilometer-Marching-1944-1945/product-reviews/1557504342-Amazon.com: Customer Reviews: The Last Kilometer: Marching ...	 Find helpful customer reviews and review ratings for The Last Kilometer: Marching to Victory in Europe With the Big Red One, 1944-1945 at Amazon.com. Read honest and ...
last kilometer	 	http://www.barnesandnoble.com/w/the-last-kilometer-a-preston-price/1114197450?ean=9781557504340-The Last Kilometer: Marching to Victory in Europe with the ...	 The Last Kilometer: Marching to Victory in Europe with the Big Red One, 1944-1945 by; A. Preston Price
last kilometer	 	http://www.youtube.com/watch?v=B7H_EPfuejw-Last kilometer of Tour of Lombardy/Giro Di Lombardia 5-10 ...	 Last kilometer of Tour of Lombardy/Giro Di Lombardia.
last kilometer	 	http://www.redkitebikes.com/-Red Kite Bikes - redkite	 In international cycling the red kite is a beacon. It signifies the beginning of the last kilometer, often where the race is won or lost. We will help get you to the ...
last kilometer	 	http://italiancyclingjournal.blogspot.com/2012/11/the-last-kilometer-trailer.html-ITALIAN CYCLING JOURNAL: "The Last Kilometer" Trailer	 "The Last Kilometer is a film totally dedicated to what is passion, emotion, sport: Cycling. The movie follows the story and an entire cycling season of ...
last kilometer	 	http://www.popscreen.com/v/7LZQd/The-Last-Kilometer-LUltimo-Chilometro-NEW-film-trailer-wwwthelastkilometercom#!-The Last Kilometer / L'Ultimo Chilometro / NEW film ...	 THE LAST KILOMETER / A cycling documentary movie L'ULTIMO CHILOMETRO/ Film documentario sul ciclismo
last kilometer	 	http://www.greencarcongress.com/2014/06/20140629-hamo.html-Green Car Congress: Toyota, Grenoble, EDF and Citélib ...	 Toyota, Grenoble, EDF and Citélib launching Ha:Mo EV sharing service as part of multimodal transport solution; small EVs for the last kilometer
last kilometer	 	https://www.reelhouse.org/paolo.casalis/thelastkilometerlultimochilometro/eldiablo-The Last Kilometer (L'ultimo Chilometro) | Reelhouse	 ... are we watching "The Last Kilometer" for cycling? L'Ultimo Chilometro is a film totally dedicated to a passion, an emotion, a sport: Cycling.
last kilometer	 	http://www.goodreads.com/book/show/407111.The_Last_Kilometer-The Last Kilometer: Marching to Victory in Europe, 1944 ...	 The Last Kilometer has 3 ratings and 1 review. Presented in cooperation with the Association of the U.S. Army, this is the story of life as an infantryma...
last kilometer	 	http://encyclopedia2.thefreedictionary.com/Last+kilometer-Last kilometer definition of Last kilometer in the Free ...	 Through the last kilometers, Hincapie's breakaway group was more than 6 minutes ahead of Nocentini, fanning suspense about the yellow shirt's future.
last kilometer	 	http://www.sportinggoodsoutdoor.com/p/detail/B00B9KE484/The-Last-Kilometer-a-cycling-documentary.html-The Last Kilometer / a cycling documentary	 If you want to buy The Last Kilometer / a cycling documentary. Do not miss this opportunity after you search a lot for where to buy.
last kilometer	 	http://thelastkilometer.wordpress.com/tag/froome/-froome | The last kilometer/ L'Ultimo chilometro	 Money, business, doping scandals and lack of epic and new champions: are we watching "The Last Kilometer" for cycling? The Last Kilometer is a film totally dedicated ...
last kilometer	 	http://urbanvelo.org/the-last-kilometer/-The Last Kilometer | Urban Velo	 A clip from The Last Kilometer, an upcoming film following cycling through five characters and five stories. From what I can see and have read, I’m going ...
last kilometer	 	http://www.cycleboredom.com/the-last-kilometer-cycling-documentary/-The Last Kilometer Cycling Documentary ‹ Cycleboredom	 From their site: The Last Kilometer is a film totally dedicated to a passion, an emotion, a sport: Cycling. The movie follows the story and an entire cycling season ...
last kilometer	 	http://forums.thepaceline.net/showthread.php?t=119824-The Last Kilometer - The Paceline Forum	 The Last Kilometer. http://vimeo.com/53139765#at=0 _____ www.flockandvine.com #2 11 ... Powered by vBulletin® Version 3.8.7
last kilometer	 	http://www.cyclopaedia.info/wiki/Last-kilometer-Last kilometer | Online references | cyclopaedia.net	 The last mile or last kilometer is a phrase used by the telecommunications, cable television and internet industries to refer to the final leg of the ...
last kilometer	 	http://cycling-passion.com/2012/11/16/last-kilometer-cycling-documentary/-The Last Kilometer, a cycling documentary - Cycling Passion	 From the movie’s home page: The Last Kilometer is a film totally dedicated to what is passion, emotion, sport: Cycling. The movie follows the story and an entire ...
last kilometer	 	http://www.movescount.com/apps/app1323-Last_kilometers_average_pace-Last kilometer's average pace - App at Movescount.com	 Check out Last kilometer's average pace - App at Movescount.com
last kilometer	 	http://www.facebook.com/thelastkilometer/photos_stream-The Last Kilometer / L'ultimo Chilometro - Documentary ...	 To connect with The Last Kilometer / L'ultimo Chilometro - Documentary Movie, sign up for Facebook today.
last kilometer	 	http://road.cc/content/review/72114-last-kilometer-dvd-stuffilm-creativeye-The Last Kilometer (DVD) Stuffilm Creativeye review | road.cc	 The Last Kilometer / L'Ultimo Chilometro / movie trailer from Stuffilm on Vimeo. In retrospect Casali might have concentrated on one subject for half an hour; Moser ...
last kilometer	 	http://www.cibmedia.com/main-search-detail.asp?idsearch=6th+inf&id=NI-4342-CIB Media - THE LAST KILOMETER - Marching	 Item 26 of 55 : THE LAST KILOMETER - Marching to Victory in Europe with the 'BIG RED ONE' -- the 1st Infantry Division, 1944-1945. France, Belgium, Germany, and ...
last kilometer	 	http://www.megatorrent.eu/las/last-kilometer-last kilometer Torrent Download - Megatorrent.eu	 last kilometer torrent download on Megatorrent.eu search - Last Vegas DvdRip 2012 avi, Last Night 2010 BRRIP x264 MP4, Johnny Rivers Last Boogie in Paris live 1973 ...
last kilometer	 	http://www.infibeam.com/Books/info/A-Preston-Price/The-Last-Kilometer-Marching-to-Victory-in/1557504342.html-Buy The Last Kilometer: Marching to Victory in Europe ...	 Buy The Last Kilometer: Marching to Victory in Europe, 1944- 1945 Books Hardcover from Online Books Store at Best Price in India, The Last Kilometer: Marching to ...
last kilometer	 	http://www.thefreelibrary.com/The+logistics+of+the+last+kilometer.-a068707154-The logistics of the last kilometer. - Free Online Library	 Free Online Library: The logistics of the last kilometer. by "Grocery Headquarters"; Business Food and beverage industries
last kilometer	 	https://www.pig333.com/what_the_experts_say/the-importance-of-transport-to-the-slaughterhouse-the-last-kilometer_4880/-What the experts say : The importance of transport to the ...	 The importance of transport to the slaughterhouse, the last kilometer. 29-Sep-2011 (3 years 3 months 10 days ago) Miquel Collell; print Like. 1. What can we lose in ...
last kilometer	 	http://distrify.com/films/5856-l-ultimo-chilometro-the-last-kilometer/products/8015-l-ultimo-chilometro-the-last-kilometer-a-cycling-film-eng-s-L'Ultimo Chilometro / The Last Kilometer - a cycling film ...	 Money, business, doping scandals and lack of epic and new champions: are we watching "The Last Kilometer" for cycling? The Last Kilometer is a portrait of cycling.
last kilometer	 	http://www.houseandkitchenappliances.com/p/detail/B00GJXSC7U/Bicycle-Movies-Volume-2-DVD-The-Last-KilometerMoon-Rider7-Deserts.html-Bicycle Movies Volume 2 DVD: The Last Kilometer/Moon Rider ...	 If you want to buy Bicycle Movies Volume 2 DVD: The Last Kilometer/Moon Rider/7 Deserts. Find low prices and convenience through our web site.
last kilometer	 	http://www.dailymotion.com/video/x13nom0_the-last-kilometer-l-ultimo-chilometro-movie-trailer_sport-The Last Kilometer / L'Ultimo Chilometro / movie trailer ...	 THE LAST KILOMETER / A cycling documentary movie (52', ITA-ENG, PAL/NTSC) L'ULTIMO CHILOMETRO/ Film documentario sul ciclismo DVD available now from http ...
last kilometer	 	http://www.dailymotion.com/thelastkilometer-thelastkilometer - Dailymotion	 The last kilometer. An upcoming documentary movie that faces cycling at 360 degrees through five characters, five stories: Cadel Evans, Ignazio Moser, Davide Rebellin ...
last kilometer	 	http://watchmovie-online.com/movie/the-last-kilometer-l-ultimo-chilometro-old-film-www-thelastkilometer-The Last Kilometer L Ultimo Chilometro Old Film Www ...	 Watch Movie Online, free streaming The Last Kilometer L Ultimo Chilometro Old Film Www Thelastkilometer. Watch full movie The Last Kilometer L Ultimo Chilometro Old ...
last kilometer	 	http://kougakliphuis.co.za/-Welcome to Kouga Kliphuis	 Enjoy your day out fishing, swimming or hiking to a waterfall. Last kilometer is 4x4 terrain ( you need LOW range), Vehicles only equiped with difflock not allowed to ...
last kilometer	 	http://cyclingtips.com.au/2013/03/the-last-kilometer-documentary-trailer/-The Last Kilometer Documentary Trailer | CyclingTips	 The Last Kilometer follows the story and an entire cycling season of “the old” Davide Rebellin, 41 years old and still fighting in the peloton after many ...
last kilometer	 	http://velonews.competitor.com/2009/05/news/menchov-wins-the-giro-ditalia-despite-fall-in-the-last-kilometer_92659-Menchov wins the Giro d'Italia, despite fall in the last ...	 Race leader Denis Menchov won the Giro d’Italia on Sunday despite suffering a fall in the last kilometer of the final stage, a 14.4km time trial through Rome.
last kilometer	 	http://www.zihuatanejo.net/tablero/index.php?id=85344-Zihuatanejo-Ixtapa Message Board - Patzcuaro	 We were there for Dia de Los Muertos. The last kilometer from the north toward town (not very close) to the RV park was grid lock-took an hour!
last kilometer	 	http://www.mikesphotos.ca/photos/v/juandefuca2006/DSCN7453.jpg.html-Last kilometer - JDF Trail	 Last kilometer - JDF Trail ... ...
last kilometer	 	http://doom.pk/video/7029/The-Last-Kilometer-L8217Ultimo-Chilometro-movie-trailer-Doompk-Doom.pk - The Last Kilometer / L'Ultimo Chilometro / movie ...	 The Last Kilometer / L'Ultimo Chilometro / movie trailer Doom.pkYou Upload your best videos On Doom.pk from all over the world - entertainment, sports,news,politics ...
last kilometer	 	http://www.ciclimattio.it/en/ciclismo/detail/THE_LAST_KILOMETER/59023-THE LAST KILOMETER - Price € 14.90 - Cicli Mattio	 DVD - The Last Kilometer is a film totally dedicated to a passion, an emotion, a sport: Cycling. The movie follows the story and an entire cycling season of “the ...
last kilometer	 	http://www.scientific.net/AMR.1042.224-"The Last Kilometer" Network Optimization Research of E ...	 Materials Science and Intelligent Technologies Applications: "The Last Kilometer" Network Optimization Research of E-Commerce
last kilometer	 	http://wn.com/Liege_bastogne_liege_2012_Last_Kilometer-Liege Bastogne Liege 2012 Last Kilometer - World News	 Liege Bastogne Liege 2014 last km's, Liège-Bastogne-Liège 2012 last 20 km worldvelosport.blogspot.com, Liege-Bastogne-Liege 2012 (Last Kilometer), Liège-Bastogne ...
last kilometer	 	http://radpropaganda.org/2012/12/23/film-the-last-kilometer/-Radpropaganda » Blog Archive » Film: The last Kilometer	 The Last Kilometer is a film totally dedicated to a passion, an emotion, a sport: Cycling. The movie follows the story and an entire cycling season of «the old ...
last kilometer	 	http://www.nikos-logistics.com/#!ecommerce/c1zf-Ecommerce - Niko's Delivery and Courier	 Last Kilometer Delivery With the promise of providing convenience to the people shopping online, comes the responsibility to deliver their order at a rapid pace.
last kilometer	 	http://www.shutterstock.com/pt/pic-158111978/stock-photo-le-mont-ventoux-france-jul-the-cyclist-quintana-rojas-climbing-the-last-kilometer-of-the.html-Le Mont Ventoux, France-Jul 14: The Cyclist Quintana Rojas ...	 Download royalty free LE MONT VENTOUX, FRANCE-JUL 14: The cyclist Quintana Rojas,climbing the last kilometer of the ascension to Mont Ventoux in front of spectators ...
last kilometer	 	http://en.cnki.com.cn/Article_en/CJFDTOTAL-SYSX200603017.htm-Application of PLC in "Last Kilometer" Problem--《Journal ...	 The power-line is a widely distributed carrier,how to use it to transmit information,particularly to solve the "last kilometer" problem is the hot spot of network ...
last kilometer	 	http://oracle.ittoolbox.com/groups/technical-functional/oracle-apps-l/how-to-take-last-kilometer-run-details-from-oracle-ebs-eam-4995172-How to Take Last Kilometer Run Details from Oracle Ebs ...	 Dear all Kindly inform the query to take the last kilometer reading of assets from work order completion details. ...
last kilometer	 	https://in.news.yahoo.com/photos/britains-sprinter-mark-cavendish-gets-crashing-last-kilometer-photo-161918722.html-Britain's sprinter Mark Cavendish gets up after crashing ...	 View the photo Britain's sprinter Mark Cavendish gets up after crashing in the last kilometer of the first stage of the Tour de France cycling race over 190.5 ...
last kilometer	 	http://www.bouldercreekinternational.com/films/details/the-last-kilometer-The Last Kilometer - Programmes	 Synopsis: The Last Kilometer is a film totally dedicated to a passion, an emotion, a sport: cycling. The movie follows the story and an entire cycling season of "the ...
last kilometer	 	http://www.lapassione.cc/cycling-stories/flamme-rouge/-Flamme Rouge | La Passione Cycling Couture	 It was a little red up side down triangle, supported by a little thread linked to two poles in the middle of the road. The last kilometer. No advertisement sign, no ...
last kilometer	 	http://slideplayer.us/slide/1626615/-Presentation "1 An effort towards bridging the digital ...	 1 An effort towards bridging the digital divide... Going the last kilometer in the Peruvian Jungle – for HEALTH CARE ENLACE HISPANO AMERICANO DE SALUD.
last kilometer	 	http://www.panoramio.com/photo/115302169-Panoramio - Photo of The last kilometer of Kubaky mountain ...	 The last kilometer of Kubaky mountain pass on Kochkor - Bishkek road. Selected for Google Maps and Google Earth Последний ...
last kilometer	 	http://www.veoh.com/watch/v18219963dmsQN3MA?h1=Paris+-+Roubaix+2009%3A+Last+kilometer-Watch Videos Online | Paris - Roubaix 2009: Last kilometer ...	 The last kilometer of Paris - Roubaix live. Tom Boonen won for the 3th time in his career.
last kilometer	 	http://cyclingtips.com.au/2014/02/el-diablo-short-film-about-dieter-didi-senft/-El Diablo – short film about Dieter “Didi” Senft ...	 “El Diablo” is a spin-off from the feature-length bike movie “The Last Kilometer”. The short is focused on the story of Didi Senft, better known as “El ...
last kilometer	 	http://soundcry.com/video/I3VrDyd2P0s/kuurne-brussel-kuurne-2011-last-kilometer-kuurne-brussel-kuurne 2011 last kilometer, by: galiciat1 ...	 Title: kuurne-brussel-kuurne 2011 last kilometer Author: galiciat1 Rating: 5 Views: 1990 Description: last kilometer of kuurne-brussel-kuurne 2011
last kilometer	 	https://mattsleeplessinnyc.wordpress.com/2015/01/14/running-increasing-your-speed-brings-extra-motivation/-Running: increasing your speed brings extra motivation ...	 The last kilometer, K10, is there to cool down. 2) run hills Integrate hills in your running route.
last kilometer	 	http://blogsouthamericanews.blogspot.com/2010/12/last-kilometer-of-inter-oceanic-highway.html-Last kilometer of Inter-Oceanic Highway to be completed ...	 Peruvian President Alan Garcia announced on Tuesday that the construction of the last kilometer of the 2,400-km Southern Interoceanic Highway will be ...
last kilometer	 	http://www.johnspanopoulos.com/index.php/en/videos-en/63-2013-time-trial-world-u23.html-John Spanopoulos - 2013 Time Trial World U23 Championships ...	 Τhe last kilometer of the 2013 U23 Time Trial World Championships. You cannot achieve anything without passion.
last kilometer	 	http://www.wielertaal.nl/2012/11/22/the-last-kilometer-documentaire/-The Last Kilometer – Wielertaal.nl	 The Last Kilometer is a film totally dedicated to what is passion, emotion, sport: Cycling. The movie follows the story and an entire cycling season of “the old” ...
last kilometer	 	http://en.cnki.com.cn/article_en/cjfdtotal-lyts200502047.htm-Meaning of IT Application in Agriculture and Discussion on ...	 The paper has confirmed that the different meaning on IT application in agriculture is the theoretical reason leading to "last kilometer" problem, and analyzes the ...
last kilometer	 	http://www.wielertaal.nl/2012/11/22/the-last-kilometer-documentaire/-The Last Kilometer – Wielertaal.nl	 The Last Kilometer is a film totally dedicated to what is passion, emotion, sport: Cycling. The movie follows the story and an entire cycling season of “the old” ...
last kilometer	 	http://www.johnspanopoulos.com/index.php/en/videos-en/63-2013-time-trial-world-u23.html-John Spanopoulos - 2013 Time Trial World U23 Championships ...	 Τhe last kilometer of the 2013 U23 Time Trial World Championships. You cannot achieve anything without passion.
last kilometer	 	http://en.cnki.com.cn/article_en/cjfdtotal-lyts200502047.htm-Meaning of IT Application in Agriculture and Discussion on ...	 The paper has confirmed that the different meaning on IT application in agriculture is the theoretical reason leading to "last kilometer" problem, and analyzes the ...
last kilometer	 	http://china.ahk.de/trade-fairs/single-view/events/the-new-energy-vehicles-are-driving-into-the-last-kilometer-ahk-shanghai-invites-you-to-new-energy-auto-show-2014/?cHash=391ceb8736f94125b563d66c14048f4a-New Energy Auto Show 2014 (Subshow under China ...	 The new energy vehicles are driving into the last kilometer--AHK shanghai invites you to New Energy Auto Show 2014!
last kilometer	 	http://www.hotelgrandesrousses.com/en/news-alpe-huez/p/have-a-frontrow-place-on-the-grandes-rousses-hotel-terrace-for-the-last-kilometer-of-the-tour-de-france-2015.html-News - Hôtel*** Grandes Rousses	 Have a front-row place on the Grandes Rousses hotel terrace for the last kilometer of the Tour de France 2015
last kilometer	 	http://cyclingweekly.ipcshop.co.uk/shop/cycling-dvds/cycling-films/the-last-kilometer-dvd5304-The Last Kilometer DVD - The Cycling Shop - Cycling DVDs ...	 The Last Kilometer DVD. An Italian film with English subtitles, which tells the story of ‘the old’ Davide Rebellin, at 41 still fighting to stay in the sport ...
last kilometer	 	http://edu.care.org/Documents/Forms/DispForm.aspx?ID=482-Documents - Pedaling Power_CARE and Zambikes Go the Last...	 Title: Innovation Brief: Peddaling Power: CARE and Zambikes Go the Last Kilometer for Inputs in Rural Zambia Approach: Value Chain Region
last kilometer	 	http://www.climbvid.com/bouldering/gianni-mura-journalists-doping-www-thelastkilometer-com-hWYirA8vfhQ-Gianni Mura - journalists & doping - www.thelastkilometer ...	 NOTE: This clip is not taken from the movie, it is just raw filmed material Interview with Gianni Mura - Footage clip from "The last kilometer", an upcoming ...
last kilometer	 	http://realestate.aol.com/blog/videos/green-living/517259545/-Ben Day's Last Kilometer at the 2012 Tour De San Luis Time ...	 Ben Day's Last Kilometer at the 2012 Tour De San Luis Time Trial. Watch Ben Day at the last kilometer of the 2012 Tour de San Luis time trial.
last kilometer	 	http://www.cyclingnews.com/news/photos/belgian-team-has-healthy-ambitions-for-world-championships/252716-Tim Wellens pushes Bart De Clercq in the last kilometer ...	 Tim Wellens pushes Bart De Clercq in the last kilometer. Photo: © Ruta de Sol a Sol
last kilometer	 	http://english.caixin.com/2014-08-12/100716011_2.html-Xinjiang Search - - Caixin Online – News and Analysis on ...	 Search parties were organized by a group called The Last Kilometer, an organization affiliated with the Propaganda Department of Xinjiang Uygur Autonomous Region ...
last kilometer	 	http://www.primewell-tires.com/downloadfile.asp?folder=%2Fprinting%5Fcatalogue%2F&filename=printing%5Fcatalogue%5Fcn%5F2009721171119%2Epdf&filepath=printing%5Fcatalogue%5Fcn%5F2009721171119%2Epdf-Long Haul	 GITI TIRE (Europe) B.V. info@eu.giti.com Long Haul New advanced trailer pattern designed to deliver maximum cost efficiency down to the last Kilometer
last kilometer	 	http://www.bouldercreekinternational.com/films/bygenre/48-Programmes - Boulder Creek International « BCIBoulder ...	 Synopsis: The Last Kilometer is a film totally dedicated to a passion, an emotion, a sport: cycling. The movie follows the story and an entire cycling season of "the ...
last kilometer	 	http://www.marathonguide.com/races/racedetails.cfm?MIDD=1887150627-Safaricom Marathon - Race Details	 ... as most of us struggled to be finishers! the last kilometer was my longest and toughest, but my slogan - "stopping is a crime" - held me back from walking.
last kilometer	 	http://www.johnspanopoulos.com/index.php/en/videos-en.html-John Spanopoulos - Videos	 2013 Time Trial World U23 Championships - Last Kilometer SMART_COM_CONTENT_READ_MORE2013 Time Trial World U23 Championships - Last Kilometer
last kilometer	 	http://insights.careinternational.org.uk/publications/pedaling-power-care-and-zambikes-go-the-last-kilometer-for-input-supply-in-rural-zambia-Pedaling Power: CARE and Zambikes Go the Last Kilometer ...	 Pedaling Power: CARE and Zambikes Go the Last Kilometer for Input Supply in Rural Zambia
last kilometer	 	http://cn.bing.com/dict/last%20kilometer-last kilometer是什么意思_last kilometer的翻译 ...	 必应词典为您提供last kilometer的释义，网络释义： 最后一公里；最后一中原娱乐城；最后的一公里；
last kilometer	 	http://www.tripadvisor.com/ShowUserReviews-g297701-d3178991-r205300347-Kupu_Kupu_Bungalows-Ubud_Bali.html-Amazing place! - Review of Kupu Kupu Bungalows, Ubud ...	 That's right, you may need to request a motorbike to help you get here for the last kilometer and a half. Superb location, location location amongst the ...
last kilometer	 	http://www.bol.com/nl/p/last-kilometer/1001004001612889/-bol.com | Last Kilometer, A. Preston Price | 9781557504340 ...	 Last Kilometer Hardcover. Marching To Victory In Europe With The Big Red One, 1944-1945 / A. Preston Price., A. Preston Price, Hardcover, mei 2003, bol.com prijs ...
last kilometer	 	http://www.frequency.com/video/last-kilometer-lultimo-chilometro/84986948/-/5-528557-Video: The Last Kilometer L Ultimo Chilometro ESTRATTO DAL ...	 Estratto dal film L ULTIMO CHILOMETRO Film documentario sul ciclismo Excerpt from the film THE LAST KILOMETER A cycling documentary movie...watch video.
last kilometer	 	http://www.abebooks.com/book-search/author/price-a-preston/page-1/-Price a Preston - AbeBooks - AbeBooks - Used Books, Rare ...	 The Last Kilometer: Marching to Victory in Europe With the Big Red One, 1944-1945 by Price, A. Preston and a great selection of similar Used, New and Collectible ...
last kilometer	 	http://www.boards.ie/vbulletin/showthread.php?p=93829678-Talent is overrated - Page 2 - boards.ie	 The 4th kilometer is a continual downhill, and at looking at my split times now should have been faster. The first and last kilometer are on the same loop.
last kilometer	 	http://www.123rf.com/photo_14833669_col-du-granier-france-july13th-2012-image-of-cyclists-climbing-the-last-kilometer-on-the-road-to-col.html-Col Du Granier,France,July13th 2012: Image Of Cyclists ...	 Col du Granier,France,July13th 2012: Image of cyclists climbing the last kilometer on the road to Col du Granier in the stage 12 of Le Tour de France 2012.The second ...
last kilometer	 	http://www.bol.com/be/p/last-kilometer/1001004001612889/-bol.com | Last Kilometer, A. Preston Price | 9781557504340 ...	 Last Kilometer Hardcover. Marching To Victory In Europe With The Big Red One, 1944-1945 / A. Preston Price., A. Preston Price, Hardcover, mei 2003, bol.com prijs ...
last kilometer	 	http://www.johnspanopoulos.com/index.php/en/videos-en.html-John Spanopoulos - Videos	 2013 Time Trial World U23 Championships - Last Kilometer SMART_COM_CONTENT_READ_MORE2013 Time Trial World U23 Championships - Last Kilometer
last kilometer	 	http://insights.careinternational.org.uk/publications/pedaling-power-care-and-zambikes-go-the-last-kilometer-for-input-supply-in-rural-zambia-Pedaling Power: CARE and Zambikes Go the Last Kilometer ...	 Pedaling Power: CARE and Zambikes Go the Last Kilometer for Input Supply in Rural Zambia
last kilometer	 	http://www.abebooks.com/book-search/author/price-a-preston/page-1/-Price a Preston - AbeBooks - AbeBooks - Used Books, Rare ...	 The Last Kilometer: Marching to Victory in Europe With the Big Red One, 1944-1945 by Price, A. Preston and a great selection of similar Used, New and Collectible ...
last kilometer	 	http://cn.bing.com/dict/last%20kilometer-last kilometer是什么意思_last kilometer的翻译 ...	 必应词典为您提供last kilometer的释义，网络释义： 最后一公里；最后一中原娱乐城；最后的一公里；
last kilometer	 	http://www.bol.com/nl/p/last-kilometer/1001004001612889/-bol.com | Last Kilometer, A. Preston Price | 9781557504340 ...	 Last Kilometer Hardcover. Marching To Victory In Europe With The Big Red One, 1944-1945 / A. Preston Price., A. Preston Price, Hardcover, mei 2003, bol.com prijs ...
last kilometer	 	http://www.tripadvisor.com/ShowUserReviews-g297701-d3178991-r205300347-Kupu_Kupu_Bungalows-Ubud_Bali.html-Amazing place! - Review of Kupu Kupu Bungalows, Ubud ...	 That's right, you may need to request a motorbike to help you get here for the last kilometer and a half. Superb location, location location amongst the ...
last kilometer	 	http://www.frequency.com/video/last-kilometer-lultimo-chilometro/84986948/-/5-528557-Video: The Last Kilometer L Ultimo Chilometro ESTRATTO DAL ...	 Estratto dal film L ULTIMO CHILOMETRO Film documentario sul ciclismo Excerpt from the film THE LAST KILOMETER A cycling documentary movie...watch video.
last kilometer	 	http://www.boards.ie/vbulletin/showthread.php?p=93829678-Talent is overrated - Page 2 - boards.ie	 The 4th kilometer is a continual downhill, and at looking at my split times now should have been faster. The first and last kilometer are on the same loop.
last kilometer	 	http://www.123rf.com/photo_14833669_col-du-granier-france-july13th-2012-image-of-cyclists-climbing-the-last-kilometer-on-the-road-to-col.html-Col Du Granier,France,July13th 2012: Image Of Cyclists ...	 Col du Granier,France,July13th 2012: Image of cyclists climbing the last kilometer on the road to Col du Granier in the stage 12 of Le Tour de France 2012.The second ...
last kilometer	 	https://plus.google.com/117616116722512705787-Paolo Casalis - Google+	 Paolo Casalis - Stuffilm - Piedmont, Italy ... Italian cycling film The Last Kilometer out now on DVD - or to watch online (+ video trailer) | road.cc | Road cycling ...
last kilometer	 	http://cn.bing.com/dict/the%20last%20kilometer-the last kilometer是什么意思_the last kilometer的 ...	 什么意思... ... last kilometer user access 最后一公里用户接入 The Last kilometer 竞争 last one- kilometer 最后一公里 ...
last kilometer	 	http://www.bokus.com/bok/9781557504340/last-kilometer/-Last Kilometer - A Preston Price - Bok (9781557504340 ...	 Inbunden, 2002. Pris 244 kr. Köp Last Kilometer (9781557504340) av A Preston Price på Bokus.com
last kilometer	 	http://cn.bing.com/dict/the%20last%20kilometer-the last kilometer是什么意思_the last kilometer的 ...	 什么意思... ... last kilometer user access 最后一公里用户接入 The Last kilometer 竞争 last one- kilometer 最后一公里 ...
last kilometer	 	http://www.bokus.com/bok/9781557504340/last-kilometer/-Last Kilometer - A Preston Price - Bok (9781557504340 ...	 Inbunden, 2002. Pris 244 kr. Köp Last Kilometer (9781557504340) av A Preston Price på Bokus.com
last kilometer	 	http://www.go2war2.nl/book.asp?bookid=1930-Go2War2.nl - The Last Kilometer	 Titel: The Last Kilometer Subtitel: Marching to Victory in Europe With the Big Red One, 1944-1945 ISBN10: 1557504342 Schrijver: Price, A.P. Aantal pagina's:
last kilometer	 	http://saltacorrevuela.blogspot.com/2013/08/the-last-kilometer360-de-historia-del.html-SaltA CorrE VuelA: The Last Kilometer...360º de historia ...	 The Last Kilometer...360º de historia del ciclismo Publicado por Oscar Masvidal en
last kilometer	 	http://www.dooyoo.it/on-line-shopping/the-last-kilometer/-The Last Kilometer in dooyoo.it	 The Last Kilometer Rapporti, negozi convenienti e comparazione prezzi su dooyoo.it
last kilometer	 	http://italiancyclingjournal.blogspot.nl/2007/03/detour-no-2-into-italian-culture.html-ITALIAN CYCLING JOURNAL: Detour No. 2 Into Italian Culture	 THE LAST KILOMETER - Special price for Italian Cycling Journal ...
last kilometer	 	http://www.hoepli.it/libro/the-last-kilometer-/9781557504340.html-The Last Kilometer - Preston Price A. - Naval Institute ...	 The Last Kilometer è un libro di Preston Price A. edito da Naval Institute Press: puoi acquistarlo sul sito HOEPLI.it, la grande libreria online.
last kilometer	 	http://www.groops.de/by/furth/reviews/tag/150-Freizeit Treffen in Furth bei Groops.de	 About Meeting "Fractionned-running for beginners" A small commitee run :( but was nice! We reach the fractionned-run as planned: 2+4+6+6+12 :) And the last kilometer ...
last kilometer	 	http://www.vxv.com/video/UZhNsviDPQK6/paris-roubaix-2009-last-kilometer.html-Paris - Roubaix 2009: Last kilometer - VXV: Videos x Vos.	 The last kilometer of Paris - Roubaix live. Tom Boonen won for the 3th time in his career.
last kilometer	 	http://www.groops.de/by/furth/reviews/tag/150-Freizeit Treffen in Furth bei Groops.de	 About Meeting "Fractionned-running for beginners" A small commitee run :( but was nice! We reach the fractionned-run as planned: 2+4+6+6+12 :) And the last kilometer ...
last kilometer	 	http://www.vxv.com/video/UZhNsviDPQK6/paris-roubaix-2009-last-kilometer.html-Paris - Roubaix 2009: Last kilometer - VXV: Videos x Vos.	 The last kilometer of Paris - Roubaix live. Tom Boonen won for the 3th time in his career.
last kilometer	 	http://www.dooyoo.it/on-line-shopping/the-last-kilometer/713424/-IL FILM SUL CICLISMO - Opinioni per The Last Kilometer	 Online shopping - The Last Kilometer - Rapporto - IL FILM SUL CICLISMO in dooyoo.it
last kilometer	 	http://www.cyclopaedia.info/wiki/The-Last-Kilometer-The Last Kilometer | Online references | cyclopaedia.net	 The Last Kilometer (original title: L'Ultimo Chilometro) is a 2012 Italian documentary film directed by Paolo Casalis. The film is portrait of road cycling made ...
last kilometer	 	http://extratorrentlive.com/search/?search=The%20Last%20Kilometer%20%2F%20L'Ultimo%20Chilometro-Search for 'The Last Kilometer / L'Ultimo Chilometro ...	 Search for The Last Kilometer / LUltimo Chilometro torrents. Page 1. ExtraTorrent.cc
last kilometer	 	http://www.groops.de/by/furth/reviews/tag/150-Freizeit Treffen in Furth bei Groops.de	 About Meeting "Fractionned-running for beginners" A small commitee run :( but was nice! We reach the fractionned-run as planned: 2+4+6+6+12 :) And the last kilometer ...
last kilometer	 	http://www.vxv.com/video/UZhNsviDPQK6/paris-roubaix-2009-last-kilometer.html-Paris - Roubaix 2009: Last kilometer - VXV: Videos x Vos.	 The last kilometer of Paris - Roubaix live. Tom Boonen won for the 3th time in his career.
last kilometer	 	http://www.dooyoo.it/on-line-shopping/the-last-kilometer/713424/-IL FILM SUL CICLISMO - Opinioni per The Last Kilometer	 Online shopping - The Last Kilometer - Rapporto - IL FILM SUL CICLISMO in dooyoo.it
last kilometer	 	http://www.cyclopaedia.info/wiki/The-Last-Kilometer-The Last Kilometer | Online references | cyclopaedia.net	 The Last Kilometer (original title: L'Ultimo Chilometro) is a 2012 Italian documentary film directed by Paolo Casalis. The film is portrait of road cycling made ...
last kilometer	 	http://extratorrentlive.com/search/?search=The%20Last%20Kilometer%20%2F%20L'Ultimo%20Chilometro-Search for 'The Last Kilometer / L'Ultimo Chilometro ...	 Search for The Last Kilometer / LUltimo Chilometro torrents. Page 1. ExtraTorrent.cc
last kilometer	 	http://www.groops.de/by/furth/reviews/tag/150-Freizeit Treffen in Furth bei Groops.de	 About Meeting "Fractionned-running for beginners" A small commitee run :( but was nice! We reach the fractionned-run as planned: 2+4+6+6+12 :) And the last kilometer ...
last kilometer	 	http://www.vxv.com/video/UZhNsviDPQK6/paris-roubaix-2009-last-kilometer.html-Paris - Roubaix 2009: Last kilometer - VXV: Videos x Vos.	 The last kilometer of Paris - Roubaix live. Tom Boonen won for the 3th time in his career.
last kilometer	 	http://www.dooyoo.it/on-line-shopping/the-last-kilometer/713424/-IL FILM SUL CICLISMO - Opinioni per The Last Kilometer	 Online shopping - The Last Kilometer - Rapporto - IL FILM SUL CICLISMO in dooyoo.it
last kilometer	 	http://www.cyclopaedia.info/wiki/The-Last-Kilometer-The Last Kilometer | Online references | cyclopaedia.net	 The Last Kilometer (original title: L'Ultimo Chilometro) is a 2012 Italian documentary film directed by Paolo Casalis. The film is portrait of road cycling made ...
last kilometer	 	http://extratorrentlive.com/search/?search=The%20Last%20Kilometer%20%2F%20L'Ultimo%20Chilometro-Search for 'The Last Kilometer / L'Ultimo Chilometro ...	 Search for The Last Kilometer / LUltimo Chilometro torrents. Page 1. ExtraTorrent.cc
last kilometer	 	http://www.groops.de/by/furth/reviews/tag/150-Freizeit Treffen in Furth bei Groops.de	 About Meeting "Fractionned-running for beginners" A small commitee run :( but was nice! We reach the fractionned-run as planned: 2+4+6+6+12 :) And the last kilometer ...
last kilometer	 	http://www.vxv.com/video/UZhNsviDPQK6/paris-roubaix-2009-last-kilometer.html-Paris - Roubaix 2009: Last kilometer - VXV: Videos x Vos.	 The last kilometer of Paris - Roubaix live. Tom Boonen won for the 3th time in his career.
last kilometer	 	http://www.dooyoo.it/on-line-shopping/the-last-kilometer/713424/-IL FILM SUL CICLISMO - Opinioni per The Last Kilometer	 Online shopping - The Last Kilometer - Rapporto - IL FILM SUL CICLISMO in dooyoo.it
last kilometer	 	http://www.cyclopaedia.info/wiki/The-Last-Kilometer-The Last Kilometer | Online references | cyclopaedia.net	 The Last Kilometer (original title: L'Ultimo Chilometro) is a 2012 Italian documentary film directed by Paolo Casalis. The film is portrait of road cycling made ...
last kilometer	 	http://extratorrentlive.com/search/?search=The%20Last%20Kilometer%20%2F%20L'Ultimo%20Chilometro-Search for 'The Last Kilometer / L'Ultimo Chilometro ...	 Search for The Last Kilometer / LUltimo Chilometro torrents. Page 1. ExtraTorrent.cc
last kilometer	 	http://www.groops.de/by/furth/reviews/tag/150-Freizeit Treffen in Furth bei Groops.de	 About Meeting "Fractionned-running for beginners" A small commitee run :( but was nice! We reach the fractionned-run as planned: 2+4+6+6+12 :) And the last kilometer ...
last kilometer	 	http://www.vxv.com/video/UZhNsviDPQK6/paris-roubaix-2009-last-kilometer.html-Paris - Roubaix 2009: Last kilometer - VXV: Videos x Vos.	 The last kilometer of Paris - Roubaix live. Tom Boonen won for the 3th time in his career.
last kilometer	 	http://www.dooyoo.it/on-line-shopping/the-last-kilometer/713424/-IL FILM SUL CICLISMO - Opinioni per The Last Kilometer	 Online shopping - The Last Kilometer - Rapporto - IL FILM SUL CICLISMO in dooyoo.it
last kilometer	 	http://www.cyclopaedia.info/wiki/The-Last-Kilometer-The Last Kilometer | Online references | cyclopaedia.net	 The Last Kilometer (original title: L'Ultimo Chilometro) is a 2012 Italian documentary film directed by Paolo Casalis. The film is portrait of road cycling made ...
last kilometer	 	http://extratorrentlive.com/search/?search=The%20Last%20Kilometer%20%2F%20L'Ultimo%20Chilometro-Search for 'The Last Kilometer / L'Ultimo Chilometro ...	 Search for The Last Kilometer / LUltimo Chilometro torrents. Page 1. ExtraTorrent.cc
last kilometer	 	http://www.popscreen.com/v/7LZQd/The-Last-Kilometer-LUltimo-Chilometro-NEW-film-trailer-wwwthelastkilometercom-The Last Kilometer / L'Ultimo Chilometro / NEW film ...	 THE LAST KILOMETER / A cycling documentary movie L'ULTIMO CHILOMETRO/ Film documentario sul ciclismo
last kilometer	 	https://www.pig333.com/what_the_experts_say/the-importance-of-transport-to-the-slaughterhouse-the-last-kilometer_4880/-What the experts say : The importance of transport to the ...	 The importance of transport to the slaughterhouse, the last kilometer. 29-Sep-2011 (3 years 3 months 10 days ago) Miquel Collell; print Like. 1. What can we lose in ...
last kilometer	 	http://www.ebay.com.au/itm/The-Last-Kilometer-Marching-to-Victory-in-Europe-With-the-Big-Red-One-1944-194-/371219523753-THE Last Kilometer Marching TO Victory IN Europe With THE ...	 The Last Kilometer: Marching to Victory in Europe With the Big Red One, 1944-194 in Books, Magazines, Textbooks | eBay
last kilometer	 	http://cngjzj.com/eng_content.asp?id=33824-Guangzhou daily: knock the doctor through medical the last ...	 Comment on: "knock the doctor" through medical "the last kilometer" The 2014-07-07 Source: guangzhou daily . Guangzhou observation
last kilometer	 	http://news.yahoo.com/photos/spectators-watch-last-kilometer-first-stage-tour-france-photo-180743386.html-Spectators watch the last kilometer of the first stage of ...	 View the photo Spectators watch the last kilometer of the first stage of the Tour de France cycling race over 190.5 kilometers (118.4 miles) with start in ...
last kilometer	 	http://drunkcyclist.tumblr.com/post/47417001764/last-kilometer-of-paris-roubaix-2013-Last kilometer of Paris - Roubaix 2013 |... - Drunkcyclist ...	 Last kilometer of Paris - Roubaix 2013 | Compiègne › Roubaix | ... About Same idiots, same snark, different web platform.
last kilometer	 	http://www.thefreelibrary.com/The+logistics+of+the+last+kilometer.-a068707154-The logistics of the last kilometer. - Free Online Library	 Free Online Library: The logistics of the last kilometer. by "Grocery Headquarters"; Business Food and beverage industries
last kilometer	 	http://www.amazon.co.uk/Last-Kilometer-Marching-Victory-1944-1945/dp/1557504342-Last Kilometer: Marching to Victory in Europe with the Big ...	 Buy Last Kilometer: Marching to Victory in Europe with the Big Red One, 1944-1945 / A. Preston Price. by A. Preston Price (ISBN: 9781557504340) from Amazon's Book Store.
last kilometer	 	http://www.military.cibmedia.com/main-search-detail.asp?idsearch=1st+inf&offset=40&productcode=NI-4342-Military.com - THE LAST KILOMETER - Marching	 Item 78 of 83 : THE LAST KILOMETER - Marching to Victory in Europe with the 'BIG RED ONE' -- the 1st Infantry Division, 1944-1945. France, Belgium, Germany, and ...
last kilometer	 	http://www.rrdc.com/op_belgium_eurorail.html-BELGIUM: Eurorail NV - RDC Operating Entities - Eurorail	 RégioRail specializes in first kilometer/last kilometer transport, handing over wagonloads to long-haul rail carriers. In December 2014, RDC ...
last kilometer	 	http://road.cc/content/review/72114-last-kilometer-dvd-stuffilm-creativeye?dougreport.com-The Last Kilometer (DVD) Stuffilm Creativeye review | road.cc	 The Last Kilometer / L'Ultimo Chilometro / movie trailer from Stuffilm on Vimeo. In retrospect Casali might have concentrated on one subject for half an hour; Moser ...
last kilometer	 	http://forums.roadbikereview.com/general-cycling-discussion/last-kilometer-297587.html-The Last Kilometer	 THE LAST KILOMETER - L'ULTIMO CHILOMETRO - A cycling documentary - AVAILABLE IN DVD FORMAT NOW! | Home. Posting Permissions You may not post new threads;
last kilometer	 	http://www.movescount.com/apps/app6576-Pace_last_kilometer-Pace last kilometer - App at Movescount.com	 Pace last kilometer Running, Performance. Average pace last km. Based on avg speed previous lap and avg speed current lap (weighted average).
last kilometer	 	http://www.advarsitysports.com/milan-san-remo-video-last-kilometer-and-sprint/-Milan-San Remo: video last kilometer and sprint ...	 Milan-San Remo: video last kilometer and sprint [Youtube] xHtIAy_Xo8A [/ youtube] Yesterday we followed the first classic of the season, Milan-San Remo cycling live live.
last kilometer	 	http://www.ebay.com/itm/The-Last-Kilometer-Marching-to-Victory-in-Europe-with-the-Big-Red-One-1944-1-/290515030053-The Last Kilometer Marching to Victory in Europe with The ...	 The Last Kilometer: Marching to Victory in Europe with the Big Red One, 1944-1.. in Books, Nonfiction | eBay
last kilometer	 	http://www.ebay.com/itm/The-Last-Kilometer-Moon-Rider-7-Deserts-Best-Cycling-Films-of-the-Year-/271339415837-The Last Kilometer Moon Rider 7 Deserts Best Cycling Films ...	 The Last Kilometer/Moon Rider/7 Deserts - Best Cycling Films of the Year in DVDs & Movies, DVDs & Blu-ray Discs | eBay
last kilometer	 	http://on.aol.com/video/ben-days-last-kilometer-at-the-2012-tour-de-san-luis-time-trial-517259545-Ben Day's Last Kilometer at the 2012 Tour De San Luis Time ...	 Watch Ben Day at the last kilometer of the 2012 Tour de ... AOL On Originals showcase the passions that ... Ben Day's Last Kilometer at the 2012 Tour De San Luis ...
last kilometer	 	http://www.metacafe.com/watch/9453123/the_last_kilometer_lultimo_chilometro_movie_trailer_www_t/-The Last Kilometer / L'Ultimo Chilometro / Movie Trailer ...	 THE LAST KILOMETER / A cycling documentary movie L'ULTIMO CHILOMETRO/ Film documentario sul ciclismo DVD OUT NOW! / DVD DISPONIBILE A PARTIRE DA OGGI!
last kilometer	 	http://www.irazoo.com/InterestingTopics/last-kilometer.aspx-last kilometer,	 last kilometer websites: People Recommended Results: Units of Measurement www.unc.edu/~rowlett/units ...
last kilometer	 	http://www.sportinggoodsoutdoor.com/p/detail/B00GJXSC7U/Bicycle-Movies-Volume-2-DVD-The-Last-KilometerMoon-Rider7-Deserts.html-Bicycle Movies Volume 2 DVD: The Last Kilometer/Moon Rider ...	 Do you seeking for Bicycle Movies Volume 2 DVD: The Last Kilometer/Moon Rider/7 Deserts. Order online today you can save time and budget.
last kilometer	 	http://www.velochannel.com/video-the-last-kilometer-464-VIDEO : The Last Kilometer | VeloChannel.com	 Here is a movie trailer relating cycling in one word : passion… A few words from the editor : The Last Kilometer is a film totally dedicated to a passion, an ...
last kilometer	 	https://plus.google.com/114087894876381907363-Last Kilometer Uphill - Google+	 Last Kilometer Uphill hasn't shared anything on this page with you.
last kilometer	 	http://rideacrossamerica.us/main/route/-Route | Ride Across America for Charity	 Ride Across America for Charity Ride Across America in support of the Wounded Warrior Project. ... passing Contador on Stage 5 on the last kilometer for the stage win.
last kilometer	 	http://www.oldtimeradiodownloads.com/thriller/suspense/the-last-kilometer-1958-06-22-The Last Kilometer | Suspense | Thriller | Old Time Radio ...	 Title: the last kilometer : Air Date: 06.22.1958: Plot: + CBS net origination, AFRTS rebroadcast. "The Last Kilometer". The program begins its 17th year on the air.
last kilometer	 	http://watchmovie-online.com/movie/the-last-kilometer-l-ultimo-chilometro-movie-www-t-The Last Kilometer L Ultimo Chilometro Movie Www T	 Watch Movie Online, free streaming The Last Kilometer L Ultimo Chilometro Movie Www T. Watch full movie The Last Kilometer L Ultimo Chilometro Movie Www T in any ...
last kilometer	 	http://seacliffpartners.com/portfolio/IT-26-NH_The_last_km_v3.pdf-Workforce Continuity - The last kilometer	 Workforce Continuity - The last kilometer Ron LaPedis ASE, MBCI, MBCP, CISSP-ISSAP, ISSMP
last kilometer	 	http://italiancyclingjournal.blogspot.com/2013/07/2014-giro-ditalia-racing-for-wild-card.html-ITALIAN CYCLING JOURNAL: 2014 Giro d'Italia, Racing for a ...	 The Giro will kick off from Belfast, Ireland, on 10th May 2014 Here are the current rankings: 1. Lampre-Merida – 331 points ... THE LAST KILOMETER ...
last kilometer	 	http://www.pinterest.com/pin/55450639135360786/-Mont Ventoux 2013 - Tour de France | "The last kilometer ...	 Mont Ventoux 2013 - Tour de France. Mont Ventoux 2013 - Tour de France. Categories. Search. ... "The last kilometer" is... The Last Kilometer - a movie about cycling.
last kilometer	 	http://www.ciclimattio.com/en/ciclismo/detail/THE_LAST_KILOMETER/59023-THE LAST KILOMETER - Price € 14.90 - Ciclimattio.com	 DVD - The Last Kilometer is a film totally dedicated to a passion, an emotion, a sport: Cycling. The movie follows the story and an entire cycling season of “the ...
last kilometer	 	http://cycling-passion.com/the-last-kilometer-10-discount-cycling-passion-com-readers/-The Last Kilometer DVD - 10% Discount for Cycling-Passion ...	 "The Last Kilometer / a cycling documentary" is a film totally dedicated to a passion, an emotion, a sport: Cycling.
last kilometer	 	http://universalsports.com/video/2014-world-ports-classic-stage-2-rotterdam-to-antwerp-crashes-in-last-kilometer/-2014 World Ports Classic Stage 2: Rotterdam to Antwerp ...	 Home/ Videos/ Cycling/ 2014 World Ports Classic Stage 2: Rotterdam to Antwerp: Crashes in Last Kilometer. ... Rotterdam to Antwerp: Crashes in Last Kilometer.
last kilometer	 	http://shop.cykelmagasinet.dk/spil-film/49-the-last-kilometer.html-Shop - The Last Kilometer - Cykelmagasinet: Bøger ...	 The Last Kilometer is a film totally dedicated to a passion, an emotion, a sport: Cycling. The movie follows the story and an entire cycling season of “the old ...
last kilometer	 	http://www.pig333.com/what_the_experts_say/the-importance-of-transport-to-the-slaughterhouse-the-last-kilometer_4880/-What the experts say : The importance of transport to the ...	 The importance of transport to the slaughterhouse, the last kilometer. 29-Sep-2011 (3 years 2 months 3 days ago) Miquel Collell; print Like. 1. What can we lose in ...
last kilometer	 	http://skierssaywhat.tumblr.com/post/42120252043/the-last-kilometer-of-a-5k-#skierssaywhat | The last kilometer of a 5k	 The last kilometer of a 5k - I’m just like ... Nordies do it better. Ask; Submit; Archive; Random; RSS; Search
last kilometer	 	http://onlyoneleft.biz/PatioFurnitureAndAccessories/MyCHeAPpB9KE484NOWsAles-The-Last-Kilometer-cycling-documentary.html-The Last Kilometer / a cycling documentary	 You can review and check price The Last Kilometer / a cycling documentary with fast shipping. See more additional information The Last Kilometer / a cycling ...
last kilometer	 	http://www.chillisauce.co.uk/blog/the-paris-roubaix-the-last-kilometer/-What is Cycling? What has Cycling Become? - The Last Kilometer	 The Last Kilometer follows three riders in the race and also El Diablo, the colourful spectator who plays as much a part as the competitors themselves.
last kilometer	 	http://www.groops.de/by/furth/reviews/tag/150-Freizeit Treffen in Furth bei Groops.de	 About Meeting "Fractionned-running for beginners" A small commitee run :( but was nice! We reach the fractionned-run as planned: 2+4+6+6+12 :) And the last kilometer ...
last kilometer	 	http://www.vxv.com/video/UZhNsviDPQK6/paris-roubaix-2009-last-kilometer.html-Paris - Roubaix 2009: Last kilometer - VXV: Videos x Vos.	 The last kilometer of Paris - Roubaix live. Tom Boonen won for the 3th time in his career.
last kilometer	 	http://www.dooyoo.it/on-line-shopping/the-last-kilometer/713424/-IL FILM SUL CICLISMO - Opinioni per The Last Kilometer	 Online shopping - The Last Kilometer - Rapporto - IL FILM SUL CICLISMO in dooyoo.it
last kilometer	 	http://www.cyclopaedia.info/wiki/The-Last-Kilometer-The Last Kilometer | Online references | cyclopaedia.net	 The Last Kilometer (original title: L'Ultimo Chilometro) is a 2012 Italian documentary film directed by Paolo Casalis. The film is portrait of road cycling made ...
last kilometer	 	http://extratorrentlive.com/search/?search=The%20Last%20Kilometer%20%2F%20L'Ultimo%20Chilometro-Search for 'The Last Kilometer / L'Ultimo Chilometro ...	 Search for The Last Kilometer / LUltimo Chilometro torrents. Page 1. ExtraTorrent.cc
last kilometer	 	http://www.groops.de/by/furth/reviews/tag/150-Freizeit Treffen in Furth bei Groops.de	 About Meeting "Fractionned-running for beginners" A small commitee run :( but was nice! We reach the fractionned-run as planned: 2+4+6+6+12 :) And the last kilometer ...
last kilometer	 	http://www.vxv.com/video/UZhNsviDPQK6/paris-roubaix-2009-last-kilometer.html-Paris - Roubaix 2009: Last kilometer - VXV: Videos x Vos.	 The last kilometer of Paris - Roubaix live. Tom Boonen won for the 3th time in his career.
last kilometer	 	http://www.dooyoo.it/on-line-shopping/the-last-kilometer/713424/-IL FILM SUL CICLISMO - Opinioni per The Last Kilometer	 Online shopping - The Last Kilometer - Rapporto - IL FILM SUL CICLISMO in dooyoo.it
last kilometer	 	http://www.cyclopaedia.info/wiki/The-Last-Kilometer-The Last Kilometer | Online references | cyclopaedia.net	 The Last Kilometer (original title: L'Ultimo Chilometro) is a 2012 Italian documentary film directed by Paolo Casalis. The film is portrait of road cycling made ...
last kilometer	 	http://extratorrentlive.com/search/?search=The%20Last%20Kilometer%20%2F%20L'Ultimo%20Chilometro-Search for 'The Last Kilometer / L'Ultimo Chilometro ...	 Search for The Last Kilometer / LUltimo Chilometro torrents. Page 1. ExtraTorrent.cc
last kilometer	 	http://www.groops.de/by/furth/reviews/tag/150-Freizeit Treffen in Furth bei Groops.de	 About Meeting "Fractionned-running for beginners" A small commitee run :( but was nice! We reach the fractionned-run as planned: 2+4+6+6+12 :) And the last kilometer ...
last kilometer	 	http://www.vxv.com/video/UZhNsviDPQK6/paris-roubaix-2009-last-kilometer.html-Paris - Roubaix 2009: Last kilometer - VXV: Videos x Vos.	 The last kilometer of Paris - Roubaix live. Tom Boonen won for the 3th time in his career.
last kilometer	 	http://www.dooyoo.it/on-line-shopping/the-last-kilometer/713424/-IL FILM SUL CICLISMO - Opinioni per The Last Kilometer	 Online shopping - The Last Kilometer - Rapporto - IL FILM SUL CICLISMO in dooyoo.it
last kilometer	 	http://www.cyclopaedia.info/wiki/The-Last-Kilometer-The Last Kilometer | Online references | cyclopaedia.net	 The Last Kilometer (original title: L'Ultimo Chilometro) is a 2012 Italian documentary film directed by Paolo Casalis. The film is portrait of road cycling made ...
last kilometer	 	http://extratorrentlive.com/search/?search=The%20Last%20Kilometer%20%2F%20L'Ultimo%20Chilometro-Search for 'The Last Kilometer / L'Ultimo Chilometro ...	 Search for The Last Kilometer / LUltimo Chilometro torrents. Page 1. ExtraTorrent.cc
last kilometer	 	http://www.groops.de/by/furth/reviews/tag/150-Freizeit Treffen in Furth bei Groops.de	 About Meeting "Fractionned-running for beginners" A small commitee run :( but was nice! We reach the fractionned-run as planned: 2+4+6+6+12 :) And the last kilometer ...
last kilometer	 	http://www.vxv.com/video/UZhNsviDPQK6/paris-roubaix-2009-last-kilometer.html-Paris - Roubaix 2009: Last kilometer - VXV: Videos x Vos.	 The last kilometer of Paris - Roubaix live. Tom Boonen won for the 3th time in his career.
last kilometer	 	http://www.dooyoo.it/on-line-shopping/the-last-kilometer/713424/-IL FILM SUL CICLISMO - Opinioni per The Last Kilometer	 Online shopping - The Last Kilometer - Rapporto - IL FILM SUL CICLISMO in dooyoo.it
last kilometer	 	http://www.cyclopaedia.info/wiki/The-Last-Kilometer-The Last Kilometer | Online references | cyclopaedia.net	 The Last Kilometer (original title: L'Ultimo Chilometro) is a 2012 Italian documentary film directed by Paolo Casalis. The film is portrait of road cycling made ...
last kilometer	 	http://extratorrentlive.com/search/?search=The%20Last%20Kilometer%20%2F%20L'Ultimo%20Chilometro-Search for 'The Last Kilometer / L'Ultimo Chilometro ...	 Search for The Last Kilometer / LUltimo Chilometro torrents. Page 1. ExtraTorrent.cc
last kilometer	 	http://www.groops.de/by/furth/reviews/tag/150-Freizeit Treffen in Furth bei Groops.de	 About Meeting "Fractionned-running for beginners" A small commitee run :( but was nice! We reach the fractionned-run as planned: 2+4+6+6+12 :) And the last kilometer ...
last kilometer	 	http://www.vxv.com/video/UZhNsviDPQK6/paris-roubaix-2009-last-kilometer.html-Paris - Roubaix 2009: Last kilometer - VXV: Videos x Vos.	 The last kilometer of Paris - Roubaix live. Tom Boonen won for the 3th time in his career.
last kilometer	 	http://www.dooyoo.it/on-line-shopping/the-last-kilometer/713424/-IL FILM SUL CICLISMO - Opinioni per The Last Kilometer	 Online shopping - The Last Kilometer - Rapporto - IL FILM SUL CICLISMO in dooyoo.it
last kilometer	 	http://www.cyclopaedia.info/wiki/The-Last-Kilometer-The Last Kilometer | Online references | cyclopaedia.net	 The Last Kilometer (original title: L'Ultimo Chilometro) is a 2012 Italian documentary film directed by Paolo Casalis. The film is portrait of road cycling made ...
last kilometer	 	http://extratorrentlive.com/search/?search=The%20Last%20Kilometer%20%2F%20L'Ultimo%20Chilometro-Search for 'The Last Kilometer / L'Ultimo Chilometro ...	 Search for The Last Kilometer / LUltimo Chilometro torrents. Page 1. ExtraTorrent.cc
last kilometer	 	http://www.groops.de/by/furth/reviews/tag/150-Freizeit Treffen in Furth bei Groops.de	 About Meeting "Fractionned-running for beginners" A small commitee run :( but was nice! We reach the fractionned-run as planned: 2+4+6+6+12 :) And the last kilometer ...
last kilometer	 	http://www.vxv.com/video/UZhNsviDPQK6/paris-roubaix-2009-last-kilometer.html-Paris - Roubaix 2009: Last kilometer - VXV: Videos x Vos.	 The last kilometer of Paris - Roubaix live. Tom Boonen won for the 3th time in his career.
last kilometer	 	http://www.dooyoo.it/on-line-shopping/the-last-kilometer/713424/-IL FILM SUL CICLISMO - Opinioni per The Last Kilometer	 Online shopping - The Last Kilometer - Rapporto - IL FILM SUL CICLISMO in dooyoo.it
last kilometer	 	http://www.cyclopaedia.info/wiki/The-Last-Kilometer-The Last Kilometer | Online references | cyclopaedia.net	 The Last Kilometer (original title: L'Ultimo Chilometro) is a 2012 Italian documentary film directed by Paolo Casalis. The film is portrait of road cycling made ...
last kilometer	 	http://extratorrentlive.com/search/?search=The%20Last%20Kilometer%20%2F%20L'Ultimo%20Chilometro-Search for 'The Last Kilometer / L'Ultimo Chilometro ...	 Search for The Last Kilometer / LUltimo Chilometro torrents. Page 1. ExtraTorrent.cc
last kilometer	 	http://www.groops.de/by/furth/reviews/tag/150-Freizeit Treffen in Furth bei Groops.de	 About Meeting "Fractionned-running for beginners" A small commitee run :( but was nice! We reach the fractionned-run as planned: 2+4+6+6+12 :) And the last kilometer ...
last kilometer	 	http://www.vxv.com/video/UZhNsviDPQK6/paris-roubaix-2009-last-kilometer.html-Paris - Roubaix 2009: Last kilometer - VXV: Videos x Vos.	 The last kilometer of Paris - Roubaix live. Tom Boonen won for the 3th time in his career.
last kilometer	 	http://www.dooyoo.it/on-line-shopping/the-last-kilometer/713424/-IL FILM SUL CICLISMO - Opinioni per The Last Kilometer	 Online shopping - The Last Kilometer - Rapporto - IL FILM SUL CICLISMO in dooyoo.it
last kilometer	 	http://www.cyclopaedia.info/wiki/The-Last-Kilometer-The Last Kilometer | Online references | cyclopaedia.net	 The Last Kilometer (original title: L'Ultimo Chilometro) is a 2012 Italian documentary film directed by Paolo Casalis. The film is portrait of road cycling made ...
last kilometer	 	http://extratorrentlive.com/search/?search=The%20Last%20Kilometer%20%2F%20L'Ultimo%20Chilometro-Search for 'The Last Kilometer / L'Ultimo Chilometro ...	 Search for The Last Kilometer / LUltimo Chilometro torrents. Page 1. ExtraTorrent.cc
last kilometer	 	http://www.groops.de/by/furth/reviews/tag/150-Freizeit Treffen in Furth bei Groops.de	 About Meeting "Fractionned-running for beginners" A small commitee run :( but was nice! We reach the fractionned-run as planned: 2+4+6+6+12 :) And the last kilometer ...
last kilometer	 	http://www.vxv.com/video/UZhNsviDPQK6/paris-roubaix-2009-last-kilometer.html-Paris - Roubaix 2009: Last kilometer - VXV: Videos x Vos.	 The last kilometer of Paris - Roubaix live. Tom Boonen won for the 3th time in his career.
last kilometer	 	http://www.dooyoo.it/on-line-shopping/the-last-kilometer/713424/-IL FILM SUL CICLISMO - Opinioni per The Last Kilometer	 Online shopping - The Last Kilometer - Rapporto - IL FILM SUL CICLISMO in dooyoo.it
last kilometer	 	http://www.cyclopaedia.info/wiki/The-Last-Kilometer-The Last Kilometer | Online references | cyclopaedia.net	 The Last Kilometer (original title: L'Ultimo Chilometro) is a 2012 Italian documentary film directed by Paolo Casalis. The film is portrait of road cycling made ...
last kilometer	 	http://extratorrentlive.com/search/?search=The%20Last%20Kilometer%20%2F%20L'Ultimo%20Chilometro-Search for 'The Last Kilometer / L'Ultimo Chilometro ...	 Search for The Last Kilometer / LUltimo Chilometro torrents. Page 1. ExtraTorrent.cc
last kilometer	 	http://www.groops.de/by/furth/reviews/tag/150-Freizeit Treffen in Furth bei Groops.de	 About Meeting "Fractionned-running for beginners" A small commitee run :( but was nice! We reach the fractionned-run as planned: 2+4+6+6+12 :) And the last kilometer ...
last kilometer	 	http://www.vxv.com/video/UZhNsviDPQK6/paris-roubaix-2009-last-kilometer.html-Paris - Roubaix 2009: Last kilometer - VXV: Videos x Vos.	 The last kilometer of Paris - Roubaix live. Tom Boonen won for the 3th time in his career.
last kilometer	 	http://www.dooyoo.it/on-line-shopping/the-last-kilometer/713424/-IL FILM SUL CICLISMO - Opinioni per The Last Kilometer	 Online shopping - The Last Kilometer - Rapporto - IL FILM SUL CICLISMO in dooyoo.it
last kilometer	 	http://www.cyclopaedia.info/wiki/The-Last-Kilometer-The Last Kilometer | Online references | cyclopaedia.net	 The Last Kilometer (original title: L'Ultimo Chilometro) is a 2012 Italian documentary film directed by Paolo Casalis. The film is portrait of road cycling made ...
last kilometer	 	http://extratorrentlive.com/search/?search=The%20Last%20Kilometer%20%2F%20L'Ultimo%20Chilometro-Search for 'The Last Kilometer / L'Ultimo Chilometro ...	 Search for The Last Kilometer / LUltimo Chilometro torrents. Page 1. ExtraTorrent.cc
