medieval	 	http://en.wikipedia.org/wiki/Middle_Ages-Middle Ages - Wikipedia, the free encyclopedia	 In European history, the Middle Ages, or Medieval period, lasted from the 5th to the 15th century. It began with the collapse of the Western Roman Empire and merged ...
medieval	 	http://dictionary.reference.com/browse/medieval-Medieval | Define Medieval at Dictionary.com	 Was the climate really hotter during medieval times? We rented a medieval tower and toasted on top of it over Bologna at night. Writers— ancient, medieval and ...
medieval	 	http://www.medievaltimes.com/-Medieval Times Dinner & Tournament	 A dinner show offering medieval jousting theme. Includes show description and costs, online reservations, directions.
medieval	 	http://www.merriam-webster.com/dictionary/medieval-Medieval - Definition and More from the Free Merriam ...	 Definition of MEDIEVAL: a person of the Middle Ages . Variants of MEDIEVAL. medieval also mediaeval. First Known Use of MEDIEVAL. 1856. Other History Terms
medieval	 	http://en.wikipedia.org/wiki/Medieval_art-Medieval art - Wikipedia, the free encyclopedia	 The medieval art of the Western world covers a vast scope of time and place, over 1000 years of art in Europe, and at times the Middle East and North Africa. It ...
medieval	 	http://www.medievalcollectibles.com/-Medieval Swords, Renaissance Clothing, Shields, Helms ...	 We are your one stop shop for Medieval Swords, Renaissance Clothing and many other Medieval and Renaissance items. We have been serving the online community since 1999.
medieval	 	http://medieval-period.com/-Medieval Period - Castles, Weapons, Torture Devices, and ...	 Overview of the Medieval Period looking at a variety of societal aspects and structure, including art, castles, weapons, social roles and laws.
medieval	 	http://www.thefreedictionary.com/medieval-medieval - definition of medieval by The Free Dictionary	 He painted studies from nature under the guidance of an Italian professor of painting, and studied medieval Italian life.
medieval	 	http://www.ea.com/the-sims-medieval-The Sims Medieval - EA Games	 The Sims Medieval takes The Sims into the Middle Ages with all new features, new graphics and new ways to play. Get medieval like never before!
medieval	 	http://www.medieval-castle.com/-Medieval Castle History, Design of Medieval Castles ...	 www.medieval-castle.com: information on medieval castles, their history and design, medieval life, haunted castles, fantasy castles etc.
medieval	 	http://www.medievalhistories.com/-Medieval Histories - Medieval Histories	 Medieval Histories bring you the news about current exhibitions, new books and new research about the Middle Ages
medieval	 	http://medieval.yale.edu/-Welcome | Medieval Studies	 Welcome to the Medieval Studies Program. We invite you to explore our website to get a sense of the Medieval Program. Anders Winroth Acting Program Chair and DGS
medieval	 	http://www.medievalcookery.com/-Medieval Cookery	 Recipes, information, and notes about cooking in medieval Europe.
medieval	 	http://www.freeonlinegames.com/tag/medieval-games-Medieval Games - Play Medieval Games on Free Online Games	 Play Medieval Games at Free Online Games. Our best Medieval Games include and 96 more.
medieval	 	http://medieval.org/-Medieval Music & Arts Foundation - Welcome!	 Information and resources for medieval and modern music, including both Western and non-Western. Recording suggestions, discussion, and analysis for various styles.
medieval	 	http://www.historicalclothingrealm.com/-Renaissance Clothing & Medieval Costumes at Affordable Prices	 Get Renaissance and Medieval men's and women's clothing, costumes, and outfits from the Renaissance period. Click or Call 800-929-7035!
medieval	 	http://www.medieval.net/-Medieval Net. Welcome to the Medieval Network.	 "Double, double toil and trouble; Fire burn, and cauldron bubble." MacBeth William Shakespeare. Welcome to Medieval.Net - the Medieval Network. We have divided this ...
medieval	 	http://www.thinkbabynames.com/names/0/medieval-Medieval names - Medieval baby names (girls)	 Medieval names. Medieval baby names for girls. Names that mean medieval. Names meaning medieval. Names related to Medieval.
medieval	 	http://medievaleurope.mrdonn.org/index.html-Middle Ages for Kids - MrDonn.org	 Medieval Achievements. Parish Priests and the Sacraments. Medieval Nuns, Monks, Benedictine Rule. Medieval Abbots, Bishops, Cardinals, Pope. Church Councils and
medieval	 	http://www.last.fm/tag/medieval-Medieval music - Listen free at Last.fm	 Listen to medieval tracks and watch videos of medieval artists. Free medieval mp3 downloads available. Top medieval artists: Blackmore's Night, Mediæval Bæbes ...
medieval	 	http://www.medieval.it/-Medieval Software	 Medieval CUE Splitter (PC) The fastest and easiest audio track separator ever seen on Windows® Splits a single big audio file, mostly an album or a compilation, into ...
medieval	 	http://dragoncity.wikia.com/wiki/Medieval_Dragon-Medieval Dragon - Dragon City Wiki	 Description. The medieval Dragon hails from the times of King Arthur, who gave the dragon the precious task to protect his sword. Ever since he has been looking for a ...
medieval	 	http://www.wmich.edu/medieval/-Medieval Institute | Western Michigan University	 Medieval Institute . The Medieval Institute ranks among the top ten of the some 90 institutes, centers, and programs focusing on Medieval Studies in North America.
medieval	 	http://www.the-orb.net/-ORB: The Online Reference Book for Medieval Studies	 The ORB is an academic site, written and maintained by medieval scholars for the benefit of their fellow instructors and serious students.
medieval	 	http://www.historylearningsite.co.uk/england_medieval.htm-Medieval England - History Learning Site	 An encyclopaedia of aspects in Medieval England covering many aspects of Medieval England starting with 1066 and the Battle of Hastings. Medieval England was an era ...
medieval	 	http://www.oxforddictionaries.com/definition/english/medieval-medieval: definition of medieval in Oxford dictionary ...	 Definition of medieval in British and World English in Oxford dictionary. Meaning, pronunciation and example sentences. English to English reference content.
medieval	 	http://www.medievalclothing.com/-Buy Medieval Costumes, Medieval Clothing, Renaissance ...	 Medieval Clothes, Renaissance Clothing, Halloween Costume Ideas. Welcome to the Medieval Clothes store. MedievalClothing.com has been selling medieval clothes on the ...
medieval	 	http://www.medievality.com/-Medieval Times & Castles	 Medieval Times and Castles ... What will you find in this site? Medievality.com provides the best information about the Middle Ages on the net.
medieval	 	http://www.medievalnames.net/-Medieval Names - List of Medieval Names	 MedievalNames.net - your number one source of Medieval Names, Medieval Name Generator, list of medieval names, and the ability to submit and vote on your own medieval ...
medieval	 	http://www.yourdictionary.com/medieval-Medieval dictionary definition | medieval defined	 adjective. of, like, characteristic of, or suggestive of the Middle Ages. Origin of medieval; from Classical Latin medius, middle (see mid) + aevum, age + -al
medieval	 	http://medievalplus.com/-Medieval History, Castles	 Medieval History. On this site is an outline of the medieval period of history which hopefully will give you an appreciation and understanding ...
medieval	 	http://www.by-the-sword.com/-By The Sword, Swords, Medieval, Samurai Swords, Battle ...	 By-The-Sword.com, Oldest online Swords merchant, Medieval Swords, Battle Ready Full Tang Swords, Samurai Katana, Armor, LARP Gear. For Collectors, Re-enactors, Film ...
medieval	 	http://www.medievalbeatz.com/-Medieval Beatz - Buy Beats Online | Beats For Sale | Buy ...	 Medieval Beatz - Buy Rap Beats Online -- Welcome to our site where you can buy beats online and download rap and r&b instrumentals! We strive to supply today's artist ...
medieval	 	http://www.museumreplicas.com/-Museum Replicas Limited - MuseumReplicas.com | Medieval ...	 Museum Replicas has historically accurate medieval weapons, swords and costumes. Buy everything you need for LARPing today.
medieval	 	http://www.medievalmadness.com/-Medieval Madness at Renaissance Hall	 At Medieval Madness, we work tirelessly to bring you one of the most unique entertainment experiences you’ll ever have! Find out more!
medieval	 	http://www.medieval-life-and-times.info/medieval-history/index.htm-Medieval History	 Medieval History . Medieval Crusaders. Step back into history get Medieval facts and information about the famous people, life and events of Medieval Life &Times via the
medieval	 	http://www.inthemedievalmiddle.com/-In the Middle	 a medieval studies blog ... Mary Kate, Creating Alternative Communities, the blog version of her NCS presentation (read the comments!)
medieval	 	http://www.medieval-castle.com/history.htm-Medieval Castle History	 Medieval castles have a fascinating history from early 10th to mid 17th century - information from www.medieval-castle.com
medieval	 	http://www.medieval-life-and-times.info/medieval-life/index.htm-Medieval Life	 Medieval Life! Get Medieval facts, information and history about Medieval Life. Fast and accurate facts about Medieval Life.
medieval	 	http://www.livescience.com/927-medieval-justice-medieval.html-Medieval Justice Not So Medieval - LiveScience.com	 Carrel presented her views recently during the International Medieval Congress, hosted by the University of Leeds. Open-door policy. The notion that our system is ...
medieval	 	http://plato.stanford.edu/entries/medieval-philosophy/-Medieval Philosophy (Stanford Encyclopedia of Philosophy)	 Medieval philosophy is conventionally construed as the philosophy of Western Europe between the decline of classical pagan culture and the Renaissance.
medieval	 	http://medievallords.enjin.com/-Home - Medieval Lords	 Vote for our servers! All three voting links will give rewards on both Medieval Lords servers.
medieval	 	http://www.medievalwall.com/-Medieval Wall - Art, history and culture of the Middle Ages	 Knights 1 . Medieval warriors of noble descent, who fought on a horse, were called knights. They preferred using a sword as a weapon, and seldom spears and axes.
medieval	 	http://www.vocabulary.com/dictionary/medieval-medieval - Dictionary Definition : Vocabulary.com	 Use the adjective medieval to describe something from the Middle Ages, or something so backwards that it might as well be from the Middle Ages.
medieval	 	http://www.ancientfortresses.org/medieval-weapons.htm-Medieval Weapons - Castles	 Visit this site dedicated to providing information about Medieval Weapons.Fast and accurate details about Medieval Weapons.Learn about the Medieval Weapons.
medieval	 	http://medievalradio.org/-CEU Medieval Radio | Past Perfect!	 CEU Medieval Radio proudly presents this week’s episode on ‘Past Perfect!’ (December 15, 17-19), featuring Professor Peter Burke, Life Fellow and Professor ...
medieval	 	http://www.pearsonsrenaissanceshoppe.com/-Renaissance Outfits for Women, Men and Children | Medieval ...	 We carry high quality Renaissance clothing, and medieval costumes - authentic medieval clothing that reflects your own unique style. Be you an authentic peasant ...
medieval	 	http://www.medievalarmor.com/-Medieval Armor	 All armor is hand-made by artisans and craftsmen and is fully articulated with the finest detail. Medieval armor for knights from helmets, chainmail, to full suits of ...
medieval	 	http://www.armorvenue.com/-Buy Medieval Armor, Helmets, Clothing and Save at ...	 Shop for authentic medieval armor, Roman helmets, historical clotihng, and more! Get the lowest prices only at Armor Venue. Click or call 800-315-0377!
medieval	 	http://educators.medievaltimes.com/-Medieval Times : Partners in Education	 * Email address: * Confim Email address: * Phone Number: Event Contact: Which Grade or Class do you teach? Have you been to Medieval Times ...
medieval	 	http://medieval.stormthecastle.com/medieval-jobs.htm-Medieval Jobs - Storm The Castle	 A look at medieval jobs in the middle ages. Some of the common ones and the not so common ones. About the guilds and merchannts.
medieval	 	http://medievalnews.blogspot.com/#!-Medieval News	 This week's news from the medievalverse has Anders Winroth talking about his new book The Age of the Vikings, funding for Newport's medieval ship, and Buzzfeed ...
medieval	 	http://medievalfaire.com/index.htm-The Great Lakes Medieval Faire - Renaissance Entertainment ...	 The Great Lakes Medieval Faire - the finest in family entertainment in Northern Ohio
medieval	 	http://armstreet.com/-Medieval clothing | Renaissance costumes :: ArmStreet	 ArmStreet medieval shop - your best place to buy medieval dress, renaissance costume or knight armor. Here you can purchase original ArmStreet costume and even order ...
medieval	 	http://www.medievalfayre.com/index.php?option=com_content&view=article&id=103&Itemid=94-Medieval, Renaissance & Reenactor Groups - Welcome to ...	 The Great Northern Medieval Fair offers jousting knights in shining armour and everything medieval. The best medieval festival in Ontario, near Collingwood.
medieval	 	https://freelibs.org/medieval/-MEDIEVAL | FREE LIBS	 Medieval at Free Libs. Library of Images, Videos, Texts, Audio & Software for FREE- Gummy Bear Stop Motion Animation
medieval	 	http://www.indiana.edu/~medieval/-Medieval Studies Institute - Indiana University	 The Medieval Studies Institute is a center for the study of medieval cultures from the fifth to the fifteenth centuries. Participating faculty are drawn from twenty ...
medieval	 	http://www.replicadungeon.com/medieval-swords.html-Medieval Swords - Authentic Medieval Swords - Knight ...	 Medieval Swords Swords & Weapons Barbarians, kings and knights of the round table bring us back to medieval times and no one should be without a
medieval	 	http://www.medievalists.net/-Medievalists.net | Where the Middle Ages Begin	 A demonstration of metal detecting equipment in Croatia has led to the uncovering of hoards of coins and artefacts that date back to the ancient and medieval periods.
medieval	 	http://www.medieval-castles.net/castle_history/index.htm-Medieval Castle History - Castles of the Middle Ages	 Medieval castles, whether in ruins or restored, dominate the varied landscapes of Europe. Stone fortifications were nothing new ...
medieval	 	http://www.halloweenexpress.com/medieval-renaissance-c-22.html-Medieval & Renaissance - Medieval Halloween Costumes ...	 Medieval & Renaissance - Check out our Medieval Knight, Slave Princess, or Elizabethan Queen Costume. Buy adult Renaissance and Medieval Costumes and Accessories from ...
medieval	 	http://medieval.nd.edu/-Medieval Institute // University of Notre Dame	 Notre Dame MS 65, 85r The Medieval Institute affirms the understanding that individuals possess innate dignity, an idea underscored by the Judeo-Christian belief that ...
medieval	 	http://www.renboots.com/-Renboots.com - The best in Renaissance, Medieval, Knight ...	 We offer the best in leather made, thigh high and knee high renaissance and medieval boots. Become a pirate, knight, cavalier, or musketeer!
medieval	 	http://www.ebay.com/sch/i.html?_nkw=medieval+decor-medieval decor | eBay	 Find great deals on eBay for medieval decor medieval home decor. Shop with confidence.
medieval	 	http://medieval-fightclub.com/-Historical replica products from Medieval and Ancient times	 Range of medieval, viking and ancient replicas for collectors and re-enactors. Many items with an actual combat rating so you know what performance to expect.
medieval	 	http://history.howstuffworks.com/middle-ages/10-medieval-torture-devices.htm-10 Medieval Torture Devices - HowStuffWorks	 These 10 medieval torture devices will show you how creative torturers would become with their tools. Learn more about these 10 medieval torture devices here.
medieval	 	http://medren.columbia.edu/-Medieval and Renaissance Studies	 Columbia’s Medieval and Renaissance Studies Program brings together faculty and students from a wide range of departments across the university to explore the rich ...
medieval	 	http://www.medievalbridalfashions.com/-Elnara's Medieval Bridal Fashions	 Medieval Bridal Fashions specializes in Unique romantic wedding gowns, circlets, tiaras and crowns, inspired by Medieval, Celtic, Fantasy, Elven and FairyTale themes.
medieval	 	http://www.swordsofhonor.com/-Swords of Honor, Battle Ready Swords For Sale. Armor ...	 Specializes in "battle ready" swords, weapons and wearable suits of armor. Includes wooden and latex weapons, Renaissance and medieval clothing, and accessories.
medieval	 	http://www.metal-archives.com/bands/Medieval/1869-Medieval - Encyclopaedia Metallum: The Metal Archives	 Not to be confused with power/thrash metal band Medieval from Minnesota. In 1986, the band spontaneously recorded a 10 song album called A Day in the Wreck Room and ...
medieval	 	http://www.worldofmedieval.com/-World of Medieval - Play By Post RPG - Text RPG - PBP D&D	 Forum RPGs, D&D, World of Medieval, Text RPG,dungeons,dragons,PBP, Advanced Dungeons and Dragons
medieval	 	http://www.retailmenot.com/view/medievaltimes.com-Medieval Times Coupons: Get January 2015 Discount, Discounts	 Save with 50 January 2015 Medieval Times promos and coupon codes. Get the best Medieval Times coupon at RetailMeNot.
medieval	 	http://www.knightsedge.com/-Medieval Weapons, Swords and Knight Armor Costumes from ...	 Knights Edge designs medieval swords, knight armor, costumes, samurai swords and other medieval weapons for collectors. We also sell medieval and celtic jewelry both ...
medieval	 	http://mems.ucdavis.edu/-UC Davis: Medieval and Early Modern Studies :	 The Medieval and Early Modern Studies Program at Davis offers students with interests in the period 400-1750 CE the opportunity to take courses across ...
medieval	 	http://www.medievallifestyle.com/-Medieval Lifestyle—Armor, Weapons, Dragons & More	 Imaginings for the medieval fantasy enthusiast. If you would escape to a medieval castle nestled in a wooded glen, you shall find refuge here.
medieval	 	http://www.swordsswords.com/Medieval-Swords.aspx-Medieval Swords	 During the middle Ages, the medieval swords had become the main weapon of choice for the Medieval Knights and the Crusaders. A medieval sword and also the Knight’s ...
medieval	 	http://www.knightsedge.com/c-7-medieval-weapons.aspx-Medieval Weapons: Battle Ready and Decorative	 Knights Edge is the leading designer of medieval weapons including Rittersteel & Valiant Arms. Order free medieval weapon catalog today.
medieval	 	http://medievalcostumesandgifts.com/-Affordable Medieval Costumes, Gifts & Accessories	 Medieval costumes and medieval decor, with ideas to fit many occasions. Find Roman & Greek armor, weapons, accessories & more!
medieval	 	http://www.renaissancemodel.com/-Renaissance Clothing, Medieval Costumes, Handmade Medieval ...	 Rated #1 Renaissance Clothing And Medieval Clothing Source. With The Widest Selections Of Hand Crafted Medieval Dresses And Medieval Costumes For Sale On The Internet
medieval	 	http://www.partycheap.com/Medieval_Decorations_s/665.htm-Medieval Renaissance Decorations & Party Supplies	 Throw a Medieval theme party with our large selection of Medieval decorations and party supplies. Castle decorations can be used for renaissance decor or a dungeon ...
medieval	 	http://medievalchronicle.org/-The Medieval Chronicle | The Medieval Chronicle Society	 The Medieval Chronicle Society is an international and interdisciplinary organisation founded to facilitate the work of scholars interested in medieval chronicles, or ...
medieval	 	http://www.urbandictionary.com/define.php?term=medieval-Go Medieval on your ass - Urban Dictionary, December 13 ...	 "You hear me talking, hill-billy boy? I ain't through with you by a damn sight. I'ma get medieval on yer ass."
medieval	 	http://www.omnibusol.com/medieval.html-Medieval, Renaissance, Reformation: Western Civilization ...	 the "middle" centuries of western civilization from byzantium to the french revolution. an internet book on the medieval/renaissance/reformation world
medieval	 	http://www.swordsofmight.com/medievalswords.aspx-Medieval Swords - Swords of Might	 There are many different types of medieval swords: Broadswords, Claymores, Rapiers, Sabres Falchions and Spatha. We have wittled our medieval swords selection to the ...
medieval	 	http://medievalworlds.com/-Medievalworlds - Historical reconstructions & cg content	 Since nearly 10 years Medievalworlds has been creating medieval and historical CG Content for feature films and television, games, augmented reality, commercials ...
medieval	 	http://www.medren.pitt.edu/-Medieval & Renaissance Studies Program | University of ...	 "Many of the medieval and Renaissance courses that I have taken have also reinforced my studies for courses of other disciplines." —Margaret Liekar
medieval	 	http://www.medievalarchives.com/-Medieval Archives - Illuminating the Dark Ages for the ...	 While the silver screen offered very little for medieval viewing the small screen is taking over! There was the obvious Season 4 of Game of Thrones, but it wasn’t ...
medieval	 	http://medievalfantasiesco.com/-Medieval Fantasies Company	 Medieval Fantasies Company is honoured to present our 2015 Faire Season. Stone Tower Glenn Renaissance Faire Mt Solon, VA June 27-28, 2014
medieval	 	http://medievalfantasiesco.com/-Medieval Fantasies Company	 Medieval Fantasies Company is honoured to present our 2015 Faire Season. Stone Tower Glenn Renaissance Faire Mt Solon, VA June 27-28, 2014
medieval	 	http://www.authenticireland.com/medieval/-Medieval Ireland | Authentic Ireland Travel	 The word medieval conjures up rich brocades, ladies at court, fine feasts, jousting knights, early scientists, and a world where magic was still very much alive.
medieval	 	http://www.replicadungeon.com/medieval-armor.html-Medieval Armor - Medieval Knight Armor - Medieval Shields ...	 Medieval Armor Armor & Clothing Medieval Armor and Medieval Shields are perfect items for diehard collectors or reenactors. These pieces of medieval
medieval	 	http://www.goodreads.com/quotes/tag/medieval-Quotes About Medieval (68 quotes) - Share Book ...	 68 quotes have been tagged as medieval: Meister Eckhart: ‘The eye through which I see God is the same eye through which God sees me; my eye and God's eye...
medieval	 	http://medieval.berkeley.edu/-Home | Program in Medieval Studies at UC Berkeley	 Welcome to the Medieval Studies Program at the University of California, Berkeley. Exciting things are happening here in Medieval Studies. Our Graduate Colloquia ...
medieval	 	http://androidgms.com/medieval-Medieval – Download free Android games	 Medieval is a game of the time, with elements of style of Tower Defense. Therefore, the location of the fortress there is a 2 – your opponent.
medieval	 	http://www.costumecraze.com/History-Costumes-Medieval-Costumes.html-Medieval Costumes - Costume Craze	 Crusader Adult Costume - Medieval Costumes - Adult Costumes - This Crusader Adult Costume features the knee length robe, cape, waist belt, and the matching hood.
medieval	 	http://cms4.luc.edu/medieval/index.shtml-Medieval Studies: Loyola University Chicago	 Lecture Series. Each year the Medieval Studies Center takes up a theme. For 2014-2015, our focus is "SAINTS PRESERVE US: Saints and Sanctity in the Middle Ages"
medieval	 	http://www.medievalminstrels.com/-Medieval Minstrels: Medieval musicians: Medieval festivals ...	 Medieval musicians for festivals, concerts schools, parties and weddings. We perform in period dress and have a splendid array of authentic instruments.
medieval	 	http://educators.medievaltimes.com/1-2-communication.html-Medieval Times	 Methods of communication during the medieval period were very limited. Without the use of television, telephone, radio, Internet or the postal service, correspondence ...
medieval	 	http://medievalnews.blogspot.com/-Medieval News	 Bruce Holsinger and Nancy Bilyeau, two of the leading medieval novelists, had the chance to meet up in New York City and have a conversation about writing historical ...
medieval	 	http://www.1001freefonts.com/medieval-fonts.php-Medieval Fonts - Page 1 - 1001 Free Fonts	 Medieval Fonts - Page 1. 1001 Free Fonts offers a huge selection of free fonts. Download free fonts for Windows and Macintosh.
medieval	 	http://www.medievaldeathtrip.com/?feed=podcast-Medieval Death Trip	 http://www.medievaldeathtrip.com A podcast exploring the wit and weirdness of medieval texts Fri, 26 Dec 2014 08:03:42 +0000 en Podlove Podcast Publisher v1.12.1 ...
medieval	 	http://armstreet.com/store/dresses/-Medieval dresses | Renaissance gowns for sale :: by ...	 Medieval Renaissance and Fantasy Dress for sale. Great quality linen, cotton and woolen period dresses with exclusive trim for sale in our online store
medieval	 	http://www.pantherprimitives.com/medieval.html-Panther Primitives - Medieval Pavilions and Tentage - The ...	 All Panther tentage is available in at least 3 different canvasses. Our Medieval Pavilions are available in a colored canvas, which allows you to choose from 7 colors!
medieval	 	http://www.ebay.com/sch/i.html?_nkw=medieval+flags-medieval flags | eBay	 Find great deals on eBay for medieval flags medieval banner. Shop with confidence.
medieval	 	http://www.music.iastate.edu/antiqua/instrumt.html-Medieval and Renaissance Instruments - Iowa State ...	 This is Musica Antiqua's illustrated guide to Medieval and Renaissance Instruments. This contains pictures, descriptions, and the history of the instruments used in ...
medieval	 	http://medievalart.org/-International Center of Medieval Art -	 The International Center of Medieval Art is a world-wide organization dedicated to the study of medieval art and culture.
medieval	 	http://www.belegarth.com/-Belegarth Medieval Combat Society	 Belegarth Medieval Combat Society is a fun, safe, and inexpensive sport where participants wear medieval or fantasy-themed clothing and fight with foam-padded weapons.
medieval	 	http://www.angelfire.com/mi/spanogle/medieval.html-Medieval and Renaissance Fact and Fiction	 Other Medieval and Renaissance Information. Athena Review: Quarterly Journal of Archaeology, History and Exploration This site contains a large number of interesting ...
medieval	 	http://www.renaissancemodel.com/dresses-and-gowns-6/-Medieval Dresses - Renaissance Dresses - Medieval Gowns	 Shop for authentic Medieval dresses and gowns. A beautiful collection of Renaissance dresses are available in many sizes, colors and designs.
medieval	 	http://medieval-london.blogspot.com/-Medieval London	 A blog about the medieval architectural history of London, with both Lost buildings and medieval survivors
medieval	 	http://www.factmonster.com/dk/encyclopedia/medieval-europe.html-MEDIEVAL EUROPE | FactMonster.com - Fact Monster: Online ...	 Medieval Europeans believed that God had made the world, and ruled it through his Church and the king. Few people, apart from priests and monks, could read and write.
medieval	 	http://medieval-art.com/-Medieval Art Prints	 Medieval Fine Art Military prints, Roman, Saxon, Viking and Scottish Medieval prints by Cranston Fine Arts. Original paintings also available.
medieval	 	http://www.thefreedictionary.com/Medieval+period-Medieval period - definition of Medieval period by The ...	 The chronology extends many years earlier than the medieval period, during which two major drought events in that region already were known from previous chronologies.
medieval	 	http://medievaleuropeonline.com/-MedievalEuropeOnline: Home	 WELCOME. Thanks for visiting the website for Medieval Europe: A Short History. You'll find lots of useful resources here--bibliographies, web links, maps, timelines ...
medieval	 	http://www.theinnerbailey.com/belts.htm-Medieval Belts, Pirate, Renaissance, Viking, Kilt ...	 Inspired by historic examples, our Medieval and Viking Age Belt is suitable for a wide time span, from the Viking Age through the beginnings of the Renaissance.
medieval	 	http://medievalcookery.blogspot.com/-Medieval Cookery	 This blog is a companion to the Medieval Cookery website. I generally only put stuff on the website that I feel is "reasonably" complete. Here I'll be posting ...
medieval	 	http://www.metmuseum.org/learn/for-educators/publications-for-educators/medieval-art-Medieval Art | The Metropolitan Museum of Art	 This resource presents medieval art in the Museum's collection from Western Europe and Byzantium and provides strategies for teaching art of the Middle Ages.
medieval	 	http://www.nightmarefactory.com/medieval/-Medieval Costumes and Renaissance Costumes ...	 Medieval costumes, Renaissance costumes and other historical period costumes for sale year-round. Free shipping on many cosutme orders..
medieval	 	http://medieval.rice.edu/-Medieval and Early Modern Studies, Rice University	 Welcome. Welcome! Rice University's Medieval and Early Modern Studies major offers students the opportunity to study a variety of often interrelated medieval ...
medieval	 	http://www.tumview.com/pearlo/tagged/medieval-medieval - pearlo / ascending peculiarity	 medieval. dduane dduane: madlori madlori: lbmisscharlie lbmisscharlie: mydwynter mydwynter: hamburgerjack hamburgerjack: blackpaint20 blackpaint20: This is lovely!
medieval	 	http://medievalwomenschoir.org/-Medieval Women's Choir	 Support the Medieval Women’s Choir! Concert ticket and pass sales cover only a small portion of the costs for Medieval Women’s Choir programs.
medieval	 	http://www.42explore2.com/medieval.htm-42Explore Basic Websites and Activities - Medieval Times	 Easier - The medieval period in history was between the 5th and 15th centuries. Also called the Middle Ages, it was a time of change in ...
medieval	 	http://streema.com/radios/genre/Medieval-Medieval Radio Stations - Listen Online - Streema	 Medieval radio stations from around the world. Listen online to free live Internet radio stations.
medieval	 	http://www.medievalfantasiesco.com/Feastware.htm-Feastware - Medieval Fantasies Company	 Woodware. You can feel safe re-enacting virtually any historical era with these wooden pieces. They are authentic for medieval times up to the present.
medieval	 	http://www.costumecraze.com/History-Costumes-Medieval-Costumes-p2.html-Medieval Costumes - Costume Craze	 Medieval Costumes - Join the Knights of the Round Table at their costume ball! Costume Craze has a Medieval Costume for you to wear to your next costume party. We ...
medieval	 	http://medieval-studies.rutgers.edu/-Program in Medieval Studies	 An interdisciplinary program in Medieval Studies offering an undergraduate major, an undergraduate minor, and a graduate certificate.
medieval	 	http://www.halloweenexpress.com/medieval-renaissance-c-22.html?page=2-Medieval & Renaissance (page 2) - Medieval Halloween ...	 Medieval & Renaissance (page 2) - Check out our Medieval Knight, Slave Princess, or Elizabethan Queen Costume. Buy adult Renaissance and Medieval Costumes and ...
medieval	 	http://www.nfl-shop.us/medieval-Medieval | NFL Shop	 Buy Medieval online. ... Crafted of durable resin with removable stainless steel inner drinking cup
medieval	 	http://www.youshouldshare.me/tag/medieval/-medieval | You Should Share	 What springs to mind when you hear the phrase “Medieval England”? Peasants? Witches? Chivalrous knights? If so, these facts might surprise you.
medieval	 	http://www.polyvore.com/medieval_gowns/collection?id=4148348-Medieval Gowns - Polyvore	 Black Velvet Cloak, Christmas cloak, Opera Cape, Gothic Cape, medieval Cape, Renaissance cloak, Black velvet cloak, Red cloak, women cloak.
medieval	 	http://www.zazzle.com/medieval+leggings-Medieval Leggings, Medieval Pair of Legging Tights for Women	 Most popular Medieval Leggings - Choose your favorite design from Zazzle's collection of Medieval Women's Leggings.
medieval	 	http://encyclopedia2.thefreedictionary.com/Medieval+Modes-Medieval Modes definition of Medieval Modes in the Free ...	 Modes, Medieval . the name given to eight—and by the end of the Renaissance, to 12—modes, which formed the basis of the music—primarily church music—composed ...
medieval	 	http://www.medievalarchives.com/category/medieval-armor/-Medieval Armor Archives - Medieval Archives	 During the Medieval Ages, a lot of armor was required during battle. Gauntlet gloves were particularly important because hands were extremely vulnerable during hand ...
medieval	 	http://www.zazzle.com/medieval+bowls-Medieval Bowls | Medieval Ceramic Bowl Designs	 Customizable Medieval bowls from Zazzle - Pick your favorite Medieval ceramic bowl design or create your own!
medieval	 	http://www.wordreference.com/es/en/translation.asp?spen=medieval-medieval - Diccionario Inglés-Español WordReference.com	 Compound Forms: caballero medieval loc nom m locución nominal masculina: Unidad léxica estable formada de dos o más palabras que funciona como sustantivo masculino ...
medieval	 	http://www.rarecoinsearch.com/medieval-coin.html-Rare Coin Search | Medieval Coin Review	 Medieval Hungarian Coin - II. Geza Silver Denar. Unger: 59. Arpad Dynasti $75.00: St. Gallen - Swiss Cantons -1623 - Medieval Silver Thaler Dollar Coin - RARE !!!
medieval	 	http://www.academia.edu/Documents/in/Medieval_History?page=781-Academia.edu | Documents in Medieval History - Academia.edu	 This study is a critical investigation of the cult of saints among Muslims and Jews in medieval Syria and the Near East. Through case studies of saints and their ...
medieval	 	http://smallfurnituretfyr.com/store/medieval_chest.html-Medieval Chest	 Medieval Chest. In this tough economy it is critical to get the most for your shopping dollar. So there is zero excuse to over pay for a Medieval Chest when there are ...
medieval	 	http://mp3monkey.net/mp3/medieval_song.html-medieval song Mp3 Download	 Download medieval song Mp3 Online. medieval song at Mp3Monkey music search engine. Tons of songs to listen online or download directly on your computer.
medieval	 	http://marinasims.net/sims1/medieval/medieval.htm-Marina's Sims - Medieval Set	 The Medieval Set: NEW Update 07-15-2004: I've just made some new medieval gothic 2 tiled archway doors. One with a single arch and other with base support columns.
medieval	 	http://www.break.com/topics/medieval-japan/-Medieval Japan | Videos | Break.com	 Watch medieval japan videos and then jump to the homepage to watch the funniest and most amazing videos selected by our editors
medieval	 	http://onlineagames.com/medieval-rage-2-Medieval rage 2 | Play free flash games online	 Mission: destroy all the monsters and protect their settlement. How to play Medieval rage 2 : arrows – move, mouse – aim and shoot
medieval	 	http://www.18scaletoy.com/medieval-arrows.html-Medieval Arrows - best price	 Find great deals on eBay for Medieval Arrows, Get the lowest prices on Medieval Arrows.
medieval	 	http://mythologyteacher.com/documents/MEDIEVALBESTIARY.pdf-MEDIEVAL BESTIARY	 MEDIEVAL BESTIARY ctual knowledge about beasts— especially animals from faraway places—was very limited in the Middle Ages. A bestiary was a book owned by ...
medieval	 	http://www.academia.edu/Documents/in/Medieval_Archaeology?page=448-Academia.edu | Documents in Medieval Archaeology ...	 Academia.edu is a place to share and follow research. ... Thomas, R. 2007b. Chasing the ideal? Ritualism, pragmatism and the later medieval hunt, pp. 125-148, in ...
medieval	 	http://medieval.enjin.com/home/m/12280405/article/1478552/rss/true-Medieval PvP	 Medieval PvP IP: 208.167.230.131:25572 Faction-PvP-Raiding-mcMMo-RPG! View -=[Medieval-PvP]=-]]>
medieval	 	http://www.appsdirectories.com/medieval/medieval-dragon-drawings.html-Medieval Dragon Drawings | Apps Directories	 Medieval Dragon Drawings Product. Tools home improvement painting supplies wall treatments wall stickers , Dragon Trinket Box, Glass Top Coffee Table,
medieval	 	http://www.chestcollect.com/Medieval-Armor.html-Medieval Armor	 Medieval Armor can be purchased now at the world's best Internet site.
medieval	 	http://ah.lotayuye.cf/-Medieval wench hairstylesedieval wencg	 Medieval wench hairstylesedieval wencg Medieval wench hairstyles Renaissance hairstyles offered looks of simple and relatively modest beauty. Learn how to go back in ...
medieval	 	http://www.appsdirectories.com/medieval/medieval-dragons.html-Medieval Dragons | Apps Directories	 Medieval Dragons Product. The Medieval Joust Sculptural Wall Frieze [Kitchen], 51pnQt5uEQL._SX342_.jpg, Home kitchen home décor clocks wall clocks,
medieval	 	http://ask-medievalstuck.tumblr.com/-Only a Bed Time Story	 We will be taking auditions for ask-Medievalstuck. this is a medieval renaissance fantasy type of au so cosplay accordingly. we will not be painting or doing horns ...
medieval	 	http://www.coffeemakerwiki.com/medieval-party-supply.html-Medieval Party Supply	 Medieval Party Supply Find Medieval Party Supply you need at prices you want.
medieval	 	http://a6.hequwaga.cf/18-Medieval crossbow plans	 Medieval crossbow plans These are some old DIY crossbow plans from the 1945 edition of "The Boy Mechanic". Some of it is outdated, but I'm sure there is a way to fix ...
medieval	 	http://www.minecraftskins.com/search/skin/medieval-skin/1/-medieval skin | Minecraft Skins	 View and download medieval skin Minecraft skins ... Thank you for visiting Minecraftskins.com - Skindex, The source for Minecraft Skins
medieval	 	http://modeltrainsblogportal.com/on-sale/medieval-armor-6/-Medieval Armor For Sale	 Medieval Armor For Sale roman lorica segmentata medieval roman armour legionary lorica segmentat costume. half brass lorica segmentata medieval roman ...
medieval	 	http://e7.banuwafe.cf/owe-Medieval crochet patterns	 Find Best Medieval Crochet Patterns Supplier on Alibaba Medieval Crochet Patterns Supplier Directory. Source Top Quality Medieval Crochet Patterns Supplier, Medieval.
medieval	 	http://wn.com/Medieval_names-Medieval Names	 Medieval Names
medieval	 	http://wn.com/Medieval_Swords-Medieval Swords	 Medieval Swords
medieval	 	http://wn.com/Medieval%20kingdom-Medieval Kingdom	 Medieval Kingdom
medieval	 	http://e7.banuwafe.cf/owe-Medieval crochet patterns	 Find Best Medieval Crochet Patterns Supplier on Alibaba Medieval Crochet Patterns Supplier Directory. Source Top Quality Medieval Crochet Patterns Supplier, Medieval.
medieval	 	http://wn.com/Medieval_names-Medieval Names	 Medieval Names
medieval	 	http://wn.com/Medieval_Swords-Medieval Swords	 Medieval Swords
medieval	 	http://wn.com/Medieval%20kingdom-Medieval Kingdom	 Medieval Kingdom
medieval	 	http://e7.banuwafe.cf/owe-Medieval crochet patterns	 Find Best Medieval Crochet Patterns Supplier on Alibaba Medieval Crochet Patterns Supplier Directory. Source Top Quality Medieval Crochet Patterns Supplier, Medieval.
medieval	 	http://wn.com/Medieval_names-Medieval Names	 Medieval Names
medieval	 	http://wn.com/Medieval_Swords-Medieval Swords	 Medieval Swords
medieval	 	http://wn.com/Medieval%20kingdom-Medieval Kingdom	 Medieval Kingdom
medieval	 	http://e7.banuwafe.cf/owe-Medieval crochet patterns	 Find Best Medieval Crochet Patterns Supplier on Alibaba Medieval Crochet Patterns Supplier Directory. Source Top Quality Medieval Crochet Patterns Supplier, Medieval.
medieval	 	http://wn.com/Medieval_names-Medieval Names	 Medieval Names
medieval	 	http://wn.com/Medieval_Swords-Medieval Swords	 Medieval Swords
medieval	 	http://wn.com/Medieval%20kingdom-Medieval Kingdom	 Medieval Kingdom
medieval	 	http://e7.banuwafe.cf/owe-Medieval crochet patterns	 Find Best Medieval Crochet Patterns Supplier on Alibaba Medieval Crochet Patterns Supplier Directory. Source Top Quality Medieval Crochet Patterns Supplier, Medieval.
medieval	 	http://wn.com/Medieval_names-Medieval Names	 Medieval Names
medieval	 	http://wn.com/Medieval_Swords-Medieval Swords	 Medieval Swords
medieval	 	http://wn.com/Medieval%20kingdom-Medieval Kingdom	 Medieval Kingdom
medieval	 	http://e7.banuwafe.cf/owe-Medieval crochet patterns	 Find Best Medieval Crochet Patterns Supplier on Alibaba Medieval Crochet Patterns Supplier Directory. Source Top Quality Medieval Crochet Patterns Supplier, Medieval.
medieval	 	http://wn.com/Medieval_names-Medieval Names	 Medieval Names
medieval	 	http://wn.com/Medieval_Swords-Medieval Swords	 Medieval Swords
medieval	 	http://wn.com/Medieval%20kingdom-Medieval Kingdom	 Medieval Kingdom
medieval	 	http://e7.banuwafe.cf/owe-Medieval crochet patterns	 Find Best Medieval Crochet Patterns Supplier on Alibaba Medieval Crochet Patterns Supplier Directory. Source Top Quality Medieval Crochet Patterns Supplier, Medieval.
medieval	 	http://www.livescience.com/927-medieval-justice-medieval.html-Medieval Justice Not So Medieval - LiveScience.com	 Carrel presented her views recently during the International Medieval Congress, hosted by the University of Leeds. Open-door policy. The notion that our system is ...
medieval	 	http://plato.stanford.edu/entries/medieval-philosophy/-Medieval Philosophy (Stanford Encyclopedia of Philosophy)	 Medieval philosophy is conventionally construed as the philosophy of Western Europe between the decline of classical pagan culture and the Renaissance.
medieval	 	http://medieval.en.softonic.com/-Medieval - Download	 Medieval, free download. Medieval: Go back in time to the Middle Ages, a time of war and empires.
medieval	 	http://netserf.org/-NetSERF: The Internet Connection for Medieval Resources	 NetSERF's goal is to provide those interested in any aspect of the Middle Ages a single index of all the best medieval resources available on the Internet.
medieval	 	http://omacl.org/-The Online Medieval & Classical Library	 The Online Medieval and Classical Library (OMACL) is a collection of some of the most important literary works of Classical and Medieval civilization.
medieval	 	http://medievalcolloquium.sewanee.edu/-Medieval Colloquium | Sewanee: The University of the South	 Call for Papers The Forty-First Annual Sewanee Medieval Colloquium: Peace and War. April 10-11, 2015 The University of the South, Sewanee, TN. Plenary Speakers:
medieval	 	http://womenshistory.about.com/od/medieval/-Medieval and Renaissance Women's History	 Medieval and Renaissance Women: women's lives, women's roles, gender issues and notable women.
medieval	 	http://medievalpoc.tumblr.com/-People of Color in European Art History	 Best of 2014: Medievalpoc Fiction Week Masterpost. All Fiction Week Posts in one Mega Reading List!! Thistil Mistil Kistil: Medieval Webcomic ; Throne of the Crescent ...
medieval	 	http://godecookery.com/-Welcome to Gode Cookery	 Gode Cookery is an award-winning medieval history website dedicated to the food & feasts of the Middle Ages & Renaissance. Here you will find information on medieval ...
medieval	 	http://sims.wikia.com/wiki/The_Sims_Medieval-The Sims Medieval - The Sims Wiki	 The Sims Medieval is a stand-alone game in The Sims series and it is the fifth game (Excluding EPs/SPs and collections) released on Windows and Mac OS X.
medieval	 	http://medieval.stormthecastle.com/medieval-names.htm-A selection of interesting Medieval Names	 Looking for some medieval names for characters, places, battles or video games? Here is a list
medieval	 	http://www.vam.ac.uk/page/m/medieval/-Medieval - Victoria and Albert Museum - V&A Home Page ...	 Art & Design in Medieval Europe. The period 300–1000 saw the culture of the later Roman Empire succeeded by one dominated by an increasingly organised Christian Church.
medieval	 	http://knight-medieval.com/-Knight Medieval.com - Everything about knights	 What was a Medieval knight? Many things come to mind when we think of a knight and the role of the knight has changed over the centuries. But the typical Knight we ...
medieval	 	http://www.medieval-spell.com/Medieval-Life.html-Medieval Life - Medieval Spell	 Discover how life was in the Medieval society. Entertainment, feasts, influence of chivalry upon private life,and Royal orders to contain luxury.
medieval	 	http://www.bendykes.com/-Benjamin Dykes, Traditional Astrologer	 About Benjamin Dykes. Dr. Benjamin Dykes is a leading medieval astrologer and translator who earned his PhD in philosophy from the University of Illinois.
medieval	 	http://www.tudordressing.com/-Medieval Clothing & Costumes, Medieval Dresses, Clothes ...	 Buy exclusive collection of medieval costume, women clothes, renaissance bodices, renaissance clothing, medieval dress with high quality style & design.
medieval	 	http://www.medieval-europe.eu/-Medieval Europe - Historical Strategy and Roleplay Game	 Medieval Europe is a community driven rpg medieval game where you will experience breathtaking adventures and make history with countless friends you meet along the way.
medieval	 	http://www.rivendellbridal.com/-Medieval & Fairy Wedding Dresses | Celtic, Elvish, Gothic ...	 Taking influence from Medieval, Fantasy, Fairy and Celtic styles the Earth and Nature, the dresses are available in a wide variety of colours and are designed ...
medieval	 	http://historymedren.about.com/od/medievalscotland/-Medieval Scotland - About	 Introductions and in-depth examinations of Scottish medieval history, castles, aspects of daily life, and the people who shaped events.
medieval	 	http://www.medieval.org/emfaq/-Early Music FAQ - Medieval Music & Arts Foundation - Welcome!	 Comprehensive information on Medieval / Renaissance / Baroque music. Repertory Overview, extensive information on CD recordings, many other topics, plus lots of links.
medieval	 	http://www.heavenlyswords.com/-Fantasy, Medieval, Anime, and Replicas Heavenly Swords	 Find, shop, and buy swords, medieval, fantasy swords, samurai swords, anime items, movie replicas and props, and more.
medieval	 	http://www.medieval-spell.com/-Medieval History: Medieval Architecture, Knightly Life ...	 Medieval Architecture, Knightly Life, and Medieval Society. This site aims to look at Medieval history through means of selected topics regarding the Medieval Society ...
medieval	 	http://www.medievalinn.com/-Medieval Inn - Home	 The Medieval Inn is a small family run hotel offering hospitality and comfortable accommodation in the Old Town Of Rhodes in Greece.
medieval	 	http://www.camlann.org/-Camlann Medieval Village	 a Camlann Medieval Village, a living-history museum project portraying rural England in the year 1376,
medieval	 	http://www.rep.routledge.com/article/B078-Medieval philosophy : Routledge Encyclopedia of Philosophy ...	 Medieval philosophy. Medieval philosophy is the philosophy of Western Europe from about ad 400–1400, roughly the period between the fall of Rome and the Renaissance.
medieval	 	http://www.medieval-castle-siege-weapons.com/-All About Medieval Castles | Medieval Siege Weapons ...	 High quality medieval times information on medieval castles, medieval siege weapons and castle warfare in general, including catapult design, catapult models ...
medieval	 	http://www.behindthename.com/names/usage/medieval-Behind the Name: Medieval Names	 The etymology and history of first names. ... GOSSE m English (Rare), Medieval French From an English and French surname which was originally derived from the Norman ...
medieval	 	http://www.medieval-period.com/medievalart.html-Medieval Art - Medieval-Period.com	 Overview of the Medieval Period looking at a variety of societal aspects and structure, including art, castles, weapons, social roles and laws.
medieval	 	http://totalwar.wikia.com/wiki/Medieval:_Total_War-Medieval: Total War - Total War Wiki	 Medieval: Total War is a turn-based strategy and real-time tactics computer game developed by The Creative Assembly and published by Activision.
medieval	 	http://www.medievality.com/torture.html-Medieval Torture - Medieval Times & Castles	 Medieval Torture During the Middle Ages, torture was a very common way to punish offenders. Following are the most common torture devices used during the Middle Ages.
medieval	 	http://medievalmap.org/-Medieval Map	 Medieval Map. An interactive history website. ...
medieval	 	http://www.historicalnovels.info/Medieval.html-Historical Novels: Medieval	 Historical Novels: Medieval. Over 800 novels set in medieval Europe, organized by time and place, with over 40 reviews.
medieval	 	http://labyrinth.georgetown.edu/-The Labyrinth | Resources for Medieval Studies	 Medieval studies scholarly resources compiled and organized from around the world. Contains texts in all European languages, including Latin and Greek.
medieval	 	http://medievalwomenschoir.org/-Medieval Women's Choir	 Support the Medieval Women’s Choir! Concert ticket and pass sales cover only a small portion of the costs for Medieval Women’s Choir programs.
medieval	 	http://recipes.medievalcookery.com/-Medieval Recipes	 Medieval Recipes. Below are some medieval recipes. Unless otherwise noted the interpretations are my own. Whenever possible I've given the source and/or the original ...
medieval	 	http://www.historyforkids.org/learn/medieval/clothing/-Medieval Clothing - Middle Ages for Kids!	 In Medieval Europe, as in the Roman period, most people wore loose linen or wool tunics like big baggy t-shirts. But clothing did become more complicated in ...
medieval	 	http://www.britainexpress.com/History/medieval_britain_index.htm-Medieval England - History - Britain Express	 Medieval England. History, culture, and daily life in Great Britain during the Middle Ages.
medieval	 	http://dictionary.cambridge.org/dictionary/british/medieval-medieval definition, meaning - what is medieval in the ...	 medieval - definition, meaning, audio pronunciation, synonyms and more. What is medieval? related to the Middle Ages (= the period in European history from about AD ...
medieval	 	http://www.medievalcollectibles.com/c-417-home-decor-gifts.aspx-Medieval Gifts, Medieval Collectibles and Home Decor ...	 Medieval Collectibles has a great selection of Medieval home decor and collectibles. All our medieval collectibles are great for decorating your home, office or used ...
medieval	 	http://www.retrokat.com/medieval/-retrokat.com medieval freebies	 Welcome to our free medieval web graphics site filled with genuine medieval clip-art, backgrounds and more - with minimal advertising.
medieval	 	http://www.medievalcollectables.com/-Renaissance Clothing, Medieval Swords, Armor, Helmets ...	 What Medieval Collectables has to offer: Medieval & Renaissance Clothing. We have the best selection of Medieval and Renaissance Clothing.
medieval	 	http://www.castlewales.com/life.html-Life in a Medieval Castle - Wales	 Brief account of daily life in a Medieval Castle. Touches on such aspects as religion, hygiene and water.
medieval	 	http://www.mmofront.com/mmo/medieval-medieval MMO Games & MMORPG - MMOFRONT - Tracking the best ...	 Added Under STRATEGY | International | Closed Beta: TBA # PC, MAC, IOS, ANDROID GameTags: sega, creative assembly, instance-based, historical, medieval, real-time ...
medieval	 	http://medieval-auctions.com/-Medieval Auction Blog	 On Yoolis Night: Medieval Carols & Motets. This follow-up to Anonymous 4′s debut “hit,” An English Ladymass, is even better. From the choice of repertoire to ...
medieval	 	http://wn.com/Medieval_names-Medieval Names	 Medieval Names
medieval	 	http://wn.com/Medieval_Swords-Medieval Swords	 Medieval Swords
medieval	 	http://wn.com/Medieval%20kingdom-Medieval Kingdom	 Medieval Kingdom
medieval	 	http://e7.banuwafe.cf/owe-Medieval crochet patterns	 Find Best Medieval Crochet Patterns Supplier on Alibaba Medieval Crochet Patterns Supplier Directory. Source Top Quality Medieval Crochet Patterns Supplier, Medieval.
medieval	 	http://wn.com/Medieval_names-Medieval Names	 Medieval Names
medieval	 	http://wn.com/Medieval_Swords-Medieval Swords	 Medieval Swords
medieval	 	http://wn.com/Medieval%20kingdom-Medieval Kingdom	 Medieval Kingdom
medieval	 	http://e7.banuwafe.cf/owe-Medieval crochet patterns	 Find Best Medieval Crochet Patterns Supplier on Alibaba Medieval Crochet Patterns Supplier Directory. Source Top Quality Medieval Crochet Patterns Supplier, Medieval.
medieval	 	http://wn.com/Medieval_Village-Medieval Village	 Medieval Village
medieval	 	http://wn.com/Medieval_names-Medieval Names	 Medieval Names
medieval	 	http://wn.com/Medieval_Swords-Medieval Swords	 Medieval Swords
medieval	 	http://wn.com/Medieval%20kingdom-Medieval Kingdom	 Medieval Kingdom
medieval	 	http://e7.banuwafe.cf/owe-Medieval crochet patterns	 Find Best Medieval Crochet Patterns Supplier on Alibaba Medieval Crochet Patterns Supplier Directory. Source Top Quality Medieval Crochet Patterns Supplier, Medieval.
medieval	 	http://uscoinbundles.com/store/coleco_baseball.html-Us Coins - Coleco Baseball	 Medieval Coin; Shure Ulx; Silpada Coral Earrings; 1909 S Vdb Wheat; Led Light E 27 Warm 5630; Transit Tripod; Mopac; Privacy Policy & Terms of Service | Contact ...
medieval	 	http://wn.com/Medieval_Village-Medieval Village	 Medieval Village
medieval	 	http://wn.com/Medieval_names-Medieval Names	 Medieval Names
medieval	 	http://wn.com/Medieval_Swords-Medieval Swords	 Medieval Swords
medieval	 	http://wn.com/Medieval%20kingdom-Medieval Kingdom	 Medieval Kingdom
medieval	 	http://e7.banuwafe.cf/owe-Medieval crochet patterns	 Find Best Medieval Crochet Patterns Supplier on Alibaba Medieval Crochet Patterns Supplier Directory. Source Top Quality Medieval Crochet Patterns Supplier, Medieval.
medieval	 	http://uscoinbundles.com/store/coleco_baseball.html-Us Coins - Coleco Baseball	 Medieval Coin; Shure Ulx; Silpada Coral Earrings; 1909 S Vdb Wheat; Led Light E 27 Warm 5630; Transit Tripod; Mopac; Privacy Policy & Terms of Service | Contact ...
medieval	 	http://wn.com/Medieval_Village-Medieval Village	 Medieval Village
medieval	 	http://wn.com/Medieval_names-Medieval Names	 Medieval Names
medieval	 	http://wn.com/Medieval_Swords-Medieval Swords	 Medieval Swords
medieval	 	http://wn.com/Medieval%20kingdom-Medieval Kingdom	 Medieval Kingdom
medieval	 	http://e7.banuwafe.cf/owe-Medieval crochet patterns	 Find Best Medieval Crochet Patterns Supplier on Alibaba Medieval Crochet Patterns Supplier Directory. Source Top Quality Medieval Crochet Patterns Supplier, Medieval.
medieval	 	http://uscoinbundles.com/store/coleco_baseball.html-Us Coins - Coleco Baseball	 Medieval Coin; Shure Ulx; Silpada Coral Earrings; 1909 S Vdb Wheat; Led Light E 27 Warm 5630; Transit Tripod; Mopac; Privacy Policy & Terms of Service | Contact ...
medieval	 	http://wn.com/Medieval_Village-Medieval Village	 Medieval Village
medieval	 	http://wn.com/Medieval_names-Medieval Names	 Medieval Names
medieval	 	http://wn.com/Medieval_Swords-Medieval Swords	 Medieval Swords
medieval	 	http://wn.com/Medieval%20kingdom-Medieval Kingdom	 Medieval Kingdom
medieval	 	http://e7.banuwafe.cf/owe-Medieval crochet patterns	 Find Best Medieval Crochet Patterns Supplier on Alibaba Medieval Crochet Patterns Supplier Directory. Source Top Quality Medieval Crochet Patterns Supplier, Medieval.
medieval	 	http://uscoinbundles.com/store/coleco_baseball.html-Us Coins - Coleco Baseball	 Medieval Coin; Shure Ulx; Silpada Coral Earrings; 1909 S Vdb Wheat; Led Light E 27 Warm 5630; Transit Tripod; Mopac; Privacy Policy & Terms of Service | Contact ...
medieval	 	http://wn.com/Medieval_Village-Medieval Village	 Medieval Village
medieval	 	http://wn.com/Medieval_names-Medieval Names	 Medieval Names
medieval	 	http://wn.com/Medieval_Swords-Medieval Swords	 Medieval Swords
medieval	 	http://wn.com/Medieval%20kingdom-Medieval Kingdom	 Medieval Kingdom
medieval	 	http://e7.banuwafe.cf/owe-Medieval crochet patterns	 Find Best Medieval Crochet Patterns Supplier on Alibaba Medieval Crochet Patterns Supplier Directory. Source Top Quality Medieval Crochet Patterns Supplier, Medieval.
medieval	 	http://uscoinbundles.com/store/coleco_baseball.html-Us Coins - Coleco Baseball	 Medieval Coin; Shure Ulx; Silpada Coral Earrings; 1909 S Vdb Wheat; Led Light E 27 Warm 5630; Transit Tripod; Mopac; Privacy Policy & Terms of Service | Contact ...
medieval	 	http://wn.com/Medieval_Village-Medieval Village	 Medieval Village
medieval	 	http://wn.com/Medieval_names-Medieval Names	 Medieval Names
medieval	 	http://wn.com/Medieval_Swords-Medieval Swords	 Medieval Swords
medieval	 	http://wn.com/Medieval%20kingdom-Medieval Kingdom	 Medieval Kingdom
medieval	 	http://e7.banuwafe.cf/owe-Medieval crochet patterns	 Find Best Medieval Crochet Patterns Supplier on Alibaba Medieval Crochet Patterns Supplier Directory. Source Top Quality Medieval Crochet Patterns Supplier, Medieval.
medieval	 	http://uscoinbundles.com/store/coleco_baseball.html-Us Coins - Coleco Baseball	 Medieval Coin; Shure Ulx; Silpada Coral Earrings; 1909 S Vdb Wheat; Led Light E 27 Warm 5630; Transit Tripod; Mopac; Privacy Policy & Terms of Service | Contact ...
medieval	 	http://wn.com/Medieval_Village-Medieval Village	 Medieval Village
medieval	 	http://wn.com/Medieval_names-Medieval Names	 Medieval Names
medieval	 	http://wn.com/Medieval_Swords-Medieval Swords	 Medieval Swords
medieval	 	http://wn.com/Medieval%20kingdom-Medieval Kingdom	 Medieval Kingdom
medieval	 	http://e7.banuwafe.cf/owe-Medieval crochet patterns	 Find Best Medieval Crochet Patterns Supplier on Alibaba Medieval Crochet Patterns Supplier Directory. Source Top Quality Medieval Crochet Patterns Supplier, Medieval.
medieval	 	http://uscoinbundles.com/store/coleco_baseball.html-Us Coins - Coleco Baseball	 Medieval Coin; Shure Ulx; Silpada Coral Earrings; 1909 S Vdb Wheat; Led Light E 27 Warm 5630; Transit Tripod; Mopac; Privacy Policy & Terms of Service | Contact ...
