next	 	http://www.next.co.uk/-Next Official Site: Womens & Mens Fashion, Kids Clothes ...	 Shop next.co.uk for the latest women's, men's and children's fashion plus homeware, beauty and more. Next day delivery and free returns available. Shop now!
next	 	http://www.next.co.uk/homeware-Furniture & Homeware | Home & Garden | Next Official Site	 Shop for homeware online at next.co.uk. Browse our stylish furniture collections along with home accessories, lighting and much more. Buy homeware today!
next	 	http://www.nextmovie.com/-Next - Movies | New Movies In Theaters | Movie News ...	 The movies site for the next generation of movie lovers. Stay up-to-date on new movies, movies coming out soon, DVDs, and more.
next	 	http://en.wikipedia.org/wiki/Next_(film)-Next - Wikipedia, the free encyclopedia	 Next can refer to: Film, TV and stage . Next, a 1990 animated short film by Barry Purves with Roger Rees on William Shakespeare; Next, a sci-fi themed film starring ...
next	 	http://www.nextmanagement.com/-Next Model Management - Next / New York	 Next Model Management is one of the biggest and most successful model agencies in the world, established 22 years ago, with offices all over the world in London ...
next	 	http://dictionary.reference.com/browse/NeXT-Next | Define Next at Dictionary.com	 adjective 1. immediately following in time, order, importance, etc.: the next day; the next person in line. 2. nearest or adjacent in place or position: the next room ...
next	 	http://en.wikipedia.org/wiki/Next_(novel)-Next (novel) - Wikipedia, the free encyclopedia	 Next is a 2006 techno-thriller novel by Michael Crichton, the last to be published during his lifetime. Next takes place in the present world, where both the ...
next	 	http://www.facebook.com/nextonline-Next | Facebook	 Your one stop shop for the latest Next news, trends & competitions! See something you like? Shop by 10pm for next day delivery to home www.next.co.uk
next	 	http://blog.nextmanagement.com/-Next News	 Next models, was founded by Faith Kates in 1989. In 1992, Joel Wilkenfeld joined the Next team. In the 22 years since its founding, Next has grown worldwide with ...
next	 	http://www.att.com/esupport/article.jsp?sid=KB420710&cv=820-AT&T Next installment agreement for smartphones - AT&T ...	 AT&T Next offers the ability to make low monthly installment payments based on the full retail price of the new smartphone. Monthly installment payments are ...
next	 	http://www.startribune.com/nation/287755641.html-Experts: 2-year sentence for former Virginia governor ...	 next; more from nation; Assembly school accountability bill introduced; Wet Seal closing over 300 stores; nearly 3,700 losing jobs; Historic Les Paul ...
next	 	http://nextvideoexpo.com/-Next|Video Conference + Expo	 Eran Stern. Click to see our full speaker lineup for the Next|POSTPRODUCTION track.
next	 	http://www.mynextmove.org/-My Next Move	 Are you a veteran looking for work? My Next Move for Veterans helps you find a civilian career similar to your military job.
next	 	http://purduenext.purdue.edu/-Purdue NExT Online Courses | Purdue NExT	 Purdue NExT offers online courses focused on taught by world-class faculty that teach students how to master skills vital to science, technology, engineering ...
next	 	http://nextbookusa.com/-Step Up to the Next. Nextbook 10.1	 Step Up to the Next. Nextbook 10.1 : The Nextbook 10.1 comes with Windows 8.1, an Intel ATOM quad-core processor. With its WiFi and Bluetooth support.
next	 	http://nextbody.com/-NEXT! | Piercing, Tattoo and Aftercare	 Opened in 1992 as one of the city’s first dedicated piercing shops, Next! has had a reputable and established presence for over 20 years in downtown Vancouver.
next	 	http://www.whatshouldireadnext.com/-What Should I Read Next? Book recommendations from readers ...	 Enter a book you like and the site will analyse our huge database of real readers' favorite books to provide book recommendations and suggestions for what to read next.
next	 	http://www.floridanext.com/-Florida Trend's Next - Your Future After High School	 Florida Trend's Next provides students with important information about high school life, college preparation and workforce opportunities.
next	 	http://next-episode.net/-Next Episode - Track the TV shows you watch!	 Displays instant information about the next episode/season of your favorite tv show, organizes and helps you keep track of your downloads!
next	 	http://careers.next.co.uk/-Next Careers: Welcome to the Next PLC Careers Website	 Next Careers: Home Page: Find out about all the different opportunities available with Next, the hugely popular high street retailer and home shopping catalogue
next	 	http://thenextweb.com/-The Next Web - International technology news, business ...	 The Next Web is one of the world’s largest online publications that delivers an international perspective on the latest news about Internet technology, business and ...
next	 	http://www.merriam-webster.com/thesaurus/next-Next - Synonyms and More from the Free Merriam-Webster ...	 Synonyms of next from the Merriam-Webster Online Thesaurus with antonyms, definitions, Word of the Day, and word games.
next	 	http://www.boston.com/real-estate/news/2014/12/30/year-review-memorable-quotes-about-boston-development/pNWBLUGdBDQruJrhNHlu4L/pictures.html-Year in Review: Memorable Quotes about Boston Development ...	 Next. Millennium Partners. Millennium Tower “It’s jaw-dropping. This is a building that could be in Dubai or Shanghai or Manhattan, and completely hold ...
next	 	http://www.nextgeneration.com/-Next Generation Logistics	 Next Generation Logistics is the value leader in providing supply chain consulting, managed services, transportation management software
next	 	http://www.youtube.com/watch?v=kwEZRPkAAu8-Next - Too Close - YouTube	 Music video by Next performing Too Close. (C) 1997 Arista Records, Inc.
next	 	http://www.nextbus.com/-NextBus: 1 & 8 min	 Combines GPS data with predictive software to give arrival times for the next few vehicles, either on the Internet or at the stop.
next	 	http://www.nextd.com/-Human Anatomy 3D Medical Education Software | Full Body ...	 Human Anatomy 3D Medical Education Software, Full Body Anatomy, Brain Anatomy, Interactive Skeleton and Muscle Models: NextD
next	 	http://www.next.de/cms/en/Home-en-Welcome | next	 Your next team Login to post comments; Newsletter; AGB; Deutsch; Imprint; Site map; Newsletter ...
next	 	http://nypost.com/2015/01/08/the-happy-marriage-of-a-woman-and-her-2-foot-8-inch-man/-The crazy sex life of a woman and her 2-foot-8-inch man ...	 Previous Next. Advertisement. Mindie Kniss with her 2-foot-8-inch husband, Sean Stephenson Barcroft. Barcroft. Barcroft. Stephenson ...
next	 	http://www.dvdnextcopy.com/-DVD neXt COPY Inc. - Easy to use DVD Copying Software.	 DVD neXt COPY Inc. is an industry leading developer of powerful, feature-rich, and easy-to-use DVD copying software. We have been working in the DVD copy software ...
next	 	http://www.nextelectricinc.com/-NEXT Electric, Inc. | Electrical Contractor | Milwaukee ...	 NEXT Electric, located in the Milwaukee and Madison areas, provides innovative electrical solutions for all your electrical needs.
next	 	http://www.nextmuni.com/-NextBus: 17 & 37 min	 NextBus provides real-time transit information to passengers.
next	 	http://nextmatters.com/-Next Matters	 Next Matters. Blog; Apps; Change log; Contact; Help / FAQs; Download; For Windows 8 Available in store! For ... A fast, clean and beautiful RSS reader for Windows.
next	 	http://nextmodelsblog.blogspot.com/-Next Model Management	 23rd September 2011 Next Model Management is very proud to launch its new website and blog, which you can see here www.nextmodels.com Please note that this blog is no ...
next	 	http://next.rs/-neXt	 neXt, neXt Premium, neXt Classic, neXt Joy, Bući-Bući i SU-voće su registrovani zaštitni znaci “Fresh&Co” d.o.o.
next	 	http://www.whosnext.com/-Who’s Next Paris	 NEW THIS SEASON From labels exhibiting for the first time at Who's Next & Premiere Classe to young brands. Read more
next	 	http://www.wordreference.com/enit/next-next - Dizionario inglese-italiano WordReference	 next - Traduzione del vocabolo e dei suoi composti, e discussioni del forum. WordReference.com | Online Language Dictionaries. English-Italian Dictionary | next
next	 	http://dsm.nextgenerationrealty.com/-Next Generation Realty Des Moines	 Welcome to Next Generation Realty, serving Central Iowa from our Des Moines, Iowa offices. Whether you are looking to buy your next home or looking to sell, Next ...
next	 	http://simson.net/ref/NeXT/-NeXT Computer Historical Site - Simson Garfinkel	 The NeXT Computer Historical Site. History: NeXT Computer brochure: Articles: NeXTstation brochure: Hardware Specs
next	 	http://www.next2buy.com/-Next 2 Buy | Home	 Welcome to next2buy property - You can view property information either via the Property Search or by the Map, with summaries and detailed formats available, with the ...
next	 	http://www.nextpharmaceuticals.com/-Health Supplements | Next Pharmaceuticals	 Founded in 1997, Next Pharmaceuticals provides patented, science-based natural ingredients for healthy living products in the dietary supplement, food and beverage ...
next	 	http://careers.next.co.uk/trainees/-Next Trainees	 Next Trainees: An overview of the Next Trainee Programme to become a Designer, Buyer, Technologist or Merchandiser
next	 	http://www.gonext.com/-Go Next — Providing Luxury Cruises and Land Programs for ...	 Go Next is dedicated to providing our travelers with extraordinary travel opportunities at affordable prices.
next	 	http://whosnext.hot97.com/-WHO'S NEXT - HOT 97	 HOT 97 is bringing you Who’s Next! A place where underground rappers can upload tracks, videos, mixtapes and more! Get noticed by label big wigs and get your music ...
next	 	http://collectivenext.com/-Collective Next | Come Together + Think Better + Move Forward	 Let's end the year by acknowledging and celebrating the 10 most popular posts on the Collective Next blog in 2014. 1. Three Ways to Make Your Company More Innovative ...
next	 	http://www.nextcleaners.com/-Next Cleaners	 back up ↑ Copyright © 2013 Next Cleaners
next	 	http://www.nowandnext.com/-What's Next	 About... What’s Next is a trends report published by Richard Watson, a futurist author, speaker and scenario planner. Richard has written four books on current and ...
next	 	http://www.nextbackpackers.com.au/-Next Backpackers	 Next Backpackers ... Follow ... ...
next	 	http://www.huffingtonpost.com/2015/01/05/food-stamp-enrollment_n_6419196.html-Food Stamp Enrollment Expected To Drop By 1 Million Next Year	 WASHINGTON -- Food stamp enrollment is expected to fall by 1 million next year thanks to harsher rules, according to a new report by a liberal Washington ...
next	 	http://www.nextlevelchurch.com/-Next Level Church	 Next Level Church, Fort Myers, Florida. NLC is a relevant, modern, fresh, and simply put...fun church!
next	 	http://www.nextseptember.com/-Next September | Official Homepage	 The official website of the band Next September. Fronted by Jon Pruett, along with Steve Underwood, Joe Tash, and Randy Berg, the band is known for outstanding ...
next	 	http://www.nextisland.com/-Next Island - Entropia Universe	 Next Island is a small tropical paradise within Entropia Universe. It can be reached from other inhabited planets inside Entropia Universe by travelling through space.
next	 	http://www.metrolyrics.com/the-next-episode-lyrics-dr-dre.html-Dr. Dre - The Next Episode Lyrics | MetroLyrics	 Lyrics to 'The Next Episode' by Dr. Dre. La da da da dah / It's the motherfuckin' D O double G / La da da da dah / You know I'm mobbin' with the DRE / You know
next	 	http://www.nextmodels.ca/flash.asp-NEXT Models Canada - Toronto, Montreal, Vancouver	 Next Models Canada - Modelling Agency in Toronto, Montreal and Vancouver
next	 	http://www.next2thetracks.com/-Next 2 the Tracks | Official Site Of Next 2 the Tracks	 Click HERE to purchase a CD signed by Next 2 the Tracks. Including "God's Breathing Ark," a duet with Pauley Perrette of the CBS television program NCIS.
next	 	http://www.nextbankasia.com/-Next Bank Asia	 We promise to never share your email address. Next Bank Asia 2015
next	 	http://nextten.org/-Next 10	 In "Clean Valley: San Joaquin Valley Leveraging Natural Resources to Grow the Clean Economy," Next 10 reports that the San Joaquin Valley is leveraging its ...
next	 	http://www.usatoday.com/story/sports/nfl/lions/2014/12/31/ndamukong-suh-wont-talk-about-aaron-rodgers-incident/21116897/-Next question? Ndamukong Suh won't talk about Aaron ...	 Next question? Ndamukong Suh won't talk about Aaron Rodgers incident. Suh said "next question" 10 times to nine different questions.
next	 	http://www.federalreserve.gov/whatsnext.htm-FRB: What's Next - Federal Reserve System	 Items we expect to post to our web site over the next two months, including speeches, congressional testimony, Federal Open Market Committee material, and statistical ...
next	 	http://www.nextjump.com/-Next Jump	 Next Jump is the premier provider of internet-based next generation Rewards and Loyalty programs to corporations, affinity groups and institutions worldwide
next	 	http://www.la-next.com/-LA NEXT	 New Construction at LAX, LA NEXT is pumping billions of dollars and tens of thousands of jobs into the Los Angeles economyâ€“making an essential contribution to ...
next	 	http://help.next.co.uk/Section.aspx?ItemId=10154-Women's Sizing Guide - NEXT - Help information	 © 2015 Next Retail Ltd. All rights reserved. Shop Worldwide
next	 	http://www.nextsteprecycling.org/-Welcome to NextStep Recycling | NextStep Recycling	 Your community resource for electronic reuse and recycling! Done with it? NextStep It!
next	 	http://www.nextlevel.com/-Next Level - Results beyond Imagination	 NEWS Aug, 28, 2007 Redback Wireless Corp. and NextLevel.com Inc. to Enter Joint Venture Agreement : NextLevel is one of the fastest booming Internet marketing ...
next	 	http://gardenplants.next.co.uk/-Next Garden Shop	 The Next online plant shop where you'll find a wide selection of new and unusual plants grown for us by specialist nurseries in the UK.
next	 	http://www.foxnews.com/weather/2015/01/03/snow-ice-rain-prelude-to-bitter-cold-next-week/-Snow, ice, rain a prelude to bitter cold next week | Fox News	 Snow, ice and rain fell Saturday in the Midwest and eastern parts of the U.S., a prelude to the Arctic temperatures due to arrive in the next few days.
next	 	http://www.nextenergy.org/-NextEnergy	 NextEnergy is a convener, collaborator, and service provider accelerating the development and growth of advanced energy companies, technologies, and industries.
next	 	http://www.wmata.com/rider_tools/nextbus/arrivals.cfm-Metro - Bus - Next Metrobus Arrivals	 Learn about getting NextBus by text message ... Select your route, direction, and stop (all must be selected)
next	 	http://www.nextdoor.org/-Next Door	 Prevention is the Key to Safe Communities. Next Door educates groups of all ages, genders, and ethnicities to create an environment for change to a “violence is not ...
next	 	http://www.getnextv.com/-: : NEXTV	 : : NEXTV
next	 	http://www.nextlevel-co.com/-Home - Next Level Marketing	 Next Level specializes in the selection, training and management of ambassador teams that execute brand building and volume driving activities for our client brands.
next	 	http://www.getnextv.com/-: : NEXTV	 : : NEXTV
next	 	http://www.nextflowers.co.uk/Default.aspx?categoryID=15-Next – Flowers and Gift Cards delivered next day	 Shop for beautiful flowers and plants for all occasions at nextflowers.co.uk. Order before 7pm for next day delivery. Buy flowers online today!
next	 	http://www.nextdoor.org/-Next Door	 Prevention is the Key to Safe Communities. Next Door educates groups of all ages, genders, and ethnicities to create an environment for change to a “violence is not ...
next	 	http://www.nextlevel-co.com/-Home - Next Level Marketing	 Next Level specializes in the selection, training and management of ambassador teams that execute brand building and volume driving activities for our client brands.
next	 	http://nextlevelpurchasing.com/-Procurement Training - Next Level Purchasing Association	 The procurement training that today's top purchasing professionals receive is from the Next Level Purchasing Association.
next	 	http://www.indiebound.org/indie-next-list-Indie Next List | IndieBound - Be a Part of the Story ...	 This Burns My Heart. A selection from the July 2011 Indie Next List
next	 	http://www.nytimes.com/2015/01/10/world/middleeast/kerry-to-meet-iranian-counterpart-next-week-before-nuclear-talks-resume.html-Kerry to Meet Iranian Counterpart Next Week Before Nuclear ...	 WASHINGTON — Secretary of State John Kerry plans to meet with his Iranian counterpart next week in Geneva to try to advance the negotiations over Iran ...
next	 	http://www.cnet.com/news/cnets-next-big-thing-how-virtual-reality-goes-beyond-geeky/-CNET's Next Big Thing: How virtual reality goes beyond geeky	 CNET's Brian Tong tries out a new reality at CES 2015, before CNET's Next Big Thing supersession on virtual and augmented reality. Josh Miller/CNET
next	 	http://www.youngernextyear.com/-Younger Next Year Official Website | Chris Crowley	 Younger Next Year is a book created/written by Chris Crowley and Dr. Harry Lodge that focuses on living an active senior lifestyle and focused on health and fitness.
next	 	http://www.nursenextdoor.com/-Home care that celebrates aging | Nurse Next Door	 Yes, I want to receive emails about services from Nurse Next Door. Sign me up! (You can unsubscribe at any time).
next	 	http://www.nextstepincare.org/-UHF Next Step in Care | Next Step In Care Homepage	 Next Step in Care provides guides and checklists for family caregivers and health care providers working together toward improved transitions in care.
next	 	http://www.ups.com/content/us/en/shipping/time/service/next_day.html-UPS: UPS Next Day Air	 Delivery Commitment: Next business day delivery by 10:30 a.m., 12:00 noon, or end of day, depending on destination Service Area: Destinations and Origins:
next	 	http://www.topmodel.com/-Be the Next Top Model - TopModel.com	 TopModel.com, the latest America’s Next Top Model news and recaps. Plus, learn how to be a top model, create a profile, upload your modeling photos, get discovered ...
next	 	http://whosnext.hot97.com/tv-WHO'S NEXT - HOT 97	 HOT 97 is bringing you Who’s Next! A place where underground rappers can upload tracks, videos, mixtapes and more! Get noticed by label big wigs and get your music ...
next	 	http://nextinsight.com/-Next Insight Transportation Software - Schedule Management	 Next Insight Transportation Software - Public Scheulde Timetable Management and Google Transit (GTFS) Creation.
next	 	http://www.thisnext.com/discover/-What's Popular - ThisNext - ThisNext - Online shopping ...	 © 2014 ThisNext, Inc. ThisNext is a member of BUZZMEDIA Entertainment, a division of BUZZMEDIA. Create your own free digital magazine at our new site Glossi.com
next	 	http://www.buddytv.com/americas-next-top-model.aspx-America's Next Top Model - Season 21 | BuddyTV	 Like every other America’s Next Top Model cycle there were some brilliant and some disastrous photo shoots during the second 'Guys and Girls’ competition.
next	 	http://www.next-job.com/-NextJob	 Job Seekers How NextJob Helps the Job Seeker The NextJob team is dedicated to helping employees find a new job quickly. With that goal in mind, we provide the ...
next	 	http://www.nextgenswingdance.com/-The Next Generation Swing Dance Club - Home	 Next Gen Dance February 7th 2015. Please join The Next Generation Swing Dance Club at the Allegro Ballroom in Emeryville for our monthly club dance on Saturday ...
next	 	http://next-episode.net/24-24 - Next Episode	 Next-Episode.Net is your reference guide to 24 Show. 24 episodes schedule, trailer, forums, polls, calendar and more.
next	 	http://www.cbsnews.com/news/jeb-bush-resigns-all-board-memberships-eye-on-2016-presidential-campaign/-Jeb Bush takes "natural next step" toward 2016 bid	 Bush, the son of one president and brother of another, is seen as an early favorite of the Republican establishment as the next presidential primary season ...
next	 	http://nextstepperformingarts.com/-next step performing arts | performing arts studio | dance ...	 Located in Frisco, Tx. Next Step Dance was founded by Award Winning Choreographer and Director Michelle Stafford in 2008. Our goal at Next Step Dance is to be an ...
next	 	http://www.nextlevelgames.com/-Next Level Games Inc.	 Presentation Animator (Contract) UI Artist (Contract) Environment Artist (Contract) Next Level Games actively recruits the best talent in the industry.
next	 	http://nextplateauent.com/-Next Plateau Entertainment | An EDM record company ...	 Next Plateau Entertainment is one of the top EDM, dance, electronic and dubstep music labels in North America based in NYC. The company releases the hottest, new ...
next	 	http://www.vouchercodes.co.uk/next.co.uk-Next Voucher Codes & Discounts, 100% Verified	 Get working Next discounts codes and voucher codes: all of our Next promo codes are checked and working for January 2015 – VoucherCodes.co.uk
next	 	http://nextgen.org/-Next Gen	 CAREERS: The Next Generation #204, 10470 - 176 Street NW Edmonton, AB T5S 1L3 Phone: 780.426.3414 Fax: 780.428.8164 Toll free (Canada): 1.888.757.7172 Email Us
next	 	http://www.promotionalcodes.org.uk/next-promotional-code/-Next Promotional Code | Next Discount Codes & Next Free ...	 Get online and visit Next. You’re a big fan of the shop, but you want to check out the entire collection online. That’s understandable. Hop online and visit: www ...
next	 	http://www.sing365.com/music/lyric.nsf/Wifey-lyrics-Next/C45917EA21DBCF124825691A000C1C8E-WIFEY LYRICS - NEXT - Sing365.com	 "Wifey" Lyrics by Next: Uh, uh, uh Uh, uh, uh CHORUS You never try me Always stood right by me Make living lively Highly spoken of My...
next	 	http://www.nexttonormal.com/about-Next to Normal: Official Touring Production - About the Show	 Next to Normal on Tour. Official Site for the Pulitzer Prize and Tony Award -winning hit musical. Touring schedule and tickets.
next	 	http://www.latimes.com/local/education/la-me-lausd-supt-20150107-story.html-An insider or outsider as next head of L.A. Unified? - LA ...	 L.A. Unified must decide on an insider or outsider as its next chief and whether to embrace aggressive reform
next	 	http://www.pricedash.com/DiscountCodes.aspx?R=Next-Next - PriceDash.com - Exclusive Discount Vouchers & Codes	 Next discount codes and free voucher codes for January and February 2015. Save money today with valid Next promotional codes and other popular deals.
next	 	http://www.facebook.com/ANTM-America's Next Top Model | Facebook	 America's Next Top Model. 8,454,918 likes · 15,846 talking about this. Watch full episodes and clips: http://cwtv.com/shows/americas-next-top-model
next	 	http://nexttonormal.com/media-Next to Normal: Official Touring Production - Music and Video	 Next to Normal on Tour. Official Site for the Pulitzer Prize and Tony Award -winning hit musical. Touring schedule and tickets.
next	 	http://www.nydailynews.com/news/world/charlie-hebdo-publish-1-million-copies-week-article-1.2070347-Charlie Hebdo to publish 1 million copies next week - NY ...	 Charlie Hebdo does not surrender. The French satirical publication will print 1 million copies of its next edition — nearly 17 times more than its usual ...
next	 	http://thenextmovementshow.com/-The Next Movement Show	 The Next Movement is an R&B vocal group formed in 1971 on Chicago’s south side. As young boys they idolized the harmony groups popular in the 1960’s and 1970’s ...
next	 	http://www.indiebound.org/kids-indie-next-list-Kids' Indie Next List | IndieBound - Be a Part of the ...	 Struts & Frets. A selection from the Winter 2009 Kids' List. Other videos from this month's Indie Next List: The Jungle Grapevine
next	 	http://www.metrolyrics.com/next-contestant-lyrics-nickelback.html-Nickelback - Next Contestant Lyrics | MetroLyrics	 Lyrics to 'Next Contestant' by Nickelback. I judge by what she's wearing / Just how many heads I'm tearing / Off of assholes coming on to her / Each night seems
next	 	http://www.foxnews.com/tech/2015/01/06/how-to-hack-your-next-travel-trip/-How to 'hack' your next travel trip | Fox News	 Trending in Tech. 1 3 cool new military helicopters, plus an amped up Apache; 2 How to 'hack' your next travel trip; 3 Samsung unveils its curved SUHD TV ...
next	 	http://www.nextlevelguitar.com/beginner-lessons/index.php-Beginner Lessons - Next Level Guitar	 Next Level Guitar - Online guitar lessons covering electric and acoustic guitar. Learn to play guitar online with our structured learning to play guitar system.
next	 	http://www.retailmenot.com/view/next.co.uk-Next UK Coupons: Get 50% Discount, Coupon Codes for ...	 Discounts average $12 off with a Next UK promo code or coupon. 36 Next UK coupons now on RetailMeNot.
next	 	http://www.murdershebaked.com/whats_next.htm-What's Next - Joanne Fluke | Hannah Swensen Mysteries and ...	 Home About Joanne Books What's Next Reviews Recipe Interview Signings Photos Moishe & Friends: Here it is, Hiro's latest luscious creation for Red Velvet Cupcake ...
next	 	http://sports.yahoo.com/blogs/ncaaf-dr-saturday/texas-a-m-hires-john-chavis-to-be-its-next-defensive-coordinator-181604556.html-Texas A&M hires John Chavis to be its next defensive ...	 Texas A&M has hired John Chavis to be its next defensive coordinator, sources have confirmed to Yahoo Sports. Chavis, who has spent the past six seasons ...
next	 	http://www.bloomberg.com/news/2014-12-30/next-s-christmas-revenue-beats-estimates-as-home-shopping-grows.html-Next Says U.K. Market Improving After Christmas Sales ...	 Next Plc said the outlook for U.K. retail is improving after the clothing retailer reported Christmas-season sales that beat analysts’ estimates, driving ...
next	 	http://naruto.wikia.com/wiki/The_Next_Step-The Next Step - Narutopedia, the Naruto Encyclopedia Wiki	 The Next Step (次なる段階, Tsuginaru Suteppu) is episode 76 of the Naruto: Shippūden anime. Summary . Kakashi reveals that the Rasengan is an incomplete ...
next	 	http://www.broadway.com/shows/next-to-normal/-Next to Normal - Broadway Tickets | Broadway | Broadway.com	 Next to Normal Overview - The BEST Broadway source for Next to Normal tickets and Next to Normal information, photos and videos. Click Here to buy Next to Normal ...
next	 	http://www.baltimoresun.com/news/maryland/politics/blog/bal-obama-to-visit-baltimore-next-week-20150109-story.html-Obama to visit Baltimore next week - Baltimore Sun	 President Barack Obama will address Senate Democrats gathered in Baltimore next week for their annual retreat, the White House said Friday.
next	 	http://www.rottentomatoes.com/m/next_day_air-Next Day Air (2009) - Rotten Tomatoes: Movies | TV Shows ...	 Next Day Air is one of the more underrated films in 2009. That doesn't mean it's a masterpiece, but it was highly entertaining. It's like an African American Guy ...
next	 	http://thenextlevelchallenge.blogspot.com/-The Next Level	 It is amazing to see that a year after The Next Level had to close its doors, we still have a massive following - you truly are dedicated followers.
next	 	http://www.yidio.com/show/america's-next-top-model-Watch America's Next Top Model Online - Full Episodes of ...	 America's Next Top Model is a popular reality series and competition that has been on the air for eighteen cycles spanning the course of nine years.
next	 	http://www.news.com.au/world/europe/whats-next-for-charlie-hebdo/story-fnh81p7g-1227180963783-Charlie Hebdo attack: What is next for weekly satirical ...	 What’s next for Charlie Hebdo? TEN of their colleagues were killed but surviving Charlie Hebdo staff have gathered to start work on what will undoubtedly ...
next	 	http://www.bravotv.com/americas-next-top-model-Americas Next Top Model | Bravo TV Official Site	 Photos of McKey Sullivan, the latest lucky lady crowned America's Next Top Model.
next	 	http://www.forbes.com/sites/nextavenue/2015/01/08/6-key-money-matters-after-you-divorce/-6 Key Money Matters After You Divorce - Forbes	 Next Avenue is a website from PBS stations designed to inspire America’s booming 50+ generation to live the most meaningful and vibrant life possible.
next	 	http://www.azlyrics.com/lyrics/jayz/ontothenextone.html-JAY-Z LYRICS - On To The Next One - AZLyrics - Song Lyrics ...	 Lyrics to "On To The Next One" song by JAY-Z: [Swizz Beats - Chorus] I got a million ways to get it Choose one (choose one) Hey, bring it back (br...
next	 	http://news.yahoo.com/video/whats-next-7-old-survivor-233632438.html-What's Next for 7-Year-Old Survivor of Deadly Plane Crash ...	 Watch the video What's Next for 7-Year-Old Survivor of Deadly Plane Crash? on Yahoo News . Sailor Gutzler is believed to be in the care of family members.
next	 	http://www.orlandosentinel.com/sports/florida-state-seminoles/jameis-winston/os-jameis-winston-nfl-decision-next-week-20150106-story.html-Jameis Winston to make NFL decision next week - Orlando ...	 Jameis Winston will be making his NFL decision next week, his father told ESPN.com.
next	 	http://uk.reuters.com/article/2014/12/30/uk-next-uk-results-idUKKBN0K80G420141230-Next has solid Christmas without cutting prices | Reuters	 LONDON (Reuters) - Next <NXT.L> signalled brighter prospects for British retailers on Tuesday with a solid rise in Christmas sales, especially online ...
next	 	http://www.newsday.com/sports/columnists/bob-glauber/tom-coughlin-is-giants-best-option-to-win-next-season-1.9760345-Tom Coughlin is Giants' best option to win next season ...	 Tom Coughlin is back next season, earning a reprieve from Giants ownership after a 6-10 season and a third straight year without a playoff berth.
next	 	http://www.csmonitor.com/Books/chapter-and-verse/2015/0105/The-Girl-on-the-Train-Is-it-the-next-Gone-Girl-'The Girl on the Train': Is it the next 'Gone Girl ...	 Given the number of titles that are declared to be “the next” of a bestseller (“the next ‘Fault in Our Stars,’” “the next ‘Wild,’” and ...
next	 	http://www.huffingtonpost.com/daniel-r-depetris/the-republican-game-plan-_b_6417868.html-Mitch McConnell's Big Test Over the Next Two Years ...	 Previous Story Next Story The Blog. Featuring fresh takes and real-time analysis from HuffPost's signature lineup of contributors
next	 	http://timesofindia.indiatimes.com/sports/tennis/top-stories/Roger-Federer-tells-next-generation-the-Big-Four-arent-finished-yet/articleshow/45824098.cms-Roger Federer tells next generation the Big Four aren't ...	 Roger Federer knows the next generation of players are closing in fast on the Big Four, the so-called elite quartet who have dominated the last decade.
next	 	http://www.azcentral.com/story/sports/arena/rattlers/2015/01/07/rattlers-coach-kevin-guy-scheduled-for-gallbladder-surgery-next-week/21416823/?hootPostID=046c90adf6222412ab14ecc4d7ecf3c9-Rattlers coach Kevin Guy scheduled for gallbladder surgery ...	 Kevin Guy, who has coached the Rattlers to the past three ArenaBowl championships, has scheduled surgery to have his gallbladder removed next week.
next	 	http://www.startribune.com/politics/national/288135411.html-US to discuss human rights with Myanmar next week as ...	 US to discuss human rights with Myanmar next week as reforms stall and elections loom. Article by ...
next	 	http://blogs.microsoft.com/next/2015/01/08/next-microsoft-podcast-ep-1-tech-takei/-The Next at Microsoft Podcast Ep. 1 - Tech with Takei ...	 Introducing the first episode of the Next at Microsoft podcast, featuring George Takei of Takei's Take.
next	 	http://uk.reuters.com/article/2014/12/30/uk-next-uk-results-idUKKBN0K80G420141230-Next has solid Christmas without cutting prices | Reuters	 LONDON (Reuters) - Next <NXT.L> signalled brighter prospects for British retailers on Tuesday with a solid rise in Christmas sales, especially online ...
next	 	http://www.huffingtonpost.com/daniel-r-depetris/the-republican-game-plan-_b_6417868.html-Mitch McConnell's Big Test Over the Next Two Years ...	 Previous Story Next Story The Blog. Featuring fresh takes and real-time analysis from HuffPost's signature lineup of contributors
next	 	http://www.csmonitor.com/Books/chapter-and-verse/2015/0105/The-Girl-on-the-Train-Is-it-the-next-Gone-Girl-'The Girl on the Train': Is it the next 'Gone Girl ...	 Given the number of titles that are declared to be “the next” of a bestseller (“the next ‘Fault in Our Stars,’” “the next ‘Wild,’” and ...
next	 	http://timesofindia.indiatimes.com/sports/tennis/top-stories/Roger-Federer-tells-next-generation-the-Big-Four-arent-finished-yet/articleshow/45824098.cms-Roger Federer tells next generation the Big Four aren't ...	 Roger Federer knows the next generation of players are closing in fast on the Big Four, the so-called elite quartet who have dominated the last decade.
next	 	http://www.newsday.com/sports/columnists/bob-glauber/tom-coughlin-is-giants-best-option-to-win-next-season-1.9760345-Tom Coughlin is Giants' best option to win next season ...	 Tom Coughlin is back next season, earning a reprieve from Giants ownership after a 6-10 season and a third straight year without a playoff berth.
next	 	http://www.azcentral.com/story/sports/arena/rattlers/2015/01/07/rattlers-coach-kevin-guy-scheduled-for-gallbladder-surgery-next-week/21416823/?hootPostID=046c90adf6222412ab14ecc4d7ecf3c9-Rattlers coach Kevin Guy scheduled for gallbladder surgery ...	 Kevin Guy, who has coached the Rattlers to the past three ArenaBowl championships, has scheduled surgery to have his gallbladder removed next week.
next	 	http://www.startribune.com/politics/national/288135411.html-US to discuss human rights with Myanmar next week as ...	 US to discuss human rights with Myanmar next week as reforms stall and elections loom. Article by ...
next	 	http://blogs.microsoft.com/next/2015/01/08/next-microsoft-podcast-ep-1-tech-takei/-The Next at Microsoft Podcast Ep. 1 - Tech with Takei ...	 Introducing the first episode of the Next at Microsoft podcast, featuring George Takei of Takei's Take.
next	 	http://www.macnn.com/articles/15/01/09/tracking.data.points.to.spike.in.apple.testing/-Launch of iOS 8.1.3 may happen next week | MacNN	 Tracking data points to spike in Apple testing. Apple's upcoming iOS 8.1.3 update should arrive next week, reports suggest. Sources say that some sort of ...
next	 	http://www.people.com/article/french-paper-to-publish-issue-after-shooting-French Newspaper Charlie Hebdo to Publish Next Issue as ...	 Charlie Hebdo rose defiantly on Thursday, with rallying survivors of the massacre announcing that the paper will publish as usual next week "because you ...
next	 	http://www.hfpa.org/-Home 2015 - Golden Globe Awards Official Website	 christoph waltz talks about the next james bond film december 23, 2014 8:32 am. golden globes to be telecast on ...
next	 	http://www.hfpa.org/-Home 2015 - Golden Globe Awards Official Website	 christoph waltz talks about the next james bond film december 23, 2014 8:32 am. golden globes to be telecast on ...
next	 	http://www.hfpa.org/-Home 2015 - Golden Globe Awards Official Website	 christoph waltz talks about the next james bond film december 23, 2014 8:32 am. golden globes to be telecast on ...
next	 	http://www.hfpa.org/-Home 2015 - Golden Globe Awards Official Website	 christoph waltz talks about the next james bond film december 23, 2014 8:32 am. golden globes to be telecast on ...
next	 	http://www.hfpa.org/-Home 2015 - Golden Globe Awards Official Website	 christoph waltz talks about the next james bond film december 23, 2014 8:32 am. golden globes to be telecast on ...
next	 	http://www.hfpa.org/-Home 2015 - Golden Globe Awards Official Website	 christoph waltz talks about the next james bond film december 23, 2014 8:32 am. golden globes to be telecast on ...
next	 	http://www.next-in.com/-Next-In	 וקרב ןר םשל הנועה הנפואב בוט םעט םע םוחש רברבג 1999 תנשב .ןדירפ-ינבואר םע ףותישב next-in לטיגידה ...
next	 	http://www.spanishdict.com/translate/next-Next in Spanish | English to Spanish Translation and ...	 Translate Next in Spanish. Get the most accurate English to Spanish translations. Fast. Easy. Free.
next	 	http://www.wordreference.com/enit/next-next - Dizionario inglese-italiano WordReference	 next - Traduzione del vocabolo e dei suoi composti, e discussioni del forum. WordReference.com | Online Language Dictionaries. English-Italian Dictionary | next
next	 	http://www.quidco.com/next-online-shopping/-Next Online Shopping offers & cashback	 The Latest Next Online Shopping Voucher Codes, Cashback & Discount Codes Available at Quidco. Use FREE Next Online Shopping Vouchers & Get Money Back on Your Purchases.
next	 	http://www.videonext.com/-videoNEXT - Home	 Video Next. About Us. About videoNEXT; The videoNEXT Advantage; Leadership Team >>> James Hunt, Chairman; Chris Gettings, President & CEO; Andriy Fomenko, VP & CTO;
next	 	http://nextgen.apps.sparcc.org/-Assessments The Next Generation	 Free online resources to help schools and students prepare for technology-enhanced, next generation assessments such as those developed by PARCC and Smarter Balanced.
next	 	http://www.nextmovesacramento.org/-Next Move Sacramento	 Next Move operates The Family Shelter, 30-day shelter that serves families with children and single women. It’s one of only two shelters in Sacramento County that ...
next	 	http://www.whosnext.com/-Who’s Next Paris	 NEW THIS SEASON From labels exhibiting for the first time at Who's Next & Premiere Classe to young brands. Read more
next	 	http://www.youtube.com/watch?v=vb9_BHZ2VXM-NEXT trailer - YouTube	 NEXT trailer - YouTube ... nicholas cage
next	 	http://www.nextlevelguitar.com/-Next Level Guitar Lessons - Learn How To Play Guitar from ...	 Next Level Guitar - Online guitar lessons covering electric and acoustic guitar. Learn to play guitar online with our structured learning to play guitar system.
next	 	http://nextadventure.net/-Next Adventure	 Next Adventure is Portland's alternative outdoor store. Find the best selection of apparel, climbing, kayaking, paddling, snowboarding, skiing, hiking, camping, and ...
next	 	http://www.next-mill.com/-Next Millennium- Treasures For The Soul! Metaphysical ...	 The Next Millennium Mystical Books and Gifts. Treasures For The Soul. Welcome! Follow us on Facebook:
next	 	http://www.boxofficemojo.com/movies/?id=next.htm-Next (2007) - Box Office Mojo	 Next summary of box office results, charts and release information and related links.
next	 	http://www.next2newauto.com/-Next 2 New Auto - Next2New: Sioux Falls, SD | Used Auto ...	 Next2New Automotive Sales & Service in Sioux Falls, SD wants to welcome you to our family of customers! We want your vehicle buying experience to be an enjoyable ...
next	 	http://help.next.co.uk/-NEXT - Help information	 NEXT online help information . Website FAQ's. How do I Sign In to my account? Track My Order; How Do I Shop The Directory? How Do I Order an eVoucher?
next	 	http://www.nextflowers.co.uk/-Next – Flowers and Gift Cards delivered next day	 Shop for beautiful flowers and plants for all occasions at nextflowers.co.uk. Order before 7pm for next day delivery. Buy flowers online today!
next	 	http://www.nextvista.org/-Next Vista for Learning	 Contests. Our fall contest, Creative Fire, is closed! We will start voting for finalists and contest winners in the next few weeks. Right now, we're hard at work ...
next	 	http://www.nextlevelathlete.com/-Next Level Athlete - Home	 Recruiting made easy. Scouting starts with video. Learn how Next Level Athlete is enhancing the recruiting process through Virtual Evaluations.
next	 	http://www.nextgov.com/-Federal Technology News and Analysis for IT Managers ...	 Issue Brief The Next Generation of Cloud Security // Read more Insight Report The Competitive Landscape of Federal IT Procurement // Learn more FREE NEWSLETTERS ...
next	 	http://www.nextcompany.com/-Next Company Modelagency	 Next Company Modelagency CONTACT Next Company Modelmanagement, Vienna. Next Company Modelagency CONTACT ...
next	 	http://www.nextlighting.com/-Welcome to NEXT Lighting	 NEXT Lighting Corp. was founded in San Francisco in 2009 with a vision to develop environmentally friendly lighting solutions for the mass market. NEXT Lighting is ...
next	 	http://www.nextvideosoft.com/-Next Video Converter Free, Next DVD Ripper, Free DVD ...	 Video Converters Next Video Converter. Converting all popular video formats to AVI, MPEG4, MP4, FLV , MP3, WAV, etc. with high quality and high speed.
next	 	http://experiences.next.co.uk/-Next	 © Next Retail Ltd. All rights reserved. next.co.uk The Company Media / Press. Help Sizing Guides Find A Store. Privacy Policy Terms & Conditions Accessibility.
next	 	http://www.nextgenerationnepal.org/-Next Generation Nepal - Home	 Next Generation Nepal rebuilds family connections torn apart by child trafficking and helps rural communities become stronger, ... by NGN co-founder Conor Grennan.
next	 	http://www.michaelcrichton.net/books-next-history.html-MichaelCrichton.com | Next	 We spotlight Michael Crichton's NEXT at The Official Site of Michael Crichton.
next	 	http://www.nextdomesticappliances.co.uk/-Next - Kitchen Appliances - Dishwashers to Fridges ...	 Shop for kitchen appliances at Next. View our wide range of energy efficient appliances online. Next day delivery is available if you order before 10pm.
next	 	http://nexthome.com/-NextHome	 Home; Franchise; Agents; Trending; Login Phone: 855.925.6398. What Is NextHome? The Future of Real ... Are you NEXT? I'm Next. Send Message. Made with in California
next	 	http://www.imdb.com/title/tt0293815/-Friday After Next (2002) - IMDb	 Share this Rating. Title: Friday After Next (2002) 5.8 /10. Want to share IMDb's rating on your own site? Use the HTML below.
next	 	http://blogs.wsj.com/digits/2015/01/06/does-a-twitter-yahoo-tie-up-make-sense/-Does a Twitter-Yahoo Tie-Up Make Sense? - Digits - WSJ	 next Back to Your Roots: ETEAQ's Tree Tracker App 3:03 Dog Whisperer Cesar Millan Death Rumors Debunked 2:46 Could Artificial Intelligence Revamp Health ...
next	 	http://www.nextinnovations.net/-Next Innovations LTD	 Next Innovations Custom Fabrication, High Quality Wholesale Metal Wall Art, Custom Signs, Lawn and Garden Art, Made in USA, Wind Spinners, Home and Garden Decor.
next	 	http://www.tlc.com/tv-shows/next-great-baker-Next Great Baker: TLC - TLC "Full Episodes, Schedules ...	 Next Great Baker is a competitive baking show that offers a $100,000 cash prize and a job at Cake Boss Cafe. Tuesdays at 9/8c.
next	 	http://nextgenerationrealty.com/-Next Generation Realty	 Next Generation Realty is one of the nation's fastest-growing flat fee real estate company. Some day all real estate will be bought and sold this way.
next	 	https://www.churchnext.tv/-ChurchNext	 Toggle navigation. ChurchNext Home; Gift Subscriptions; Blog ... Browse Catalog; Subscribe; The Big Class; Sign in; Help
next	 	http://nextjobathome.com/-Next Job at Home	 Get ready for your next job at home! Starting work-at-home is fast, easy and free to do.
next	 	http://nexttrip.com/-Next Trip	 Looking for a vacation destination? NextTrip will help you find it!
next	 	http://nextgenerationone.com/-Next Generation Vending – Vending – OCS – Micro Markets	 On Friday, May 16, 2014 Next Generation Vending, LLC completed a series of transactions which resulted in the sale of all of its vending, micro mart, food service ...
next	 	http://www.nextmodels.ca/-NEXT Canada	 Next Models Canada - Modelling Agency in Toronto, Montreal and Vancouver
next	 	http://ww2.kdl.org/libcat/whatsnext.asp-KDL What's Next® Database - Kent District Library	 Our What's Next ®: Books in Series database helps you search series fiction. A series is two or more books linked by character(s), settings, or other common traits.
next	 	http://www.hfpa.org/-Home 2015 - Golden Globe Awards Official Website	 christoph waltz talks about the next james bond film december 23, 2014 8:32 am. golden globes to be telecast on ...
next	 	http://www.hfpa.org/-Home 2015 - Golden Globe Awards Official Website	 christoph waltz talks about the next james bond film december 23, 2014 8:32 am. golden globes to be telecast on ...
next	 	http://www.hfpa.org/-Home 2015 - Golden Globe Awards Official Website	 christoph waltz talks about the next james bond film december 23, 2014 8:32 am. golden globes to be telecast on ...
next	 	http://www.hfpa.org/-Home 2015 - Golden Globe Awards Official Website	 christoph waltz talks about the next james bond film december 23, 2014 8:32 am. golden globes to be telecast on ...
next	 	http://www.hfpa.org/-Home 2015 - Golden Globe Awards Official Website	 christoph waltz talks about the next james bond film december 23, 2014 8:32 am. golden globes to be telecast on ...
next	 	http://www.hfpa.org/-Home 2015 - Golden Globe Awards Official Website	 christoph waltz talks about the next james bond film december 23, 2014 8:32 am. golden globes to be telecast on ...
next	 	http://www.hfpa.org/-Home 2015 - Golden Globe Awards Official Website	 christoph waltz talks about the next james bond film december 23, 2014 8:32 am. golden globes to be telecast on ...
next	 	http://www.hfpa.org/-Home 2015 - Golden Globe Awards Official Website	 christoph waltz talks about the next james bond film december 23, 2014 8:32 am. golden globes to be telecast on ...
next	 	http://www.hfpa.org/-Home 2015 - Golden Globe Awards Official Website	 christoph waltz talks about the next james bond film december 23, 2014 8:32 am. golden globes to be telecast on ...
