offshore	 	http://www.thefreedictionary.com/offshore-offshore - definition of offshore by The Free Dictionary	 off·shore (ôf′shôr′, ŏf′-) adj. 1. Moving or directed away from the shore: an offshore wind. 2. a. Located at a distance from the shore: an offshore mooring ...
offshore	 	http://en.wikipedia.org/wiki/Offshore-Offshore - Wikipedia, the free encyclopedia	 Offshore may refer to: Contents 1 Finance and law 2 Technology 3 Arts 4 Other uses 5 See also Finance and law Offshoring, active movement of companies to offshore ...
offshore	 	http://www.off-shore.net/-Offshore Company Registration and Bank Accounts for ...	 Offshore company registration in low tax jurisdictions. Register international offshore bank account with internet banking.
offshore	 	http://offshoreguides.com/-THE ORIGINAL GUIDE to Offshore Jobs at Oil fields, on Oil ...	 Your Pathway to High Paying Offshore Oil Rig Jobs! Offshore Guides, LLC. Join us today and we will help you to get the job you want!
offshore	 	http://dictionary.reference.com/browse/offshore-Offshore | Define Offshore at Dictionary.com	 We drop anchor about a mile offshore from a popular beach. Researchers say this longtime bane of offshore drilling is more cost-efficient than wind and solar.
offshore	 	http://www.indeed.com/q-Offshore-l-Louisiana-jobs.html-Offshore Jobs, Employment in Louisiana | Indeed.com	 332 Offshore Jobs available in Louisiana on Indeed.com. one search. all jobs.
offshore	 	http://www.offshoreale.com/-Offshore Ale Co. | Martha's Vineyard Massachusetts	 Offshore Ale Company brewery and restaurant on Martha's Vineyard Island. Open 7 days a week in downtown Oak Bluffs. Year-round since 1997.
offshore	 	http://www.nws.noaa.gov/om/marine/zone/wrdoffmz.htm-NWS Offshore Marine Forecasts by Zone - National Weather ...	 OFFSHORE WATERS forecasts are subdivided by zone, ... This is NOT a complete listing of National Weather Service marine forecast products.
offshore	 	http://offshore.ai/-Offshore Information Services Ltd.	 Offshore Information Services Ltd is an Internet provider for people wanting to run an Internet business offshore. We do domain hosting and co-location.
offshore	 	http://offshorerestaurant.com/-The Offshore Restaurant - Casual Dining at the Jersey Shore	 The Offshore Restaurant Pub and Bar, Casual Dining at the Jersey Shore, Point Pleasant Beach, NJ
offshore	 	http://www.offshore-interactive.com/-Offshore	 OFFSHORE, an interactive documentary about the next chapter of oil exploration and exploitation
offshore	 	http://www.kingfisherboats.com/off-shore/-Offshore Series | KingFisher Boats	 Offshore Series. These days big fish can vary widely offshore. Deep water anglers go where the fish are, near or far. That has made the KingFisher Offshore series ...
offshore	 	http://en.wikipedia.org/wiki/Offshore_wind_power-Offshore wind power - Wikipedia, the free encyclopedia	 Offshore wind power refers to the construction of wind farms in bodies of water to generate electricity from wind. Stronger wind speeds are available offshore ...
offshore	 	http://www.off-shore.co.uk/-Offshore Banking, Tax Haven Offshore Company Formation ...	 OBN Limited (Offshore Banking Navigator) - is a licensed offshore service provider which offers tax free company and private foundation formations.
offshore	 	http://callofduty.wikia.com/wiki/Off_Shore-Off Shore - The Call of Duty Wiki - Black Ops II, Ghosts ...	 Offshore is a multiplayer map in Call of Duty: Modern Warfare 3. It is part of Content Pack 7...
offshore	 	http://offshoresatelliteservices.com/-Offshore Satellite Services, Inc.	 Offshore Satellite Services Post Office Box 558, Allenwood NJ 08720 Phone 732.800.3017 · Fax 732.722.7659 · Toll Free 855.OSS.TEMP · Email captlen@ ...
offshore	 	http://www.basspro.com/Offshore-SidePlaner/product/37420/-Offshore Side-Planer | Bass Pro Shops	 Shop the Boating department for Offshore Side-Planer today from Bass Pro Shops, your #1 source for quality.
offshore	 	http://www.offshoreanimalhospital.com/-Offshore Animal Hospital | Caring for Nantucket’s Pets ...	 Offshore Animal Hospital of Nantucket is a full service year round veterinary hospital. It is our commitment to provide quality medical care for the life of your pet ...
offshore	 	http://www.houston-offshore.com/-Houston Offshore Engineering - Marine Engineering, Naval ...	 Houston Offshore Engineering provides expert engineering services to support offshore oil and gas developments. Our projects range from conceptual studies which help ...
offshore	 	http://www.orcanetwork.org/nathist/offshores.html-Orca Network - Offshore orcas	 See: Dalheim, Marilyn, Alisa Schulman-Janiger, Nancy Black, Richard Tenullo, Dave Ellifrit, Kenneth C. Balcomb, III (2008), Eastern temperate North Pacific offshore ...
offshore	 	http://www.offshore-unlimited.com/-Off Shore Marine - Henderson, Nevada, Advantage ...	 Offshore Marine, Henderson, Las Vegas, NV, Dealer, Used, Boat, Advantage, Alumacraft, Chaparral, Larson, Mercury, Premier, Robalo, Tige, Shop Online, Schedule Service ...
offshore	 	http://www.indeed.com/jobs?q=off-shore,+offshore-Off-shore, Offshore Jobs, Employment | Indeed.com	 267 Off-shore, Offshore Jobs available on Indeed.com. one search. all jobs.
offshore	 	http://offshoresimple.com/-Offshore Companies | Offshore Banking | Merchant Accounts ...	 Provides offshore banking, second passports, and administration services.
offshore	 	http://www.offshoreenergytoday.com/-Offshore Energy Today | The offshore oil and gas industry ...	 19th annual Offshore West Africa 20/01/2015 - 22/01/2015. Offshore West Africa conference and exhibition will yet again provide a platform for technology exchange and ...
offshore	 	http://www.offshorepursuits.com/-Cape Cod Fishing Reports, Bluefin Tuna Reports, and ...	 Your source for Cape Cod Fishing Reports, Bluefin Tuna Fishing Reports, Bluefin Tuna news, Fishing Charters, and offshore Pursuits Premium Tackle
offshore	 	http://www.livescience.com/32614-why-is-offshore-drilling-so-dangerous-.html-Why Is Offshore Drilling So Dangerous? - LiveScience.com	 Offshore drilling has been conducted at increasingly deeper and farther off shore sites in recent years, as shallow fossil fuel reserves and near-shore drilling ...
offshore	 	http://www.offshoresailing.com/-Offshore Sailing School – The Best Sailing Lessons at ...	 Offshore Sailing School is America’s #1 Sailing School® offering all levels of Sailing Lessons. Discover the Colgate Sailing School difference today!
offshore	 	http://www.superlas.com/en/products/off-shore-21/-Off Shore - Products - SUPERLAS - global leader in mandrel ...	 Superlas petrochemical range of hoses for transfer of fuel, petroleum, chemical and derivative products for offshore, tanker, truck and bunker applications.
offshore	 	http://www.offshoresurf.com.au/-Offshore Surf Shop - Moruya and Broulee. South Coast NSW	 W elcome to Offshore – the leading Surf Stores on the NSW South Coast. Providing excellent service on an awesome range of the best products in all things surf.
offshore	 	http://offshoresensations.com/-Offshore Sensations - Boat Charters & Trips - Anguilla St ...	 Offshore Adventures - Boat Charters from St Martin to Anguilla & St Barts, stops at Shoal Bay, Scrub Island, Scilly Cay and lots more, Snorkeling equipment provided!
offshore	 	http://www.ehow.com/about_6679730_off-shore-banking_.html-What Is Off Shore Banking? | eHow - eHow | How to ...	 What Is Off Shore Banking?. Offshore banking may have a reputation as a practice of criminals but if done correctly, it is perfectly legal. There are ...
offshore	 	http://www.boatcovers.com/Off-Shore-Center-Console-boat-covers-51.html-Off-Shore Center Console Styled to Fit Covers	 Off-Shore Center Console. Offshore fishing boats with large cockpits, center consoles, and high bow rails. For boats with bow pulpits add the length of pulpit to ...
offshore	 	http://www.dragadosoffshore.com/-Dragados OFFSHORE	 New Statoil contract secured for Dragados Offshore. Puerto Real, January 2nd, 2013. Statoil has awarded the contract for the Mariner jacket project to Dragados ...
offshore	 	http://dnv-containers.com/-DNV Containers | DNV Reefers | Refrigerated Containers ...	 DNV offshore containers for sale and hire. Built to full DNV 2.7-1/EN 12079-1 specification. New containers built to customers unique specification. Call + 44 1375 ...
offshore	 	http://www.kalyanoffshore.com/-Kalyan Offshore	 Kalyan Offshore is a full-service marine service provider with state-of-the-art technology and equipment, and experienced crews.
offshore	 	http://forums.offshoreelectrics.com/forum.php-Offshore Electrics Forums	 Welcome to The OffshoreElectrics (OSE) RC Electric Boating Forum! Please take a moment to read this. OSE is a tight knit community of like minded rc boating ...
offshore	 	http://www.usatoday.com/story/news/nation/2014/02/26/offshore-wind-farms-tame-hurricanes/5813425/-Offshore wind farms can tame hurricanes, study finds	 Offshore wind farms can tame hurricanes, study finds. Much of the billion-dollar damage from mega-storms Katrina and Sandy could have been avoided with a ...
offshore	 	https://twitter.com/OffShoreTackle-Off Shore Tackle LLC (@offshoretackle) | Twitter	 The latest Tweets from Off Shore Tackle LLC (@offshoretackle). Your Leader in Trolling Technology. Port Austin, Michigan
offshore	 	http://www.ridersoffshore.com/-Genuine Race Visors, Pinlock, Motorcycle Helmets	 Riders Offshore, Official UK supplier of Motorcycle Helmets, Genuine Helmet visors, jackets, trousers, boots, gloves and a large range of Motorcycle Accessories. All ...
offshore	 	http://www.boem.gov/Renewable-Energy-Program/Renewable-Energy-Guide/Offshore-Wind-Energy.aspx-Offshore Wind Energy | BOEM	 Offshore Wind Energy. The first offshore wind project was installed off the coast of Denmark in 1991. Since that time, commercial-scale offshore wind facilities have ...
offshore	 	http://texasfishn.com/-Texas Fishing, Port Aransas Charters, Texas Deep Sea ...	 Private Charter Deep Sea Fishing Boats for you and your own private group to fish offshore in the Gulf of Mexico out of Port Aransas Texas.
offshore	 	http://www.parkerdrilling.com/-Parker Drilling	 Worldwide company which provides offshore and onshore contract drilling and drilling-related services. (NYSE: PKD)
offshore	 	http://oparacing.org/-OPA Racing	 There is probably no single race more famous than The Benihana Offshore Grand Prix. This race was known as the Indy 500 of Offshore Racing and was held in Point ...
offshore	 	http://www.offshoremarina.com/rentals-Bullfrog Marina Rentals - Lake Powell - Off Shore Marina	 Bullfrog Marina Rentals - Lake Powell from Offshore Marina . Make the perfect addition to your Lake Powell trip to Bullfrog Marina with boat rentals from Offshore Marina.
offshore	 	http://www.stclairrace.com/-BWORA St Clair River Classic	 Welcome to the home of Blue Water Offshore Racing Association and The St. Clair River Classic Offshore Powerboat Race 2013 Race Dates - July 25 to July 28, 2013
offshore	 	http://www.seacormarine.com/careers_offshore.html-Offshore Positions - SEACOR Marine	 For offshore position openings, please refer to "Current Openings" page link on the left. SEACOR Marine has a wide range of offshore positions which can lead to great ...
offshore	 	http://www.offshorecompany.com/-Offshore Company Formation, Bank Accounts, Asset ...	 Offshore Company Formation - Learn how to use offshore legal structures to provide Asset Protection and financial privacy through Offshore Bank Accounts, Trusts and ...
offshore	 	http://www.off-shore-company.org/-Benefits Off-shore Company and Off-shore Company Formation	 Off-shore company formation is a business activity that is carried on through offshore service providers. These services providers are usually referred to agents and ...
offshore	 	http://offshoresimple.com/delaware.htm-Delaware incorporations $559/$99, Simple only with ...	 Delaware incorporations is simple with OffshoreSimple.com, nominee directors, offshore incorporations, tax havens, off-shore banking, off shore companies, trusts, all ...
offshore	 	http://weatherblog.abc7news.com/2008/09/q-from-what-dir.html-abc7news.com Weather Blog: "Onshore" & "Offshore" Wind	 Why is ONSHORE and OFFSHORE so confusing? Winds are USUALLY designated by the direction of origination - this is not the case with ONSHORE or OFFSHORE.
offshore	 	http://www.outsidethebeltway.com/mitt-romneys-offshore-bank-accounts/-Mitt Romney's Offshore Bank Accounts - Outside The Beltway ...	 At least some of Mitt Romney''s investment money sits in offshore accounts in the Cayman Islands. Does it matter?
offshore	 	http://www.goccp.com/-Offshore Company Formation - Caribbean Citizenship Program	 CCP Inc. - Dominica registered agent provide confidential offshore financial and company formation services. Low-cost off-shore Corporation can be set up online, we ...
offshore	 	http://it.wikipedia.org/wiki/Societ%C3%A0_offshore-Società offshore - Wikipedia	 Il termine società offshore (o off-shore) identifica una società registrata in base alle leggi di uno stato estero, ma che conduce la propria attività al di fuori ...
offshore	 	http://www.staubli.com/en/connectors/market-solutions/oil-gases-offshore/-Connectors, quick couplings for submarine and offshore ...	 Connection solutions for the offshore oil and gas industry. Flush face, non-spill technology . Stäubli offers connection systems developed specifically for offshore ...
offshore	 	http://offshoretampabay.com/-Off Shore Tampa Bay on Charter Boat Two C'S II| Florida ...	 Deep sea fishing Clearwater Florida. Offshore fishing for grouper, snapper, shark, amberjack, and more. Affordable fishing for you and your family. over 27 years ...
offshore	 	http://www.staubli.com/en/connectors/market-solutions/oil-gases-offshore/-Connectors, quick couplings for submarine and offshore ...	 Connection solutions for the offshore oil and gas industry. Flush face, non-spill technology . Stäubli offers connection systems developed specifically for offshore ...
offshore	 	http://worldoffshorebanks.com/caymanoffshorebanks.php-Cayman Islands Offshore banks, Private, wealth management ...	 Cayman Islands offshore banks, private banks, international banks & the services they provide including asset management, trust services, custody services. Banking ...
offshore	 	http://www.charterspensacolabeach.com/Pensacola-Deep-Sea-Fishing-Charters/offshore-fishing.php-Off Shore Fishing Charters From Pensacola Beach, FL	 Are you looking for a Offshore Fishing Charter from Pensacola Beach? Charters are available for 1 to 6 passengers and offer the fishing experience of a life time!
offshore	 	http://it.wikipedia.org/wiki/Societ%C3%A0_offshore-Società offshore - Wikipedia	 Il termine società offshore (o off-shore) identifica una società registrata in base alle leggi di uno stato estero, ma che conduce la propria attività al di fuori ...
offshore	 	http://www.chevrontraining.ie/offshore-training-courses/index.html-Offshore Training Courses - Chevron Training | Off-shore ...	 Offshore Training - Minimum Industry Safety Training (MIST) and Basic Offshore Safety Induction and Emergency Training (BOSIET) Courses from Specialist Trainers.
offshore	 	http://es.wikipedia.org/wiki/Offshore-Offshore - Wikipedia, la enciclopedia libre	 Offshore u offshoring es un término del idioma inglés que literalmente significa "en el mar, alejado de la costa", pero es comúnmente utilizado en diversos ...
offshore	 	http://www.maineoceanadventures.com/maine-deep-sea-fishing/off-shore-fishing-in-maine/-Offshore Fishing on the Maine Coast – Portland, Maine ...	 Offshore Fishing | Deep Sea Fishing. Maine deep sea fishing is primarily an off-shore fishing trip where we will go up to 45 miles offshore in search of monster fish.
offshore	 	http://www.sovereignlife.com/-Offshore Banking, Investment and Asset Protection Solutions	 Free Information on offshore bank accounts, offshore investing and asset protection - providing an introduction to the opportunities available offshore.
offshore	 	http://www.vettanna.com/testing/off_shore.shtml-Off Shore Testing - OFFSHORE SOFTWARE TESTING SERVICES	 Off Shore Testing. Save 30 - 40% with Vettanna trained offshore testers. Vettanna has partnered with testing companies in India, Ireland and China to provide you with ...
offshore	 	http://www.offshore-recordings.com/-Offshore Recordings	 Offshore Recordings
offshore	 	http://www.gonorthpromotions.com/event/off-shore-power-boat-racing/-Off Shore Power Boat Racing | Go North Promotions	 Wow! They're back again!.. but this year the Bay of Islands has been confirmed as an official round in the NZ Offshore Powerboat Championships. This promises
offshore	 	http://topics.nytimes.com/top/reference/timestopics/subjects/o/offshore_banking/index.html-Offshore Banking News - The New York Times	 News about Offshore Banking. Commentary and archival information about Offshore Banking from The New York Times.
offshore	 	http://www.irishexaminer.com/ireland/harney-i-didnt-halt-off-shore-tax-probe-300810.html-Harney: I didn't halt off-shore tax probe | Irish Examiner	 Former tánaiste Mary Harney last night denied she halted a probe into offshore tax accounts because prominent PD Des O’Malley’s name was on a list of people ...
offshore	 	http://www.ocra.com/services/offshore_companies.asp-Offshore Companies and International Business - OCRA Worldwide	 Offshore companies are used for the structuring of international business and family wealth management or tax planning
offshore	 	http://pt.wikipedia.org/wiki/Offshore_(para%C3%ADso_fiscal)-Offshore (paraíso fiscal) – Wikipédia, a enciclopédia ...	 Chamam-se popularmente de offshores as contas bancárias e empresas abertas em paraísos fiscais , geralmente com o intuito de pagar-se menos impostos do que no país ...
offshore	 	http://gevrilgroup.com/offshore-limited-watches/-Offshore Limited Watches - Affordable Luxury, Swiss and ...	 Offshore Limited Watches. Going to Extremes to Please the Adventurous Among Us. There is nothing subtle about an Offshore Limited watch. Everything about this ...
offshore	 	http://www.economist.com/node/18065645-Brazil's offshore oil: In deep waters | The Economist	 Brazil's offshore oil In deep waters Extracting the black gold buried beneath the South Atlantic will be hard. Spending the profits wisely will be harder
offshore	 	http://www.ehow.com/how_4494121_open-offshore-bank-account.html-How to Open an Offshore Bank Account | eHow	 How to Open an Offshore Bank Account. Offshore bank accounts provide attractive benefits like higher interest rates, tax havens, anonymity and freedom from ...
offshore	 	http://boulez33.tumblr.com/-Find-out-that-Off-Shore-Bonby-Banking-Accounts	 The Internet site is at this point under development, make sure you pay a visit in the next days. Should you desire to Find out More in the subject of Offshore Banking.
offshore	 	http://www.bostonglobe.com/business/2013/07/31/feds-auction-off-shore-wind-energy-leases/FXLEM0zc762i8rRZFlgcoM/story.html-Feds auction off-shore wind energy leases - Business - The ...	 A New England company has successfully bid $3.8 million for the rights to develop offshore wind farms in nearly 165,000 acres of specially designated ...
offshore	 	http://quinta-offshore.com/-Off-Shore luxury villas in Quinta do Lago	 Off-Shore luxury villas in Quinta do Lago. The majority of property in Quinta do Lago is owned within an offshore company and the benefits to wealthy owners are ...
offshore	 	http://big4offshore.com/-Big 4 Offshore Fishing Tournament	 Big 4 Offshore Fishing Tournament is Latest Victim of Gulf Oil Spill in Florida CARRABELLE, FL (July 23, 2010) – The Big 4 Offshore Fishing Tournament, one of ...
offshore	 	http://kolmetz.com/pdf/ess/PROJECT_STANDARDS_AND_SPECIFICATIONS_offshore_electrical_systems_Rev01.pdf-OFF SHORE ELECTRICAL SYSTEMS (PROJECT STANDARDS AND ...	 KLM Technology Group Project Engineering Standard OFFSHORE ELECTRICAL SYSTEMS (PROJECT STANDARDS AND SPECIFICATIONS) Page 2 of 120 Rev: 01 April 2011 EQUIPMENT 28
offshore	 	https://www.itchimes.com/off-shore-it-staffing.html-Off-Shore Staffing Services and Development Company,Hire ...	 IT Chimes is a leading offshore staffing solutions provider, outsourcing software and technical expertise to clients and industries across the globe.
offshore	 	http://kolmetz.com/pdf/ess/PROJECT_STANDARDS_AND_SPECIFICATIONS_offshore_electrical_systems_Rev01.pdf-OFF SHORE ELECTRICAL SYSTEMS (PROJECT STANDARDS AND ...	 KLM Technology Group Project Engineering Standard OFFSHORE ELECTRICAL SYSTEMS (PROJECT STANDARDS AND SPECIFICATIONS) Page 2 of 120 Rev: 01 April 2011 EQUIPMENT 28
offshore	 	https://www.itchimes.com/off-shore-it-staffing.html-Off-Shore Staffing Services and Development Company,Hire ...	 IT Chimes is a leading offshore staffing solutions provider, outsourcing software and technical expertise to clients and industries across the globe.
offshore	 	http://big4offshore.com/-Big 4 Offshore Fishing Tournament	 Big 4 Offshore Fishing Tournament is Latest Victim of Gulf Oil Spill in Florida CARRABELLE, FL (July 23, 2010) – The Big 4 Offshore Fishing Tournament, one of ...
offshore	 	http://www.slogold.net/-Offshore companies set up and financial services | Slogold	 We offer offshore services worldwide such as gambling licenses, bank accounts, trust companies, registrations and other benefits of set up a company in offshore ...
offshore	 	http://www.wxyz.com/about-us/as-seen-on/off-shore-boat-racing-at-the-st-clair-riverfest-Off-shore boat racing at the St. Clair Riverfest - WXYZ.com	 ST. CLAIR, Mich. (WXYZ) - Boat racing fun continues next weekend at the St. Clair Riverfest at Palmer Park. This offshore boat race has been a tradition in Southeast ...
offshore	 	http://offshorejobs.page.tl/-Off Shore Jobs - Offshore Jobs - Home	 Offshore oil jobs competition is very competitive now days. You have to try some tips how to get your CV better and better to attract the attention of potential employer.
offshore	 	http://www.offshorecoastal.com/-Offshore Coastal Home Page	 Offshore & Coastal Technologies, Incorporated - East Coast (OCTI-E) is a unique engineering consulting firm which specializes in coastal, ocean and ice ...
offshore	 	http://off-shore-banking-list.blogspot.com/-Off Shore Banking List	 WHO ARE THE GOOD OFFSHORE BANKS AND WHO ARE THE BAD ONES? Discussion gtoup on 'Off Shore Banking' - NEW! Be welcome.... As widely known, one of the weak spots of ...
offshore	 	http://www.greenwgroup.com/diploma-in-offshore-safety-Diploma in Off shore safety management course, Basic ...	 Diploma in Offshore Safety is a safety program initiated by the Government of India that deals with Occupational Safety issues associated with Offshore work activity.
offshore	 	http://it.wikipedia.org/wiki/Offshore-Offshore - Wikipedia	 Offshore (it. al largo, in mare aperto) può avere diversi significati: In finanza una società offshore indica imprese fittizie create in centri finanziari con un ...
offshore	 	http://www.goccp.com/ENG/off-shore_ready_made_companies/ready_made_offshore_companies/offshore_of_the_shelf_companies/ready_made_corporations_offshore_shelf_companies_offshore_shelf_corporations.htm-Offshore Shelf Companies: Choose an Offshore Shelf Company ...	 Among the solutions out there, offshore shelf companies continue to be a number one choice of smart investors who want a quick start. Offshore shelf company formation ...
offshore	 	http://www.effectiveoffshore.ie/-Effective Offshore Training Ireland | Oil, Gas ...	 Effective Offshore Training Ireland's premier offshore health and safety training provider. Effective Offshore Ltd specialises in training and preparing people for ...
offshore	 	http://www.rodnreel.com/dauphin/-Dauphin Island Off Shore Fishing - Mike Lane's Louisiana ...	 Dauphin Island Offshore Fishing offers guided fishing trips from Dauphin Island Alabama and Venice Louisiana
offshore	 	http://offshore-online.net/offshore+off-shore+incorporation+online+on-line.htm-Offshore off-shore off shore incorporation online	 Offshore Debit Card, Offshore Debit Cards, Free Offshore Bank Account, Offshore Bank Account, Online Offshore Bank Account, Offshore Merchant Accounts, Offshore ...
offshore	 	http://www.rodnreel.com/dauphin/-Dauphin Island Off Shore Fishing - Mike Lane's Louisiana ...	 Dauphin Island Offshore Fishing offers guided fishing trips from Dauphin Island Alabama and Venice Louisiana
offshore	 	http://www.galvinfo.com/Thermal_Spraying/cp_os_wind_apps.html-Corrosion Protection for Off-Shore Wind Energy Applications	 Corrosion Protection for Off-Shore Wind Energy Applications Typical Corrosion Problem Areas of Offshore Wind Towers. If not dealt with properly corrosion can put the ...
offshore	 	http://www.huffingtonpost.com/2012/07/22/super-rich-offshore-havens_n_1692608.html-Super-Rich Hold Up To $32 Trillion In Offshore Havens: Report	 LONDON, July 22 (Reuters) - Rich individuals and their families have as much as $32 trillion of hidden financial assets in offshore tax havens ...
offshore	 	http://www.offshoreformations.co/-Setting up offshore company | Offshore Company Set up	 We do all the work for you so setting up an offshore company is easy with our low cost offshore company formation service. We can assist with offshore company ...
offshore	 	http://www.exploringsarasota.org/off-shore-racing.html-Sarasota Off-Shore Racing Information - visitor guide ...	 Sarasota Florida’s Suncoast Super Boat Grand Prix is attended by thousands of race fans who gather on Sarasota beaches to watch the world’s fastest offshore class ...
offshore	 	http://www.barbados.org/offshore_banking.php-Barbados Business - Offshore Banking	 Barbados' reputation as a sound center for offshore banking, attractive tax incentives, special exemptions and high quality of professional services make it a prime ...
offshore	 	http://www.theoffshorebankaccount.com/Offshore-Accounts/Off-Shore-Banking.html-Off Shore Banking - Offshore Bank Account - Offshore Bank ...	 Off Shore Banking takes a look at a number of the benefits of using offshore accounts for individuals and businesses.
offshore	 	http://www.offshore-companies-in-dominica.com/-Dominica Companies: Offshore Company Formation Services ...	 Dominica Companies: Offshore Company Formation Services Online! Dominica is one of the best offshore tax havens in the Caribbean, which offers a safe and legitimate ...
offshore	 	http://www.politico.com/news/stories/0509/22094.html-Barack Obama targets offshore tax havens - Eamon Javers ...	 With a stiff crackdown on offshore tax dodgers announced Monday, President Barack Obama is trying to stay one step ahead of populist outrage over Wall Street excesses ...
offshore	 	http://cleanlinesportfishing.com/fishing-experiences/off-shore-fishing/-Tofino B.C. Offshore Fishing Experience	 Fish for halibut, pacific salmon, lingcod and more with Cleanline's Offshore Fishing Experience. Our advanced sportfishing techniques will reel in a winner!
offshore	 	http://www.politico.com/news/stories/0310/35223.html-President Obama expands offshore drilling - Carol E. Lee ...	 President Barack Obama launched an ambitious plan on Wednesday to lift a decades-long moratorium on offshore oil drilling along the East Coast from Delaware to ...
offshore	 	http://www.4coffshore.com/offshorewind/-Global Offshore Wind Farms Database - 4C Offshore Overview	 An interactive map of over 1000 Global Offshore Wind Farms showing key statistics, companies involved, the offshore wind resource, cabling infrastructure and vessel ...
offshore	 	http://dirty-sexy-sex.tumblr.com/-Off-Shore-Monica-Ballena-Bank-Account - Tumblr	 Extra facilities include a financial and mailing services. Opening some sort of offshore bank amount of puts the particular funds available of harm's way.
offshore	 	http://www.wholesalesuppliesplus.com/Offshore-International-Shipping.aspx-Offshore & International Shipping Policy - Wholesale ...	 Wholesale Supplies Plus welcomes all domestic offshore and international customers. Because of the complexities involved with international and domestic offshore ...
offshore	 	http://financial-dictionary.thefreedictionary.com/Off-Shore+Financial+Center-Off-Shore Financial Center financial definition of Off ...	 Offshore Financial Center. 1. An institution, especially a bank that exists in a foreign country. Colloquially, the term refers to institutions that exist in known ...
offshore	 	http://www.boatersmarine.com/-Home - Boater's Marine	 Boater's Marine (service) 146 Crocket Drive, (Archer Lake) Quincy MI 49082 (517-639-3300) Boater's Marine Offshore (sales) 889 E. Chicago Road (US 12), Quincy MI ...
offshore	 	http://www.doi.gov/news/pressreleases/Salazar-Chu-Announce-Major-Offshore-Wind-Initiatives.cfm-Salazar, Chu Announce Major Offshore Wind Initiatives	 Unveiling a coordinated strategic plan to accelerate the development of offshore wind energy, Secretary of the Interior Ken Salazar and Secretary of Energy Steven Chu ...
offshore	 	http://seriousoffshore.com/forums/-Activity Stream - SeriousOffshore.com - Serious Offshore ...	 SeriousOffshore.com - The Ultimate Destination for Offshore Powerboat Enthusiasts!
offshore	 	http://offshoreip.com/-Offshore IP - Dedicated VPN Proxy IP	 Welcome to Offshore IP, your fast and dedicated link to unblock the internet. Our reliable web proxy gives you total freedom on the internet, from any computer at any ...
offshore	 	http://www.genuinecta.com/Money_Manager_Investing.htm-Guide to IBC's and Off-Shore Banking	 Offshore banking has often been associated with the underground economy and organized crime, via tax evasion and money laundering. However, legally, Off-Shore banking ...
offshore	 	https://www.americanprogress.org/issues/open-government/news/2011/03/16/9215/tax-expenditure-of-the-week-offshore-tax-deferral/-Offshore Tax Deferral | Center for American Progress	 Issues » Open Government. Tax Expenditure of the Week: Offshore Tax Deferral Counting Down the Country’s Biggest Tax Breaks, Week by Week. SOURCE: iStockphoto
offshore	 	http://offshoreinfo.com/offshore_banks_details.htm-offshore banks, formation, off shore banking licences	 offshore banks. This site offers Fast, Reliable, Safe and inexpensive off shore banking, off-shore incorporations in tax havens, administration services worldwide ...
offshore	 	http://offshoreinfo.com/offshore_banks_details.htm-offshore banks, formation, off shore banking licences	 offshore banks. This site offers Fast, Reliable, Safe and inexpensive off shore banking, off-shore incorporations in tax havens, administration services worldwide ...
offshore	 	http://www.newwork.com/Pages/Opinion/Raynor/Outsourcing%20Consequences.html-Outsourcing Consequences	 Articles by Dr. Raynor: Employee Value: An Accounting Paradox Globalization and the Offshore Outsourcing of White-Collar Jobs Outsourcing Jobs Off-Shore: Short and ...
offshore	 	http://www.noosafishing.com/-Noosa Offshore Fishing Sunshine Coast Deep Sea Fishing ...	 Sunshine Coast Deep Sea and Offshore fishing trips and Charters. We have a range of charters and tours from half day trips to exclusive corporate team building treks.
offshore	 	http://www.seslisozluk.net/?word=off-shore-off-shore [lang=tr,en] - Sesli Sozluk	 off-shore : sözlük : dictionary : lang=tr,en ... 17: offshore: Located in another country, especially one having beneficial tax laws
offshore	 	http://www.cnn.com/2008/POLITICS/08/02/campaign.wrap/-Obama says offshore drilling stance nothing new - CNN.com	 Sen. Barack Obama responded Saturday to criticism that he has changed his position on opposing offshore oil drilling.
offshore	 	http://www.washingtonpost.com/wp-dyn/content/article/2010/04/01/AR2010040102800.html-Eric Smith - Offshore oil drilling might make ...	 Indeed, offshore drilling has been seen as taboo for decades. The 1969 Santa Barbara oil spill was a galvanizing moment for environmentalists.
offshore	 	http://www.globalwarming.org/2013/03/13/marylands-off-shore-wind-farm-would-be-more-dangerous-than-you-think/-Maryland’s Off-Shore Wind Farm Would Be More Dangerous ...	 With the Maryland’s Senate passing the Maryland Offshore Wind Energy Act of 2013, it looks as if the U.S. is likely to build its first off-shore wind farm east of ...
offshore	 	http://www.sportsbook-offshore.com/-Offshore Sportsbooks | Best Sportsbooks Offshore | Top ...	 The best offshore sportsbooks and reviews of the sportsbooks that operate offshore. We include sportsbook bonuses, reviews, deposit options, and more for the best ...
offshore	 	http://offshorerods.co.nz/index.html-Offshore -Custom Sportfishing Rods handcrafted by Rodwork ...	 OFFSHORE by RODWORK NZ Ltd. Handcrafted Sportsfishing Rods. Rodwork NZ is a small company owned and operated by Graham and Dianne Case - handcrafting a wide range of ...
offshore	 	http://blogs.wsj.com/washwire/2012/01/19/romney-iras-offshore-investments-helping-his-tax-bill/-Romney IRA’s Offshore Investments: Helping His Tax Bill ...	 By Mark Maremont. Mitt Romney’s campaign has attacked an ABC News report on the candidate’s offshore investments, saying his holdings in the Cayman ...
offshore	 	http://floridakeyscharter.com/-Reel 'N Reef Charters - Florida Keys offshore fishing ...	 Florida Keys Offshore Fishing aboard the Alessa. Experience the finest deep sea trolling for Billfish, Tuna, Dolphin and Wahoo or bottom fishing for Snapper and ...
offshore	 	http://www.incorporatebelize.com/?c=s-Belize Offshore Company Formation	 Welcome! Belize is a classic among the offshore tax havens. Few other offshore jurisdictions offer the range of benefits and features that Belize does.
offshore	 	http://www.bvi-ibc-bvi-company.off-shore.co.uk/-BVI IBC - BVI Companies: BVI Offshore Company Formation ...	 Go ahead and register your company in the BVI today. Waste no more time and start making huge savings on taxes and piling up on profits. BVI offshore companies ...
offshore	 	http://luresoffshore.com/-OFF SHORE LURES - YOUR #1 SOURCE FOR OFFSHORE TROLLING ...	 The popular Ilander Lures are a favorite of serious offshore anglers around the world. Ilander lures can be trolled individuallly, or as accessories to dress up ...
offshore	 	http://www.bigfishingrods.com/off-shore-fishing/off-shore-tackle/-Off Shore Tackle | Big Game Fishing Rods	 New Offshore Custom Tackle 36 SPREADER BAR Mini Smacker Bar TUNA RAINBOW 9 now on sale for $49.99. 2PK OFF SHORE TACKLE OR34 MINI PLANER BOARD REVERSIBLE CRAPPIE ...
offshore	 	http://www.fraudsandscams.com/trustfool4.pdf-Offshore companies, trusts, Off-shore banking center	 Offshore companies, trusts, Off-shore banking center SloGold Inc. specializes in all legal ways in arranging suitable and lawful offshore structuring
offshore	 	http://lisanoelruocco.tumblr.com/-Go-to-such-Off-Shore-Gilston-Bank	 Our Webpage is basically under maintenance, remember to come visit us when it is online. Should you want to discover the best Offshore Bank Accounts.
offshore	 	http://www.thehulltruth.com/sportfishing-charters-forum/421341-off-shore-spinning-reel.html-Off shore spinning reel - The Hull Truth - Boating and ...	 What would be the best spinning reel for the money to keep on my offshore boat for casting to tuna and other large gamefish. I plan on spooling it
offshore	 	http://taxhavenguru.wordpress.com/2013/04/12/off-shore-banking-the-basics/-Off Shore Banking : The Basics | Tax Haven Guru	 Offshore banking can be referred to as doing banking in a country where one does not reside. When this type of banking is done in a tax haven this can then ...
offshore	 	http://roycarrier.com/off.shore.lounge.htm-Roy Carrier's Off Shore Lounge	 The home base for Roy Carrier remains his Offshore Lounge in Lawtell, Louisiana, a legendary Zydeco club (also known as Roy's Club), where yearly, during the ...
offshore	 	http://mexicobeachoffshoreclassic.com/-Mexico Beach Offshore Classic Fishing Tournament | Mexico ...	 Two-day Offshore Fishing Tournament for Wahoo, Dolphin, King Mackerel hosted by Mexico Beach Marina.
offshore	 	http://www.belize.com/offshore-banking-Offshore Banking for those wishing to reduce taxes ...	 Frequently Asked Questions On Offshore Banking. How to open a Belize offshore bank account, form offshore trusts, IBCs, and obtain offshore credit cards.
offshore	 	http://www.offshorewindenergy.org/-Offshore Wind Energy - Information for professionals	 WELCOME TO OWE - THE OFFSHORE WIND ENERGY WEBSITE OWE is an independent source of information for professionals working in the field of offshore wind energy.
offshore	 	http://offshorefinancial.com/-Offshore Financial - Boat Loans, Yacht Financing and ...	 Offshore Financial is your premiere choice for boat loans of all sizes. Low interest rates, quick and easy application and approval process, flexible terms.
offshore	 	http://offshoremotelnj.com/-Off Shore Motel - Motels in Seaside Heights, NJ | Offshore ...	 Offshore Motel in Seaside Heights offer cozy Rooms and are just 1 block from the Blue Atlantic Shore, Beach, and Boardwalk amusements. We are situated a hop away from ...
offshore	 	http://offshoresurfshop.com/-Offshore Surf Shop : Offshore Surf Shop, Carlsbad, California	 Offshore Surf Shop has been on the beach in Carlsbad California since 1970. At South Carlsbad State Beach Offshore Surf Shop has long been a great spot to visit for a ...
offshore	 	http://www.offshore-companies.co.uk/-Offshore Companies House: Offshore Company Formation ...	 At Offshore Companies House (OCH) we provide our clients with the best of offshore services at unbeatable rates. Our range of excellent offshore services includes ...
offshore	 	http://www.ebay.com/sch/i.html?_nkw=offshore+planer+boards-offshore planer boards | eBay - Electronics, Cars, Fashion ...	 Find great deals on eBay for offshore planer boards baby thunderstick. Shop with confidence.
offshore	 	http://www.osga.com/-The Off Shore Gaming Association - your source for ...	 Get online sportsbook reviews from the Off Shore Gaming Association, monitoring the Offshore Sportsbook and Online Casino and Poker industry since 1997.
offshore	 	http://www.wordreference.com/enit/off%20shore-off shore - Dizionario inglese-italiano WordReference	 Compound Forms/Forme composte: off-shore, offshore adj adjective: Describes a noun or pronoun--for example, "a tall girl," "an interesting book," "a big house."
offshore	 	http://www.swansonindustries.com/off-shore-cylinders/-Off-Shore Cylinders - Swanson Industries	 OEM Hydraulic Cylinders That Stand Up to the Offshore Industry’s Toughest Environments. Project managers, engineers and contractors in the off-shore industry rely ...
offshore	 	http://www.off-shore-company.org/about-off-shore/-Profitable Business, About Off-Shore, Off-shore Accounts	 Off-shore company formation is a business activity that is carried on through offshore service providers. These services providers are usually referred to agents and ...
offshore	 	http://www.offshoreelectrics.com/-Rc Boats by OffshoreElectrics	 We at OffshoreElectrics are committed to making the hobby of rc boat racing an easier one for the beginner or novice Rc Boater. Remote control racing boats are ...
offshore	 	http://offshoremotel.com/-Off Shore Motel	 Off Shore Motel is just Outside Wildwood NJ. ... The Offshore of Rio Grande/Wildwood NJ is proud to be a part of the DooWop heritage that Wildwood NJ is so famous for.
offshore	 	http://www.herculesoffshore.com/-Hercules Offshore, Inc.	 Hercules Offshore is a leading global provider of offshore contract drilling and liftboat services to the oil and gas industry.
offshore	 	http://www.offshorecorporation.org/-Offshore Corporation: Offshore Company Incorporation ...	 Form an offshore company in one day! This is a special and low cost service offered by our company. We are licensed agents in all jurisdictions we offer company ...
offshore	 	http://www.offshore.ae/-Dubai Offshore Company Formation | RAK Offshore Companies ...	 Dubai Offshore Company & RAK Offshore Company Setup. EuroConsult FZE (UAE) is a UAE based corporate services provider specialized in management and marketing ...
offshore	 	http://www.brasiloffshore.com/en/-Home - Brasil Offshore	 Check out the statements of the exhibition regarding the participation at the Brasil Offshore. see more. Last Edition Data.
offshore	 	http://mexicobeachoffshoreclassic.com/-Mexico Beach Offshore Classic Fishing Tournament | Mexico ...	 Two-day Offshore Fishing Tournament for Wahoo, Dolphin, King Mackerel hosted by Mexico Beach Marina.
offshore	 	http://www.offshorecorporation.org/dominica-company/-Dominica Companies: Dominica Offshore Company Formation ...	 In the offshore world Dominica provides the fastest Offshore Companies Registration. Offshore company formations in one of the best tax havens will only take you a ...
offshore	 	http://www.costaricacorporation.com/-Costa Rica Corporation Lawyer | Costa Rica Offshore IBC ...	 Costa Rica Corporation Lawyers are experts on assisting in the operations of Costa Rica offshore IBC (International Business Corporations) and shelf corporation.
offshore	 	http://offshoresurfschool.ie/-Surfing Lessons Kerry, Surf School Ireland, Board Rentals ...	 Offshore Surf School offers surfing lessons, board and wetsuit rentals, and surf camps at competitive prices in Kerry on the west coast of Ireland.
offshore	 	http://fr.wikipedia.org/wiki/Offshore-Offshore — Wikipédia	 Sur les autres projets Wikimedia: Offshore est un terme anglais (littéralement « en dehors des côtes », « vers le large »), qui peut se traduire par « en mer ...
offshore	 	http://www.buycheapr.com/us/offshore+planer+boards-offshore planer boards - BuyCheapr.com	 offshore planer boards - compare prices at BuyCheapr.com ... help Off Shore Tackle Single Planer Board Releases Light; WhiteOff Shore Tackle Single Planer Board ...
offshore	 	http://www.matagordaoffshorefishing.com/-Matagorda Offshore Fishing, Offshore Matagorda fishing ...	 Capt. Ken's Matagorda Offshore Fishing, Offshore and Bay, Matagorda, Texas saltwater fishing guide service and charter, specializing in Matagorda Offshore fishing ...
offshore	 	http://aviabiz.com/-Offshore services or International business company | Aviabiz	 Aviabiz is an offshore company which provides services such as company incorporations, Offshore Company Formation, Offshore Asset Protection Trust etc.
offshore	 	http://windfloatpacific.com/-Windfloat Pacific	 WindFloat Pacific is a proposed 30 MW floating offshore wind farm to be sited approximately 15 miles off the coast of Coos Bay, Oregon. Featuring innovative new wind ...
offshore	 	http://archive.wcsh6.com/news/local/story.aspx?storyid=243012-UMaine unveils off shore wind turbine | wcsh6.com	 ORONO, Maine (NEWS CENTER) -- Some scientists consider offshore wind one of the largest untapped natural resources. Habib Dagher, the Director of the University of ...
offshore	 	http://www.cnn.com/2010/WORLD/europe/09/23/uk.largest.wind.farm/index.html-World's largest offshore wind farm opens in UK - CNN.com	 London, England (CNN)-- The world's largest offshore wind farm opened Thursday off the British coast, with 100 wind turbines capable of supplying enough ...
offshore	 	http://www.watermanoffshore.co.uk/-Waterman Off Shore - Welcome | Waterman Offshore Limited ...	 Welcome to Waterman Offshore. Waterman Offshore Limited specialises in the fabrication of steel structures, vessels, gantries, pipe work and process plant equipment.
offshore	 	http://www.watermanoffshore.co.uk/-Waterman Off Shore - Welcome | Waterman Offshore Limited ...	 Welcome to Waterman Offshore. Waterman Offshore Limited specialises in the fabrication of steel structures, vessels, gantries, pipe work and process plant equipment.
offshore	 	http://www.cnn.com/2010/WORLD/europe/09/23/uk.largest.wind.farm/index.html-World's largest offshore wind farm opens in UK - CNN.com	 London, England (CNN)-- The world's largest offshore wind farm opened Thursday off the British coast, with 100 wind turbines capable of supplying enough ...
offshore	 	http://ctj.org/ctjreports/2014/06/offshore_shell_games_2014.php-Offshore Shell Games 2014 | CTJReports - Citizens for Tax ...	 Profits booked “offshore” often remain on shore, invested in U.S. assets . Many of the profits kept “offshore” are actually housed in U.S. banks or invested ...
offshore	 	http://www.marine.la/marine/-Off Shore Grip Marine	 Copyright 2000-2003 Offshore Grip Marine. All Rights Reserved. Phone: (310) 547-3515 Website: www.marine.la. Designed, developed, and hosted by SADA Systems, Inc.
offshore	 	http://saltfishing.about.com/cs/weather/a/aa030824a.htm-Offshore Fishing Dangers - About Saltwater Fishing ...	 Summer is the time of year that small boaters begin to get brave. Offshore fishing dangers emerge, after fishing inshore or near shore over the last couple of months ...
offshore	 	http://anno2070.wikia.com/wiki/Offshore_Wind_Park-Offshore Wind Park - Anno 2070 Wiki	 The Offshore Wind Park is the Engineer level energy production building for the Ecos. It's basically identical to the Wind Park, but twice as effective and with a ...
offshore	 	http://www.offshorelures.com/-Offshore Lures.com - Off Shore Lures Buyers Guide to ...	 Welcome to Offshore Lures Ultimate Resource: The United States has the world'slargest offshore saltwaterfishing industry and along the entire length of the East Coast ...
offshore	 	http://www.offshore.net.au/-offshore.net.au	 Phone/Fax: 03 9597 0528 Mobile: 0419 505 467. Email: sales@offshore.net.au
offshore	 	http://worldwidefishing.com/florida/b2205/index.html?page_type=salt&company=Off+Shore+Hustler+Fishing+Charters-Off Shore Hustler Fishing Charters	 Offshore Hustler offers St petersburg deep sea fishing charters for Mahi Mahi, Grouper and Shark. Powered by World Wide Fishing Guide.
offshore	 	http://www.offshorelures.com/-Offshore Lures.com - Off Shore Lures Buyers Guide to ...	 Welcome to Offshore Lures Ultimate Resource: The United States has the world'slargest offshore saltwaterfishing industry and along the entire length of the East Coast ...
offshore	 	http://www.chrono24.com/en/audemarspiguet/off-shore-royal-oak-chronograph--id3080705.htm-Audemars Piguet Off shore Royal Oak Chronograph for $ ...	 Audemars Piguet Royal Oak Offshore ad: $ 14,766 Audemars Piguet Off shore Royal Oak Chronograph Ref. No. 25721ST; Steel; Automatic; Condition 1 (mint); With Box; With ...
offshore	 	http://www.vipconsultant.net/-Vipconsultant - Offshore solutions for international ...	 We have 20 years of experience in offshore bank and taxes system. Our company has enough experience minimize income tax, how to pay lower taxes and tax strategies.
offshore	 	http://www.offshoreboardrider.com.au/-Offshore Boardrider home	 Surf-wear clothing offshore boardrider ... Come and check out some of the new exciting surfwear styles from OFFSHORE
offshore	 	http://www.offshorewindmagazine.com/magazine-0-Magazine | Offshore Wind Magazine	 Offshore WIND is the first independent international magazine entirely dedicated to the offshore wind industry. The quarterly magazine provides its readers with news ...
offshore	 	http://www.offshoreblooms.co.uk/-Wedding Florists in North Devon UK : Offshore Blooms Florists	 Offshore Blooms is based in beautiful North Devon, very near to the coast. I can offer a bespoke, friendly and personal service for any ...
offshore	 	http://www.farallones.org/e_newsletter/2006-03/Offshoredrillingplan.htm-Offshore drilling plan - Farallones Marine Sanctuary ...	 Think it can't happen here? For the last twenty-five years, the outer continental shelf has been protected from offshore oil drilling in two ways: the moratorium that ...
offshore	 	http://encyclopedia2.thefreedictionary.com/Off-Shore+Banking-Off-Shore Banking definition of Off-Shore Banking in the ...	 offshore. based or operating abroad in places where the tax system is more advantageous than that of the home country . offshore [′ȯf¦shȯr] (geology)
offshore	 	http://oilonthebeach.blogspot.com/-Not the Answer - blogspot.com	 On March 29, three different bills were introduced in Congress by Rep. Doc Hastings (WA) that would expand offshore drilling in the United States.
offshore	 	http://offshore-online.net/-Offshore cégalapítás, off shore cég alapítás ...	 Diszkrét, olcsó és gyors offshore cégalapítás. Offshore adótervezés, adóoptimalizálás, off shore cégek alapítása, felkészülés a vagyonosodási ...
offshore	 	http://www.cps.neu.edu/degree-programs/international/offshore-graduate/-Dual Degree Programs | Northeastern College of ...	 Home > Academic Programs > International > Offshore Graduate Programs > Offshore Graduate Programs. These unique programs enable you to earn a Northeastern University ...
offshore	 	http://www.globalsecurity.org/military/systems/ship/mob.htm-Mobile Offshore Base - GlobalSecurity.org - Reliable ...	 Mobile Offshore Base. In concept, a Mobile Offshore Base (MOB) is a modular floating base that can be deployed to an area of national defense interest to provide ...
offshore	 	https://myspace.com/offshoreradioband-Offshore Radio | Listen and Stream Free Music, Albums, New ...	 Offshore Radio's profile including the latest music, albums, songs, music videos and more updates.
offshore	 	http://www.bigfishingrods.com/off-shore-fishing/offshore-fishing-boats/-Offshore Fishing Boats | Big Game Fishing Rods	 Okuma Levelwind Trolling Graphite Reel Saltwater Offshore Deep Sea Fishing Boat now on sale for $59.99. Abaco TUNA Flag Boat Offshore Fishing Flag Tuna Tournament ...
offshore	 	http://www.uaefreezones.com/UAE_OffshoreCompany.html-UAE Offshore Company - UAE Free Zones	 UAE Offshore Company . UAE offshore incorporation helps you to run your business or asset ownership in the Middle East in the most profitable ...
offshore	 	http://www.gale.cengage.com/pdf/samples/TOC_9780737747799.pdf-Opposing Viewpoints Series - Off-Shore Drilling	 Chapter 3: What Offshore Drilling Policies Should the U.S. Government Consider? Chapter Preface 128 1. Offshore Drilling in Alaska Should Be Expanded 130
offshore	 	http://www.gale.cengage.com/pdf/samples/TOC_9780737747799.pdf-Opposing Viewpoints Series - Off-Shore Drilling	 Chapter 3: What Offshore Drilling Policies Should the U.S. Government Consider? Chapter Preface 128 1. Offshore Drilling in Alaska Should Be Expanded 130
offshore	 	http://www.interest-rates.org.uk/-Best highest uk & international offshore interest rates on ...	 best high uk offshore uk savings interest rates on savings accounts from uk international bank and building society. US Dollars $ USD US$ Euros _ and pounds sterling ...
offshore	 	http://www.weeklystandard.com/blogs/crist-v-rubio-and-politics-oil-spill-florida-Charlie Crist's Flip Flop on Offshore Drilling | The ...	 With Charlie Crist calling for a special legislative session to bring up a constitutional ban on offshore drilling, the Rubio campaign sends along a video ...
offshore	 	http://omega.cs.iit.edu/~asad/offshore.html-Off-shore Support	 If your organisation is looking for cost-cutting, offshore support could be the answer. Stupendous Solutions has been assisting several organisations with successful ...
offshore	 	http://www.virginiabeachstriperfishing.com/reports/off-shore-va--beach-awesome-fishing-20.php-Virginia Beach Striper Fishing, Off Shore VA. BEACH ...	 Off Shore VA. BEACH Awesome Fishing: I know we have this site for our winter trophy rockfish season but we are now running our offshore gulfstream trips,this is our ...
offshore	 	http://www.offshorelathuile.com/contatti.html-Off Shore	 Bar Ristorante Off-Shore La Thuile Mobile: +39.335.5320597 Mail: info@offshorelathuile.com
offshore	 	http://www.nytimes.com/2008/06/19/washington/19drill.html-Bush calls for end to ban on offshore drilling; New York ...	 WASHINGTON — President Bush urged Congress on Wednesday to end a federal ban on offshore oil drilling and open a portion of the Arctic National Wildlife ...
offshore	 	http://www.sitindustriemarine.com/-SitindustrieMarine Copper nickel pipes and fitting ...	 Sitindustrie Marine has been created to promote and distribute for the worldwide shipbuilding and offshore industries copper nickel pipes and fittings
offshore	 	http://www.offshorelathuile.com/contatti.html-Off Shore	 Bar Ristorante Off-Shore La Thuile Mobile: +39.335.5320597 Mail: info@offshorelathuile.com
offshore	 	http://www.sitindustriemarine.com/-SitindustrieMarine Copper nickel pipes and fitting ...	 Sitindustrie Marine has been created to promote and distribute for the worldwide shipbuilding and offshore industries copper nickel pipes and fittings
offshore	 	http://www.nytimes.com/2008/06/19/washington/19drill.html-Bush calls for end to ban on offshore drilling; New York ...	 WASHINGTON — President Bush urged Congress on Wednesday to end a federal ban on offshore oil drilling and open a portion of the Arctic National Wildlife ...
offshore	 	http://www.offshorelathuile.com/contatti.html-Off Shore	 Bar Ristorante Off-Shore La Thuile Mobile: +39.335.5320597 Mail: info@offshorelathuile.com
offshore	 	http://www.sitindustriemarine.com/-SitindustrieMarine Copper nickel pipes and fitting ...	 Sitindustrie Marine has been created to promote and distribute for the worldwide shipbuilding and offshore industries copper nickel pipes and fittings
offshore	 	http://www.nytimes.com/2008/06/19/washington/19drill.html-Bush calls for end to ban on offshore drilling; New York ...	 WASHINGTON — President Bush urged Congress on Wednesday to end a federal ban on offshore oil drilling and open a portion of the Arctic National Wildlife ...
offshore	 	http://www.offshorelathuile.com/contatti.html-Off Shore	 Bar Ristorante Off-Shore La Thuile Mobile: +39.335.5320597 Mail: info@offshorelathuile.com
offshore	 	http://www.sitindustriemarine.com/-SitindustrieMarine Copper nickel pipes and fitting ...	 Sitindustrie Marine has been created to promote and distribute for the worldwide shipbuilding and offshore industries copper nickel pipes and fittings
offshore	 	http://www.nytimes.com/2008/06/19/washington/19drill.html-Bush calls for end to ban on offshore drilling; New York ...	 WASHINGTON — President Bush urged Congress on Wednesday to end a federal ban on offshore oil drilling and open a portion of the Arctic National Wildlife ...
offshore	 	http://www.offshorelathuile.com/contatti.html-Off Shore	 Bar Ristorante Off-Shore La Thuile Mobile: +39.335.5320597 Mail: info@offshorelathuile.com
offshore	 	http://www.sitindustriemarine.com/-SitindustrieMarine Copper nickel pipes and fitting ...	 Sitindustrie Marine has been created to promote and distribute for the worldwide shipbuilding and offshore industries copper nickel pipes and fittings
offshore	 	http://www.nytimes.com/2008/06/19/washington/19drill.html-Bush calls for end to ban on offshore drilling; New York ...	 WASHINGTON — President Bush urged Congress on Wednesday to end a federal ban on offshore oil drilling and open a portion of the Arctic National Wildlife ...
