onto	 	http://data.grammarbook.com/blog/definitions/on-to-vs-onto/-On to vs. Onto - Grammar & Punctuation | The Blue Book of ...	 On to vs. Onto. Rule 1: In general, use onto as one word to mean “on top of,” “to a position on,” “upon.” Examples: He climbed onto the roof.
onto	 	http://dictionary.reference.com/browse/onto-Onto | Define Onto at Dictionary.com	 Slide a whole salmon fillet onto the grill, along with vegetable skewers. And perhaps now another box can be checked: the practice of bribing one's way onto the charts.
onto	 	http://www.merriam-webster.com/dictionary/onto-Onto - Definition and More from the Free Merriam-Webster ...	 Definition of onto from the Merriam-Webster Online Dictionary with audio pronunciations, thesaurus, Word of the Day, and word games.
onto	 	http://grammartips.homestead.com/into.html-Into / In To ; Onto/ In To - Homestead - Grammar and Usage ...	 The pairs into/in to and onto/on to cause a lot of confusion for writers, but much of that confusion can be cleared up if you focus on exactly what you are ...
onto	 	http://www.thefreedictionary.com/onto-onto - definition of onto by The Free Dictionary	 on·to (ŏn′to͞o′, -tə, ôn′-) prep. 1. On top of; to a position on; upon: The dog jumped onto the chair. 2. Informal Fully aware of; informed about: The ...
onto	 	http://ontoentertainment.com/-Onto Entertainment	 Onto Entertainment. Onto Entertainment is an independent management company/record label based in Seattle, WA. We’re a team that works with artists & puts out music ...
onto	 	http://www.macmillandictionary.com/dictionary/british/onto-onto definitions and thesaurus | Macmillan Dictionary	 Define onto. What is onto? onto meaning, pronunciation and more by Macmillan Dictionary
onto	 	http://dictionary.reference.com/browse/onto--Onto- | Define Onto- at Dictionary.com	 word-forming element meaning "a being, individual; being, existence," from Greek onto-, from stem of on (genitive ontos) "being," neuter present participle of einai ...
onto	 	http://www.wikihow.com/Download-Songs-Onto-Your-iPod-How to Download Songs Onto Your iPod: 11 Steps (with Pictures)	 Open iTunes. If you don't have iTunes, then download it. It will only take a few minutes to download it onto your computer. You'll need iTunes to transfer songs onto ...
onto	 	http://dictionary.cambridge.org/dictionary/british/onto-onto definition, meaning - what is onto in the British ...	 onto - definition, meaning, audio pronunciation, synonyms and more. What is onto? used to show movement into or on a particular place: : See more in British English ...
onto	 	http://www.onto-ltd.com/-ONTO	 Onto specializes in providing training and development programs. We also provide tailor-made courses based on individual needs for their personal and professional growth.
onto	 	http://www.thesaurus.com/browse/onto-Onto Synonyms, Onto Antonyms | Thesaurus.com	 Synonyms for onto at Thesaurus.com with free online thesaurus, antonyms, and definitions. Dictionary and Word of the Day.
onto	 	http://idioms.thefreedictionary.com/onto-onto - Idioms by The Free Dictionary - TheFreeDictionary.com	 Idioms with onto. onto in expressions. Definitions by the largest Idiom Dictionary. ... I think we are really onto something this time. lam onto a new discovery.
onto	 	http://vortex.cs.wayne.edu/projects.htm-Intelligent Systems and Bioinformatics Laboratory	 Onto-Miner (OM) provide a single and convenient interface that allow the user to interrogate our databases regarding annotations of known genes.
onto	 	http://www.ehow.com/how_4760025_download-music-onto-computer.html-How to Download Music Onto a Computer | eHow	 How to Download Music Onto a Computer. Listening to music on a computer can be a great way to have full control over which music you listen to and at what ...
onto	 	http://www.math.csusb.edu/notes/proofs/bpf/node5.html-Proving Functions are Onto - Department of Mathematics	 So -2 is not in the range of the function and hence this is not an onto function. Of course, it is simpler to show f is not onto by a counter example.
onto	 	http://en.wiktionary.org/wiki/onto--onto- - Wiktionary	 onto-Definition from Wiktionary, the free dictionary. Jump to: navigation, search. Contents. ... Prefix . onto-being; Derived terms . ontogeny;
onto	 	http://www.yourdictionary.com/onto-Onto dictionary definition | onto defined	 Origin of onto-; from Classical Greek ōn (gen. ontos), present participle of einai, to be ; from Indo-European base an unverified form es-from source is
onto	 	http://www.ehow.com/how_2204919_download-music-ipod.html-How to Download Music to Your iPod | eHow	 How to Download Songs Onto an iPod. If you are not computer savvy, downloading songs onto your iPod may seem like a difficult task. Never fear.
onto	 	http://www.youtube.com/watch?v=qklYTlTSeJc-Foxes - Holding onto Heaven (Official Video) - YouTube	 Foxes' debut album which features 'Holding Onto Heaven', 'Let Go For Tonight' and 'Youth' is out NOW! Get your copy here: Amazon: http://smarturl.it ...
onto	 	http://mathworld.wolfram.com/Onto.html-Onto -- from Wolfram MathWorld	 Onto. SEE: Surjection. Wolfram Web Resources. ... Explore thousands of free applications across science, mathematics, engineering, technology, business, art, ...
onto	 	http://www.wikihow.com/Download-Music-onto-Your-iPhone-How to Download Music onto Your iPhone: 5 Steps (with ...	 How to Download Music onto Your iPhone. With the iTunes app, you can download music directly to your iPhone without syncing to your computer.
onto	 	http://www.wordreference.com/enit/onto-onto - Dizionario inglese-italiano WordReference	 Compound Forms/Forme composte: climb onto [sth/sb] vi + prep (get on top) salire su vi (cavalli, animali) montare in sella vi : He climbed onto the horse and flicked ...
onto	 	http://www.azlyrics.com/lyrics/maydayparade/holdontome.html-MAYDAY PARADE LYRICS - Hold Onto Me - AZLyrics - Song ...	 I know I've got my problems and it starts with me She saw something inside that I can't see And late at night, yeah she'll comfort me Hold onto me, hold onto me
onto	 	http://www.grammar-monster.com/easily_confused/into_onto_up_to.htm-The difference between into, onto and up to (grammar lesson)	 The difference between into, onto and up to - Free interactive online grammar lesson
onto	 	http://answers.microsoft.com/en-us/windows/forum/windows_vista-pictures/how-can-i-adddownload-my-dvds-onto-my-computer/87f8dee7-32d7-471a-b548-f3edf410063a-How can I add/download my dvd's onto my computer ...	 From: ezeher01 Message: How can I add/download my dvd's onto my computer?
onto	 	http://www.wordreference.com/enfr/onto-onto - English-French Dictionary WordReference.com	 onto - traduction anglais-français. Forums pour discuter de onto, voir ses formes composées, des exemples et poser vos questions. Gratuit.
onto	 	http://onto-inntowne.com/-Inn Towne Motel, Ontonagon Michigan | Make your ...	 Winter is here in Upper Michigan! We welcome you to stay with us in Ontonagon, MI. We are located in downtown Ontonagon close to Lake Superior.
onto	 	http://onto.worddetector.com/-Word onto meaning. Word onto definition. Word with onto.	 What is a onto, definition of onto, meaning of onto, onto anagrams, words with onto.
onto	 	http://changingminds.org/explanations/behaviors/coping/projection.htm-Projection - Changing minds	 Projecting thoughts or emotions onto others allows the person to consider them and how dysfunctional they are, but without feeling the attendant discomfort of ...
onto	 	http://www.cnet.com/how-to/how-to-get-home-movies-onto-the-ipad/-How to get home movies onto the iPad | How To - CNET	 How to get home movies onto the iPad. It should be easy to get videos from your digital camera onto your iPad. It isn't. Here's how to fix that.
onto	 	http://idioms.thefreedictionary.com/hold+onto-hold onto - Idioms by The Free Dictionary	 hold onto something also hold on to something. to continue to keep something She might be better off holding onto her old computer for a year or two.
onto	 	http://www.eslcafe.com/grammar/prepositions08.html-Prepositions: "In" and "Into", "On" and "Onto" (Places ...	 The prepositions in and into and on and onto have somewhat similar "behavior." Into and onto are used with verbs showing movement. ... > Back to Grammar Lessons Page.
onto	 	http://regentsprep.org/Regents/math/algtrig/ATP5/OntoFunctions.htm-One-to-one and Onto Functions - Regents Exam Prep Center	 A function f from A to B is called onto if for all b in B there is an a in A such that f (a) = b. All elements in B are used. Such functions are referred to ...
onto	 	http://news.yahoo.com/tiger-leaps-onto-boat-snatches-man-east-india-090431380.html-Tiger leaps onto boat, snatches man in east India - Yahoo News	 Tiger Leaps Onto Boat, Snatches Man In East India. A Bengal tiger snatched a man off a fishing boat in eastern India, dragging him away into a mangrove ...
onto	 	http://techcrunch.com/2015/01/09/disney-builds-an-adorable-robot-to-etch-massive-pictures-onto-the-beach/-Disney Builds An Adorable Robot To Etch Massive Pictures ...	 Disney Builds An Adorable Robot To Etch Massive Pictures Onto The Beach. Posted Jan 9, 2015 by Greg Kumparak . 0 SHARES; Next Story.
onto	 	http://www.etymonline.com/index.php?term=onto--Online Etymology Dictionary	 onto-word-forming element meaning "a being, individual; being, existence," from Greek onto-, from stem of on (genitive ontos) "being," neuter present participle of ...
onto	 	http://forums.cnet.com/7723-7597_102-181006/can-i-burn-music-onto-a-dvd-r/-Can I burn music onto a DVD - R - CNET Digital music Forums	 Digital music: Can I burn music onto a DVD-R - Read digital music discussions and get tips and advice on this topic and others on CNET Forums.
onto	 	http://metro.kingcounty.gov/tops/bike/-Loading your Bike - Bike Travel - Travel Options - King ...	 Loading your bike onto a Metro bus. As the bus approaches, have your bike ready to load from the curb side of the bus. Alert the driver before stepping in front of ...
onto	 	http://discussions.nokia.com/t5/Pictures-and-Videos/How-do-you-upload-pictures-onto-your-computer/td-p/894009-How do you upload pictures onto your computer? - Nokia ...	 Slow steps please.. I'm new to this whole UPLOAD YOUR PHOTOS VIA USB thing. Also, how do you download music onto your Nokia? I got you put the USB into the computer ...
onto	 	http://www.pcworld.com/article/241718/how_to_print_directly_onto_a_dvd_or_cd.html-How to Print Directly Onto a DVD or CD | PCWorld	 It's a printer trend for 2011: Models that can print directly onto a DVD or CD. Melissa Riofrio takes a look at two of them, the Brother MFC-J825DW and the ...
onto	 	http://codes.ohio.gov/orc/2921.36-2921.36 Illegal conveyance of weapons, drugs or other ...	 2921.36 Illegal conveyance of weapons, drugs or other prohibited items onto grounds of detention facility or institution. No person shall knowingly convey, or ...
onto	 	http://www.zazzle.com/hold+onto+printed+mugs-Hold Onto Mugs, Hold Onto Coffee Mugs, Hold Onto Steins ...	 24 hour shipping on most orders. Customizable Hold Onto mugs from Zazzle.com - Choose your favorite Hold Onto designs for any coffee mug, stein, travel mug, or ...
onto	 	https://ontoanewchapter.wordpress.com/about/-About | Onto A New Chapter	 Life is often described in literary metaphors. At this stage in my life, that metaphor is "moving onto a new chapter". Though I'm starting 2015 as a senior in college ...
onto	 	http://www.brighthub.com/multimedia/photography/articles/34828.aspx-How to Transfer & Print Images onto Fabric	 Learn how to transfer photos onto fabric. From photos to graphics and logos, you can print just about any image onto fabric in a jiffy. Create personalized ...
onto	 	http://dictionary.cambridge.org/dictionary/british/hold-onto-on-to-sth-hold onto/on to sth definition, meaning - what is hold ...	 hold onto/on to sth - definition, meaning, audio pronunciation, synonyms and more. What is hold onto/on to sth? to keep something you have: : See more in British ...
onto	 	http://www.azlyrics.com/lyrics/foxes/holdingontoheaven.html-FOXES LYRICS - Holding Onto Heaven - A-Z Lyrics	 Lyrics to "Holding Onto Heaven" song by FOXES: Starless sky, We've got so good at pretending There's a side, a side to you, that isn't running But ...
onto	 	http://www.macmillandictionary.com/dictionary/british/get-onto_2-get onto definitions and thesaurus | Macmillan Dictionary	 Define get onto. What is get onto? get onto meaning, pronunciation and more by Macmillan Dictionary
onto	 	http://forums.androidcentral.com/samsung-chromebook/261046-how-do-i-put-my-movies-onto-my-chromebook.html-How do I put my movies onto my Chromebook? - Android ...	 Maybe a "thicky" or "newby" question - if so I apologize but:-I already have several movies on my PC (Windows) so the question is: How do I put them onto my Series 3 ...
onto	 	http://owl.english.purdue.edu/owl/resource/594/02/-Purdue OWL: Prepositions	 Graphics for this handout were developed by Jordan Golembeski. This handout explains prepositions that express movement toward something: to, onto, and into.
onto	 	http://support.microsoft.com/kb/2451415-"There was a problem logging onto your mail server" error ...	 Fixes an issue in which you receive a "There was a problem logging onto your mail server" error message when you use a POP3 client to access a mailbox.
onto	 	http://www.babycenter.com/404_should-i-worry-if-my-baby-rolls-over-onto-his-tummy-while-as_3571.bc-Should I worry if my baby rolls over onto his tummy while ...	 Once a baby is strong enough to roll onto his stomach by himself, you don't need to worry about him staying on his back all night. This is especially true if he's ...
onto	 	http://forum.wordreference.com/showthread.php?t=550309-Hold onto vs Hold on to [bitterness/a hand ...	 Hi, Finally, holding onto bitterness can hurt our relationships with friends and family members. This comes from ''Conquering Bitterness''. The terms hold onto ...
onto	 	http://www.usmagazine.com/celebrity-news/news/kourtney-kardashian-goes-without-pants-gets-pushed-onto-balcony-at-versace-mansion-pictures-2014133-Kourtney Kardashian Pushed onto Versace Mansion Balcony ...	 LOL! A pants-less Kourtney Kardsahian was pushed onto the balcony of the Versace Mansion -- see the hilarious pictures
onto	 	http://www.windowsphone.com/en-us/how-to/wp7/people/how-do-i-get-contacts-onto-my-phone-How do I get contacts onto my phone? | Windows Phone How ...	 Get contacts onto your Windows Phone by importing them from your old phone, your PC, or an online email account.
onto	 	http://www.windowsphone.com/en-US/how-to/wp8/people/import-contacts-onto-my-new-phone-Import contacts onto my new Windows Phone | Windows Phone ...	 There are different ways to import contacts onto your new Windows Phone, depending on where they're currently stored. My contacts are on my old phone
onto	 	http://mp3clan.com/mp3/holding_onto_nothing.html-(4.14MB) Holding Onto Nothing.mp3 Download (320Kbps)	 Found! Holding Onto Nothing.mp3 | 320kbps | (4.14MB) | Download Free | Play | Cut ringtone or audio sample of Holding Onto Nothing song online
onto	 	http://www.mumsnet.com/babies/weaning-Weaning babies onto solids | Mumsnet	 Weaning babies onto solids. Just when you're beginning to get your head around the not-always-obvious art of supplying your baby with milk, along comes another ...
onto	 	http://mtgsalvation.gamepedia.com/Splice-Splice onto Arcane - MTG Salvation Wiki	 Glacial Ray - Instant — Arcane Glacial Ray deals 2 damage to target creature or player. Splice onto Arcane (As you cast an Arcane spell, you may reveal this card ...
onto	 	http://www.ilounge.com/index.php/articles/comments/recovering-an-itunes-library-onto-a-new-pc/-Recovering an iTunes library onto a new PC | iLounge Article	 iLounge article about Recovering an iTunes library onto a new PC. Find more Ask iLounge articles from leading independent iPod, iPhone, and iPad site.
onto	 	http://catchontohealth.siu.edu/-Catch Onto Health | Coordinated Approach To Child Health	 Contact Us. Catch Onto Health The Center for Rural Health and Social Service Development SIU in Carbondale Carbondale, Illinois 62901. 618/453-1262
onto	 	http://www.dvdtoiphone.net/putting-dvd-onto-iphone.html-DVD onto iPhone, How to put/download DVD movies onto iPhone	 DVD onto iPhone putting guide shows the software to download DVD onto iPhone, transfer/put DVD movies onto my iPhone.
onto	 	http://tutorial-fornewbie.blogspot.com/2013/04/how-to-move-android-apps-onto-sd-card.html-How To Move Android Apps Onto SD Card - Tutorial For Newbie	 How To Move Android Apps Onto SD Card - Actually, this is a simple way that maybe the most of Android device users have understood and mastered about this.
onto	 	http://www.wordnik.com/words/onto-onto - definition and meaning - Wordnik.com	 Jam threw out the rotten apple, wiped that tray clean, and taped a label onto it. The Three Furies. I pretty much vomit sorry for the term onto the keyboard and type ...
onto	 	http://yourbusiness.azcentral.com/scan-images-onto-computer-canon-printer-1837.html-How to Scan Images Onto a Computer From a Canon Printer ...	 (Photo: Thomas Northcut/Photodisc/Getty Images ) Related Articles. How to Scan a Picture Onto the Computer From an HP Deskjet F335 All-in-One; How to Scan With a ...
onto	 	http://www.dict.cc/?s=onto-dict.cc | onto | Wörterbuch Englisch-Deutsch	 Übersetzung für onto im Englisch-Deutsch-Wörterbuch dict.cc.
onto	 	http://www.wordnik.com/words/onto-onto - definition and meaning - Wordnik.com	 Jam threw out the rotten apple, wiped that tray clean, and taped a label onto it. The Three Furies. I pretty much vomit sorry for the term onto the keyboard and type ...
onto	 	http://yourbusiness.azcentral.com/scan-images-onto-computer-canon-printer-1837.html-How to Scan Images Onto a Computer From a Canon Printer ...	 (Photo: Thomas Northcut/Photodisc/Getty Images ) Related Articles. How to Scan a Picture Onto the Computer From an HP Deskjet F335 All-in-One; How to Scan With a ...
onto	 	http://www.pcworld.com/article/155047/program_on_ext_drive.html-Can You Install a Program onto an External Hard Drive ...	 kckrug1994 asked the Answer Line Forum if a game or application would will work if installed onto an external drive. It would probably work in most cases ...
onto	 	http://www.flickr.com/tools/-Getting your stuff onto Flickr - Welcome to Flickr - Photo ...	 Help / Tools. Getting your stuff onto Flickr There are loads of tools to upload your photos and videos. Uploading on Flickr.com. One of the easiest ways to get your ...
onto	 	http://www.epson.com/cmc_upload/printlab/900027_Printing_onto_Inkjet_Printable_CD.pdf-900027 Printing onto a CD - Epson - Exceed Your Vision	 Printing onto an Inkjet Printable CD or DVD What’s the advantage to printing directly onto an Inkjet Printable CD or DVD, instead of onto a
onto	 	http://www.dict.cc/?s=onto-dict.cc | onto | Wörterbuch Englisch-Deutsch	 Übersetzung für onto im Englisch-Deutsch-Wörterbuch dict.cc.
onto	 	http://www.firstcoastnews.com/videos/sports/2015/01/02/21210361/-Dale Jr. drives car onto field at Taxslayer Bowl	 Dale Jr. drives car onto field at Taxslayer Bowl. NASCAR star Dale Earnhardt Jr. drove his car onto EverBank Field and flipped on the opening coin toss.
onto	 	http://onto-technology.com/-OnTo Technology	 OnTo Technology
onto	 	http://forums.macrumors.com/showthread.php?t=386366-How do I transfer photos from iPhoto or desktop onto a ...	 Hi Hi I desperately need to get prints of some of my photos in iPhoto, how can I transfer photos back onto my memory card. I have a card reader is that helps.
onto	 	http://nces.ed.gov/nationsreportcard/studies/statemapping/-Mapping State Proficiency Standards Onto NAEP Scales 2005-2007	 Download earlier reports: Mapping State Proficiency Standards Onto the NAEP Scales: 2005-2007; Mapping 2005 State Proficiency Standards Onto the NAEP Scales
onto	 	http://www.womenontowork.org/-Women Onto Work	 On October 30th 2014 Women Onto Work celebrated 25 years of working with women. The event was hosted by Edinburgh City Council in the lavish surrounding of Edinburgh ...
onto	 	http://www.iuniverse.com/FAQs/Sideload-Your-Mobi-eBook-File-Onto-Kindle-Fire.aspx-How do I sideload my Mobi e-book file onto my Kindle Fire?	 Loading your e-book to your Kindle FAQ. How do I sideload my Mobi e-book file onto my Kindle Fire? How do I load a Kindle device or Kindle App with a MOBI file via ...
onto	 	http://www.brainyquote.com/quotes/quotes/a/audreyhepb378280.html-The best thing to hold onto in life is each other ...	 "The best thing to hold onto in life is each other." - Audrey Hepburn quotes from BrainyQuote.com
onto	 	http://www.onto.net.au/onto.html-Onto	 Unless otherwise specified, site and works © onto 2009. Please do not use or reproduce the artwork or content on this site without permission ©
onto	 	http://www.thisiscolossal.com/2013/05/chandelier-projects-tree-shadows-onto-the-wall/-A Chandelier that Projects Tree Shadows | Colossal	 This remarkable chandelier from Hilden & Diaz projects a 360° shadow of trees and roots onto the walls surrounding it. Titled Forms in Nature the light was partly ...
onto	 	http://holidayinsights.com/moreholidays/August/sneakzucchini.htm-August 8 Sneak Some Zucchini Onto Your Neighbor's Porch ...	 Origin of Sneak Some Zucchini Onto Your Neighbor's Porch Day : Our research did not find the creator, or the origin of this day. However, as a gardener, this author ...
onto	 	http://walking.about.com/od/treadmillworkouts/a/treadmillhold.htm-When you hold onto the sides of the treadmill	 Problems Created by Holding Onto the Treadmill. Turns walking into "make-believe walking" and running into "fake-running" Ruins posture and body alignment
onto	 	http://www.linnrecords.com/linn-help-download-burning-downloaded-music-onto-cd.aspx-Burning downloaded music onto CD - Linn Records	 Burning downloaded music onto CD. Burning your downloads onto a CD is a great way of backing-up your download purchase and also provides another source for playing ...
onto	 	http://www.cs.utexas.edu/~fussell/courses/cs352h/papers/moore.pdf-Cramming More Components Onto Integrated Circuits ...	 Cramming More Components onto Integrated Circuits GORDON E. MOORE, LIFE FELLOW, IEEE With unit cost falling as the number of components per circuit
onto	 	http://www.codeproject.com/Articles/185512/Programmatically-PIN-shortcut-onto-Taskbar-on-Win-Programmatically PIN shortcut onto Taskbar on Win7 ...	 Background. During my work, I got one requirement of pinning a specific shortcut file (*.lnk) onto the Windows 7 Taskbar, after investigating I found programmatically ...
onto	 	http://www.reverbnation.com/holdingontohumanity/-Holding Onto Humanity Music, Lyrics, Songs, and Videos	 Holding Onto Humanity Lyrics, Songs, Music, and Videos by the band Holding Onto Humanity at ReverbNation
onto	 	http://www.holiday-crafts-and-creations.com/transfer-designs-onto-felt.html-How To Transfer Designs Onto Felt - What Works and What ...	 Need to know how to transfer designs onto felt? To help you learn how, we created this guide. It explains which transfer methods work on felt and which ones do not.
onto	 	http://www.poemhunter.com/best-poems/roseann-v-shawiak/holding-onto-interior-design/-Holding Onto Interior Design - RoseAnn V. Shawiak	 Wonder and curiosity opening up onto corridors of life, letting all doors be opened wide to accommodate the beauty of an interior contemplation.
onto	 	http://www.fastcompany.com/3040646/fast-feed/intel-has-squeezed-all-of-windows-81-onto-a-single-149-dongle-Intel Has Squeezed All Of Windows 8.1 Onto A Single $149 ...	 For those of us old enough to remember 1.4 megabyte floppy disks (or their predecessors), the idea that an entire computer operating system could fit onto ...
onto	 	http://www.glass-fusing-made-easy.com/pattern-transfer.html-Pattern Transfer onto Glass - Glass Fusing Information and ...	 Making a pattern transfer onto glass is not always an easy task. The smooth and glossy surface does not lend itself to accepting the traditional ways of transferring ...
onto	 	http://www.lawhandbook.org.au/handbook/ch10s02s03.php-Entry onto land - The Victorian Law Handbook - Fitzroy ...	 Gas, water and electricity meter readers, post office officials, health officers, and council officers are also allowed to come onto your property.
onto	 	http://www.lyricsmode.com/lyrics/f/foxes/holding_onto_heaven_lyrics.html-Foxes - Holding Onto Heaven Lyrics	 Lyrics to Holding Onto Heaven by Foxes: Stand aside, we've got so good at pretending / There's a side, a side to you, it something wrong
onto	 	http://h30434.www3.hp.com/t5/Other-Notebook-PC-Questions/HOW-TO-BURN-A-MUSIC-CD-ONTO-A-BLANK-CD/td-p/746607-HOW TO BURN A MUSIC CD ONTO A BLANK CD? - HP Support Forum ...	 hi, i just want to say that burn a music onto a cd will not be very troubleshooting, you need find some tools to get things done. I ever use this to burn youtube ...
onto	 	http://www.lawhandbook.org.au/handbook/ch10s02s03.php-Entry onto land - The Victorian Law Handbook - Fitzroy ...	 Gas, water and electricity meter readers, post office officials, health officers, and council officers are also allowed to come onto your property.
onto	 	http://www.lyricsmode.com/lyrics/f/foxes/holding_onto_heaven_lyrics.html-Foxes - Holding Onto Heaven Lyrics	 Lyrics to Holding Onto Heaven by Foxes: Stand aside, we've got so good at pretending / There's a side, a side to you, it something wrong
onto	 	http://h30434.www3.hp.com/t5/Other-Notebook-PC-Questions/HOW-TO-BURN-A-MUSIC-CD-ONTO-A-BLANK-CD/td-p/746607-HOW TO BURN A MUSIC CD ONTO A BLANK CD? - HP Support Forum ...	 hi, i just want to say that burn a music onto a cd will not be very troubleshooting, you need find some tools to get things done. I ever use this to burn youtube ...
onto	 	http://www.uhaul.com/Articles/Tips/30/How-to-load-your-vehicle-onto-a-U-Haul-car-hauler-How to load your vehicle onto a U-Haul car hauler	 Watch this short video for a quick how to guide on loading your vehicle onto a U-Haul car hauler.
onto	 	http://israel-lightontonations.blogspot.com/-Israel - Light onto Nations	 Israel - Light onto Nations is an initiative, not a media watch organization. It is web-based and does not involve fundraising. Israel - Light onto Nations endorses ...
onto	 	https://uk.answers.yahoo.com/question/index?qid=20110214131622AAFZu45-How do you get songs from youtube onto your computer FREE?	 How do you get songs from youtube onto your computer FREE?
onto	 	http://www.w3.org/Provider/-Putting Information onto the Web - World Wide Web ...	 Putting Information onto the Web. WARNING: For Archival/Historical Interest-- This document dates from 1995 and has not been updated. If you would like to create ...
onto	 	http://www.blurtit.com/32257/how-do-i-copy-music-from-my-pc-onto-cd--How Do I Copy Music From My PC Onto CD ? - Blurtit	 If you have a recent version of the Windows operating system, burning music from your laptop or PC onto disk is very simple, and if you have Windows Vista or Windows ...
onto	 	http://www.vons.com/IFL/Grocery/Coupons-Vons - Free Digital and Online Printable Coupons. Save on ...	 Load coupons directly onto your Vons Club Card or print them to redeem in-store. Either way, you save!
onto	 	http://www.cafepress.com/filmcow/6625056-Grab Onto Our Tongues : FilmCow.com Shop - Custom T-Shirts ...	 FilmCow.com Shop > Charlie the Unicorn > Charlie the Unicorn 3 Merch > Grab Onto Our Tongues. Grab Onto Our Tongues from Charlie the Unicorn 3
onto	 	http://www.dummies.com/how-to/content/how-to-sew-beads-onto-crochet.html-How to Sew Beads Onto Crochet - For Dummies	 In bead crochet, you can sew beads onto completed crochet work or crochet the beads right into the fabric. Sewing beads after you complete your crochet design works ...
onto	 	http://www.buzzle.com/articles/how-to-download-music-onto-an-mp3-player.html-How to Download Music Onto an MP3 Player - Buzzle	 An MP3 player is a portable device that can play MP3s, just as your personal computer (PC) can. Read on, to know more about, how to download music onto an MP3 player.
onto	 	http://www.ixl.com/math/geometry/transformations-that-carry-a-polygon-onto-itself-IXL - Transformations that carry a polygon onto itself ...	 Fun math practice! Improve your skills with free problems in 'Transformations that carry a polygon onto itself' and thousands of other practice lessons.
onto	 	http://www.life.umd.edu/classroom/bsci124/lec18.html-BSCI 124 Lecture Notes -- Onto Land & Spore Formers	 BSCI 124 Lecture Notes Undergraduate Program in Plant Biology, University of Maryland LECTURE 18 - OUT OF WATER & SPORE FORMERS I. Moving onto the land
onto	 	http://nces.ed.gov/pubsearch/pubsinfo.asp?pubid=2011458-Mapping State Proficiency Standards Onto the NAEP Scales ...	 Title: Mapping State Proficiency Standards Onto the NAEP Scales: Variation and Change in State Standards for Reading and Mathematics, 2005-2009
onto	 	http://knitting.about.com/od/knittingskills/qt/string-beads.htm-How to String Beads onto Yarn - About Knitting – Free ...	 One easy way to knit with beads is to string the beads onto your yarn before you get started knitting. Using a small beading needle, a length of sewing thread and the ...
onto	 	http://www.facebook.com/holding.onto.sound-Holding Onto Sound | Facebook	 VIDEO: Remembering Holding Onto Sound. Photos and images compiled by Shahab Zargari . Photos by Shahab Zargari, Zobi Naqshband, Heela Naqshband, Adam Shane
onto	 	http://www.brownie-camera.com/respool/respool.shtml-How To Respool 120 Film Onto A 620 Spool - The Brownie ...	 Because 120 and 620 film is exactly the same size you can respool available 120 film onto a 620 spool and use your 620 camera without it jamming....and save yourself ...
onto	 	http://www.fossils-facts-and-finds.com/silurian_period.html-The Silurian Period : Plants Move Onto Land	 The Silurian Period: Plants Move Onto Land. The Silurian Period follows the Ordovician Period in the Paleozoic Era. It began around 443 million years ago and lasted ...
onto	 	http://www.answers.com/Q/How_do_you_save_videos_from_internet_sites_onto_your_computer-How do you save videos from internet sites onto your computer	 How do you save videos from internet sites onto your computer?
onto	 	http://research.microsoft.com/pubs/160659/websso-final.pdf-Signing Me onto Your Accounts through Facebook and Google ...	 1 Signing Me onto Your Accounts through Facebook and Google: a Traffic-Guided Security Study of Commercially Deployed Single-Sign-On Web Services
onto	 	http://songmeanings.com/songs/view/3530822107859498823/-The Who - Heart to Hang Onto Lyrics | SongMeanings	 We do not have any tags for Heart to Hang Onto lyrics. Why not add your own? Log in to add a tag
onto	 	http://www.oracle.com/us/products/database/database-private-cloud-wp-360048.pdf-White paper: Database Consolidation Onto Private Clouds (PDF)	 1 | DATABASE CONSOLIDATION WITH ORACLE DATABASE 12C Executive Overview Traditionally, IT organizations have deployed individual databases and applications onto
onto	 	http://coins.thefuntimesguide.com/2006/01/rare_pennies.php-Rare Pennies You Should Hold Onto... Including The 1943 Penny	 A list of rare pennies you should hold onto... especially 1943 pennies. Other rare pennies discussed here include the 1792 penny, 1793 penny, 1844 penny, 1856 penny ...
onto	 	http://walking.about.com/od/treadmillworkouts/ss/treadmillmistak_2.htm-Treadmill Walking Mistake - Holding Onto the Handrail or ...	 When you first use a treadmill, you may want the assurance of holding onto the handrails for stability. But that is not a natural way to walk or run.
onto	 	http://holdingontosound.bandcamp.com/-Holding Onto Sound	 Holding Onto Sound (commonly referred to as HOTS or Holding On To Sound) is a 4 piece progressive punk rock outfit from Las Vegas, NV.
onto	 	http://www.guitaretab.com/u/united-pursuit/268273.html-United Pursuit - ( Nothing I Hold Onto chords )	 Nothing I Hold Onto tab by United Pursuit at GuitareTab.com
onto	 	http://mathforum.org/library/drmath/view/51727.html-3D Projection Onto a 2D Plane - Math Forum - Ask Dr. Math	 3D Projection Onto a 2D Plane Date: 7/9/96 at 15:22:57 From: Anonymous Subject: 3D Projection Onto a 2D Plane I'm dealing with a theoretical geological problem where ...
onto	 	http://www.tomshardware.com/forum/244649-45-copy-program-How to copy a program onto a cd - CD-Rom - Windows XP	 How do I copy a program onto a cd ... You cant copy any installed program to cd or any other media(you can copy the files but it wont work on other ...
onto	 	http://www.pacapitol.com/directions.html-Driving Directions - Pennsylvania State Capitol	 FROM: Route 81. Cameron Street Exit Follow Cameron Street to Right onto Herr Street to Left onto Seventh Street Bear right onto Forster Street to first light
onto	 	http://mathforum.org/library/drmath/view/51727.html-3D Projection Onto a 2D Plane - Math Forum - Ask Dr. Math	 3D Projection Onto a 2D Plane Date: 7/9/96 at 15:22:57 From: Anonymous Subject: 3D Projection Onto a 2D Plane I'm dealing with a theoretical geological problem where ...
onto	 	http://www.pacapitol.com/directions.html-Driving Directions - Pennsylvania State Capitol	 FROM: Route 81. Cameron Street Exit Follow Cameron Street to Right onto Herr Street to Left onto Seventh Street Bear right onto Forster Street to first light
onto	 	http://www.tomshardware.com/forum/244649-45-copy-program-How to copy a program onto a cd - CD-Rom - Windows XP	 How do I copy a program onto a cd ... You cant copy any installed program to cd or any other media(you can copy the files but it wont work on other ...
onto	 	http://walking.about.com/od/treadmillworkouts/ss/treadmillmistak_2.htm-Treadmill Walking Mistake - Holding Onto the Handrail or ...	 When you first use a treadmill, you may want the assurance of holding onto the handrails for stability. But that is not a natural way to walk or run.
onto	 	http://holdingontosound.bandcamp.com/-Holding Onto Sound	 Holding Onto Sound (commonly referred to as HOTS or Holding On To Sound) is a 4 piece progressive punk rock outfit from Las Vegas, NV.
onto	 	http://www.nrel.gov/docs/fy09osti/45061.pdf-Photovoltaic Systems Interconnected onto Secondary Network ...	 Technical Report . NREL/TP-550-45061 . April 2009 . Photovoltaic Systems Interconnected onto Secondary Network Distribution Systems – Success Stories
onto	 	http://www.guitaretab.com/u/united-pursuit/268273.html-United Pursuit - ( Nothing I Hold Onto chords )	 Nothing I Hold Onto tab by United Pursuit at GuitareTab.com
onto	 	http://www.mybuilder.com/questions/v/1478/how-to-paint-onto-new-plaster-MyBuilder - how to paint onto new plaster	 Q how to paint onto new plaster. apparently i need to do a mist coat or 2 to seal the plaster. have been told to use white watered down emulsion to do this. i have a ...
onto	 	https://discussions.apple.com/thread/3975936?start=0&tstart=0-How to manually add photos onto photostream on ... | Apple ...	 How to manually add photos onto photostream on Iphone 4s to view on New Ipad
onto	 	http://practicalpages.wordpress.com/2009/12/16/download-handwriting-fonts-onto-your-computer/-Download Handwriting Fonts onto your computer | Practical ...	 Here's how to download handwriting fonts onto your computer! I found these to sites very useful:
onto	 	http://getsatisfaction.com/flock/topics/cant_log_onto_facebook-Can't Log onto Facebook - Flock - Customer Communities For ...	 Why can't I log onto Facebook but can see all other sites? Do you know if there are any problems with FB at the moment?
onto	 	http://digital.ni.com/public.nsf/allkb/8C07747189606D148625789C005C2DD6-How Do I Load the LabVIEW Interface for Arduino Firmware ...	 Problem: I want to use the LabVIEW Interface for Arduino Uno. How do I load the Arduino firmware onto my Arduino Uno? Solution: Connect the Arduino Uno to your PC as ...
onto	 	http://www.ncbi.nlm.nih.gov/pubmed/21350486-Synaptic potentiation onto habenula neurons in the learned ...	 1. Nature. 2011 Feb 24;470(7335):535-9. doi: 10.1038/nature09742. Synaptic potentiation onto habenula neurons in the learned helplessness model of depression.
onto	 	http://freeembroiderystuff.embroiderydesigns.com/forums/threadView.aspx?id=109-Bernina Deco 340 downloads onto USB - Embroidery industry ...	 My husband bought me a Bernina Deco 340 embroidery machine. We are battling to download anything off the internet and downloading it onto a USB memory stick. We have ...
onto	 	http://www.kob.com/article/stories/s3670742.shtml-Man recounts rollover crash that threw him over 30-foot ...	 Man recounts rollover crash that threw him over 30-foot overpass onto road below
onto	 	http://www.aintitcool.com/node/69977-How close is Melissa McCarthy to signing onto the ...	 How close is Melissa McCarthy to signing onto the GHOSTBUSTERS reboot? Published at: Jan. 9, 2015, 2:10 p.m. CST by Papa Vinyard
onto	 	http://www.ontologos.org/-OntoLogos	 The home page of ontologos. ... The polar opposites of yin and yang represent the process of dialectics — each pole produces the other in an eternal cycle of reversal.
onto	 	http://www.audiocubes.com/product_info.php?products_id=2716-Audio-Technica ATH-ON303 ONTO Headphones - ATH-ON300 ...	 Features. Audio-Technica introducing ONTO, a series of portable headphone with a new nickname, "Seamless Headband". Designed with an ultra thin headband that doesn't ...
onto	 	http://www.sunypress.edu/p-4696-onto-ethologies.aspx-Onto-Ethologies - State University of New York Press	 Onto-Ethologies The Animal Environments of Uexkull, Heidegger, Merleau-Ponty, and Deleuze
onto	 	http://spanish.dictionary.com/translation/give+onto-Translate give+onto from English to Spanish	 Learn how to translate give+onto from English to Spanish at Dictionary.com
onto	 	http://www.tuneclone.com/how-to-put-itunes-m4p-to-windows-media-player.php-How to put iTunes M4P music onto Windows Media Player?	 This tutorial will show you how to convert M4P to WMA/MP3 so as to put iTunes M4P music onto Windows Media Player.
onto	 	http://ontoherbookshelf.wordpress.com/-Onto Her Bookshelf | "The world was hers for the reading ...	 "The world was hers for the reading." ~ Betty Smith (by Onto Her Bookshelf)
onto	 	http://www.tomshardware.com/forum/245546-32-files-play-player-dvd files onto CDr to play in dvd player ? - DVD Writers ...	 I'm just wondering if it's possible to put files onto a CD-r and play them in any DVD player.
onto	 	http://www.seeingthebigpicture.co.uk/-Canvas Art, Bespoke acrylic prints, Commercial art ...	 Stylish acrylic art, your photo as an acrylic print, your photo as a canvas, your photo prints onto metal, canvas art, wall art and photo solutions for your home and ...
onto	 	http://www.photogonia.com/-Photos on canvas- Print on Canvas with Photogonia Canvas ...	 Photogonia established itself as a leading print on canvas company in the canvas art industry. Photogonia specializes in transfer of photo onto canvas, canvas print ...
onto	 	http://supportforums.blackberry.com/t5/BlackBerry-Curve/how-do-i-download-music-onto-my-blackberry/td-p/1192729-how do i download music onto my blackberry? - BlackBerry ...	 I cant work out how to download music onto my blackberry but the booklet that came with it has no information on the problem.
onto	 	http://realtenerife.wordpress.com/-Real Tenerife | Opening a window onto the beauty that lies ...	 Opening a window onto the beauty that lies beyond the brochures
onto	 	http://blazinm.com/directions/-Directions | Blazin M Ranch | Chuckwagon Supper & Western ...	 View Larger Map . Head south on Arizona 89A toward Cottonwood Continue straight onto Arizona 89A for approximately 15 miles Turn right at traffic light onto E Mingus Ave
onto	 	http://www.gamephreak.com/threads/725387-Just-logged-onto-07scape-Just logged onto 07scape..	 Just logged onto 07scape.. - Why do they have autos built into the client. does that mean it isn't against the rules on rs3? ...
onto	 	http://www.macupdate.com/app/mac/27885/ripit-RipIt 1.2 - Gets your movies off DVD and onto your Mac ...	 Download, install or update RipIt (Mac) - Gets your movies off DVD and onto your Mac - from MacUpdate
onto	 	http://exchange.ydr.com/?app=core&module=search&do=search&search_tags=carrying+a+weapon+onto+school&search_app=forums-carrying a weapon onto school - Tags - Forums - The Exchange	 There were 1 results tagged with carrying a weapon onto school. By content type. Forums; Sort by Last Update Time; Title; Replies
onto	 	http://www.crochetspot.com/how-to-crochet-edging-onto-clothing/-Crochet Spot » Blog Archive » How to Crochet Edging onto ...	 Hi Brenda, there are some stretchy yarns, commonly used to crochet socks, that you can use to crochet your edging onto your socks so they will stretch with it.
onto	 	http://blazinm.com/directions/-Directions | Blazin M Ranch | Chuckwagon Supper & Western ...	 View Larger Map . Head south on Arizona 89A toward Cottonwood Continue straight onto Arizona 89A for approximately 15 miles Turn right at traffic light onto E Mingus Ave
onto	 	http://www.macupdate.com/app/mac/27885/ripit-RipIt 1.2 - Gets your movies off DVD and onto your Mac ...	 Download, install or update RipIt (Mac) - Gets your movies off DVD and onto your Mac - from MacUpdate
onto	 	http://www.crochetspot.com/how-to-crochet-edging-onto-clothing/-Crochet Spot » Blog Archive » How to Crochet Edging onto ...	 Hi Brenda, there are some stretchy yarns, commonly used to crochet socks, that you can use to crochet your edging onto your socks so they will stretch with it.
onto	 	http://www.gamephreak.com/threads/725387-Just-logged-onto-07scape-Just logged onto 07scape..	 Just logged onto 07scape.. - Why do they have autos built into the client. does that mean it isn't against the rules on rs3? ...
onto	 	http://exchange.ydr.com/?app=core&module=search&do=search&search_tags=carrying+a+weapon+onto+school&search_app=forums-carrying a weapon onto school - Tags - Forums - The Exchange	 There were 1 results tagged with carrying a weapon onto school. By content type. Forums; Sort by Last Update Time; Title; Replies
onto	 	http://www.perlmonks.org/?node_id=221893-Push onto arrays in a hash? - PerlMonks - The Monastery Gates	 I want to have a hash of arrays, onto which I can push elements. I realize that the 'arrays' in the hash aren't really arrays, but are references to anonymous arrays.
onto	 	http://yard-equipment.wonderhowto.com/how-to/install-traction-bands-onto-power-wheels-tires-264365/-How to Install traction bands onto Power Wheels tires ...	 How to Install traction bands onto Power Wheels tires. So, your children have the same old boring Fisher-Price Power Wheels that all the other kids on the block have.
onto	 	http://www.chicagotribune.com/news/nationworld/chi-tour-bus-accident-arizona-mexico-20150108-story.html-Tour bus tips over near Arizona-Mexico border; more than ...	 A tour bus flipped onto its side Thursday while on an agricultural sightseeing trip near the Arizona-Mexico border, injuring more than 20 people.
onto	 	http://scrapbooking.about.com/od/productreviews1/ss/tiletransfer_2.htm-Seal The Photos for Transfer onto Marble Tiles	 Rebecca uses a Tilano Fresco transfer kit to transfer photos onto marble tile coasters to create unique scrapbook home decor.
onto	 	http://www.jacksonvillelanding.com/directions-parking-Directions & Parking | Jacksonville Landing	 From Jacksonville International Airport (JAX) The Landing is an easy 20-minute drive from Jacksonville International Airport. Exit airport onto Airport Exit, which ...
onto	 	http://websitehelpers.com/video/-Getting video onto your website -- Web video demystified	 Getting video onto your website: Web video demystified. by Michael Bluejay • Feb. 2004 • Updated October 2010 . This article explains about video & file formats ...
onto	 	http://www.americaslibrary.gov/es/ny/es_ny_ellis_1.html-Walking Onto Ellis Island, New York - America's Library	 Walking Onto Ellis Island, New York Do you know what important activity once took place at Ellis Island? In the late 19th and early 20th centuries, many immigrants ...
onto	 	http://www.seattlepi.com/news/science/article/23-hurt-in-tour-bus-crash-on-dirt-road-in-rural-6002178.php-More than 20 hurt in tour bus crash in rural Arizona ...	 Emergency personnel tend to victims of a tour bus crash on an agricultural sightseeing trip Thursday morning, Jan. 8, 2015, in Yuma, Ariz. The bus flipped onto its ...
onto	 	http://www.onto-med.de/-Onto-Med Research Group	 The Onto-Med group considers Formal Ontology as an evolving science which is concerned with systematically developing axiomatic theories that describe forms ...
onto	 	http://www.mrexcel.com/forum/excel-questions/424495-overlay-line-graph-onto-bar-graph.html-Overlay Line Graph onto Bar Graph? - MrExcel.com | Excel ...	 Overlay Line Graph onto Bar Graph? This is a discussion on Overlay Line Graph onto Bar Graph? within the Excel Questions forums, part of the Question Forums category ...
onto	 	http://www.build-your-own-computer-tips.com/installing-a-cpu.html-Installing a CPU onto your computer 's motherboard	 How to go about installing a CPU onto your motherboard.
onto	 	http://www.av8n.com/computer/htm/grub-reinstall.htm-How to Reinstall Grub Onto Your MBR - Av8n.com	 1&#XA0;&#XA0;How to Reinstall Grub Onto Your MBR. Executive summary: it is fairly easy to recover from certain situations where your machine won&#X2019;t boot the way ...
onto	 	http://www.artificial-grass.com/permanent_base.htm-Installing Artificial Grass onto a Concrete or Permanent Base	 Installing artificial grass onto a concrete or permanent base installation guide
onto	 	http://www.songlyrics.com/ambrosia/holding-onto-yesterday-lyrics/-AMBROSIA - HOLDING ONTO YESTERDAY LYRICS - SongLyrics.com	 Ambrosia - Holding Onto Yesterday Lyrics. Well I keep holding on to yesterday. I Keep holding on, enough to say that im wrong. I keep thinking that im lonley, but it ...
onto	 	http://www.liveleak.com/view?i=8b1_1417704279-LiveLeak.com - Toddler's Buggy Rolls Onto Tracks	 December 04, 2014: Security video has been released of the heart-stopping moment a toddler in a stroller pram rolled onto train tracks at Diamond Creek station in ...
onto	 	http://thenextweb.com/insider/2012/10/02/pinterest-users-continue-to-complain-of-hacked-accounts-as-spam-spills-onto-facebook-twitter/-Pinterest Accounts Still Being Hacked, Spammed	 Last month, Pinterest users started to complain on Facebook and Twitter about their accounts getting hacked and pushing spam onto the social networks.
onto	 	http://petapixel.com/2012/11/20/photos-of-faces-projected-onto-trees/-Photos of Faces Projected Onto Trees - PetaPixel	 Clément Briend is a French photographer who photographs images being projected onto various surfaces in various spaces. For his project titled Cambodian Trees, he ...
onto	 	http://www.sciuridae.co.uk/apple_ipod_review/itunes_music.htm-Itunes Guide, How To Get Music Onto Your Ipod	 Ok, it seems obvious but in this little how to guide we look at the best ways of putting music onto your ipod via itunes.
onto	 	http://www.chuckhawks.com/mount_telescope_rifle.htm-How to Mount a Telescopic Sight onto Your Rifle	 By Henri Montandon [DISCLAIMER: This is a humorous story. It is not really intended to instruct you how to mount a scope onto your rifle.] 1. Pick your favorite rifle.
onto	 	http://www.cottonpatch.co.uk/acatalog/Supplies_Printing_Fabric.html-Supplies and paper for printing onto fabric	 Paper and supplies for Printing onto fabric ... If you have ever printed your own photos on an inkjet printer you will probably know how important selecting the right ...
onto	 	http://petapixel.com/2012/11/20/photos-of-faces-projected-onto-trees/-Photos of Faces Projected Onto Trees - PetaPixel	 Clément Briend is a French photographer who photographs images being projected onto various surfaces in various spaces. For his project titled Cambodian Trees, he ...
onto	 	http://www.sciuridae.co.uk/apple_ipod_review/itunes_music.htm-Itunes Guide, How To Get Music Onto Your Ipod	 Ok, it seems obvious but in this little how to guide we look at the best ways of putting music onto your ipod via itunes.
onto	 	http://www.songlyrics.com/ambrosia/holding-onto-yesterday-lyrics/-AMBROSIA - HOLDING ONTO YESTERDAY LYRICS - SongLyrics.com	 Ambrosia - Holding Onto Yesterday Lyrics. Well I keep holding on to yesterday. I Keep holding on, enough to say that im wrong. I keep thinking that im lonley, but it ...
onto	 	http://www.liveleak.com/view?i=8b1_1417704279-LiveLeak.com - Toddler's Buggy Rolls Onto Tracks	 December 04, 2014: Security video has been released of the heart-stopping moment a toddler in a stroller pram rolled onto train tracks at Diamond Creek station in ...
onto	 	http://thenextweb.com/insider/2012/10/02/pinterest-users-continue-to-complain-of-hacked-accounts-as-spam-spills-onto-facebook-twitter/-Pinterest Accounts Still Being Hacked, Spammed	 Last month, Pinterest users started to complain on Facebook and Twitter about their accounts getting hacked and pushing spam onto the social networks.
onto	 	http://www.chuckhawks.com/mount_telescope_rifle.htm-How to Mount a Telescopic Sight onto Your Rifle	 By Henri Montandon [DISCLAIMER: This is a humorous story. It is not really intended to instruct you how to mount a scope onto your rifle.] 1. Pick your favorite rifle.
onto	 	http://www.cottonpatch.co.uk/acatalog/Supplies_Printing_Fabric.html-Supplies and paper for printing onto fabric	 Paper and supplies for Printing onto fabric ... If you have ever printed your own photos on an inkjet printer you will probably know how important selecting the right ...
onto	 	http://ontobuilder.bitbucket.org/-Onto Builder 2 - Automatic Schema Matching Using ...	 The OntoBuilder project supports the extraction of ontologies from Web Search interfaces ranging from simple Search Engine forms to multiple-pages, complex ...
onto	 	http://www.mrexcel.com/forum/excel-questions/28802-concatenate-but-onto-new-line.html-Concatenate, but onto new line - MrExcel.com | Excel ...	 Concatenate, but onto new line. This is a discussion on Concatenate, but onto new line within the Excel Questions forums, part of the Question Forums category; I want ...
onto	 	http://repairpal.com/oil-may-leak-onto-starter-from-passenger-side-head-gasket-525-Oil May Leak Onto Starter From Passenger-Side Head Gasket ...	 An oil leak may develop from the the right side head gasket. Oil from this type of leak will commonly drip onto the starter. Our technician tell us an updated head ...
onto	 	http://www.allaboutcookies.org/cookies/cookies-get-onto-browser.html-How Cookies Get Onto Your Computer / Web Browser - All ...	 So how do cookies get onto my browser? To get a clear understanding of how cookie files are created on your computer, check out the browser technology section
onto	 	http://www.do-it-yourself-invitations.com/do-it-yourself-wedding-invitations.html-Do It Yourself Wedding Invitations: Printing Onto DIY Kits ...	 Printing Onto Your DIY Invitation Kit There are several programs suitable to use for printing the wording onto your do it yourself wedding invitations.
onto	 	http://www.liveleak.com/view?i=b3a_1417606625-LiveLeak.com - Staffie locked onto another poor dog...	 Staffie locked onto another poor dog... ...has to be prized apart... Loading the player ...
onto	 	http://www.maciverse.com/installing-snow-leopard-onto-an-external-hard-drive.html-Install Snow Leopard Onto An External USB Hard Drive ...	 Installing Snow Leopard onto an External Hard Drive. By Dan Hinckley. no responses. » When new versions of an operating system are released, its not uncommon to want ...
onto	 	http://twistedsifter.com/2013/11/2d-portraits-painted-onto-human-faces/-2D Portraits Painted Onto Human Faces «TwistedSifter	 '2D or not 2D' is a collaboration by Alexander Khokhlov and Valeriya Kutsan. The duo paint and shoot 2D portraits painted onto human faces.
onto	 	http://www.skiptomylou.org/wp-content/uploads/2008/10/witchshoe.pdf-Trace template onto cardstock, cut out and For more ...	 www.skiptomylou.org emplate Trace template onto cardstock, cut out and score on all dotted line. Fold together and glue. For more informatoin please visit:
onto	 	http://www.finishing.com/116/47.shtml-What is the detailed process for electroplating silver ...	 What is the detailed process for electroplating silver onto copper + I want to electroplate silver onto copper to fix old silver plate items that I have that are worn ...
onto	 	http://www.teachertools.org/documents/Respect%20essay.doc-Please copy onto a separate piece of paper	 Please copy onto a separate piece of paper. Be sure to put your name in the right hand corner of your paper. Title your paper “Respect”.
onto	 	http://www.slideshare.net/WakeCountyPublicLibraries/how-to-download-ebooks-onto-an-ereader-using-project-gutenberg-How to Download eBooks onto an eReader using Project Gutenberg	 How to download eBooks from Project Gutenberg onto an eReader, using the Wake County Public Libraries website.
onto	 	http://bakedecoratecelebrate.com/techniques/transferringpatterns.cfm?cat=6-Transferring Patterns onto Cakes at Bake Decorate Celebrate!	 Transferring Patterns onto Cakes. Piping Gel Pattern Transfer Sometimes the cake you choose may include a pattern design which must be decorated on the cake top, such ...
onto	 	http://www.ymssoccer.net/Directions/index_E.html-Directions - Yardley Makefield Soccer	 Falls Township Community Park Lynn Avenue and Mill Creek Road, Levittown, PA 19054. From South: Take I-95 North to exit 40 to merge onto PA-413 S/Veteran Hwy toward ...
onto	 	http://www.ps3news.com/forums/ps3-guides-tutorials/installing-ps2-games-onto-usb-hdd-usbld-loader-104052.html-Installing PS2 Games onto USB HDD for USBLD Loader	 neither, you need to install the games from your PC onto a usb drive. That usb drive then plugs into ur ps3 to use the games installed.
onto	 	http://answers.google.com/answers/threadview?id=345987-Google Answers: logging onto my work outlook express ...	 Subject: logging onto my work outlook express account from home Category: Computers > Security Asked by: debbtalk-ga List Price: $10.00: Posted: 13 May ...
onto	 	http://www.finishing.com/284/34.shtml-Electroplating copper onto nickel using a copper sulfate bath	 Electroplating copper onto nickel using a copper sulfate bath ++++ Q. Hello, I am a freshman student in an honors chemistry class. I have conducted an electroplating ...
onto	 	http://ezinearticles.com/?How-to-Keep-a-Girl-Hooked-Onto-You---She-Would-Have-No-Idea-Why-She-Cant-Stop-Thinking-About-You&id=1532539-How to Keep a Girl Hooked Onto You - She Would Have No ...	 Show interest then reject her- This is the very next step you must take if you want the girl to get hooked onto you. What most guys normally do when they come across ...
onto	 	http://fishing.about.com/od/basicfishinginstruction/ss/Spool_Spincast_5.htm-Reel New Line Onto Reel	 Reel the new line onto the reel ... Recipient's Email. This field is required. Separate multiple addresses with commas.
onto	 	http://www.ymssoccer.net/Directions/index_E.html-Directions - Yardley Makefield Soccer	 Falls Township Community Park Lynn Avenue and Mill Creek Road, Levittown, PA 19054. From South: Take I-95 North to exit 40 to merge onto PA-413 S/Veteran Hwy toward ...
onto	 	http://www.ps3news.com/forums/ps3-guides-tutorials/installing-ps2-games-onto-usb-hdd-usbld-loader-104052.html-Installing PS2 Games onto USB HDD for USBLD Loader	 neither, you need to install the games from your PC onto a usb drive. That usb drive then plugs into ur ps3 to use the games installed.
onto	 	http://www.finishing.com/284/34.shtml-Electroplating copper onto nickel using a copper sulfate bath	 Electroplating copper onto nickel using a copper sulfate bath ++++ Q. Hello, I am a freshman student in an honors chemistry class. I have conducted an electroplating ...
onto	 	http://answers.google.com/answers/threadview?id=345987-Google Answers: logging onto my work outlook express ...	 Subject: logging onto my work outlook express account from home Category: Computers > Security Asked by: debbtalk-ga List Price: $10.00: Posted: 13 May ...
onto	 	http://fishing.about.com/od/basicfishinginstruction/ss/Spool_Spincast_5.htm-Reel New Line Onto Reel	 Reel the new line onto the reel ... Recipient's Email. This field is required. Separate multiple addresses with commas.
onto	 	http://ezinearticles.com/?How-to-Keep-a-Girl-Hooked-Onto-You---She-Would-Have-No-Idea-Why-She-Cant-Stop-Thinking-About-You&id=1532539-How to Keep a Girl Hooked Onto You - She Would Have No ...	 Show interest then reject her- This is the very next step you must take if you want the girl to get hooked onto you. What most guys normally do when they come across ...
onto	 	http://www.brianenos.com/forums/index.php?showtopic=96928-Installing an LPA ghost sight & HiViz front sight onto a ...	 Installing an LPA ghost sight & HiViz front sight onto a Remmy 870 - posted in General Gunsmithing: OK, folks,I’m back again with a cool little project. I will be ...
onto	 	http://diyhappy.com/solvent-transfers/-Solvent Transfers | DIY:happy	 Doing a solvent transfer is probably the quickest, easiest way to get an image onto a T-Shirt, Moleskine, or other surface. Like screen printing, the image is applied ...
onto	 	http://www.appleiphoneschool.com/2007/12/05/how-do-i-get-a-theme-onto-my-iphone/-How do I get themes onto my iPhone (firmware 1.1.4 and ...	 Here are some instructions on how to get themes onto your iPhone and/or iPod Touch. These are instructions for firmware 1.1.4 and below. If you need
onto	 	http://www.ncbi.nlm.nih.gov/pubmed/8565074-Initiation of platelet adhesion by arrest onto fibrinogen ...	 1. Cell. 1996 Jan 26;84(2):289-97. Initiation of platelet adhesion by arrest onto fibrinogen or translocation on von Willebrand factor. Savage B, Saldívar E, Ruggeri ZM.
onto	 	http://www.murgee.com/MurGeeMon/monitor-control/lock-mouse/-Lock Mouse Onto Monitor - Dual Monitor Software, Auto ...	 Lock Mouse Cursor onto Monitor with a Configurable HotKey. Press the HotKey again to unlock the mouse cursor from the monitor and allow the mouse cursor to ...
onto	 	http://en.kioskea.net/forum/affich-229298-how-do-i-make-files-save-onto-my-local-disk-d-How do I make files save onto my local disk D [Solved]	 I have a 130 GB hard drive in my local disk (D:) and there only 15 GB in my local disk (C:) and everything i put onto my computer goes to the local disk (C:) so it ...
onto	 	http://forums.whirlpool.net.au/archive/1018847-Installing SSL Certificate onto iPhone - iPhone	 Can anyone tell me how to install an SSL Certificate onto the iPhone? The business I work for has an SSL certificate that needs to go on all the phones before a
onto	 	http://www.dltk-kids.com/animals/mlamb.htm-Lamb Craft - DLTK-Kids.com	 DLTK's Crafts for Kids Lamb Paper Craft. Contributed by Leanne Guenther. Here is a simple lamb template that you can choose to colour or paste cotton balls onto.
onto	 	http://forums.whirlpool.net.au/archive/1018847-Installing SSL Certificate onto iPhone - iPhone	 Can anyone tell me how to install an SSL Certificate onto the iPhone? The business I work for has an SSL certificate that needs to go on all the phones before a
onto	 	http://www.dltk-kids.com/animals/mlamb.htm-Lamb Craft - DLTK-Kids.com	 DLTK's Crafts for Kids Lamb Paper Craft. Contributed by Leanne Guenther. Here is a simple lamb template that you can choose to colour or paste cotton balls onto.
onto	 	http://www.answerbag.com/q_view/463770-How do i put music from my computer onto a micro sd card ...	 How do i put music from my computer onto a micro sd card? I F YOU HAVE A PRINTER AND YOU COULD PUT MEMERY STICK FIST YOU GET YOUR MICRO SD CARD PUT IT IN ...
onto	 	http://en.kioskea.net/forum/affich-22213-copy-data-onto-sheet-only-if-cell-has-text-Copy data onto sheet only if cell has text [Solved]	 Hello, I need to copy formulas and data from a selection of cells in a worksheet (Figures) onto a seperate sheet (summary). I would like the information to ...
onto	 	http://philadelphia.craigslist.org/mis/4841887428.html-worth holding onto - w4m (s philly)	 When I thought I was starting over you were the only one I felt was worth holding onto...because of how we felt together when we were pure...before the ...
onto	 	http://hoydream.tripod.com/-~~Hold Onto Your Dreams~~	 Welcome to 'Hold Onto Your Dreams'! We are one of many palaces in the graphical chat program "PChat". If you are interested in ...
onto	 	http://www.learntodream.co.uk/-Photographs onto Canvas - Personalised Wall Art - Digital ...	 Photographs onto Canvas. The artist's canvas is the material traditionally thought just to be the preserve of the oil painter. However, for the right photographic ...
onto	 	http://www.amazon.com/WINDOW-TROPICS-poster-lovely-PRISTINE/dp/B00CJG4CLG-WINDOW ONTO TROPICS poster lovely blue sky water breeze ...	 WINDOW ONTO TROPICS poster lovely blue sky water breeze ...
onto	 	http://www.abc.net.au/tv/waggingschool/-Wagging School - (ABC2) - Australian Broadcasting Corporation	 Wagging School Screensaver. Download Daisy, Coco and Phoebe onto your desktop to keep.
onto	 	http://ontothehorizon.tumblr.com/-ONTO THE HORIZON	 ONTO THE HORIZON Archive Ask Sans Eyes Permalink ©
onto	 	http://www.answerbag.com/q_view/2065434-Can you add money onto a Walmart card online? | Answerbag	 Can you add money onto a Walmart card online? You can add money to your Walmart MoneyCard online from your bank's website. Walmart's MoneyCard website ...
onto	 	http://www.huffingtonpost.com/2015/01/13/dogs-rolling-over-aggressive-submissive_n_6456146.html-When Dogs Roll Over, They May Actually Be Acting Combative	 When dogs roll over onto their backs and expose their bellies, their behavior is a sign of submission, right? Well, new research suggests that we may be ...
onto	 	http://www.usatoday.com/story/news/world/2015/01/10/air-asia-tail-black-boxes/21546195/-Crashed AirAsia's tail hoisted from sea; no black boxes	 Indonesian navy load two bodies onto the navy vessel KRI Banda Aceh amid their efforts to lift the tail of AirAsia Flight 8501 on Jan. 9. (Photo: Pool ...
onto	 	http://www.dosmallthingswithlove.com/2013/08/photo-transfer-onto-glass.html-Photo Transfer onto Glass - Do Small Things with Love	 I have done image transfer many times, but this is the first time I attempted to do a photo transfer onto glass. It is an easy and classic craft.
onto	 	http://askville.amazon.com/pictures-iPod-computer/AnswerViewer.do?requestId=2289871-Is there any way to get pictures off an iPod onto a computer?	 Askville Question: Is there any way to get pictures off an iPod onto a computer? : Desktops & Laptops
onto	 	http://askville.amazon.com/put-music-computer/AnswerViewer.do?requestId=25430435-How do you put music onto your computer? - Ask questions ...	 Askville Question: How do you put music onto your computer? : Entertainment
onto	 	http://www.abc.net.au/tv/waggingschool/-Wagging School - (ABC2) - Australian Broadcasting Corporation	 Wagging School Screensaver. Download Daisy, Coco and Phoebe onto your desktop to keep.
onto	 	http://ontothehorizon.tumblr.com/-ONTO THE HORIZON	 ONTO THE HORIZON Archive Ask Sans Eyes Permalink ©
onto	 	http://www.answerbag.com/q_view/2065434-Can you add money onto a Walmart card online? | Answerbag	 Can you add money onto a Walmart card online? You can add money to your Walmart MoneyCard online from your bank's website. Walmart's MoneyCard website ...
onto	 	http://www.huffingtonpost.com/2015/01/13/dogs-rolling-over-aggressive-submissive_n_6456146.html-When Dogs Roll Over, They May Actually Be Acting Combative	 When dogs roll over onto their backs and expose their bellies, their behavior is a sign of submission, right? Well, new research suggests that we may be ...
onto	 	http://www.usatoday.com/story/news/world/2015/01/10/air-asia-tail-black-boxes/21546195/-Crashed AirAsia's tail hoisted from sea; no black boxes	 Indonesian navy load two bodies onto the navy vessel KRI Banda Aceh amid their efforts to lift the tail of AirAsia Flight 8501 on Jan. 9. (Photo: Pool ...
onto	 	http://www.dosmallthingswithlove.com/2013/08/photo-transfer-onto-glass.html-Photo Transfer onto Glass - Do Small Things with Love	 I have done image transfer many times, but this is the first time I attempted to do a photo transfer onto glass. It is an easy and classic craft.
onto	 	http://askville.amazon.com/pictures-iPod-computer/AnswerViewer.do?requestId=2289871-Is there any way to get pictures off an iPod onto a computer?	 Askville Question: Is there any way to get pictures off an iPod onto a computer? : Desktops & Laptops
onto	 	http://askville.amazon.com/put-music-computer/AnswerViewer.do?requestId=25430435-How do you put music onto your computer? - Ask questions ...	 Askville Question: How do you put music onto your computer? : Entertainment
onto	 	http://www.makeuseof.com/answers/how-can-i-put-youtube-videos-onto-a-flash-drive/-How can I put YouTube videos onto a flash drive? - MakeUseOf	 I am looking for the simplest way to put YouTube videos onto my flash drive.
onto	 	http://www.thefreedictionary.com/onto--onto- - definition of onto- by The Free Dictionary	 onto-or ont-pref. 1. Existence; being: ontology. 2. Organism: ontogeny. [Late Greek, from Greek ōn, ont-, present participle of einai, to be; see es-in Indo-European ...
onto	 	http://regentsprep.org/Regents/math/algtrig/ATP5/OntoFunctions.htm-One-to-one and Onto Functions - Regents Exam Prep Center	 A function f from A to B is called onto if for all b in B there is an a in A such that f (a) = b. All elements in B are used. Such functions are referred to ...
onto	 	http://www.videojug.com/film/how-to-get-music-onto-your-ipod-from-a-cd-How To Get Music Onto Your iPod From A CD (iPods: Getting ...	 Step 2: Getting Started. If you haven't already set up your ipod and installed iTunes onto your computer, refer to Videojug 'How to get started with your ipod' for ...
onto	 	http://news.yahoo.com/tiger-leaps-onto-boat-snatches-man-east-india-090431380.html-Tiger leaps onto boat, snatches man in east India - Yahoo News	 Tiger Leaps Onto Boat, Snatches Man In East India. A Bengal tiger snatched a man off a fishing boat in eastern India, dragging him away into a mangrove ...
onto	 	http://www.cbsnews.com/news/window-washer-survives-11-story-fall-onto-car-in-san-francisco/-Window washer survives 11-story fall onto moving car in S ...	 SAN FRANCISCO-- A window washer fell screaming 11 stories from a bank building Friday morning onto a moving car, crushing its roof and sending shattered ...
onto	 	http://techcrunch.com/2015/01/09/disney-builds-an-adorable-robot-to-etch-massive-pictures-onto-the-beach/-Disney Builds An Adorable Robot To Etch Massive Pictures ...	 Disney Builds An Adorable Robot To Etch Massive Pictures Onto The Beach. Posted Jan 9, 2015 by Greg Kumparak . 0 SHARES; Next Story.
onto	 	http://www.bizjournals.com/atlanta/news/2015/01/09/delta-air-lines-battling-to-hold-onto-its-seattle.html-Delta Air Lines battling to hold onto its Seattle-to-Tokyo ...	 Delta Air Lines Inc. is battling two other airlines to hold onto its flights between Seattle and Tokyo, which Delta says are key to its hub strategy.
onto	 	http://www.thriftyfun.com/Clothing-is-Bleeding-onto-Itself-1.html-Clothing is Bleeding Onto Itself | ThriftyFun	 How do I get color out where the pink bled onto the white body? I washed it according to the directions in cold water, using powder detergent.
onto	 	http://www.dslreports.com/faq/815-How Do I Transfer My MP3's Onto A CD? MP3 FAQ | DSLReports ...	 This process is referred to as "ripping" and "burning". To convert MP3's into an audio CD, you can generally just copy your MP3 files right onto a CD using ...
onto	 	http://www.ldoceonline.com/dictionary/onto-onto - Definition from Longman English Dictionary Online	 Definition of onto from the Longman Online Dictionary of Contemporary English. The Longman English Dictionary provides support and resources for those who want to ...
onto	 	http://forums.cnet.com/7723-21570_102-580282/itunes-11-how-do-i-get-new-music-onto-my-iphone/-iTunes 11. How do I get new music onto my iPhone? - CNET ...	 iTunes: iTunes 11. How do I get new music onto my iPhone? - Read iTunes discussions and get tips and advice on this topic and others on CNET Forums.
onto	 	http://content.photojojo.com/diy/etch-photos-on-glass/-Turn Your Photos into Beautiful Glass Etchings! | Photojojo	 Etch Any Photo Onto Glass. Why it’s clearly cool: Using this technique, you can personalize every glass surface you can think of.
onto	 	http://gizmodo.com/238170/how-to-load-mp3s-onto-your-ipod-without-itunes-How To Load MP3s Onto Your iPod Without iTunes	 Although we've all known it was possible to load up music onto your iPod without iTunes, here's a great guide from Lifehacker listing all the steps in extensive detail.
onto	 	http://apple.stackexchange.com/questions/53945/how-do-i-get-songs-previously-purchased-on-my-old-iphone-onto-my-new-iphone-itunes - How do I get songs previously purchased on my old ...	 How do I get purchased and ripped ... How can I get the music I've put onto my iPhone from ... iTunes shows 'ghost' songs on my iPhone that are not there, how do I ...
onto	 	http://www.usatoday.com/story/todayinthesky/2013/10/06/9-year-old-boy-sneaks-onto-plane-flies-to-las-vegas/2931361/-9-year old boy sneaks onto plane, flies to Las Vegas	 9-year old boy sneaks onto plane, flies to Las Vegas. MINNEAPOLIS (AP) - A 9-year-old Minneapolis boy was able to get through security at a Twin Cities ...
onto	 	http://knowledge.seagate.com/articles/en_US/FAQ/201431en-How to burn an .iso image onto a CD - Search | Seagate	 How to burn an .iso image onto a CD Many Seagate utilities are downloadable in .iso image format. This article explains how to use them. Just like the old boot floppy ...
onto	 	http://www.instructables.com/id/How-to-install-apps-onto-your-SD-Card-No-Root/-How To Install Apps Onto Your SD Card (No Root)	 Intro: How To Install Apps Onto Your SD Card (No Root) Have you ever ran low on memory space on your android and had to delete some apps?
onto	 	http://pivotallabs.com/git-rebase-onto/-git rebase --onto - Pivotal Labs	 Jack Dempsey says: Excellent writeup Kris, loving the deeper dives into some powerful features. I’m a power user of rebasing, but not –onto so this is especially ...
onto	 	http://www.linnrecords.com/linn-dvd-audio.aspx-Burning downloaded music onto DVD-A - Linn Records - The ...	 Burning downloaded music onto DVD-A. Burning your downloads onto a DVD is a great way of backing-up your Studio Master download purchase and also provides another ...
onto	 	http://www.definitions.net/definition/onto-What does onto mean? - Definitions.net	 Definition of onto in the Definitions.net dictionary. Meaning of onto. What does onto mean? Information and translations of onto in the most comprehensive dictionary ...
onto	 	http://ipod.about.com/od/addinganddeletingsongs/ht/how-do-you-download-songs-onto-an-ipod-nano.htm-How Do You Download Songs onto an iPod nano?	 Downloading songs onto an iPod nano, a process called syncing, is the main way to transfer music from your iTunes library to your iPod nano. Here's how to do it.
onto	 	http://www.wsj.com/articles/SB10001424127887323864304578316143623600544-Authors Buy Their Way Onto Best-Seller Lists - WSJ	 Something similar happened when the hardcover edition of "Networking is Dead," was published in mid-December. A week after selling enough copies to make it onto the ...
onto	 	http://kbnello.tumblr.com/-I'm latching onto you...	 I'm latching onto you... Maksyl gifer, creator of "It's a Maksyl Thing" gifsets, fanfic addict, & accidental creator of the "Banana Dead" phrase
onto	 	http://www.videojug.com/film/how-to-get-video-onto-your-ipod-How To Get Video Onto Your iPod (iPods: Photo and Video)	 How To Get Video Onto Your iPod. The latest iPod's are able to play videos as well as music. You can now watch videos in high quality on the iPod screen, so we here ...
onto	 	http://www.wral.com/triangle-puppy-recovering-after-falling-onto-knitting-needle/14325947/-Triangle puppy recovering after falling onto knitting ...	 Durham, N.C. — A 17-week old puppy spent New Year's Eve in a local veterinary hospital after falling onto a knitting needle and piercing her heart.
onto	 	http://littledeartracks.blogspot.com/2010/03/stitching-on-felt.html-How to Transfer a Pattern onto Felt.	 Step 2: Pin it onto your felt. For my birdcage, I cut out the bird shape and stitched him on first, then embroidered the cage and details over it.
onto	 	http://www.ijreview.com/2014/04/126780-homeless-man-walked-onto-music-video-one-expected-join-without-missing-beat/-When a Homeless Man Walked Onto a Music Video, No One ...	 Christian musician Carlos Whittaker was in Atlanta to work on a music video for his song “God of Second Chances,” when a homeless man walked onto the set in the ...
onto	 	http://www.metrolyrics.com/holding-onto-heaven-lyrics-foxes.html-Foxes - Holding Onto Heaven Lyrics | MetroLyrics	 Lyrics to 'Holding Onto Heaven' by Foxes. Starless sky / We've got so good at pretending / There's a side / A side to you that isn't running / But I don't know
onto	 	http://www.instructables.com/id/Inkjet-Printing-on-Fabric/-Inkjet Printing on Fabric - Instructables - DIY How To ...	 Intro: Inkjet Printing on Fabric. Forget about printing on some transfer paper and then ironing it onto some fabric. With some freezer paper you can print right on ...
onto	 	http://electronics.howstuffworks.com/how-to-burn-music-onto-cd.htm-How to Burn Music onto a CD - HowStuffWorks	 There are many reasons to burn some or all of your music collection onto a CD, including to free up space for the new songs without losing the old ones, making ...
onto	 	http://www.askdavetaylor.com/copy_rip_music_cd_onto_ipod_nano_touch/-How do I copy a music CD onto my iPod Nano? - Ask Dave Taylor	 Just got a new iPod Nano, but now I’m trying to figure out how to get music onto it without having to buy every single song from iTunes. I can’t afford that!
onto	 	http://www.etymonline.com/index.php?term=onto--Online Etymology Dictionary	 onto-word-forming element meaning "a being, individual; being, existence," from Greek onto-, from stem of on (genitive ontos) "being," neuter present participle of ...
onto	 	http://www.abc.net.au/tv/waggingschool/-Wagging School - (ABC2) - Australian Broadcasting Corporation	 Wagging School Screensaver. Download Daisy, Coco and Phoebe onto your desktop to keep.
onto	 	http://ontothehorizon.tumblr.com/-ONTO THE HORIZON	 ONTO THE HORIZON Archive Ask Sans Eyes Permalink ©
onto	 	http://www.answerbag.com/q_view/2065434-Can you add money onto a Walmart card online? | Answerbag	 Can you add money onto a Walmart card online? You can add money to your Walmart MoneyCard online from your bank's website. Walmart's MoneyCard website ...
onto	 	http://www.huffingtonpost.com/2015/01/13/dogs-rolling-over-aggressive-submissive_n_6456146.html-When Dogs Roll Over, They May Actually Be Acting Combative	 When dogs roll over onto their backs and expose their bellies, their behavior is a sign of submission, right? Well, new research suggests that we may be ...
onto	 	http://www.usatoday.com/story/news/world/2015/01/10/air-asia-tail-black-boxes/21546195/-Crashed AirAsia's tail hoisted from sea; no black boxes	 Indonesian navy load two bodies onto the navy vessel KRI Banda Aceh amid their efforts to lift the tail of AirAsia Flight 8501 on Jan. 9. (Photo: Pool ...
onto	 	http://www.dosmallthingswithlove.com/2013/08/photo-transfer-onto-glass.html-Photo Transfer onto Glass - Do Small Things with Love	 I have done image transfer many times, but this is the first time I attempted to do a photo transfer onto glass. It is an easy and classic craft.
onto	 	http://askville.amazon.com/pictures-iPod-computer/AnswerViewer.do?requestId=2289871-Is there any way to get pictures off an iPod onto a computer?	 Askville Question: Is there any way to get pictures off an iPod onto a computer? : Desktops & Laptops
onto	 	http://askville.amazon.com/put-music-computer/AnswerViewer.do?requestId=25430435-How do you put music onto your computer? - Ask questions ...	 Askville Question: How do you put music onto your computer? : Entertainment
onto	 	http://www.abc.net.au/tv/waggingschool/-Wagging School - (ABC2) - Australian Broadcasting Corporation	 Wagging School Screensaver. Download Daisy, Coco and Phoebe onto your desktop to keep.
onto	 	http://ontothehorizon.tumblr.com/-ONTO THE HORIZON	 ONTO THE HORIZON Archive Ask Sans Eyes Permalink ©
onto	 	http://www.answerbag.com/q_view/2065434-Can you add money onto a Walmart card online? | Answerbag	 Can you add money onto a Walmart card online? You can add money to your Walmart MoneyCard online from your bank's website. Walmart's MoneyCard website ...
onto	 	http://www.huffingtonpost.com/2015/01/13/dogs-rolling-over-aggressive-submissive_n_6456146.html-When Dogs Roll Over, They May Actually Be Acting Combative	 When dogs roll over onto their backs and expose their bellies, their behavior is a sign of submission, right? Well, new research suggests that we may be ...
onto	 	http://www.usatoday.com/story/news/world/2015/01/10/air-asia-tail-black-boxes/21546195/-Crashed AirAsia's tail hoisted from sea; no black boxes	 Indonesian navy load two bodies onto the navy vessel KRI Banda Aceh amid their efforts to lift the tail of AirAsia Flight 8501 on Jan. 9. (Photo: Pool ...
onto	 	http://www.dosmallthingswithlove.com/2013/08/photo-transfer-onto-glass.html-Photo Transfer onto Glass - Do Small Things with Love	 I have done image transfer many times, but this is the first time I attempted to do a photo transfer onto glass. It is an easy and classic craft.
onto	 	http://askville.amazon.com/pictures-iPod-computer/AnswerViewer.do?requestId=2289871-Is there any way to get pictures off an iPod onto a computer?	 Askville Question: Is there any way to get pictures off an iPod onto a computer? : Desktops & Laptops
onto	 	http://askville.amazon.com/put-music-computer/AnswerViewer.do?requestId=25430435-How do you put music onto your computer? - Ask questions ...	 Askville Question: How do you put music onto your computer? : Entertainment
onto	 	http://www.abc.net.au/tv/waggingschool/-Wagging School - (ABC2) - Australian Broadcasting Corporation	 Wagging School Screensaver. Download Daisy, Coco and Phoebe onto your desktop to keep.
onto	 	http://ontothehorizon.tumblr.com/-ONTO THE HORIZON	 ONTO THE HORIZON Archive Ask Sans Eyes Permalink ©
onto	 	http://www.answerbag.com/q_view/2065434-Can you add money onto a Walmart card online? | Answerbag	 Can you add money onto a Walmart card online? You can add money to your Walmart MoneyCard online from your bank's website. Walmart's MoneyCard website ...
onto	 	http://www.huffingtonpost.com/2015/01/13/dogs-rolling-over-aggressive-submissive_n_6456146.html-When Dogs Roll Over, They May Actually Be Acting Combative	 When dogs roll over onto their backs and expose their bellies, their behavior is a sign of submission, right? Well, new research suggests that we may be ...
onto	 	http://www.usatoday.com/story/news/world/2015/01/10/air-asia-tail-black-boxes/21546195/-Crashed AirAsia's tail hoisted from sea; no black boxes	 Indonesian navy load two bodies onto the navy vessel KRI Banda Aceh amid their efforts to lift the tail of AirAsia Flight 8501 on Jan. 9. (Photo: Pool ...
onto	 	http://www.dosmallthingswithlove.com/2013/08/photo-transfer-onto-glass.html-Photo Transfer onto Glass - Do Small Things with Love	 I have done image transfer many times, but this is the first time I attempted to do a photo transfer onto glass. It is an easy and classic craft.
onto	 	http://askville.amazon.com/pictures-iPod-computer/AnswerViewer.do?requestId=2289871-Is there any way to get pictures off an iPod onto a computer?	 Askville Question: Is there any way to get pictures off an iPod onto a computer? : Desktops & Laptops
onto	 	http://askville.amazon.com/put-music-computer/AnswerViewer.do?requestId=25430435-How do you put music onto your computer? - Ask questions ...	 Askville Question: How do you put music onto your computer? : Entertainment
onto	 	http://www.abc.net.au/tv/waggingschool/-Wagging School - (ABC2) - Australian Broadcasting Corporation	 Wagging School Screensaver. Download Daisy, Coco and Phoebe onto your desktop to keep.
onto	 	http://ontothehorizon.tumblr.com/-ONTO THE HORIZON	 ONTO THE HORIZON Archive Ask Sans Eyes Permalink ©
onto	 	http://www.answerbag.com/q_view/2065434-Can you add money onto a Walmart card online? | Answerbag	 Can you add money onto a Walmart card online? You can add money to your Walmart MoneyCard online from your bank's website. Walmart's MoneyCard website ...
onto	 	http://www.huffingtonpost.com/2015/01/13/dogs-rolling-over-aggressive-submissive_n_6456146.html-When Dogs Roll Over, They May Actually Be Acting Combative	 When dogs roll over onto their backs and expose their bellies, their behavior is a sign of submission, right? Well, new research suggests that we may be ...
onto	 	http://www.usatoday.com/story/news/world/2015/01/10/air-asia-tail-black-boxes/21546195/-Crashed AirAsia's tail hoisted from sea; no black boxes	 Indonesian navy load two bodies onto the navy vessel KRI Banda Aceh amid their efforts to lift the tail of AirAsia Flight 8501 on Jan. 9. (Photo: Pool ...
onto	 	http://www.dosmallthingswithlove.com/2013/08/photo-transfer-onto-glass.html-Photo Transfer onto Glass - Do Small Things with Love	 I have done image transfer many times, but this is the first time I attempted to do a photo transfer onto glass. It is an easy and classic craft.
onto	 	http://askville.amazon.com/pictures-iPod-computer/AnswerViewer.do?requestId=2289871-Is there any way to get pictures off an iPod onto a computer?	 Askville Question: Is there any way to get pictures off an iPod onto a computer? : Desktops & Laptops
onto	 	http://askville.amazon.com/put-music-computer/AnswerViewer.do?requestId=25430435-How do you put music onto your computer? - Ask questions ...	 Askville Question: How do you put music onto your computer? : Entertainment
onto	 	http://www.abc.net.au/tv/waggingschool/-Wagging School - (ABC2) - Australian Broadcasting Corporation	 Wagging School Screensaver. Download Daisy, Coco and Phoebe onto your desktop to keep.
onto	 	http://ontothehorizon.tumblr.com/-ONTO THE HORIZON	 ONTO THE HORIZON Archive Ask Sans Eyes Permalink ©
onto	 	http://www.answerbag.com/q_view/2065434-Can you add money onto a Walmart card online? | Answerbag	 Can you add money onto a Walmart card online? You can add money to your Walmart MoneyCard online from your bank's website. Walmart's MoneyCard website ...
onto	 	http://www.huffingtonpost.com/2015/01/13/dogs-rolling-over-aggressive-submissive_n_6456146.html-When Dogs Roll Over, They May Actually Be Acting Combative	 When dogs roll over onto their backs and expose their bellies, their behavior is a sign of submission, right? Well, new research suggests that we may be ...
onto	 	http://www.usatoday.com/story/news/world/2015/01/10/air-asia-tail-black-boxes/21546195/-Crashed AirAsia's tail hoisted from sea; no black boxes	 Indonesian navy load two bodies onto the navy vessel KRI Banda Aceh amid their efforts to lift the tail of AirAsia Flight 8501 on Jan. 9. (Photo: Pool ...
onto	 	http://www.dosmallthingswithlove.com/2013/08/photo-transfer-onto-glass.html-Photo Transfer onto Glass - Do Small Things with Love	 I have done image transfer many times, but this is the first time I attempted to do a photo transfer onto glass. It is an easy and classic craft.
onto	 	http://askville.amazon.com/pictures-iPod-computer/AnswerViewer.do?requestId=2289871-Is there any way to get pictures off an iPod onto a computer?	 Askville Question: Is there any way to get pictures off an iPod onto a computer? : Desktops & Laptops
onto	 	http://askville.amazon.com/put-music-computer/AnswerViewer.do?requestId=25430435-How do you put music onto your computer? - Ask questions ...	 Askville Question: How do you put music onto your computer? : Entertainment
onto	 	http://www.abc.net.au/tv/waggingschool/-Wagging School - (ABC2) - Australian Broadcasting Corporation	 Wagging School Screensaver. Download Daisy, Coco and Phoebe onto your desktop to keep.
onto	 	http://ontothehorizon.tumblr.com/-ONTO THE HORIZON	 ONTO THE HORIZON Archive Ask Sans Eyes Permalink ©
onto	 	http://www.answerbag.com/q_view/2065434-Can you add money onto a Walmart card online? | Answerbag	 Can you add money onto a Walmart card online? You can add money to your Walmart MoneyCard online from your bank's website. Walmart's MoneyCard website ...
onto	 	http://www.huffingtonpost.com/2015/01/13/dogs-rolling-over-aggressive-submissive_n_6456146.html-When Dogs Roll Over, They May Actually Be Acting Combative	 When dogs roll over onto their backs and expose their bellies, their behavior is a sign of submission, right? Well, new research suggests that we may be ...
onto	 	http://www.usatoday.com/story/news/world/2015/01/10/air-asia-tail-black-boxes/21546195/-Crashed AirAsia's tail hoisted from sea; no black boxes	 Indonesian navy load two bodies onto the navy vessel KRI Banda Aceh amid their efforts to lift the tail of AirAsia Flight 8501 on Jan. 9. (Photo: Pool ...
onto	 	http://www.dosmallthingswithlove.com/2013/08/photo-transfer-onto-glass.html-Photo Transfer onto Glass - Do Small Things with Love	 I have done image transfer many times, but this is the first time I attempted to do a photo transfer onto glass. It is an easy and classic craft.
onto	 	http://askville.amazon.com/pictures-iPod-computer/AnswerViewer.do?requestId=2289871-Is there any way to get pictures off an iPod onto a computer?	 Askville Question: Is there any way to get pictures off an iPod onto a computer? : Desktops & Laptops
onto	 	http://askville.amazon.com/put-music-computer/AnswerViewer.do?requestId=25430435-How do you put music onto your computer? - Ask questions ...	 Askville Question: How do you put music onto your computer? : Entertainment
onto	 	http://www.abc.net.au/tv/waggingschool/-Wagging School - (ABC2) - Australian Broadcasting Corporation	 Wagging School Screensaver. Download Daisy, Coco and Phoebe onto your desktop to keep.
onto	 	http://ontothehorizon.tumblr.com/-ONTO THE HORIZON	 ONTO THE HORIZON Archive Ask Sans Eyes Permalink ©
onto	 	http://www.answerbag.com/q_view/2065434-Can you add money onto a Walmart card online? | Answerbag	 Can you add money onto a Walmart card online? You can add money to your Walmart MoneyCard online from your bank's website. Walmart's MoneyCard website ...
onto	 	http://www.huffingtonpost.com/2015/01/13/dogs-rolling-over-aggressive-submissive_n_6456146.html-When Dogs Roll Over, They May Actually Be Acting Combative	 When dogs roll over onto their backs and expose their bellies, their behavior is a sign of submission, right? Well, new research suggests that we may be ...
onto	 	http://www.usatoday.com/story/news/world/2015/01/10/air-asia-tail-black-boxes/21546195/-Crashed AirAsia's tail hoisted from sea; no black boxes	 Indonesian navy load two bodies onto the navy vessel KRI Banda Aceh amid their efforts to lift the tail of AirAsia Flight 8501 on Jan. 9. (Photo: Pool ...
onto	 	http://www.dosmallthingswithlove.com/2013/08/photo-transfer-onto-glass.html-Photo Transfer onto Glass - Do Small Things with Love	 I have done image transfer many times, but this is the first time I attempted to do a photo transfer onto glass. It is an easy and classic craft.
onto	 	http://askville.amazon.com/pictures-iPod-computer/AnswerViewer.do?requestId=2289871-Is there any way to get pictures off an iPod onto a computer?	 Askville Question: Is there any way to get pictures off an iPod onto a computer? : Desktops & Laptops
onto	 	http://askville.amazon.com/put-music-computer/AnswerViewer.do?requestId=25430435-How do you put music onto your computer? - Ask questions ...	 Askville Question: How do you put music onto your computer? : Entertainment
onto	 	http://www.abc.net.au/tv/waggingschool/-Wagging School - (ABC2) - Australian Broadcasting Corporation	 Wagging School Screensaver. Download Daisy, Coco and Phoebe onto your desktop to keep.
onto	 	http://ontothehorizon.tumblr.com/-ONTO THE HORIZON	 ONTO THE HORIZON Archive Ask Sans Eyes Permalink ©
onto	 	http://www.answerbag.com/q_view/2065434-Can you add money onto a Walmart card online? | Answerbag	 Can you add money onto a Walmart card online? You can add money to your Walmart MoneyCard online from your bank's website. Walmart's MoneyCard website ...
onto	 	http://www.huffingtonpost.com/2015/01/13/dogs-rolling-over-aggressive-submissive_n_6456146.html-When Dogs Roll Over, They May Actually Be Acting Combative	 When dogs roll over onto their backs and expose their bellies, their behavior is a sign of submission, right? Well, new research suggests that we may be ...
onto	 	http://www.usatoday.com/story/news/world/2015/01/10/air-asia-tail-black-boxes/21546195/-Crashed AirAsia's tail hoisted from sea; no black boxes	 Indonesian navy load two bodies onto the navy vessel KRI Banda Aceh amid their efforts to lift the tail of AirAsia Flight 8501 on Jan. 9. (Photo: Pool ...
onto	 	http://www.dosmallthingswithlove.com/2013/08/photo-transfer-onto-glass.html-Photo Transfer onto Glass - Do Small Things with Love	 I have done image transfer many times, but this is the first time I attempted to do a photo transfer onto glass. It is an easy and classic craft.
onto	 	http://askville.amazon.com/pictures-iPod-computer/AnswerViewer.do?requestId=2289871-Is there any way to get pictures off an iPod onto a computer?	 Askville Question: Is there any way to get pictures off an iPod onto a computer? : Desktops & Laptops
onto	 	http://askville.amazon.com/put-music-computer/AnswerViewer.do?requestId=25430435-How do you put music onto your computer? - Ask questions ...	 Askville Question: How do you put music onto your computer? : Entertainment
onto	 	http://www.abc.net.au/tv/waggingschool/-Wagging School - (ABC2) - Australian Broadcasting Corporation	 Wagging School Screensaver. Download Daisy, Coco and Phoebe onto your desktop to keep.
onto	 	http://ontothehorizon.tumblr.com/-ONTO THE HORIZON	 ONTO THE HORIZON Archive Ask Sans Eyes Permalink ©
onto	 	http://www.answerbag.com/q_view/2065434-Can you add money onto a Walmart card online? | Answerbag	 Can you add money onto a Walmart card online? You can add money to your Walmart MoneyCard online from your bank's website. Walmart's MoneyCard website ...
onto	 	http://www.huffingtonpost.com/2015/01/13/dogs-rolling-over-aggressive-submissive_n_6456146.html-When Dogs Roll Over, They May Actually Be Acting Combative	 When dogs roll over onto their backs and expose their bellies, their behavior is a sign of submission, right? Well, new research suggests that we may be ...
onto	 	http://www.usatoday.com/story/news/world/2015/01/10/air-asia-tail-black-boxes/21546195/-Crashed AirAsia's tail hoisted from sea; no black boxes	 Indonesian navy load two bodies onto the navy vessel KRI Banda Aceh amid their efforts to lift the tail of AirAsia Flight 8501 on Jan. 9. (Photo: Pool ...
onto	 	http://www.dosmallthingswithlove.com/2013/08/photo-transfer-onto-glass.html-Photo Transfer onto Glass - Do Small Things with Love	 I have done image transfer many times, but this is the first time I attempted to do a photo transfer onto glass. It is an easy and classic craft.
onto	 	http://askville.amazon.com/pictures-iPod-computer/AnswerViewer.do?requestId=2289871-Is there any way to get pictures off an iPod onto a computer?	 Askville Question: Is there any way to get pictures off an iPod onto a computer? : Desktops & Laptops
onto	 	http://askville.amazon.com/put-music-computer/AnswerViewer.do?requestId=25430435-How do you put music onto your computer? - Ask questions ...	 Askville Question: How do you put music onto your computer? : Entertainment
