quick	 	http://quickbooks.intuit.com/-Accounting Software for Small Business - Intuit QuickBooks	 Run your whole business better with QuickBooks. It is the #1 rated small business accounting software. Sign up for a FREE trial today.
quick	 	http://www.merriam-webster.com/dictionary/quick-Quick - Definition and More from the Free Merriam-Webster ...	 Full Definition of QUICK 1 : not dead : living, alive 2 : acting or capable of acting with speed: as a (1) : fast in understanding, thinking, or learning : mentally ...
quick	 	http://www.thesaurus.com/browse/quick-Quick Synonyms, Quick Antonyms | Thesaurus.com	 Synonyms for quick at Thesaurus.com with free online thesaurus, antonyms, and definitions. Dictionary and Word of the Day.
quick	 	http://dictionary.reference.com/browse/quick-Quick | Define Quick at Dictionary.com	 adjective, quicker, quickest. 1. done, proceeding, or occurring with promptness or rapidity, as an action, process, etc.; prompt; immediate: a quick response. 2. that ...
quick	 	http://www.quick.be/-quick.be	 Quick ... logo-landing
quick	 	http://www.apple.com/quicktime/download/-Apple - QuickTime - Download	 Download QuickTime 7 Player free for PC and Mac. Upgrade to QuickTime 7 Pro and capture video with a single click or convert media into a variety of formats.
quick	 	http://www.theguardian.com/crosswords/series/quick-Quick | Crosswords | The Guardian	 A quick crossword is published every weekday in G2, part of the Guardian
quick	 	http://allrecipes.com/Recipes/Everyday-Cooking/Quick-and-Easy/-Quick and Easy Recipes - Allrecipes.com	 Huge flavor in a hurry. See hundreds of top-rated quick and easy recipes with photos and cooking tips from other busy home cooks.
quick	 	http://www.quickhowto.com/-QuickHowTo: Home	 Quick How To,instructional videos ... The New QuickHowTo The Industry's most extensive video library just got better with faster load times, more videos and more ...
quick	 	http://www.quicksolutions.com/-Quick Solutions Inc - Home	 Quick Solutions is an industry leading Information Technology and solutions provider. Using a wealth of seasoned consultants across multiple disciplines, we provide ...
quick	 	http://quick.aero/-Quick Group of Companies	 Quick Group: Experts in Global Priority Shipping Solutions. For over 30 years, The Quick Group of Companies has been providing global priority transportation and ...
quick	 	http://en.wikipedia.org/wiki/Quick_(restaurant_chain)-Quick (restaurant) - Wikipedia, the free encyclopedia	 Quick Restaurants NV / Quick Restaurants SA is a Belgian chain of hamburger fast food restaurants headquartered in Berchem, Antwerp, Belgium. It was founded in 1971 ...
quick	 	http://www.quicknauticalequipment.com/?lng=en&cs1=01-Products - Quick® SpA - High Quality Nautical Equipment	 All our products on-line, now! The entire Quick product range is easily accessible on-line thanks to the look-up system that allows all necessary information to be at ...
quick	 	http://www.statmethods.net/-Quick-R: Home Page	 About Quick-R. R is an elegant and comprehensive statistical and graphical programming language. Unfortunately, it can also have a steep learning ...
quick	 	http://quickboats.com/-Quickboats Home | Quickboats	 Easy to unfold, Easy to love, Easy to own. The Quickboat is the ideal boat for your next escape. Forget the hassle of trailers or the cost of traditional boats, the ...
quick	 	http://quick-and-easy.food.com/-Quick And Easy Recipes For Simple Meals And Dishes - Quick ...	 For a simple meal or fast dish try our collection of quick and easy recipes and ideas that will help you whip up something delicious in no time at Food.com.
quick	 	http://www.quick-step.com/-Quick-Step flooring │ Beautiful & high-quality floors	 The official Quick-Step flooring website. Quick-Step designs and manufactures a wide variety of laminate, wood and vinyl floors that are easy to install and maintain ...
quick	 	http://en.wikipedia.org/wiki/Quick-Quick - Wikipedia, the free encyclopedia	 Quick may refer to: Contents 1 Places 2 In business 3 Music 4 Films 5 Publications 6 In sports 7 People 8 Other uses 9 See also Places Quick, British Columbia, a ...
quick	 	http://www.apple.com/quicktime/-Apple - QuickTime - Download and watch videos, movies, and ...	 QuickTime. The best place to play. Watch Internet video, HD movie trailers, and personal media clips. Whether it’s on the web or on your desktop, QuickTime Player ...
quick	 	http://www.quick-auto.com/-Quick Auto - Your Credit Connection 1-866-QUICK-AUTO	 Quick Auto buy here pay here used car dealerships, your credit connection, serving Indiana, Illinois and Michigan, no matter what your credit history
quick	 	http://www.recipe.com/recipes/quick-easy/-Quick and Easy Recipes - Quick & Easy - Recipe.com	 Quick and Easy Spaghetti Carbonara. I always like to try and re-create the meals I've enjoyed on my travels, and this Spaghetti Carbonara not only brought back some ...
quick	 	http://www.quickservicesoftware.com/-Quick Service Software	 Quick Service Software Inc. helps quick service & fast casual operators maximize profit from every revenue dollar earned by reducing food and ...
quick	 	http://www.investopedia.com/terms/q/quickratio.asp-Quick Ratio Definition | Investopedia	 DEFINITION of 'Quick Ratio' An indicator of a company’s short-term liquidity. The quick ratio measures a company’s ability to meet its short-term obligations with ...
quick	 	http://www.quick-chek.com/-Quick Chek	 The Quick Chek Story; contact us; pharmacy; our services; Lucky Numbers; JOIN THE QC FRESH LIST. Real Estate; contact us; team member resources; Join the QC Fresh ...
quick	 	http://quickmachinerycompany.com/-Quick Machinery Company - Clamp Racks, Clamp Carriers, Pod ...	 Quick Machinery Company - Value Leader in Gluing Equipment - Clamp Racks, Clamp Carriers, Pod Presses, Conveyorized Glue Applicators and Roller Coater Glue Spreaders.
quick	 	http://idioms.thefreedictionary.com/quick-quick - Idioms by The Free Dictionary	 *quick as a wink and *quick as a flash; *quick as (greased) lightning; *swift as lightning. very quickly. (*Also: as ~.) As quick as a wink, the thief took the lady's ...
quick	 	http://www.quick-and-easy-dinner.com/-Quick and Easy Dinner Recipes	 Quick and easy dinner recipes are what I do it best! With over 100 easy dinner ideas, you'll never have to wonder what's for dinner again.
quick	 	http://www.quickcandles.com/-Candles and Candle Holders - Buy Candles Online | Quick ...	 Quick Candles is a leading online supplier of discount candles, candle holders, vases and glassware. Browse our unbeatable selection of wedding candles and decor.
quick	 	http://dictionary.cambridge.org/dictionary/british/quick-quick definition, meaning - what is quick in the British ...	 quick - definition, meaning, audio pronunciation, synonyms and more. What is quick? happening or done with great speed, or lasting only a short time: : See more in ...
quick	 	http://www.servicequick.com/-Service Quick Inc.	 service quick © 2012 ...
quick	 	http://www.quickscores.com/-Quick Scores - QuickScores.com - Sports Scheduling ...	 Features At A Glance. QuickScores.com is a website that benefits two distinct groups of users: Sports administrators who are tasked with creating schedules of games ...
quick	 	http://matthewquickwriter.com/-Matthew Quick	 Praise for the New York Times bestselling author, Matthew Quick: “Matthew Quick celebrates the power of ordinary, flawed human beings to rescue themselves and each ...
quick	 	http://www.ssa.gov/OACT/quickcalc/index.html-Quick Calculator - The United States Social Security ...	 Benefit Calculators. Frequently Asked Questions. Benefit estimates depend on your date of birth and on your earnings history. For security, the "Quick Calculator ...
quick	 	http://espn.go.com/nhl/player/_/id/3634/jonathan-quick-Jonathan Quick Stats, News, Videos, Highlights, Pictures ...	 Get the latest news, stats, videos, highlights and more about Los Angeles Kings goaltender Jonathan Quick on ESPN.com.
quick	 	http://georgiaquickstart.org/-Georgia Quick Start	 Quick Start will operate the 52,000-square-foot-facility, which will support training for Baxter International Inc. employees and for new companies in the life ...
quick	 	http://www.fairfield.edu/lifeatfairfield/artsminds/quickcenterforthearts/-Fairfield University - Quick Center for the Arts	 Fairfield University. 2014-15 Season Graphic. Main Navigation. 14-15 Season; Tickets; Support; ... Search Quick Center Site; Search the Website. Page Navigation. Box ...
quick	 	http://www.quicksnippers.com/-Quick Snippers	 Quick Snippers® is a 6-in-1 multi craft scissors tool with built-in storage! Cut out the need to carry and store multiple craft scissors. Creativity meets cutting ...
quick	 	http://www.recipe.com/recipes/quick-easy/dinner/-Quick and Easy Dinner Recipes - Quick & Easy - Recipe.com	 Quick and Easy Dinners for the Holiday Rush. You know what would really make this the most wonderful time of the year -- more quick and easy dinner recipes.
quick	 	http://quickcoach.com/-Quick Shuttle - Vancouver, Seattle Bus Transportation	 Seattle, Vancouver Transportation Service. Quick Shuttle provides affordable and reliable transportation from Seatac Airport, Downtown Seattle, Tulalip (Seattle ...
quick	 	http://www.recipelion.com/-Everyday Food Recipes, Quick Easy Meals, Quick and Easy ...	 Tens of thousands of free recipes. From holiday food guides, budget friendly meal plans, quick and easy to kid-friendly menus. Plan your meals from appetizers to ...
quick	 	http://download.cnet.com/Quick-Startup/3000-2344_4-76051.html-Quick Startup - Free download and software reviews - CNET ...	 Quick Startup provides the tools for speeding up a computer by singling out slow-moving startup programs. With a basic setup and impressive results, this program will ...
quick	 	http://groupe.quick.fr/en-Quick group, fast-food chain | - Le groupe Quick, chaine ...	 Quick is the leading European fast-food hamburger restaurant brand. Our history is a tale of taste and the successful adaptation of the American fast-food model to ...
quick	 	http://www.bhg.com/recipes/quick-easy/-Quick and Easy Recipes - Better Homes and Gardens - Home ...	 quick and easy meals. Quick and Easy Chicken Recipes. Tight on time? No problem. These chicken recipes are easy to make and take less than 35 minutes to prepare.
quick	 	http://www.quickformations.com/-Quick Formations, Online Limited Company Formation ...	 Quick Formations is an approved Companies House online company formation agent which has been providing quality secure company formation services online for over 10 ...
quick	 	http://www.keepsakequilting.com/quickkits.aspx-Quick and Easy Quilt Kits, Patterns and Supplies for ...	 Sew quick! Sew easy! Need a special gift in a hurry? Or maybe make a new quilt or quilted wall hanging for the home. Quick Kits are fast and easy quilting kits you ...
quick	 	http://www.etrusoft.com/-!Quick Screen Capture - the best screen capture software ...	 Quick Screen Capture: desktop screen capturing software. Quick Screenshot Maker: screen capture and image editing software. Quick Screen Recorder: record screen ...
quick	 	http://www.quickperformance.com/-Quick Performance Custom Rear Ends & Differential Parts	 Quick Performance Inc. Offering the best prices on high quality drive train parts and accessories.
quick	 	http://www.quick220.com/-Quick 220 Systems	 Quick 220 Systems power US, Canadian, and international 220-240V equipment up to 20A from 110-120V outlets. Power cords, adapters, and outlet testers for use with ...
quick	 	http://www.quickwars.com/-Quickwars.com | games to play games, 2player games ...	 Quickwars.com | Only the best shooting games are picked! online shoot games free, two player games, shoot em games, violent games, shooting games for free
quick	 	http://www.quickservice.com/-Welcome - Quickservice Technologies Inc.	 Quickservice Technologies Inc. welcome visitors. Here you will find all you need to successfully operate and support an effective QSR chain POS system.
quick	 	http://dictionary.reference.com/browse/quick-witted-Quick-witted | Define Quick-witted at Dictionary.com	 For the sharp-penned and quick-witted in those days the globe was there for trotting. He was quick-witted, endlessly curious, devoid of vanity and capable of great grace.
quick	 	http://www.quicktrophy.com/-Quick Trophy - Trophies Plaques Medals Awards Personalized ...	 Order trophies, plaques, corporate awards, and medals quickly and easily from QuickTrophy with fast 24-hour turnaround. Free engraving, instant proofs, and free ...
quick	 	http://download.cnet.com/Quick-Zip/3000-2250_4-10065678.html-Quick Zip - Free download and software reviews - CNET ...	 From Joseph Leung: Quick Zip is a utility that provides support to ZIP and other popular archive formats. Features include built-in support to 21 types (or 36 ...
quick	 	http://www.synonym.com/synonyms/quick/-Synonyms for quick | Synonym.com	 Find the synonym of quick using this free online thesaurus and dictionary of synonyms.
quick	 	http://www.quickcoach.com/schedule.htm-Quick Shuttle: Vancouver Seattle Schedule	 Seattle, Vancouver Transportation Service. Quick Shuttle provides affordable and reliable transportation from Seatac Airport, Downtown Seattle, Tulalip (Seattle ...
quick	 	http://quicktakespro.com/-Quick Takes Pro	 Stock Market, Technical Analysis, charting, Quick Takes Pro, QuickTakesPro, Michael Kahn, Michael Khan, investing, technical research, Barrons, trading, CMT ...
quick	 	http://quickfixurine.com/-Quick Fix Urine	 Quick Fix Synthetic Urine is the clean, pre-mixed laboratory urine that everyone is talking about! Instead of generating the urine in a human body ...
quick	 	http://www.wordreference.com/es/translation.asp?tranword=quick-quick - English-Spanish Dictionary - WordReference.com	 Compound Forms: have a quick dip v expr verbal expression: Phrase with special meaning functioning as verb--for example, "put their heads together," "come to an end."
quick	 	http://allrecipes.com/recipe/quick-christmas-salad/-Quick Christmas Salad Recipe - Allrecipes.com	 Recipe by minyca "This is a super quick salad with for those hectic holiday times. It has that Michigan twist on it with the dried cherries." +
quick	 	http://www.berroco.com/yarns/berroco-peruvia-quick-Berroco Peruvia® Quick | Berroco	 Peruvia Quick is a 2 ply twist of our favorite Peruvian Highland wool. For a wooly quick knit in rich heathers and clear solids it's available in our best selling shades.
quick	 	http://www.quicktransportsolutions.com/-Quick Transport Solutions	 QuickTSI provides detail information on Trucking Companies in US, Canada and Mexico. Find truck loads Free. Search carrier and broker profiles, trucks for sale ...
quick	 	http://www.quick-mix.com/en/home.html-quick-mix: Home UK	 quick-mix Data + Facts. quick-mix is the strong brand for thermal isolation, plaster, dry mortar and construction chemicals. tubag is the strong brand for trass ...
quick	 	http://www.epicurious.com/recipes/food/views/Quick-and-Easy-Cioppino-240279-Quick and Easy Cioppino Recipe | Epicurious.com	 Find the recipe for Quick and Easy Cioppino and other fish recipes at Epicurious.com
quick	 	http://www.hockeydb.com/ihdb/stats/pdisplay.php?pid=87893-Jonathan Quick hockey statistics and profile at hockeydb.com	 Statistics of Jonathan Quick, a hockey player from Milford, CT born Jan 21 1986 who was active from 2005 to 2015.
quick	 	http://www.eatingwell.com/recipes_menus/collections/cheap_easy_quick_dinner_recipes-Easy & Quick Cheap Dinner Recipes | Eating Well	 Find easy dinner recipes to help you stick to your budget. All of these quick dinner ideas are ready in 30 minutes or less and cost $3 or less per serving.
quick	 	http://www.quickcalleronline.com/-Quick Caller Air Cargo Directory	 Quick Caller Air Cargo Directory. The Official Air Cargo Directories. Serving the USA, Canada, Latin America and the Caribbean. Published Annually.
quick	 	http://www.couplers.com/-Quick Couplers - Foster Manufacturing	 Welcome to the Foster Manufacturing Company, Inc. website. Foster Manufacturing Company produces quick detachable couplers, hose fittings, blow guns and related ...
quick	 	http://www.quickhandle.com/-Quick Handle Basketball Training - The Most Trusted ...	 Quick Handle™ Spring AAU is right around the corner. Don’t miss this great opportunity to have some of the best training and coaching around!
quick	 	http://www.quickliftmd.com/-QuickLift Face Lift Surgery Procedure	 Before & After Photos . See amazing QuickLift face lift results in hundreds of actual unretouched photos. Imagine what this quick facelift can do for you.
quick	 	http://quickdigitizing.com/-Embroidery Digitizing by Quick Digitizing	 Embroidery Digitizing by Quick Digitizing. High quality service at an affordable price. Click here for more information!
quick	 	http://www.epicurious.com/recipes/food/views/Quick-Paella-354351-Quick Paella Recipe | Epicurious.com	 Find the recipe for Quick Paella and other saffron recipes at Epicurious.com
quick	 	http://quick-charts.com/-Chiro Quick-Charts Chiropractic Software by Chiro QuickCharts	 Learn More About Chiro QuickCharts! Chiropractic software is crucial for every busy chiropractor. Our easy to use software is designed specifically to eliminate the ...
quick	 	http://quick-md.com/-Quick-MD - Medical Billing Software & Practice Management ...	 Quick-MD, A Professional Practice Management Software System, delivers the absolute most value for your dollar! We give Office Manager's, the opportunity to purchase ...
quick	 	http://www.quicklane.com/-Oil Change, Tires, Service & Repair | Quick Lane® Tire ...	 Find a Quick Lane® near you for oil changes, tires, maintenance & repairs. Find coupons, offers & rebates. Plus sign up for Owner Advantage Rewards.
quick	 	http://www.delish.com/recipes/cooking-recipes/quick-cheap-healthy-meals-recipes-Cheap and Quick Dinner Recipes - Healthy Cheap Meals ...	 Quick and Healthy Meals on a Budget Create quick and healthy meals while saving money on groceries. Get more cheap, quick, and healthy recipes from our collection of ...
quick	 	http://www.tasteofhome.com/recipes/cooking-style/quick-dinner-recipes/quick-pasta-dinner-recipes-Quick Pasta Dinner Recipes | Taste of Home	 Looking for more quick pasta dinner recipes? Find many more quick pasta dinner recipes, healthy quick pasta dinner recipes, and quick pasta dinner recipe ideas.
quick	 	http://www.quick-chek.com/qc_express.asp-Quick Chek	 QC Express. NOTICE: You have requested a web site that is external to the QuickChek web site. Click logo to enter QC Express NEW: QC Express is now accessible from a ...
quick	 	http://www.delish.com/recipes/cooking-recipes/quick-cheap-healthy-meals-recipes-Cheap and Quick Dinner Recipes - Healthy Cheap Meals ...	 Quick and Healthy Meals on a Budget Create quick and healthy meals while saving money on groceries. Get more cheap, quick, and healthy recipes from our collection of ...
quick	 	http://www.tasteofhome.com/recipes/cooking-style/quick-dinner-recipes/quick-pasta-dinner-recipes-Quick Pasta Dinner Recipes | Taste of Home	 Looking for more quick pasta dinner recipes? Find many more quick pasta dinner recipes, healthy quick pasta dinner recipes, and quick pasta dinner recipe ideas.
quick	 	http://www.quick-chek.com/qc_express.asp-Quick Chek	 QC Express. NOTICE: You have requested a web site that is external to the QuickChek web site. Click logo to enter QC Express NEW: QC Express is now accessible from a ...
quick	 	http://www.maryquilts.com/quick-strippie/-Mary's Quick Strippie Quilt - MaryQuilts.com	 Click here to download Quick Strippie (PDF file) This is my favorite quick donation quilt. Just a yard of a novelty print and two coordinating fabrics from stash and ...
quick	 	http://www.epa.illinois.gov/about-us/directory/index-Quick Answer Directory	 This Directory was created by the Illinois EPA to provide small businesses with quick and easy access to Illinois EPA personnel. It is our hope that this Directory ...
quick	 	http://quickthrottle.com/-Quick Throttle - A FREE Motorcycle Magazine for V-Twin ...	 CONTACT US Quick Throttle® Magazine Headquarters P.O. Box 3062 • Dana Point, CA 92629 949-388-3695 info@quickthrottle.com Quick Throttle® Magazine Northwest
quick	 	http://www.sorting-algorithms.com/quick-sort-Quick Sort - Sorting Algorithm Animations	 Animation, code, analysis, and discussion of quick sort on 4 initial conditions.
quick	 	http://www.thefreedictionary.com/quick-witted-quick-witted - definition of quick-witted by The Free ...	 Finding the woman to be quick-witted and communicative, Captain Bonneville entered into conversation with her, and obtained from her many particulars concerning the ...
quick	 	http://www.healthy-quick-meals.com/-Quick Meals...Fast, Easy, Healthy and Delicious Recipes ...	 Welcome to my recipe collection! It's filled with easy and healthy recipes for quick meals. Spend less time in the kitchen and eat better than ever!
quick	 	http://www.bhg.com/recipes/quick-easy/desserts/-Quick & Easy Desserts - Better Homes and Gardens - Home ...	 If you don't have time to craft an intricate dessert, you need this delicious collection of quick and easy dessert ideas. Baking cookies is a great way to make ...
quick	 	http://www.quickmacros.com/-Quick Macros - automation software for Windows. Macro ...	 Quick Macros can automate most tasks that you could do manually with keyboard and mouse. Also it can automate many other tasks. Examples: Automate various repetitive ...
quick	 	http://www.wickedquick.com/-Home | Wicked Quick	 Wicked Quick has got the latest styles, featuring Carrol Shelby, Cobra, Ford, Chevy, American Racing, and more.
quick	 	http://www.ets.org/toefl/ibt/prepare/quick_prep-TOEFL iBT: TOEFL iBT Quick Prep - ETS Home	 TOEFL iBT® Quick Prep is a free practice tool with real TOEFL iBT questions from past tests. Each Quick Prep volume includes questions from all four sections of the ...
quick	 	http://www.quickfuel.com/-Quick Fuel Fleet Services - Quick Fuel Fleet Services ...	 Welcome! Quick Fuel is your business partner for reliable, innovative fueling solutions with tools that help you manage your business more efficiently.
quick	 	http://windows.microsoft.com/en-US/windows-vista/What-is-the-Quick-Launch-toolbar-What is the Quick Launch toolbar?	 The Quick Launch toolbar is a section of your taskbar near the Start menu where you can add shortcuts to programs. The Quick Launch toolbar always stays visible, even ...
quick	 	http://www.onetonline.org/find/quick-Quick Search - O*NET OnLine	 Quick search. Enter a word, phrase, or title to search for an O*NET-SOC occupation. Enter a full or partial O*NET-SOC code to look up occupations by code.
quick	 	http://www.investorwords.com/4006/quick_assets.html-What is Quick Assets? definition and meaning	 Definition of quick assets: Cash and other assets which can or will be converted into cash fairly soon, such as accounts receivable and marketable...
quick	 	http://www.freeworldgroup.com/gamesquick.htm-Quick Games - FreeWorldGroup - FWG - Play Free Online ...	 Time is important to you. You don't have time to play long drawn-out games; you want a quick fix, that five minute break, an instants relief from reality.
quick	 	http://masseyquick.com/-Massey Quick - Proprietary Due Diligence and Manager Selection	 The financial professionals at Massey Quick, Morristown, NJ work with individuals and families, as well as endowments and foundations. Massey Quick employs a ...
quick	 	http://www.slimquickonline.com/-SlimQuick Diet Pills - Slim Quick Cleanse Female Fat ...	 NxCare SlimQuick world's first advanced fat burner, SlimQuick Night nighttime female fat burner, SlimQuick Extreme the strongest female fat burner. Slim Quick Diet ...
quick	 	http://studentrecipes.com/recipes/quick-food/-Quick and easy Quick recipes for students	 Recipe name Recipe description Views today Rating ; Noodle soup Quick and easy noodle soup 35; French toast (fast & easy!) Delicious and filling french toast for ...
quick	 	http://quickweightloss.net/-Quick Weight Loss Centers - Weight Loss Programs, Products ...	 Quick Weight Loss Centers provide you with the support, structure and strategies you need so you can lose your weight quickly, easily and without hunger!
quick	 	http://www.quickdelivery.com/-Quick delivery	 Quick Delivery Service offers: 31 years experience in the courier/delivery business! Fast and easy on-line order entry. Details for all of your deliveries, including ...
quick	 	http://www.quick-sol.com/-Quick-Sol	 What is QUICK-SOL? Quick-Sol is a revolutionary soil and plant treatment product, developed as a direct response to a growing need for innovative products that ...
quick	 	http://www.investorwords.com/4008/quick_ratio.html-What is Quick Ratio? definition and meaning	 Definition of quick ratio: A measure of a company's liquidity and ability to meet its obligations. Quick ratio, often referred to as acid-test ratio, is...
quick	 	http://thesaurus.yourdictionary.com/quick-Another word for quick | Synonyms for quick	 quick synonyms: adjective Characterized by great celerity: breakneck, expeditious, fast, fleet, rapid, speedy, swift. (Informal) hell-for-leather. Idiom: quick as a ...
quick	 	http://www.eqiss.com/-QISS :: Premium Software Services :: Claims Management ...	 Quick Internet Software Solutions. Claims Management Software at the Highest Level. Time to Upgrade? Is your current claims system just getting you by?
quick	 	http://quick-zip.en.softonic.com/-Quick Zip - Download	 Quick Zip, free download. Quick Zip 5.1.12: Complete and powerful multiformat compressing tool.
quick	 	http://www.qciagency.com/-Quick Collect Incorporated	 Quick Collect is the premier northwest healthcare collection agency. Please select one of the options below. 1. CLIENT LOGON - If you are a current client of Quick ...
quick	 	http://quickchatcafe.com/-Quick Chat Cafe	 Welcome to the Quick Chat Café - Free and Easy Chat! Please use Common Sense and Courtesy in our Rooms! Quick Chat Café is intended as a place for ADULTS to gather.
quick	 	http://www.quicklanelivonia.com/-Visit Quick Lane Tire & Auto Center @ Bill Brown Ford ...	 Visit Quick Lane Tire & Auto Center @ Bill Brown Ford Livonia in Michigan for convenient auto repair services on any make or model. We service commercial fleet ...
quick	 	http://www.lincolnquicklane.com/-Quick Lane Lincoln, NE | Vehicle Service & Repair | Tires ...	 Quick Lane Tire & Auto Center. Quick Lane ® at Anderson Auto Group in Lincoln, NE is your neighborhood quick service expects. Anderson Auto Group offers two Quick ...
quick	 	http://www.nydailynews.com/sports/college/rutgers-tops-unc-unaugural-quick-lane-bowl-article-1.2057735-Rutgers tops UNC in inaugural Quick Lane Bowl - NY Daily News	 DETROIT (AP) — North Carolina coach Larry Fedora knew that his team was going to have to play a very good game to beat Rutgers in the Quick Lane Bowl.
quick	 	http://www.quickanddirtytips.com/-Quick and Dirty Tips ™	 Quick and Dirty Tips : Helping you do things better.
quick	 	http://quickfacts.census.gov/qfd/index.html-U.S. Census Bureau State & County QuickFacts	 QuickFacts provides easy access to facts about the people, business, and geography of the United States.
quick	 	http://quickfacts.census.gov/qfd/index.html-U.S. Census Bureau State & County QuickFacts	 QuickFacts provides easy access to facts about the people, business, and geography of the United States.
quick	 	http://cookingfortwo.about.com/od/quickrecipes/u/quickandeasy.htm-Quick and Easy Recipes - About	 These quick and easy recipes for two range from informal to company fare.
quick	 	http://www.quickcandles.com/Votive-Candles-s/1.htm-Scented & Unscented Votive Candles in Bulk | Quick Candles	 Quick Candles offers a wide selection of scented & unscented votive candles in bulk for every occasion.
quick	 	http://www.favecrafts.com/Quick-and-Easy-Gifts-Quick Easy Gifts | FaveCrafts.com - Christmas Crafts, Free ...	 Find quick and easy gifts to make for the holiday season. Spend less time at the store and more time making homemade Christmas gifts like angels crafts, gift tag ...
quick	 	http://www.quickheal.com/download-free-antivirus-Download - Quick Heal	 Quick Heal best internet security software, now track your stolen laptop with laptop tracking software, best virus protection anti spam software, top antivirus software
quick	 	http://www.linktechcouplings.com/-Quick Couplings, Plastic Tubing Connectors | LinkTech LT	 LinkTech provides reliable, high quality, cost effective quick coupling solutions, hose fittings and plastic tubing connectors, plastic tube fittings to customers ...
quick	 	http://quickservicesllc.com/-Quick Services LLC Home	 Quick Services draws upon generations of business and special operations expertise to deliver Best-in-Class services, technology, and products around the world.
quick	 	http://quickcashinc.com/-Quick Cash	 Are you in need of an instant cash advance? Get access to cash advances from QuickCash Payday Advance. QuickCash Payday Advance brings forth ...
quick	 	http://www.quickamerican.com/-Quick Trading Company	 Quick Trading Company
quick	 	http://www.primarygames.com/math/quickcalculate/-Quick Calculate - PrimaryGames - Play Free Kids Games Online	 Enter the answers to the equations as quickly as possible by clicking the number buttons or by typing on the keyboard.
quick	 	http://www.quicklearningschool.com/-Quick Learning School	 Quick Learning School, LLC. is commited to providing the highest caliber of educational services in Insurance, Securities, and Real Estate.
quick	 	http://www.quickcart.com/-QuickCart - Shopping Cart Software Store Builder	 Shopping Cart Store Builder -- QuickCart is shopping cart software and hosted shopping cart store builder that will instantly add a shopping cart to any web site.
quick	 	http://www.quickpdftoword.com/-PDF to Word Converter – Convert PDF File to Word Doc Easily	 Economical PDF to Word software Being one of the most economical PDF converters in the marketplace, Quick PDF to Word converter is a great value for money.
quick	 	http://quick-pdf-tools.en.softonic.com/-Quick PDF Tools - Download	 Quick PDF Tools adds a bunch of handy PDF-related options and commands to the context menu in Windows, especially useful if you often work with PDF documents.
quick	 	http://www.919usa.com/e/-Quick USA, Inc. - アメリカ求人情報とアメリカ ...	 Quick USA makes connections between people and companies. Based in New York City, the heart of the global economy, Quick USA helps experienced workers ...
quick	 	http://www.quick-propertybuyers.com/-Sell your home FAST - Local Quick Property Sale, Rentback ...	 Fast cash UK home buyers. Quick Property Buyers is a property acquisition company based in London, with operations in the surrounding areas of Surrey, Kent & Essex.
quick	 	http://quickdeliveryinc.com/-Quick Delivery	 Quick Delivery Inc provides clients with solutions to their same-day delivery needs. We offer customized transportation solutions to companies and
quick	 	http://www.radaquickmixrecipes.com/-Rada Quick Mix Recipes - Rada Cutlery Quickmix Recipe Site	 Rada Cutlery loves providing recipes for you to try out their Quick Mixes in. Check them out!
quick	 	http://www.shopquickquotes.com/Default.asp-Quick Quotes Scrapbook Company Retail And Wholesale Online ...	 Quick Quotes Inc. is a full service, family-owned, scrapbook company. We travel the country sharing our love of scrapbooking, memory preservation, and altered art ...
quick	 	http://www.razzledazzlerecipes.com/quickneasy/appetizers/index.htm-Quick, Easy -N- Fast Appetizers Recipes	 try one of our quick, fast and easy recipes, including our quick, fast and easy appetizer recipes.
quick	 	http://www.quick-track.com/-Quick Track - Professional Tracking Equipment	 Quick-Tracks complete tracking package to track your hound or dog includes, a collar, a receiver and an antenna. Several different models of receivers and collars ...
quick	 	http://www.oplin.org/snake/quick%20id/quickid.html-Quick ID - What's That Snake? - OPLIN	 This Quick I.D. is a way to learn what kind of snake it is that you have. Even if you only see a snake in the wild and you can't get a close look, this Quick I.D. may ...
quick	 	http://busycooks.about.com/od/lunchrecipes/u/quickrecipes.htm-Quick and Easy Recipes Collection - About	 Side Dishes and Salads. Side dishes and salads round out the meal. These quick and easy recipes for side dishes include vegetables, potatoes, and rice.
quick	 	http://www.quickmenubuilder.com/-Quick Menu Builder :	 Quick Menu Builder FREEWARE / PRO - Official website : Create custom executable menu. Production is easy, fast, does not require programming knowledge, and the ...
quick	 	http://www.quicklane.com/tires-Tires | Buying & Maintaining | Quick Lane® Tire & Auto Center	 Remember, it's essential that your tires are in proper working order to help keep you and your family safe. Visit your local Quick Lane ® Tire & Auto Center and we ...
quick	 	http://quick-notes-plus.en.softonic.com/-Quick Notes Plus - Download	 Quick Notes Plus, free download. Quick Notes Plus 5.0: Colorful sticky notes for your desktop.
quick	 	http://quickdogcatering.com/-Quick Dog- San Jose, Bay Area Hot Dog Catering, and the ...	 Quick Dog Catering provides high quality hot dogs made in San Jose, CA for special events, parties, grand openings, promotional events or business events. If you need ...
quick	 	http://www.quickmandarin.com/-Quick Mandarin - Learn Chinese - Chinese textbook - Pinyin ...	 Learning Chinese is fun and challenging. The objective of Quick Mandarin is to help you to Learn Chinese the most efficient way. Quick Mandarin offers Learn Chinese ...
quick	 	http://www.pogo.com/games/quick-quack-Quick Quack and More Online Puzzle Games at Club Pogo	 Quick Quack is a shooting-gallery-style matching game. Eliminate the ducks by color and number and create the longest streak you can. Wild Ducks help keep your Quick ...
quick	 	http://www.101funjokes.com/quick_jokes.htm-Quick Jokes - 101FunJokes	 101FunJokes has funny quick jokes, stupid jokes, and classic jokes.
quick	 	http://nazizombies.wikia.com/wiki/Quick_Revive-Quick Revive - Nazi Zombies Wiki	 Quick Revive is an obtainable Perk-a-Cola in Call of Duty: World at War and Call of Duty: Black Ops that is only featured in the Nazi Zombies game mode, in the levels ...
quick	 	http://nazizombies.wikia.com/wiki/Quick_Revive-Quick Revive - Nazi Zombies Wiki	 Quick Revive is an obtainable Perk-a-Cola in Call of Duty: World at War and Call of Duty: Black Ops that is only featured in the Nazi Zombies game mode, in the levels ...
quick	 	http://www.acecanopy.com/quick-pop-up-tents.html-Quick Pop Up Tents - Acecanopy - Canopy - Party Tents ...	 Quick Pop Up Tents Come and step into the lap of luxury with the beautiful selection of high quality Ace Canopy brand strongquick pop up tentsstrong. With a classy ...
quick	 	http://www.urbandictionary.com/define.php?term=quick%20question-Urban Dictionary: quick question	 The plea occasionally comes from a pain in the ass office worker who is clueless and wants help desperately. He does not have a quick question.
quick	 	http://shop.iccsafe.org/quickorder/-Quick Order - iccsafe.org	 Quick Order. Quick Order is a tool to help our frequent store customers quickly buy products using specific item numbers.
quick	 	http://www.quick-tech.com/#!-Quick-Tech Computer Repairs	 Quick-Tech computer repairs and wireless networking with affordable rates and call, click, connect for remote specialist
quick	 	http://quicktime.en.softonic.com/-QuickTime - Download	 QuickTime is Apple's own proprietory video format and QuickTime player is the official player for it. As you would expect from an Apple product, Quicktime is ...
quick	 	http://www.datehookup.com/UserSummary.aspx?p=QUICK-Quick Search - DateHookup | 100% Free Dating Site & Free ...	 Quick Search: Our Quick Search utility allows you to find singles fast, without getting too specific. If you want to get really detailed, click on the Advanced Search ...
quick	 	http://www.quickcrete.com/-QCP - Quick Crete Precast Concrete Architectural Products	 Quick Crete Products Corp. is a manufacturer of precast concrete planters, benches, waste containers, tables, and architectural precast products.
quick	 	http://www.razzledazzlerecipes.com/quickneasy/soups/index.htm-quick, fast and easy soup recipes - Razzle Dazzle Recipes	 try one of our quick, fast and easy soup recipes.
quick	 	http://www.socialsecurity.gov/OACT/quickcalc/faqs.html-Quick Calculator FAQs - The United States Social Security ...	 Quick Calculator. Retirement Estimator — accesses your earnings history to provide accurate benefit estimates. Online Calculator — requires you to enter your ...
quick	 	http://bulbapedia.bulbagarden.net/wiki/Quick_Attack_(move)-Quick Attack (move) - Bulbapedia, the community-driven ...	 Effect. Quick Attack inflicts damage, and is an increased priority move. If the target does not use an increased priority move during the round that it is ...
quick	 	http://sports.yahoo.com/blogs/ncaaf-dr-saturday/rutgers-routs-north-carolina-in-quick-lane-bowl-013714342.html-Rutgers routs North Carolina in Quick Lane Bowl | Dr ...	 Well, the Quick Lane Bowl went about as was expected for North Carolina's defense. It's just that the Tar Heel offense couldn't keep up with Rutgers' offense as the ...
quick	 	http://www.lotsofjokes.com/quick_jokes.asp-Hilarious Quick Jokes, Funny Quick Jokes, Cool Quick Joke	 Lots of Jokes Has Cool Jokes! Dirty Quick Jokes, Sick Quick Joke, Funny Quick Jokes, Gross Quick Jokes
quick	 	http://exercise.about.com/library/blquicktotal.htm-Quick Total Body Series - Build lean muscle, strength and ...	 This Quick Total Body Series helps you build lean muscle, strength and endurance in the hips, glutes, thighs and upper body from your Exercise Guide
quick	 	http://www.usnews.com/news/sports/articles/2014/12/26/rutgers-beats-north-carolina-in-quick-lane-bowl-Rutgers beats North Carolina in Quick Lane Bowl - US News	 Josh Hicks runs for 202 yards, Rutgers beats North Carolina 40-21 in Quick Lane Bowl. Rutgers quarterback Gary Nova throws during the first half of the ...
quick	 	http://www.tejassmokers.com/quickconnecthoses.htm-Gas Quick Connect Hose / Gas Quick Connects Gas Hose Systems	 Gas quick connect hoses that disconnect and automatically cut off the propane gas. Couple-safe gas quick connect hose - UL and CSA approved for portable outdoor ...
quick	 	http://www.my7daydiet.com/quick_weight_loss_diet.html-Quick Diet - Lose weight fast with this 7 day Quick Diet	 Quick Diet Plan. 7 day diet is a quick weight loss diet and a resource for how to lose weight fast. One of the most popular quick diet plans,7 day diet
quick	 	http://www.quick-salad-recipes.com/-Quick Salad Recipes and Easy Meals - Fast, Easy, Healthy ...	 Try these quick salad recipes, easy meal recipes, kids recipes, and menu ideas that use just a few ingredients to create healthy meals in minutes for busy people ...
quick	 	http://www.ehow.com/how_2255350_do-quick-weave.html-How to Do a Quick Weave | eHow	 How to Do a Quick Weave. How to do-it yourself quick weave. ... You May Also Like. Quick Hair Weave Instructions. Traditional weaves can take hours to apply depending ...
quick	 	http://findmyloanstoday.com/?=city+quick+money.doc-City Quick Money	 City Quick Money Get $ 100 - $ 1000 Cash Advance Now - City Quick Money Check it out to apply for Fast and easy Cash Loan.
quick	 	http://www.goodtoknow.co.uk/recipes/cheap-quick-&-easy-Cheap quick & easy Recipes - goodtoknow	 Need cheap, quick and easy recipes for your family? We've got simple meals like pasta recipes, pies and other quick and easy recipes for your family
quick	 	http://quickchangeartists.com/-Quick Change Artists and Quick Change Act the Home of ...	 Quick Change Artists and Quick Change Acts the Home of Quick Change headed by magician Keelan Leyser and his partners Charlotte and Shereen.
quick	 	http://quickquid9.weebly.com/-quick quid - Home	 quick quid - Three Things You Will Probably Prefer to Avoid When Looking For A Payday Loan So why do you suppose that people go on the internet and do a search for ...
quick	 	http://kidscooking.about.com/od/dinnerrecipes/tp/quick-healthy-dinners.htm-Quick Healthy Dinner Recipes for Busy Families	 These quick, healthy recipes include chicken recipes, beef recipes, pasta recipes and more quick healthy dinners.
quick	 	http://www.indeed.com/cmp/Quick-Rx-Quick RX Careers and Employment | Indeed.com	 Research and review Quick RX jobs. Learn more about a career with Quick RX including all recent jobs, hiring trends, salaries, work environment and more.
quick	 	http://www.theguardian.com/crosswords/quick/13927-Quick crossword No 13,927 | Crosswords | The Guardian	 Quick crossword No 13,927 ... Help Keyboard navigation Pressing the tab key moves the selection on to the next clue.
quick	 	https://www.facebook.com/quickinkjet-Quick Inkjet.com | Facebook	 Quick Inkjet.com. 99 likes · 63 talking about this. We Carry Top Brands of Toner & Inkjet Cartridges SAVE UP TO 80 % TONER AND INK FOR LESS 100%...
quick	 	http://www.azcentral.com/picture-gallery/money/business/2014/12/29/morning-national-news-wires-quick-hits/20992791/-Morning National News Wires Quick Hits	 Morning National News Wires Quick Hits In this March 23, 2010 file photo, a surveillance camera is seen in front of the Google China headquarters in ...
quick	 	http://www.macnn.com/articles/14/12/29/simple.ms.paint.like.app.provides.the.basics.for.drawing.and.image.editing/-Hands On: Quick Paint image creation (OS X) | MacNN	 When opening Quick Paint, you find pretty well everything you would anticipate in a minimalist drawing app. There's a floating toolbar, graphically listing ...
quick	 	http://www.oregonlive.com/ducks/index.ssf/2014/12/tyson_alger_jason_quick_and_an.html-Tyson Alger, Jason Quick and Andrew Greif talk FSU-Oregon ...	 Alger, Quick and Greif talk about the atmosphere at media day and about what they learned from Florida State and Oregon coaches and players.
quick	 	http://www.amazon.com/s?ie=UTF8&page=1&rh=i%3Aaps%2Ck%3AQuick%20Kids-Amazon.com: Quick Kids	 Product Features Flip the yarn loops and create quick and easy fashions
quick	 	http://www.microsoftvirtualacademy.com/training-topics/quick-start-challenges?prid=ca_DevMVP_MS-Quick Start Challenges	 Need a quick explanation of how to do something cool with your app? Designed to get you up and running by walking you through a complete task, end to end, in less ...
quick	 	http://quickpacedkillin.boards.net/-Home | Quick Paced Killing!	 "Quick Paced Killin': Another Episode" is currently in need of a unique name. Submit your ideas to me (Mossfang/Mod Junko) if you have any!
quick	 	http://www.winnipegfreepress.com/business/the-quick-growth-of-asian-airlines-creates-challenge-how-to-safely-train-enough-jet-pilots-287082391.html-The quick growth of Asian airlines creates challenge: how ...	 The Canadian Press - ONLINE EDITION. The quick growth of Asian airlines creates challenge: how to safely train enough jet pilots. By: Scott Mayerowitz And ...
quick	 	http://seattletimes.com/html/seahawks/2025316245_seahawks21xml.html-Seahawks’ Luke Willson proving he’s a quick learner ...	 Seahawks’ Luke Willson proving he’s a quick learner. Luke Willson is known for having rare speed as a tight end. Speed, though, that he had trouble ...
quick	 	http://www.intellicomplete.com/help/quickdel.htm-Quick-Delete Words/Phrases	 Quick-Delete Words/Phrases. Sometimes IntelliComplete may learn some incorrect or undesirable words (phrases) due to typos or switching between windows.
quick	 	http://newyork.cbslocal.com/2014/12/25/rutgers-looking-to-cap-first-big-ten-season-with-win-over-unc-in-quick-lane-bowl/-Rutgers Looking To Cap First Big 10 Season With Win In ...	 Newcomer Rutgers is representing the Big Ten in the inaugural Quick Lane Bowl on Friday against one of the Atlantic Coast Conference's anchor schools ...
quick	 	http://newyork.cbslocal.com/2014/12/25/rutgers-looking-to-cap-first-big-ten-season-with-win-over-unc-in-quick-lane-bowl/-Rutgers Looking To Cap First Big 10 Season With Win In ...	 Newcomer Rutgers is representing the Big Ten in the inaugural Quick Lane Bowl on Friday against one of the Atlantic Coast Conference's anchor schools ...
quick	 	http://www.husson.edu/technology-quick-fixes-Quick Fixes - Husson University	 Can't wait for a tech to show up? Here are a couple of quick fixes that may solve your problem without needing to wait for IT.
quick	 	http://dinenear.com/1581852-Quick Chek, 260-280 Broadway & 12th	 Quick Chek is an excellent Deli / Bodega Restaurant near 260-280 Broadway & 12th in Bayonne.
quick	 	http://community.comicbookresources.com/showthread.php?28150-Quick-Man-(DWN-012)-vs-Jack-the-Ripper&p=816191-Quick Man (DWN-012) vs. Jack the Ripper	 Composite Quick Man (DWN-012; game/Archie/Megamix/Gigamix) vs. Composite Jack The Ripper (Guns of the Patriots/Revengeance). Arena Battle. Jack thinks that Quick ...
quick	 	http://www.myvidster.com/video/34376211/Quick_swallow-Quick swallow	 Watch Quick swallow at xHamster.com! Sucked him for an hour til e came in my mouth.
quick	 	http://www.browncor.com/instapak-quick-8061-Instapak Quick - BrownCor	 Instapak Quick, BrownCor ... Call: 800-327-2278. Fax: 800-343-9228
quick	 	http://www.breastpumps.com/Breastfeeding-Quick-Kit.htm-Breastfeeding Quick Kit	 The Breastfeeding Quick Kit comes complete with all the products a breastfeeding mom needs to get started nursing her little one.
quick	 	http://public.wsu.edu/%7Ebrians/errors/quickclaim.html-QUICK CLAIM	 The term for a legal document relinquishing a legal claim to some property is a “quitclaim deed.” It is not a “quick claim,” and “quitclaim” is a single word.
quick	 	http://www.indeed.com/forum/cmp/Quick-Rx.html-Quick Rx Jobs | Indeed.com	 Find Quick Rx salaries, interviews, reviews... posted by candidates and employees of Quick Rx. Indeed.com one search. all jobs.
quick	 	http://www.mechanicadvisor.com/tn/greeneville/quick-stop-Quick Stop | 301 Asheville Hwy Greeneville, TN | Mechanic ...	 Quick Stop is located at 301 Asheville Hwy Greeneville, TN. Please visit our page for more information about Quick Stop including contact information and directions.
quick	 	http://www.guaranteed--paydayloan.com/?key=Quick_1_Hour_Loans_Alaska-LoansⓈ Quick 1 Hour Loans Alaska - Quick Payday Loans ...	 Quick 1 Hour Loans Alaska Payday Loans Direct Lender We Search Quick 1 Hour Loans Alaska at 100+ Lenders?
quick	 	http://easystarters.com/quick-recipe-ideas-23/-Quick Recipe Ideas - Easy Starters Recipes	 Indian Style Macaroni Pasta Recipe | Kids Lunch Box Special Recipes Quick and Easy to Make, Tastes super delicious. This Veg Macaroni is perfect for your kids lunch box.
quick	 	http://economictimes.indiatimes.com/topic/Quick-Response/quotes/-Quick Response Quotes & News Quotes	 Latest on Quick Response: Quick Response Quotes and News Quotes on The Economic Times.
quick	 	http://www.getserialkey.com/Quick_PDF_Converter.html-Quick PDF Converter Keygen - Download Keygen	 Quick PDF Converter Keygen, Serial Keys, License Keys for thousands of programs. Get serial key for Quick PDF Converter
quick	 	https://plus.google.com/116166085587140853006-Quick Tutorials - Google+	 Quick Tutorials hasn't shared anything on this page with you.
quick	 	http://dpfdtraining.com/category/quick-drills/-Quick Drills | Des Plaines Fire Department	 You are browsing news for Quick Drills. ... ...
quick	 	http://badcreditquickloan.blogspot.com/-Bad Credit Quick Loan	 Need a loan where you can get money despite being tagged as a bad credit borrower? Want a quick fiscal assistance? If yes, you are invited to apply for bad credit ...
quick	 	http://www.lulusoso.com/products/Quick-Color-J2853-Msds.html-quick color j2853 msds, quick color j2853 msds ...	 Looking for quick color j2853 msds ? Here you can find the latest products in different kinds of quick color j2853 msds. We Provide 20 for you about quick color j2853 ...
quick	 	http://customize.org/Quick%20Queen-Quick Queen - Customize.org	 Quick Queen has not added any friends yet. Friend's Comments. Nobody has posted a comment about Quick Queen yet.
quick	 	http://www.netce.com/quickcode.php?cover=sw14&dest=toptwo&professionid=4&fp=SWSUB-NetCE - Quick Code	 Use the Quick Code, located on the back of your catalog, for immediate access to your Special Offer. If you are an existing customer, entering ...
quick	 	http://giottosusa.com/quick-releases.shtml-Quick Release Adapters and Plates - Giottos Quick Releases	 Cat No. Description . MH200. Quick release & plate same as MH500. Diameter: 2 inches. MH621. Quick release sliding plate with dual threads. Safety lock 2 levels ...
quick	 	http://logicerror.com/quickstartguide-Quick Start Guide	 Quick Start Guide. Quick start guides are an easy way to get into a subject by simply copying and pasting and changing the important bits. They have step ...
quick	 	http://www.boatdesign.net/forums/profile/quick-karl.html-Boat Design Forums - View Profile: Quick Karl	 Quick Karl is a in the Boat Design Forums. View Quick Karl's profile.
quick	 	https://www.busybusy.com/more-info/-More Info	 busy busy Quick Start Price Blog Login Signup. busybusy in a nutshell "How to get your timecards from the job site to the office automatically" Enter Your Name & Email To
quick	 	http://partsboard.southjerseydirtracing.com/DisplayMsg.asp?ForumID=11&Msgid=2237866&page=1&title=ISO%20Quick%20Change%20Rear&Return=DisplayMsg.asp&D83jsd=True-ISO Quick Change Rear	 Author: rracing Date: 12/24/2014 7:17:06 AM +0/-0 : Im looking for a quick change rear end for a dirt modified. Would like big bearing tubes. 4.86 ring ...
quick	 	http://loansnocredit-check.com/?Dorset=Quick-Bad-Credit-Unsecured-Loans.aspx-DORSETⓈ Quick Bad Credit Unsecured Loans - Payday Loans ...	 Dorset Quick Bad Credit Unsecured Loans Payday Loans Direct Lender We Search Dorset Quick Bad Credit Unsecured Loans at 100+ Lenders?
quick	 	http://loans1000unsecuredpersonal.com/?key=Quick-Cash-Advance-VA-LoansⓈ Quick Cash Advance VA - Fast Cash Up to 1000 ...	 Quick Cash Advance Va Get Approved With Draw Your Cash. Quick Cash Advance Va - Instant Approval. Get Quick Cash Advance Va Easy Online Loans Up to $1000 Cash Loans ...
quick	 	http://www.loanpayment--calculator.com/KY?key=Cash_Advances_Quick.jsp-KYⓈ Cash Advances Quick - Up To 1000 Dollars Apply ...	 Online Ky Cash Advances Quick loans What happens if you are running short of cash, let’s say in the evening, and there is no way you can borrow money from your ...
quick	 	http://logicerror.com/quickstartguide-Quick Start Guide	 Quick Start Guide. Quick start guides are an easy way to get into a subject by simply copying and pasting and changing the important bits. They have step ...
quick	 	http://www.boatdesign.net/forums/profile/quick-karl.html-Boat Design Forums - View Profile: Quick Karl	 Quick Karl is a in the Boat Design Forums. View Quick Karl's profile.
quick	 	https://www.busybusy.com/more-info/-More Info	 busy busy Quick Start Price Blog Login Signup. busybusy in a nutshell "How to get your timecards from the job site to the office automatically" Enter Your Name & Email To
quick	 	http://partsboard.southjerseydirtracing.com/DisplayMsg.asp?ForumID=11&Msgid=2237866&page=1&title=ISO%20Quick%20Change%20Rear&Return=DisplayMsg.asp&D83jsd=True-ISO Quick Change Rear	 Author: rracing Date: 12/24/2014 7:17:06 AM +0/-0 : Im looking for a quick change rear end for a dirt modified. Would like big bearing tubes. 4.86 ring ...
quick	 	http://loansnocredit-check.com/?Dorset=Quick-Bad-Credit-Unsecured-Loans.aspx-DORSETⓈ Quick Bad Credit Unsecured Loans - Payday Loans ...	 Dorset Quick Bad Credit Unsecured Loans Payday Loans Direct Lender We Search Dorset Quick Bad Credit Unsecured Loans at 100+ Lenders?
quick	 	http://loans1000unsecuredpersonal.com/?key=Quick-Cash-Advance-VA-LoansⓈ Quick Cash Advance VA - Fast Cash Up to 1000 ...	 Quick Cash Advance Va Get Approved With Draw Your Cash. Quick Cash Advance Va - Instant Approval. Get Quick Cash Advance Va Easy Online Loans Up to $1000 Cash Loans ...
quick	 	http://www.loanpayment--calculator.com/KY?key=Cash_Advances_Quick.jsp-KYⓈ Cash Advances Quick - Up To 1000 Dollars Apply ...	 Online Ky Cash Advances Quick loans What happens if you are running short of cash, let’s say in the evening, and there is no way you can borrow money from your ...
quick	 	http://logicerror.com/quickstartguide-Quick Start Guide	 Quick Start Guide. Quick start guides are an easy way to get into a subject by simply copying and pasting and changing the important bits. They have step ...
quick	 	http://www.boatdesign.net/forums/profile/quick-karl.html-Boat Design Forums - View Profile: Quick Karl	 Quick Karl is a in the Boat Design Forums. View Quick Karl's profile.
quick	 	https://www.busybusy.com/more-info/-More Info	 busy busy Quick Start Price Blog Login Signup. busybusy in a nutshell "How to get your timecards from the job site to the office automatically" Enter Your Name & Email To
quick	 	http://partsboard.southjerseydirtracing.com/DisplayMsg.asp?ForumID=11&Msgid=2237866&page=1&title=ISO%20Quick%20Change%20Rear&Return=DisplayMsg.asp&D83jsd=True-ISO Quick Change Rear	 Author: rracing Date: 12/24/2014 7:17:06 AM +0/-0 : Im looking for a quick change rear end for a dirt modified. Would like big bearing tubes. 4.86 ring ...
quick	 	http://loansnocredit-check.com/?Dorset=Quick-Bad-Credit-Unsecured-Loans.aspx-DORSETⓈ Quick Bad Credit Unsecured Loans - Payday Loans ...	 Dorset Quick Bad Credit Unsecured Loans Payday Loans Direct Lender We Search Dorset Quick Bad Credit Unsecured Loans at 100+ Lenders?
quick	 	http://loans1000unsecuredpersonal.com/?key=Quick-Cash-Advance-VA-LoansⓈ Quick Cash Advance VA - Fast Cash Up to 1000 ...	 Quick Cash Advance Va Get Approved With Draw Your Cash. Quick Cash Advance Va - Instant Approval. Get Quick Cash Advance Va Easy Online Loans Up to $1000 Cash Loans ...
quick	 	http://www.loanpayment--calculator.com/KY?key=Cash_Advances_Quick.jsp-KYⓈ Cash Advances Quick - Up To 1000 Dollars Apply ...	 Online Ky Cash Advances Quick loans What happens if you are running short of cash, let’s say in the evening, and there is no way you can borrow money from your ...
quick	 	http://logicerror.com/quickstartguide-Quick Start Guide	 Quick Start Guide. Quick start guides are an easy way to get into a subject by simply copying and pasting and changing the important bits. They have step ...
quick	 	http://www.boatdesign.net/forums/profile/quick-karl.html-Boat Design Forums - View Profile: Quick Karl	 Quick Karl is a in the Boat Design Forums. View Quick Karl's profile.
quick	 	https://www.busybusy.com/more-info/-More Info	 busy busy Quick Start Price Blog Login Signup. busybusy in a nutshell "How to get your timecards from the job site to the office automatically" Enter Your Name & Email To
quick	 	http://partsboard.southjerseydirtracing.com/DisplayMsg.asp?ForumID=11&Msgid=2237866&page=1&title=ISO%20Quick%20Change%20Rear&Return=DisplayMsg.asp&D83jsd=True-ISO Quick Change Rear	 Author: rracing Date: 12/24/2014 7:17:06 AM +0/-0 : Im looking for a quick change rear end for a dirt modified. Would like big bearing tubes. 4.86 ring ...
quick	 	http://loansnocredit-check.com/?Dorset=Quick-Bad-Credit-Unsecured-Loans.aspx-DORSETⓈ Quick Bad Credit Unsecured Loans - Payday Loans ...	 Dorset Quick Bad Credit Unsecured Loans Payday Loans Direct Lender We Search Dorset Quick Bad Credit Unsecured Loans at 100+ Lenders?
quick	 	http://loans1000unsecuredpersonal.com/?key=Quick-Cash-Advance-VA-LoansⓈ Quick Cash Advance VA - Fast Cash Up to 1000 ...	 Quick Cash Advance Va Get Approved With Draw Your Cash. Quick Cash Advance Va - Instant Approval. Get Quick Cash Advance Va Easy Online Loans Up to $1000 Cash Loans ...
quick	 	http://www.loanpayment--calculator.com/KY?key=Cash_Advances_Quick.jsp-KYⓈ Cash Advances Quick - Up To 1000 Dollars Apply ...	 Online Ky Cash Advances Quick loans What happens if you are running short of cash, let’s say in the evening, and there is no way you can borrow money from your ...
quick	 	http://logicerror.com/quickstartguide-Quick Start Guide	 Quick Start Guide. Quick start guides are an easy way to get into a subject by simply copying and pasting and changing the important bits. They have step ...
quick	 	http://www.boatdesign.net/forums/profile/quick-karl.html-Boat Design Forums - View Profile: Quick Karl	 Quick Karl is a in the Boat Design Forums. View Quick Karl's profile.
quick	 	https://www.busybusy.com/more-info/-More Info	 busy busy Quick Start Price Blog Login Signup. busybusy in a nutshell "How to get your timecards from the job site to the office automatically" Enter Your Name & Email To
quick	 	http://partsboard.southjerseydirtracing.com/DisplayMsg.asp?ForumID=11&Msgid=2237866&page=1&title=ISO%20Quick%20Change%20Rear&Return=DisplayMsg.asp&D83jsd=True-ISO Quick Change Rear	 Author: rracing Date: 12/24/2014 7:17:06 AM +0/-0 : Im looking for a quick change rear end for a dirt modified. Would like big bearing tubes. 4.86 ring ...
quick	 	http://loansnocredit-check.com/?Dorset=Quick-Bad-Credit-Unsecured-Loans.aspx-DORSETⓈ Quick Bad Credit Unsecured Loans - Payday Loans ...	 Dorset Quick Bad Credit Unsecured Loans Payday Loans Direct Lender We Search Dorset Quick Bad Credit Unsecured Loans at 100+ Lenders?
quick	 	http://loans1000unsecuredpersonal.com/?key=Quick-Cash-Advance-VA-LoansⓈ Quick Cash Advance VA - Fast Cash Up to 1000 ...	 Quick Cash Advance Va Get Approved With Draw Your Cash. Quick Cash Advance Va - Instant Approval. Get Quick Cash Advance Va Easy Online Loans Up to $1000 Cash Loans ...
quick	 	http://www.loanpayment--calculator.com/KY?key=Cash_Advances_Quick.jsp-KYⓈ Cash Advances Quick - Up To 1000 Dollars Apply ...	 Online Ky Cash Advances Quick loans What happens if you are running short of cash, let’s say in the evening, and there is no way you can borrow money from your ...
quick	 	http://www.bhg.com/recipes/quick-easy/-Quick and Easy Recipes - Better Homes and Gardens - Home ...	 quick and easy meals. Quick and Easy Chicken Recipes. Tight on time? No problem. These chicken recipes are easy to make and take less than 35 minutes to prepare.
quick	 	http://www.quickcable.com/-Quick Cable Corporation	 Quick Cable is an ISO 9001:2008 company that develops, manufactures, and sells over 7000 products for Battery & DC Power
quick	 	http://www.quickco.com/-Home - Quick & Company	 Quick and Company Commercial Realty is a long-established and well-recognized group of local real estate professionals that provide commercial sales and leasing ...
quick	 	http://www.cacareerzone.org/quick-Quick Assessment	 Learn about yourself, the employment options available to you and the training that will prepare you for them. Assess Yourself; Quick Assessment
quick	 	http://studentrecipes.com/-Quick, easy, cheap and healthy recipes for students	 Over 5256 quick and easy recipes for students by students. Search, comment and rate our growing list of recipes ideal for students.
quick	 	http://www.quickbabynames.com/-Meaning of Names and Baby Names	 Looking for the meaning of names? Need help choosing a baby name? Search Quickbabynames for Top 100 baby names, their meanings and origins.
quick	 	http://www.quicktick.com/-Quick Tick International	 Welcome to Quick Tick International's Website. Please take your time looking around the site and see what we have to offer. Quick Tick International can print amazing ...
quick	 	http://www.southernliving.com/food/whats-for-supper-Quick and Easy Supper and Dinner Recipes - Southern Living ...	 Quick and easy dinner and supper recipes and demonstrations that will make weekly meal planning easy.
quick	 	http://www.quick-and-easy-dinner.com/cheap-quick-easy-dinner-recipe.html-Cheap Quick Easy Dinner Recipes for Tonight	 100 Cheap quick easy dinner recipes for tonight. These are the dinner ideas that you're searching for when you don't have a lot of time or ingredients on hand.
quick	 	http://quickmath.com/-Quick Math	 QuickMath allows students to get instant solutions to all kinds of math problems, from algebra and equation solving right through to calculus and matrices.
quick	 	http://quicksbus.com/-QuicksBus	 Welcome to Quick's Read more about Welcome to Quick's; A Registered US Federal Contractor. 2309 Poplar Street Staunton, Virginia 24401. 1-800-572-4044 Fax: 540 ...
quick	 	http://www.wordreference.com/enit/quick-quick - Dizionario inglese-italiano WordReference	 Compound Forms/Forme composte: double-quick time: doppiamente veloce : have a quick dip v expr verbal expression: Phrase with special meaning functioning as verb--for ...
quick	 	http://quickcountry.com/-Quick Country – Continuous Country Favorites ...	 Quick Country 96.5 KWWK Radio plays the best country music in Rochester, Minnesota.
quick	 	http://www.quickextenderpro.com/-Penis Extender for Penis Enlargement - Quick Extender Pro	 The Quick Extender Pro is the highest rated, most effective penis extender and is the number 1 choice for thousands of satisfied men worldwide.
quick	 	http://www.quickmobile.com/-Mobile Apps For Events, Conferences & Meetings | QuickMobile	 A QuickMobile Exclusive Report. Our 2015 Mobile Event App Predictions. Plus the views of 8 of the industry's top thought leaders. Download White Paper
quick	 	http://www.quickphoneunlock.com/-Quick Phone Unlock – Unlocking Made Simple.	 Welcome to QuickPhoneUnlock.com. Cellphone unlocking is simple, at least it should be especially for a non-technical person. Our unlocking is considered “factory ...
quick	 	http://www.delish.com/recipes/best-recipes/quick-easy-recipes-12 Easy Recipes - Quick Easy Dinner Recipe Ideas - Delish.com	 Today's hectic lifestyles make quick and easy dinner recipes a must. These popular recipes can be prepared from start to finish in just half an hour.
quick	 	http://www.fquick.com/-FQuick.com > Upload Your Car Pictures and Car Videos ...	 FQuick Quick Search. FQuick.com on Facebook. Sign Up for FREE on FQuick! Upload pictures and videos of your cars! Join Now! Start Showing Off!
quick	 	http://www.quickparts.com/home.aspx-Rapid Prototyping and Injection Molding Services ...	 Quick Guide to Rapid Prototyping and Injection Molding Rapid Prototyping Pre-Production: Investment Casting ...
quick	 	http://us.quick-step.com/-Laminate Flooring | Quick-Step.com	 Quick-Step is the leader in laminate flooring. View our selection of laminate wood and tile plank floor collections. Learn how to install laminate floors and get ...
quick	 	http://www.glarysoft.com/quick-startup/-Quick Startup - Free Startup Manager to Speed up Windows ...	 Quick Startup is an advanced startup manager to speed up your windows boot and solve the problem of slow PC system startup. It gives startup items information ...
quick	 	http://www.quickpaysurvey.com/-Quick Pay Survey wants to pay you! - Paid Surveys	 Welcome to Quick Pay Survey! Wednesday, Dec 31, 2014: Would you like to get paid for taking daily paid surveys? Sounds easy? Well it is! Quick Pay Survey is one of ...
quick	 	http://www.quickweightlosscenter.com/-Quick Weight Loss Centers Houstosn	 Quick Weight Loss Centers weight loss programs, weight maintenance programs, in home programs and dietary supplements to help you lose weight quickly with locations ...
quick	 	http://www.quickfasting.com/-Quick Fasting - HOME-QuickFasting	 Quick Fasting by. Nathaniel Hawthorne Bronner, Jr. Receive Nathaniel Bronner’s FREE daily inspirational E-mail, MountainWings and hear his dynamic sermons HERE
quick	 	http://www.quickandhealthy.net/-Quick & Healthy Cookbooks, menus, recipes, tips	 Brenda J. Ponichtera, RD. Welcome to Quick & Healthy Cooking. Find out about my time-saving cookbooks and get sample recipes and grocery lists. Click on one of the ...
quick	 	http://www.yourdictionary.com/quick-Quick dictionary definition | quick defined	 Archaic living; alive; rapid; swift: a quick walk done with promptness; prompt: a quick reply acting swiftly: a quick worker; lasting only a moment: a quick look ...
quick	 	http://www.eatingwell.com/recipes_menus/collections/quick_healthy_dinner_recipes-Quick and Healthy Dinner Recipes and Menus | Eating Well	 Discover EatingWell's quick and healthy dinner recipes. From quick chicken recipes to quick pasta dinners, all of these healthy dinner recipes are ready in 15 to 30 ...
quick	 	http://www.tasteofhome.com/recipes/cooking-style/quick-dinner-recipes-Quick Dinner Recipes | Taste of Home Recipes	 Whether you're on the go or just want to spend less time in the kitchen, we've got you covered with these quick dinner recipes that can be made in 30 minutes or less!
quick	 	http://www.merriam-webster.com/dictionary/quick-witted-Quick-witted - Definition and More from the Free Merriam ...	 Full Definition of QUICK-WITTED : quick in perception and understanding : mentally alert — quick–wit·ted·ly adverb — quick–wit·ted·ness noun See quick ...
quick	 	http://www.quickbeds.com/-Quick Beds - Cheap Hotels & Accommodation - Resorts ...	 Save on Australian and International accommodation at Quickbeds.com. Compare rates on discount hotels, motels, holiday apartments and resorts. Safe, easy and secure ...
quick	 	http://blogs.msdn.com/b/quick_thoughts/-Quick Thoughts - Site Home - MSDN Blogs	 This blog will cover me, James Quick a Microsoft Technical Evangelist, as I learn and develop on the job. I will be working in South Florida to build the develop ...
quick	 	http://quickbridgefunding.com/-Home « Quick Bridge Funding	 What we do. Quick Bridge Funding was created to work with sales partners to provide businesses of all sizes with the capital they need, when a need arises.
quick	 	http://www.quickplay.com/-QuickPlay Media - Multiscreen Video: The Easy Way	 QuickPlay Media is the leading provider of multiscreen managed services. Our end-to-end services allow you to go to market faster and deliver VOD, Live TV and TV ...
quick	 	http://www.familycircle.com/recipes/-Food & Recipes: Quick, Healthy, Easy Family-Friendly Meals	 Hungry? We've got you covered. From quick breakfast, lunch and dinner recipes to holiday and healthy eating, we have enough easy, delicious recipes to inspire even ...
quick	 	http://www.quickbladepaddles.com/-Quickblade Paddles :: Home	 Making Paddles since 1989 Quickblade products are the natural evolution of paddle performance founded on years of competitive racing by Jim Terrell.
quick	 	http://www.qwlc.com/-Quick Weight Loss Centers - Georgia	 Quick Weight Loss Centers offers a comprehensive program of behavior modification and weight reduction, stabilization and maintenance that is supervised for safest ...
quick	 	http://sourceforge.net/projects/quickhash/-Quick Hash GUI | SourceForge.net	 Quick Hash GUI Linux, Windows and Apple Mac File Hashing GUI Tool Brought to you by: tedtechnology
quick	 	http://logicerror.com/quickstartguide-Quick Start Guide	 Quick Start Guide. Quick start guides are an easy way to get into a subject by simply copying and pasting and changing the important bits. They have step ...
quick	 	http://www.boatdesign.net/forums/profile/quick-karl.html-Boat Design Forums - View Profile: Quick Karl	 Quick Karl is a in the Boat Design Forums. View Quick Karl's profile.
quick	 	https://www.busybusy.com/more-info/-More Info	 busy busy Quick Start Price Blog Login Signup. busybusy in a nutshell "How to get your timecards from the job site to the office automatically" Enter Your Name & Email To
quick	 	http://partsboard.southjerseydirtracing.com/DisplayMsg.asp?ForumID=11&Msgid=2237866&page=1&title=ISO%20Quick%20Change%20Rear&Return=DisplayMsg.asp&D83jsd=True-ISO Quick Change Rear	 Author: rracing Date: 12/24/2014 7:17:06 AM +0/-0 : Im looking for a quick change rear end for a dirt modified. Would like big bearing tubes. 4.86 ring ...
quick	 	http://www.nyteez.net/-Nyteez	 Quick View; Symphony Women's Plus Size Peplum Mini Dress (3X Plus, Ivory) Orig. $42.99 Sale $29.99 Quick View ...
quick	 	http://loansnocredit-check.com/?Dorset=Quick-Bad-Credit-Unsecured-Loans.aspx-DORSETⓈ Quick Bad Credit Unsecured Loans - Payday Loans ...	 Dorset Quick Bad Credit Unsecured Loans Payday Loans Direct Lender We Search Dorset Quick Bad Credit Unsecured Loans at 100+ Lenders?
quick	 	http://logicerror.com/quickstartguide-Quick Start Guide	 Quick Start Guide. Quick start guides are an easy way to get into a subject by simply copying and pasting and changing the important bits. They have step ...
quick	 	http://www.boatdesign.net/forums/profile/quick-karl.html-Boat Design Forums - View Profile: Quick Karl	 Quick Karl is a in the Boat Design Forums. View Quick Karl's profile.
quick	 	https://www.busybusy.com/more-info/-More Info	 busy busy Quick Start Price Blog Login Signup. busybusy in a nutshell "How to get your timecards from the job site to the office automatically" Enter Your Name & Email To
quick	 	http://partsboard.southjerseydirtracing.com/DisplayMsg.asp?ForumID=11&Msgid=2237866&page=1&title=ISO%20Quick%20Change%20Rear&Return=DisplayMsg.asp&D83jsd=True-ISO Quick Change Rear	 Author: rracing Date: 12/24/2014 7:17:06 AM +0/-0 : Im looking for a quick change rear end for a dirt modified. Would like big bearing tubes. 4.86 ring ...
quick	 	http://www.nyteez.net/-Nyteez	 Quick View; Symphony Women's Plus Size Peplum Mini Dress (3X Plus, Ivory) Orig. $42.99 Sale $29.99 Quick View ...
quick	 	http://loansnocredit-check.com/?Dorset=Quick-Bad-Credit-Unsecured-Loans.aspx-DORSETⓈ Quick Bad Credit Unsecured Loans - Payday Loans ...	 Dorset Quick Bad Credit Unsecured Loans Payday Loans Direct Lender We Search Dorset Quick Bad Credit Unsecured Loans at 100+ Lenders?
quick	 	http://logicerror.com/quickstartguide-Quick Start Guide	 Quick Start Guide. Quick start guides are an easy way to get into a subject by simply copying and pasting and changing the important bits. They have step ...
quick	 	http://www.boatdesign.net/forums/profile/quick-karl.html-Boat Design Forums - View Profile: Quick Karl	 Quick Karl is a in the Boat Design Forums. View Quick Karl's profile.
quick	 	https://www.busybusy.com/more-info/-More Info	 busy busy Quick Start Price Blog Login Signup. busybusy in a nutshell "How to get your timecards from the job site to the office automatically" Enter Your Name & Email To
quick	 	http://partsboard.southjerseydirtracing.com/DisplayMsg.asp?ForumID=11&Msgid=2237866&page=1&title=ISO%20Quick%20Change%20Rear&Return=DisplayMsg.asp&D83jsd=True-ISO Quick Change Rear	 Author: rracing Date: 12/24/2014 7:17:06 AM +0/-0 : Im looking for a quick change rear end for a dirt modified. Would like big bearing tubes. 4.86 ring ...
quick	 	http://www.nyteez.net/-Nyteez	 Quick View; Symphony Women's Plus Size Peplum Mini Dress (3X Plus, Ivory) Orig. $42.99 Sale $29.99 Quick View ...
quick	 	http://loansnocredit-check.com/?Dorset=Quick-Bad-Credit-Unsecured-Loans.aspx-DORSETⓈ Quick Bad Credit Unsecured Loans - Payday Loans ...	 Dorset Quick Bad Credit Unsecured Loans Payday Loans Direct Lender We Search Dorset Quick Bad Credit Unsecured Loans at 100+ Lenders?
quick	 	http://logicerror.com/quickstartguide-Quick Start Guide	 Quick Start Guide. Quick start guides are an easy way to get into a subject by simply copying and pasting and changing the important bits. They have step ...
quick	 	http://www.boatdesign.net/forums/profile/quick-karl.html-Boat Design Forums - View Profile: Quick Karl	 Quick Karl is a in the Boat Design Forums. View Quick Karl's profile.
quick	 	https://www.busybusy.com/more-info/-More Info	 busy busy Quick Start Price Blog Login Signup. busybusy in a nutshell "How to get your timecards from the job site to the office automatically" Enter Your Name & Email To
quick	 	http://partsboard.southjerseydirtracing.com/DisplayMsg.asp?ForumID=11&Msgid=2237866&page=1&title=ISO%20Quick%20Change%20Rear&Return=DisplayMsg.asp&D83jsd=True-ISO Quick Change Rear	 Author: rracing Date: 12/24/2014 7:17:06 AM +0/-0 : Im looking for a quick change rear end for a dirt modified. Would like big bearing tubes. 4.86 ring ...
quick	 	http://loansnocredit-check.com/?Dorset=Quick-Bad-Credit-Unsecured-Loans.aspx-DORSETⓈ Quick Bad Credit Unsecured Loans - Payday Loans ...	 Dorset Quick Bad Credit Unsecured Loans Payday Loans Direct Lender We Search Dorset Quick Bad Credit Unsecured Loans at 100+ Lenders?
quick	 	http://loans1000unsecuredpersonal.com/?key=Quick-Cash-Advance-VA-LoansⓈ Quick Cash Advance VA - Fast Cash Up to 1000 ...	 Quick Cash Advance Va Get Approved With Draw Your Cash. Quick Cash Advance Va - Instant Approval. Get Quick Cash Advance Va Easy Online Loans Up to $1000 Cash Loans ...
quick	 	http://www.loanpayment--calculator.com/KY?key=Cash_Advances_Quick.jsp-KYⓈ Cash Advances Quick - Up To 1000 Dollars Apply ...	 Online Ky Cash Advances Quick loans What happens if you are running short of cash, let’s say in the evening, and there is no way you can borrow money from your ...
quick	 	http://logicerror.com/quickstartguide-Quick Start Guide	 Quick Start Guide. Quick start guides are an easy way to get into a subject by simply copying and pasting and changing the important bits. They have step ...
quick	 	http://www.boatdesign.net/forums/profile/quick-karl.html-Boat Design Forums - View Profile: Quick Karl	 Quick Karl is a in the Boat Design Forums. View Quick Karl's profile.
quick	 	https://www.busybusy.com/more-info/-More Info	 busy busy Quick Start Price Blog Login Signup. busybusy in a nutshell "How to get your timecards from the job site to the office automatically" Enter Your Name & Email To
quick	 	http://partsboard.southjerseydirtracing.com/DisplayMsg.asp?ForumID=11&Msgid=2237866&page=1&title=ISO%20Quick%20Change%20Rear&Return=DisplayMsg.asp&D83jsd=True-ISO Quick Change Rear	 Author: rracing Date: 12/24/2014 7:17:06 AM +0/-0 : Im looking for a quick change rear end for a dirt modified. Would like big bearing tubes. 4.86 ring ...
quick	 	http://loansnocredit-check.com/?Dorset=Quick-Bad-Credit-Unsecured-Loans.aspx-DORSETⓈ Quick Bad Credit Unsecured Loans - Payday Loans ...	 Dorset Quick Bad Credit Unsecured Loans Payday Loans Direct Lender We Search Dorset Quick Bad Credit Unsecured Loans at 100+ Lenders?
quick	 	http://loans1000unsecuredpersonal.com/?key=Quick-Cash-Advance-VA-LoansⓈ Quick Cash Advance VA - Fast Cash Up to 1000 ...	 Quick Cash Advance Va Get Approved With Draw Your Cash. Quick Cash Advance Va - Instant Approval. Get Quick Cash Advance Va Easy Online Loans Up to $1000 Cash Loans ...
quick	 	http://www.loanpayment--calculator.com/KY?key=Cash_Advances_Quick.jsp-KYⓈ Cash Advances Quick - Up To 1000 Dollars Apply ...	 Online Ky Cash Advances Quick loans What happens if you are running short of cash, let’s say in the evening, and there is no way you can borrow money from your ...
quick	 	http://logicerror.com/quickstartguide-Quick Start Guide	 Quick Start Guide. Quick start guides are an easy way to get into a subject by simply copying and pasting and changing the important bits. They have step ...
quick	 	http://www.boatdesign.net/forums/profile/quick-karl.html-Boat Design Forums - View Profile: Quick Karl	 Quick Karl is a in the Boat Design Forums. View Quick Karl's profile.
quick	 	https://www.busybusy.com/more-info/-More Info	 busy busy Quick Start Price Blog Login Signup. busybusy in a nutshell "How to get your timecards from the job site to the office automatically" Enter Your Name & Email To
quick	 	http://partsboard.southjerseydirtracing.com/DisplayMsg.asp?ForumID=11&Msgid=2237866&page=1&title=ISO%20Quick%20Change%20Rear&Return=DisplayMsg.asp&D83jsd=True-ISO Quick Change Rear	 Author: rracing Date: 12/24/2014 7:17:06 AM +0/-0 : Im looking for a quick change rear end for a dirt modified. Would like big bearing tubes. 4.86 ring ...
quick	 	http://loansnocredit-check.com/?Dorset=Quick-Bad-Credit-Unsecured-Loans.aspx-DORSETⓈ Quick Bad Credit Unsecured Loans - Payday Loans ...	 Dorset Quick Bad Credit Unsecured Loans Payday Loans Direct Lender We Search Dorset Quick Bad Credit Unsecured Loans at 100+ Lenders?
quick	 	http://loans1000unsecuredpersonal.com/?key=Quick-Cash-Advance-VA-LoansⓈ Quick Cash Advance VA - Fast Cash Up to 1000 ...	 Quick Cash Advance Va Get Approved With Draw Your Cash. Quick Cash Advance Va - Instant Approval. Get Quick Cash Advance Va Easy Online Loans Up to $1000 Cash Loans ...
quick	 	http://www.loanpayment--calculator.com/KY?key=Cash_Advances_Quick.jsp-KYⓈ Cash Advances Quick - Up To 1000 Dollars Apply ...	 Online Ky Cash Advances Quick loans What happens if you are running short of cash, let’s say in the evening, and there is no way you can borrow money from your ...
quick	 	http://logicerror.com/quickstartguide-Quick Start Guide	 Quick Start Guide. Quick start guides are an easy way to get into a subject by simply copying and pasting and changing the important bits. They have step ...
quick	 	http://www.boatdesign.net/forums/profile/quick-karl.html-Boat Design Forums - View Profile: Quick Karl	 Quick Karl is a in the Boat Design Forums. View Quick Karl's profile.
quick	 	https://www.busybusy.com/more-info/-More Info	 busy busy Quick Start Price Blog Login Signup. busybusy in a nutshell "How to get your timecards from the job site to the office automatically" Enter Your Name & Email To
quick	 	http://partsboard.southjerseydirtracing.com/DisplayMsg.asp?ForumID=11&Msgid=2237866&page=1&title=ISO%20Quick%20Change%20Rear&Return=DisplayMsg.asp&D83jsd=True-ISO Quick Change Rear	 Author: rracing Date: 12/24/2014 7:17:06 AM +0/-0 : Im looking for a quick change rear end for a dirt modified. Would like big bearing tubes. 4.86 ring ...
quick	 	http://loansnocredit-check.com/?Dorset=Quick-Bad-Credit-Unsecured-Loans.aspx-DORSETⓈ Quick Bad Credit Unsecured Loans - Payday Loans ...	 Dorset Quick Bad Credit Unsecured Loans Payday Loans Direct Lender We Search Dorset Quick Bad Credit Unsecured Loans at 100+ Lenders?
quick	 	http://loans1000unsecuredpersonal.com/?key=Quick-Cash-Advance-VA-LoansⓈ Quick Cash Advance VA - Fast Cash Up to 1000 ...	 Quick Cash Advance Va Get Approved With Draw Your Cash. Quick Cash Advance Va - Instant Approval. Get Quick Cash Advance Va Easy Online Loans Up to $1000 Cash Loans ...
quick	 	http://www.loanpayment--calculator.com/KY?key=Cash_Advances_Quick.jsp-KYⓈ Cash Advances Quick - Up To 1000 Dollars Apply ...	 Online Ky Cash Advances Quick loans What happens if you are running short of cash, let’s say in the evening, and there is no way you can borrow money from your ...
quick	 	http://logicerror.com/quickstartguide-Quick Start Guide	 Quick Start Guide. Quick start guides are an easy way to get into a subject by simply copying and pasting and changing the important bits. They have step ...
quick	 	http://www.boatdesign.net/forums/profile/quick-karl.html-Boat Design Forums - View Profile: Quick Karl	 Quick Karl is a in the Boat Design Forums. View Quick Karl's profile.
quick	 	https://www.busybusy.com/more-info/-More Info	 busy busy Quick Start Price Blog Login Signup. busybusy in a nutshell "How to get your timecards from the job site to the office automatically" Enter Your Name & Email To
quick	 	http://partsboard.southjerseydirtracing.com/DisplayMsg.asp?ForumID=11&Msgid=2237866&page=1&title=ISO%20Quick%20Change%20Rear&Return=DisplayMsg.asp&D83jsd=True-ISO Quick Change Rear	 Author: rracing Date: 12/24/2014 7:17:06 AM +0/-0 : Im looking for a quick change rear end for a dirt modified. Would like big bearing tubes. 4.86 ring ...
quick	 	http://loansnocredit-check.com/?Dorset=Quick-Bad-Credit-Unsecured-Loans.aspx-DORSETⓈ Quick Bad Credit Unsecured Loans - Payday Loans ...	 Dorset Quick Bad Credit Unsecured Loans Payday Loans Direct Lender We Search Dorset Quick Bad Credit Unsecured Loans at 100+ Lenders?
quick	 	http://loans1000unsecuredpersonal.com/?key=Quick-Cash-Advance-VA-LoansⓈ Quick Cash Advance VA - Fast Cash Up to 1000 ...	 Quick Cash Advance Va Get Approved With Draw Your Cash. Quick Cash Advance Va - Instant Approval. Get Quick Cash Advance Va Easy Online Loans Up to $1000 Cash Loans ...
quick	 	http://www.loanpayment--calculator.com/KY?key=Cash_Advances_Quick.jsp-KYⓈ Cash Advances Quick - Up To 1000 Dollars Apply ...	 Online Ky Cash Advances Quick loans What happens if you are running short of cash, let’s say in the evening, and there is no way you can borrow money from your ...
quick	 	http://logicerror.com/quickstartguide-Quick Start Guide	 Quick Start Guide. Quick start guides are an easy way to get into a subject by simply copying and pasting and changing the important bits. They have step ...
quick	 	http://www.boatdesign.net/forums/profile/quick-karl.html-Boat Design Forums - View Profile: Quick Karl	 Quick Karl is a in the Boat Design Forums. View Quick Karl's profile.
quick	 	https://www.busybusy.com/more-info/-More Info	 busy busy Quick Start Price Blog Login Signup. busybusy in a nutshell "How to get your timecards from the job site to the office automatically" Enter Your Name & Email To
quick	 	http://partsboard.southjerseydirtracing.com/DisplayMsg.asp?ForumID=11&Msgid=2237866&page=1&title=ISO%20Quick%20Change%20Rear&Return=DisplayMsg.asp&D83jsd=True-ISO Quick Change Rear	 Author: rracing Date: 12/24/2014 7:17:06 AM +0/-0 : Im looking for a quick change rear end for a dirt modified. Would like big bearing tubes. 4.86 ring ...
quick	 	http://loansnocredit-check.com/?Dorset=Quick-Bad-Credit-Unsecured-Loans.aspx-DORSETⓈ Quick Bad Credit Unsecured Loans - Payday Loans ...	 Dorset Quick Bad Credit Unsecured Loans Payday Loans Direct Lender We Search Dorset Quick Bad Credit Unsecured Loans at 100+ Lenders?
quick	 	http://loans1000unsecuredpersonal.com/?key=Quick-Cash-Advance-VA-LoansⓈ Quick Cash Advance VA - Fast Cash Up to 1000 ...	 Quick Cash Advance Va Get Approved With Draw Your Cash. Quick Cash Advance Va - Instant Approval. Get Quick Cash Advance Va Easy Online Loans Up to $1000 Cash Loans ...
quick	 	http://www.loanpayment--calculator.com/KY?key=Cash_Advances_Quick.jsp-KYⓈ Cash Advances Quick - Up To 1000 Dollars Apply ...	 Online Ky Cash Advances Quick loans What happens if you are running short of cash, let’s say in the evening, and there is no way you can borrow money from your ...
