right then	 	http://www.merriam-webster.com/dictionary/then%20and%20there-Then and there - Definition and More from the Free Merriam ...	 Definition of THEN AND THERE: on the spot : immediately <wanted the money right then and there> SCRABBLE ® fan? Try our new word finder! » First Known Use of THEN ...
right then	 	http://www.lexipedia.com/english/right+then-right then :: Lexipedia - Where words have meaning	 Definition of right then in the online dictionary, Lexipedia. The meaning of right then. What does right then mean? right then synonyms, right then antonyms.
right then	 	http://rightthen.co.uk/-Driving lessons with Right Then Driving School in the area ...	 Founded in 2003, Right Then Driving School quickly became a respected driving school providing and delivering exceptional training and value for money.
right then	 	http://dictionary.reverso.net/english-definition/right%20then-right then definition | English definition dictionary ...	 right then definition, meaning, English dictionary, synonym, see also 'all right',at right angles',eyes right',miner's right', Reverso dictionary, English definition ...
right then	 	https://answers.yahoo.com/question/index?qid=20070604020456AA8bxhC-Right then...what`s for lunch!?	 right then...what`s for lunch!? Sign In . to add your answer. Amanda answered 8 years ago. Its 5 am here but I'll probly make Spaghettios cuz my ...
right then	 	http://www.azlyrics.com/lyrics/stevewariner/rightthenrightthere.html-STEVE WARINER LYRICS - Right Then Right There	 Lyrics to "Right Then Right There" song by STEVE WARINER: A Folgers can full of night crawlers Never knew there was a hole in the bottom Til we reached the ed...
right then	 	http://www.cowboylyrics.com/lyrics/wariner-steve/right-then-right-there-28847.html-Right Then Right There Lyrics - Steve Wariner. Album: This ...	 Steve Wariner - Right Then Right There Lyrics (D. Vincent Williams/Steve Wariner) A Folgers can full of night crawlers Never knew there was a hole in the bottom
right then	 	https://www.biblegateway.com/passage/?search=Isaiah+7%3A14&version=NLT-Isaiah 7:14 NLT - All right then, the Lord himself will ...	 Isaiah 7:14 New Living Translation (NLT) 14 All right then, the Lord himself will give you the sign. Look! The virgin will conceive a child! She will give birth to a ...
right then	 	http://www.metrolyrics.com/all-right-then-lyrics-wyclef-jean.html-Wyclef Jean - All Right Then Lyrics | MetroLyrics	 "All Right Then" is track #11 on the album April Showers. (No other information is available for this lyric - would you like to add something today?)
right then	 	http://www.mediawebapps.com/picturelike.php?id=735-If you love someone, you say it, right then, out loud ...	 If you love someone, you say it, right then, out loud. Otherwise, the moment just passes you by. ~Julia Roberts
right then	 	http://www.amazon.com/Right-Then-And-There-Live/dp/B009LEFFRY-Amazon.com: Right Then And There (Live At Bus: Luke ...	 Right Then And There (Live At Bus. Luke Ritchie From the Album Right Then and There (Live at Bush Hall - as featured on Fresh Meat) ...
right then	 	http://www.youtube.com/watch?v=-ts72Pyt7mQ-Right Then - YouTube	 Right Then Wendy Katz Ensemble Adam Marano Steve Rothstein ℗ 2009 Pennrose Media Released on: 2009-01-15 Music Publisher: Pennrose Media Music ASCAP Auto ...
right then	 	http://www.cleveland.com/browns/index.ssf/2014/10/johnny_manziel_caught_laughing.html-Johnny Manziel caught laughing with Cleveland Browns down ...	 Johnny Manziel caught laughing with Cleveland Browns down 28-3, but Mike Pettine says they were 'laughable' right then
right then	 	http://www.metrolyrics.com/wrong-thing-right-then-lyrics-mighty-mighty-bosstones.html-Mighty Mighty Bosstones - Wrong Thing Right Then Lyrics ...	 Lyrics to 'Wrong Thing Right Then' by Mighty Mighty Bosstones. So here's what happend this time / I'm sure that it's the last time / I'm over going , over it /
right then	 	http://www.goodreads.com/quotes/72395-all-right-then-said-the-savage-defiantly-i-m-claiming-the-Quote by Aldous Huxley: “All right then," said the ...	 “All right then," said the savage defiantly, I'm claiming the right to be unhappy." "Not to mention the right to grow old and ugly and impotent; the right to have ...
right then	 	http://hokahey-littleworlds.blogspot.com/2010/02/well-all-right-then.html-Little Worlds: “Well, all right then.”	 “Well, all right then,” as Sandra Bullock’s Leigh Ann Tuohy says. I saw a number of animated kids’ movies in 2009. I also saw Avatar. Now I’ve ...
right then	 	http://cnsnews.com/video/culture/right-then-right-now-buckley-questions-reagan-1980-Right Then, Right Now: Buckley Questions Reagan 1980 | CNS ...	 Right Then, Right Now: Buckley Questions Reagan 1980. December 5, ... William F. Buckley Jr. Interviews Presidential Candidate Ronald Reagan on Firingline Jan 14, 1980
right then	 	http://www.st1300.us.com/showthread.php?t=3880-Right then, EVERYONE smile. - ST1300.us.com	 Right then, EVERYONE smile. Off Topic ... a brilliant part of the internet is every now and again something spectacular turns up.
right then	 	http://thetaobums.com/topic/9727-right-then/-Right then... - General Discussion - The Tao Bums	 Page 1 of 6 - Right then... - posted in General Discussion: .. ... Well that was something else, mjjbecker, Funny I just wrote how anger may clear blockages on ...
right then	 	http://www.allmusic.com/album/right-then-and-there-mw0000530141-Right Then and There - Retrospect | Songs, Reviews ...	 Find album reviews, stream songs, credits and award information for Right Then and There - Retrospect on AllMusic - 2005
right then	 	http://www.theguardian.com/commentisfree/2014/oct/28/tony-abbott-was-right-then-and-is-wrong-now-the-federation-is-still-australias-biggest-political-problem-Tony Abbott was right then, and is wrong now. The ...	 Tony Abbott was right then, and is wrong now. The federation is still Australia's biggest political problem Mark Fletcher
right then	 	http://taralahneff.theworldrace.org/?filename=and-right-then-daydreams-are-safe-part-2-And right then... (Daydreams are safe part 2)	 And right then… Well before I tell you what happened “right then” you should go back and read part 1 of this story if
right then	 	http://www.poemhunter.com/poem/right-then-right-there/-POEM: RIGHT THEN... RIGHT THERE BY DANNY SPEICHER	 Right Then... Right There - by Danny Speicher. Anxious awaiting and longing for her She who makes my days bright and my dreams grand Silently hoping for things not ...
right then	 	http://www.faa.gov/news/speeches/news_story.cfm?newsId=5999-Speech – "Black History Month - Right Then, Right Today"	 "Black History Month - Right Then, Right Today" Marion C. Blakey, Washington, DC April 2, 2004
right then	 	http://www.lyricsmode.com/lyrics/m/mighty_mighty_bosstones/wrong_thing_right_then.html#!-Mighty Mighty Bosstones - Wrong Thing Right Then Lyrics	 Lyrics to Wrong Thing Right Then by Mighty Mighty Bosstones: So here's what happend this time / I'm sure that it's the last time / I'm over
right then	 	http://www.economist.com/node/12601868-Australia and the death penalty: All right then, just this ...	 Australia and the death penalty All right then, just this once Mixed signals from Canberra over the Bali bombers Nov 13th 2008 | BANGKOK | From the print ...
right then	 	https://www.facebook.com/pages/Right-Then-Driving-School/466054620110111-Right Then Driving School | Facebook	 Right Then Driving School. 173 likes · 1 talking about this. Best deal around! NEW DRIVERS - first 5 hours £69 Theory Test Pro online & App
right then	 	http://baro.deviantart.com/journal/right-then-224232552-right then by Baro on DeviantArt	 Right then. new space art is up at last. more to come.
right then	 	https://www.fanfiction.net/s/4708345/1/Right-Then-and-There-Right Then and There, a twilight fanfic | FanFiction	 Oneshot, SamLeah/ 'And for some reason, he decided, right then and there, that he would love her until it hurt him.'
right then	 	http://www.lyricsmania.com/its_all_about_right_then_lyrics_ghosts_and_vodka.html-Ghosts And Vodka - It's All About Right Then Lyrics	 Lyrics to It's All About Right Then An exercise in post-Elvis / pre-Madonna rock, It's All About Right Then is all about right then. But when was right then?
right then	 	http://wn.com/Willy_DeVille_Right_There,_Right_Then-Willy Deville Right There, Right Then - World News	 Willy deVille Right There,Right Then-----With lLyrics, Right There, Right Then, Willy deVille (Extended) It's So Easy, Willy deVille France (from the lyon tapes) 1991 ...
right then	 	http://thepudupudu.tumblr.com/post/68108983782/right-then-Right then… - A Very Shy Snail - Page 1 of 505	 Right then… I’m off for a few days (hopefully not more)- no prizes for guessing where I’ll be. Don’t you all go having too many exciting adventures without me!
right then	 	http://www.elyrics.net/read/w/wyclef-jean-lyrics/all-right-then-(Ft.-king-los)-lyrics.html-ALL RIGHT THEN Lyrics (FT. KING LOS) - WYCLEF JEAN	 Wyclef Jean All Right Then lyrics (ft. King Los) & video : [Intro] I've got ghetto dope in my veins, yellow gold on my chain I've got ghetto dope in my veins, yellow ...
right then	 	http://www.studymode.com/essays/If-Science-Is-Right-Then-Religion-995908.html-If Science Is Right Then Religion Is Wrong - Research ...	 If Science is Right then Religion is Wrong By Sophia Frost SCIENCE IS RIGHT because… Whereas the Religious theory is word of mouth and the Bible, science has facts ...
right then	 	http://forums.jackcolton.com/showthread.php?1387-Right-then-what-s-the-real-deal-with-these-Palms-wristbands-Right then, what's the real deal with these Palms ...	 Right then, what's the real deal with these Palms wristbands..?
right then	 	http://www.alfaowner.com/Forum/east-midlands/178747-right-then.html-Right then! - Alfa Romeo Forum - Alfaowner.com	 Alfa Romeo Forum > Alfa Romeo Club Events > Alfa Romeo Meets & Events > East Midlands: Right then! Summer's here, it's 6 months since we went to Skeggy.
right then	 	http://vimeo.com/tag:Right+Then+And+There-Videos about “Right Then And There” on Vimeo	 There are 1 videos about “Right Then And There” on Vimeo, the home for high quality videos and the people who love them.
right then	 	http://lyrics.wikia.com/Willy_DeVille:Right_There,_Right_Then-Willy DeVille:Right There, Right Then Lyrics - LyricWikia ...	 Right there, right then, I could have cried Right there, right then, I surely could have died Right there, right then, oh how I cried Yes, I cried and I cried and I ...
right then	 	http://www.spoke.com/people/right-then-3e1429c09e597c100457b990-Right Then, Abre Enterpises | Spoke	 Learn more about Right Then, Abre Enterpises including contact information, career history, news and intelligence.
right then	 	http://lyrics.wikia.com/Willy_DeVille:Right_There,_Right_Then-Willy DeVille:Right There, Right Then Lyrics - LyricWikia ...	 Right there, right then, I could have cried Right there, right then, I surely could have died Right there, right then, oh how I cried Yes, I cried and I cried and I ...
right then	 	http://vimeo.com/tag:Right+Then+And+There-Videos about “Right Then And There” on Vimeo	 There are 1 videos about “Right Then And There” on Vimeo, the home for high quality videos and the people who love them.
right then	 	http://www.spoke.com/people/right-then-3e1429c09e597c100457b990-Right Then, Abre Enterpises | Spoke	 Learn more about Right Then, Abre Enterpises including contact information, career history, news and intelligence.
right then	 	http://www.funnyjunk.com/all+right+then/funny-pictures/5299236/-all right then - Funnyjunk - Funny Pictures, Funny Videos ...	 all right then. Nee. OUT FATPIE ii' ' AND idioti M To [t! ' iihf wont mu:. why is that cat made of knight time and darkness all right then
right then	 	http://www.last.fm/music/Ghosts+and+Vodka/_/It%27s+All+About+Right+Then-Ghosts and Vodka – It's All About Right Then – Listen ...	 Watch the video or listen to Ghosts and Vodka – It's All About Right Then for free. It's All About Right Then appears on the album Addicts And Drunks. Four piece ...
right then	 	https://www.linkedin.com/groups/Right-then-Ill-say-something-4028512%2ES%2E92718562-Right then - I'll say something! | LinkedIn	 Right then - I'll say something! Jayne B. Business Development Manager Pennysmart CIC. Just back from another brilliant day out at Cartrefi Conwy HA Tenants Family ...
right then	 	http://www.trulia.com/property/3043215179--I-285-West-To-Paces-Ferry-Exit-Turn-Right-Then-Right-Smyrna-GA-30080-I-285 West To Paces Ferry Exit Turn Right Then Right ...	 Photos, maps, description for I-285 West To Paces Ferry Exit Turn Right Then Right, Smyrna GA. Search homes for sale, get school district and neighborhood info for ...
right then	 	http://www.yelp.com/biz/right-then-school-of-motoring-maidstone-Right Then School Of Motoring - Maidstone, Kent, United ...	 Right Then School Of Motoring Maidstone reviews by real people. Yelp is a fun and easy way to find, recommend and talk about what's great and not so great in ...
right then	 	http://www.oregonlive.com/movies/2014/07/zach_braff_talks_wish_i_was_he.html-Zach Braff on 'Wish I Was Here,' Kickstarter and life ...	 Zach Braff on 'Wish I Was Here,' Kickstarter and life after 'Garden State': 'I was so hot right then - but that hotness fades in six months'
right then	 	https://www.etsy.com/listing/171937064/huckleberry-finn-quote-all-right-then-Huckleberry Finn Quote All Right Then I'll by ...	 8x24 Wood Sign Royal Blue Distressed color with White Lettering Words: All right then, Ill go to hell. -- Huckleberry Finn Adventures
right then	 	http://www.sing365.com/music/lyric.nsf/Wrong-Thing-Right-Then-lyrics-Mighty-Mighty-Bosstones/13507C37A528A388482568BE00139B08-WRONG THING RIGHT THEN LYRICS - MIGHTY MIGHTY BOSSTONES	 "Wrong Thing Right Then" Lyrics by Mighty Mighty Bosstones: From the Meet The Deedles Sountrack and Big Rig 12 LP So heres what happened this time, Im sure that its...
right then	 	http://m.imdb.com/title/tt1412386/quotes-The Best Exotic Marigold Hotel (2011) - Quotes - IMDb	 Sonny: Everything will be all right in the end... if it's not all right then it's not yet the end.
right then	 	http://www.chacha.com/question/what-is-the-saying-%27right-then-and-there%27-mean-What is the saying 'right then and there' mean? | ChaCha	 "Right then and there" means on the spot, immediately. Example: He wanted the money right then and there. 0 12 months ago
right then	 	http://www.classmates.com/people/Right-Then/8682022770-Right Then, Class of 1999 - Wayzata High School - Classmates	 Right Then 1999 graduate of Wayzata High School in Plymouth, MN is on Classmates.com. Get caught up with Right Then and other high school alumni from Wayzata High School.
right then	 	http://www.classmates.com/people/Right-Then/8682022770-Right Then, Class of 1999 - Wayzata High School - Classmates	 Right Then 1999 graduate of Wayzata High School in Plymouth, MN is on Classmates.com. Get caught up with Right Then and other high school alumni from Wayzata High School.
right then	 	http://www.alfaowner.com/Forum/north-east/77855-right-then-its-four-weeks-until-national-alfa-day-2.html-Right Then, Its Four Weeks Until National Alfa Day - Page ...	 Alfa Romeo Forum > Alfa Romeo Club Events > Alfa Romeo Meets & Events > North East: Right Then, Its Four Weeks Until National Alfa Day sorry waki taki...
right then	 	http://m.imdb.com/title/tt1412386/quotes-The Best Exotic Marigold Hotel (2011) - Quotes - IMDb	 Sonny: Everything will be all right in the end... if it's not all right then it's not yet the end.
right then	 	http://www.thumpertalk.com/topic/786811-right-then-any-ideas/-right then, any ideas... - DR-Z 400 - ThumperTalk	 right then, any ideas... - posted in DR-Z 400: Ive taken the carb off yet again, couldnt find anything so in desperation ive taken all the parts from f2dogs bright ...
right then	 	http://www.chacha.com/question/what-is-the-saying-%27right-then-and-there%27-mean-What is the saying 'right then and there' mean? | ChaCha	 "Right then and there" means on the spot, immediately. Example: He wanted the money right then and there. 0 12 months ago
right then	 	http://www.soselectronic.com/?str=1489&article=they-act-only-ones-right-then-when-it-s-really-necessary-They act only ones - right then, when it´s really ...	 They act only ones - right then, when it´s really necessary... . With thermal fuses you´ll make a big step towards a higher safety of your device. SOS electronic ...
right then	 	http://rightthen.co.uk/contact/2659517-Right Then Driving School in Maidstone and the surrounding ...	 For more information about the driving lessons offered by Right Then Driving School, contact us today on 01622 730 009.
right then	 	http://www.britmodeller.com/forums/index.php?/topic/74426-right-thenan-academy-spad-xiii-in-172/-Right then...an Academy SPAD XIII in 1/72 - WWI ...	 Right then...an Academy SPAD XIII in 1/72 - posted in WWI: I remember building one of these Academy SPAD's when I was about 11 and at the time loved it because (I ...
right then	 	http://www.crosswordgiant.com/crossword-clue/1606176/All-right-then-leave-'All right then, leave!' | Crossword Puzzle Clue ...	 'All right then, leave!' crossword puzzle clue has 2 possible answers and appears in 2 publications
right then	 	http://steamcommunity.com/sharedfiles/filedetails/?id=360307554-Steam Community :: Screenshot :: right then	 Steam Community: Killing Floor. right then ... View all shared files
right then	 	http://www.voy.com/13953/32044.html-I always cringe whenever I see Bianca's gown. It's ...	 Subject: I always cringe whenever I see Bianca's gown. It's atrocious and not to mention it reminds me of a bad gift wrapping package. I knew right then and there she ...
right then	 	http://realalegirl.blogspot.com/2011/06/right-then.html-The Real Ale Girl ...	 Right then. I suppose I better stop drinking this Meantime Chocolate. I guess I shouldn't have given Real Ale Husband a bottle of Camden Wheat Beer for his ...
right then	 	http://www.globalclue.com/clue/All_right_then_leave-"All right then, leave!" - Crossword clues & answers ...	 "All right then, leave!" - Crossword clues, answers and solutions - Global Clue website
right then	 	http://www.argyletd.com/t6071-right-then-Right then .	 GOB wrote: Person Of Interest wrote: Right then..... I'm going to have a small dram, hot bath and off to bed - I have been working all night, I haven't been to ...
right then	 	http://mauricemarceau.net/?p=161-Max decided right then to follow through with the texts in ...	 Excerpt from Marceau French Historical Fiction Novel, Thelma Benison, Author Chapter Fourteen Max decided right then to follow through with the texts in th
right then	 	http://mauricemarceau.net/?p=161-Max decided right then to follow through with the texts in ...	 Excerpt from Marceau French Historical Fiction Novel, Thelma Benison, Author Chapter Fourteen Max decided right then to follow through with the texts in th
right then	 	http://www.lyricsfreak.com/m/mighty+mighty+bosstones/wrong+thing+right+then_20093502.html-Wrong Thing Right Then Lyrics - Mighty Mighty Bosstones	 Lyrics to Wrong Thing Right Then by Mighty Mighty Bosstones: So here's what happened this time / I'm sure that it's the last time / I'm
right then	 	http://louderthanwar.com/happening-right-then-the-photographs-of-paul-groovie-classic-shots-from-early-80s-underground-pledge-now/-Happening Right Then!: The Photographs of Paul Groovie ...	 Happening Right Then!: The Photographs of Paul Groovie “Happening Right Then!” is a 150+ page hardback book featuring over 200 colour and black & white ...
right then	 	http://www.goear.com/listen/a37d344/right-there-right-then-willy-deville-Right There Right Then - Willy DeVille	 escuchar MP3 Right There Right Then de Willy DeVille online
right then	 	http://choucribechir.tumblr.com/post/32599809891/the-pursuit-of-happyness-Choucri Bechir's Blog — It was right then that I started ...	 It was right then that I started thinking about Thomas Jefferson on the Declaration of Independence and the part about our right to life, liberty, and the pursuit of ...
right then	 	http://tabs.ultimate-guitar.com/m/mighty_mighty_bosstones/wrong_thing_right_then_crd.htm-Wrong Thing Right Then Chords by Mighty Mighty Bosstones ...	 Wrong Thing Right Then Chords by Mighty Mighty Bosstones with chord diagrams, easy version and transpose. Added on August 28, 2003
right then	 	http://quickshortstory.wordpress.com/tag/right-then/-Tag Archives: right then - Short Stories | Delicious ...	 Posts about right then written by Manisha ... We’d nearly known each other nearly all our lives. Born six days apart in the same hospital, we attended the same ...
right then	 	http://jrscience.wcp.muohio.edu/nsfall02/ProposalArticles/allrightthen.html-all right then - Miami University	 all right then This response submitted by the attraction team (flynn@muc.miamioh.edu) at 6:23 PM on 10/9/02. Additions were last made on Wednesday, May 7, 2014.
right then	 	http://strongvpn.com/forum/viewtopic.php?id=1856-Right then... (Page 1) - General - StrongVPN Forum	 Right then... (Page 1) - General - StrongVPN Forum - ... Just signed on to SVPN and as an ex-pat from the Untidy Kingdom I'm more than happy to be able to watch the ...
right then	 	http://www.oocities.org/moon-shadows.geo/romeoandjuliet/rightthen.html-Right Then - OoCities - Geocities Archive / Geocities Mirror	 Right Then It was the first time I saw you in a towel straight out of the shower emerging to lay on the bed beside me to be all mine. Right then there were no worries
right then	 	http://www.audiomack.com/song/hi-ears/all-right-then-Wyclef Jean - All Right Then - Download and Stream | Audiomack	 Listen to and Download All Right Then, the new song from Wyclef Jean.
right then	 	http://www.redandwhitekop.com/forum/index.php?topic=91458.120-Right then, who has got the best avatar on RAWK?	 Red and White Kop Liverpool FC Forum » The LiverpoolFC Forum » Flagpole Corner » The Boozer » Topic: Right then, who has got the best avatar on RAWK?
right then	 	http://www.globalclue.com/clue/All_right_then_1-"All right then..." - Crossword clues & answers - Global Clue	 "All right then..." Let's find possible answers to ""All right then..."" crossword clue. First of all, we will look for a few extra hints for this entry: "All right ...
right then	 	http://www.slideshare.net/allankellynet/do-itright-26016390-Do it Right then Do the Right Thing - Upload, Share, and ...	 Transcript 1. allan kelly Twitter: @allankellynet http://www.allankelly.net Do it Right Then Do the Right thing Agile on ...
right then	 	http://www.usingenglish.com/forum/threads/155005-right-then-and-there-[Vocabulary] right then and there - English Language (ESL ...	 I am conducting a survey. Do you mind providing some information for me? What you use more in normal conversation?: Right then and there... or Right there and ...
right then	 	http://www.britmodeller.com/forums/index.php?/topic/234951489-right-then-first-one/-Right then, First one! - Ready for Inspection - Aircraft ...	 Right then, First one! - posted in Ready for Inspection - Aircraft: So heres my first one on here! Its a 112 squadron Kittyhawk. I used the 1/48 Hasegawa kit with ...
right then	 	http://www.lyricsty.com/steve-wariner-right-then-right-there-lyrics.html-STEVE WARINER - RIGHT THEN RIGHT THERE LYRICS	 Right Then Right There lyrics - A Folgers can full of night crawlers Never knew there was a hole in the bottom Til we reached the edge of the bank of Cumberland creek ...
right then	 	http://www.slideshare.net/allankellynet/do-it-right-then-do-the-right-thing-riga-Do It Right, Then Do The Right Thing (Riga)	 Transcript 1. allan kelly Twitter: @allankellynet http://www.allankelly.net Do it Right Then Do the Right thing May 2014
right then	 	http://goodmenproject.com/comment-of-the-day/i-shouldve-given-her-my-heart-right-then-but-i-didnt-i-was-still-fixed-on-her-needing-to-have-that-zing/-"I should’ve given her my heart right then. But I didn ...	 “I should’ve given her my heart right then. But I didn’t. I was still fixed on her needing to have that zing.”
right then	 	http://rishikajain.com/2012/01/10/if-you-are-right-then-there-is-no-need-to-get-angry/-If you are right then there is no need to get angry ...	 If you are right then there is no need to get angry..... And if you are wrong then you don't have any right to get angry.....~ rishikajain.com
right then	 	http://www.last.fm/music/Willy+DeVille/_/Right+There%2C+Right+Then-Willy DeVille – Right There, Right Then – Listen and ...	 Watch the video or listen to Willy DeVille – Right There, Right Then for free. Right There, Right Then appears on the album Crow Jane Alley. Willy DeVille (born ...
right then	 	http://twitter.imageshack.com/hw5f9oyj-Right then.... - yfrog.com	 Right then.... http://yfrog.com/hw5f9oyj ... ©2003-2011 ImageShack Corp. All rights reserved.
right then	 	http://www.lyrics.com/saddle-up-lyrics-colt-ford.html-Colt Ford - Saddle Up Lyrics - Lyrics.com - your music ...	 Colt Ford Saddle Up lyrics: We holler yee-haw and then we saddle up Get your money right then you add it up We grab the bull by the horns make him back it up We ...
right then	 	https://www.askives.com/if-a-population-distribution-is-skewed-to-the-right-then-given-a-random-sample-from-that-population.html-If A Population Distribution Is Skewed To The Right Then ...	 If A Population Distribution Is Skewed To The Right Then Given A Random Sample From That Population? - Find Questions and Answers at Askives, the first startup that ...
right then	 	http://www.elyrics.net/read/m/mighty-mighty-bosstones-lyrics/wrong-thing-right-then-lyrics.html-WRONG THING RIGHT THEN Lyrics - MIGHTY MIGHTY BOSSTONES	 Mighty Mighty Bosstones Wrong Thing Right Then lyrics & video : So here's what happened this time, I'm sure that it's the last time, I'm over going over it, it's over ...
right then	 	http://www.lyricsreg.com/lyrics/steve+wariner/Right+Then+Right+There/-Steve Wariner : Right Then Right There lyrics	 Steve Wariner lyrics : "Right Then Right There" A Folgers can full of night crawlers Never knew there was a hole in the bottom Til we reached the edge of the bank of ...
right then	 	http://www.kineticnorth.com/News/Right_then.aspx-Kinetic North :: Right then :: Let's do this shit	 That's all folks; co.cc DNS settings; FNCoLJ BACK ONLINE! All right hold tight; Smelly dog's pizzle; Fuck yeah messageboard shit; Hooray! Internets! Right then
right then	 	http://twitter.imageshack.com/nzqtuvvgj-Right then - yfrog.com	 Right then http://yfrog.com/nzqtuvvgj ... ©2003-2011 ImageShack Corp. All rights reserved.
right then	 	http://www.redandwhitekop.com/forum/index.php?topic=91458.80-Right then, who has got the best avatar on RAWK?	 Red and White Kop Liverpool FC Forum » The LiverpoolFC Forum » Flagpole Corner » The Boozer » Topic: Right then, who has got the best avatar on RAWK?
right then	 	http://www.mirror.co.uk/3am/celebrity-news/right-then-who-exactly-are-these-new-662440-Right then, who exactly are these new housemates and why ...	 Right then, who exactly are these new housemates and why do their faces deserve to be on our telly screens? 18 Aug 2011 22:31
right then	 	http://www.lyricsty.com/mighty-mighty-bosstones-wrong-thing-right-then-lyrics.html-MIGHTY MIGHTY BOSSTONES - WRONG THING RIGHT THEN LYRICS	 Wrong Thing Right Then lyrics - So here's what happend this time I'm sure that it's the last time I'm over going, over it It's over once again. What am I gonna do ...
right then	 	http://plutonius.aibrean.com/index.php?main_page=product_info&cPath=17_18&products_id=223-Right then Left Curve Sign Right then Left Curve Sign ...	 Detailed 3d model of a Left then Right then Left Curve Sign. Comes complete with a high resolution texture map, Vray procedural materials and an HDRI map.
right then	 	http://www.wattpad.com/2140326-words-from-the-heart-poetry-right-then-and-there-Words From The Heart (Poetry) Right then and there - Wattpad	 I had a boyfriend, but didn't care. You stole my heart, then locked the door. Trapped by love, held down my fate, You stole my heart, right then and there.
right then	 	http://www.lyricsty.com/mighty-mighty-bosstones-wrong-thing-right-then-lyrics.html-MIGHTY MIGHTY BOSSTONES - WRONG THING RIGHT THEN LYRICS	 Wrong Thing Right Then lyrics - So here's what happend this time I'm sure that it's the last time I'm over going, over it It's over once again. What am I gonna do ...
right then	 	http://songmeanings.com/songs/view/149432/-Ghosts and Vodka - It's All About Right Then Lyrics ...	 An exercise in post-Elvis / pre-Madonna rock, It's All About Right Then is all about right then. But when was right then? Right then was when now was happening.
right then	 	http://www.rockpapershotgun.com/2013/01/19/gas-powered-facing-major-layoffs-may-halt-kickstarter/-Gas Powered Facing Major Layoffs, May Halt Kickstarter ...	 Right then, let me try laying this one out on paper, because I'm still having a hard time comprehending it. So, a few days ago, Chris Taylor and Gas Powered
right then	 	http://doctorwho.tumblr.com/post/38881577698/right-then-clara-oswald-its-time-to-find-out-Official Doctor Who Tumblr - Right then, Clara Oswald. It ...	 “ Right then, Clara Oswald. It’s time to find out who you are ”
right then	 	http://bemygirlfriend.tumblr.com/post/292524369/lily-allen-right-then-lily-weve-all-known-this-Lily Allen Right then, Lily. We’ve all known this ...	 Lily Allen. Right then, Lily. We’ve all known this was coming. You fit all the criteria; singer-songwriter, you’re a little bit “different” looking PLUS you ...
right then	 	http://www.cowboylyrics.com/lyrics/ford-colt/saddle-up-26620.html-Colt Ford * Saddle Up Lyrics | Album: Ride Through the Country	 Colt Ford - Saddle Up Lyrics Saddle Up f/ Attitude We holler yee-haw and then we saddle up Get your money right then you add it up We grab the bull by the horns make ...
right then	 	http://www.nidokidos.org/threads/170329-If-you-are-right-then-there-is-no-need-to-get-angry-!-If you are right then there is no need to get angry !	 If you are right then there is no need to get angry & if you are wrong then you don't have any right to get angry Patience with family is love Patience with others is ...
right then	 	http://www.nidokidos.org/threads/170329-If-you-are-right-then-there-is-no-need-to-get-angry-!-If you are right then there is no need to get angry !	 If you are right then there is no need to get angry & if you are wrong then you don't have any right to get angry Patience with family is love Patience with others is ...
right then	 	http://www.cowboylyrics.com/lyrics/ford-colt/saddle-up-26620.html-Colt Ford * Saddle Up Lyrics | Album: Ride Through the Country	 Colt Ford - Saddle Up Lyrics Saddle Up f/ Attitude We holler yee-haw and then we saddle up Get your money right then you add it up We grab the bull by the horns make ...
right then	 	http://bemygirlfriend.tumblr.com/post/292524369/lily-allen-right-then-lily-weve-all-known-this-Lily Allen Right then, Lily. We’ve all known this ...	 Lily Allen. Right then, Lily. We’ve all known this was coming. You fit all the criteria; singer-songwriter, you’re a little bit “different” looking PLUS you ...
right then	 	http://www.quizlaw.com/blog/right_then_--_carry_on_abusing.php-QuizLaw: Right then -- carry on abusing dead bodies	 « McCain is Actually One Wily Bitch? (Floating a Theory) | Main | Now they’re arresting people for being fiscally conservative? » Right then — carry on abusing ...
right then	 	http://www.scoot.co.uk/England/Kent/Maidstone/Right-Then-Driving-Instructors-Maidstone-DCYN975.html-Right Then - Driving Instructors Maidstone, Driving ...	 Right Then. Founded in 2003, Right Then Driving School has quickly become a respected driving school providing and delivering exceptional training and value for money!
right then	 	http://www.gamesforlanguage.com/dictionary/english-for-spanish/definition/all-right-then-translation-from-english-for-spanish-What does "All right then." in English (for Spanish) mean?	 What does "All right then." mean in English (for Spanish)? In English (for Spanish), "All right then." means: De acuerdo. Listen to "All right then.": (If you have an ...
right then	 	http://teenadvice.about.com/u/sty/datinglove/breakup_stories/My-Heart-Broke-Right-Then-and-There.htm-"My Heart Broke Right Then and There" - Share Your Story ...	 "My Heart Broke Right Then and There", About.com Teen Advice
right then	 	http://questionableliterarymerit.tumblr.com/post/24652029340/i-guess-im-doing-it-right-then-thats-I guess I’m doing it right then. That’s...	 I guess I’m doing it right then. That’s reassuring! This is ingenious. Not just the quote, but having it on a pillow. I like it! (via braveandkindofrighteous)
right then	 	http://www.collinsdictionary.com/dictionary/english-italian/right-then-let-s-begin--Italian Translation of “right then, let's begin ...	 Italian Translation of “right then, let's begin!” | The official Collins English to Italian Dictionary online. Over 100,000 Italian translations of English words ...
right then	 	http://questionableliterarymerit.tumblr.com/post/24652029340/i-guess-im-doing-it-right-then-thats-I guess I’m doing it right then. That’s...	 I guess I’m doing it right then. That’s reassuring! This is ingenious. Not just the quote, but having it on a pillow. I like it! (via braveandkindofrighteous)
right then	 	http://teenadvice.about.com/u/sty/datinglove/breakup_stories/My-Heart-Broke-Right-Then-and-There.htm-"My Heart Broke Right Then and There" - Share Your Story ...	 "My Heart Broke Right Then and There", About.com Teen Advice
right then	 	http://boards.footymad.net/forum.php?tno=501&fid=468&sty=2&act=1&mid=2115976792-Right then... - Stoke City FC forum from footymad.net	 Right then.... Stoke City message board and forum from footymad.net. Just got back from Bolton...cracking day totally spoilt by the footy...nough said :blue: :blue ...
right then	 	http://www.misterwhat.co.uk/company/1238870-right-then-driving-school-maidstone-Right Then Driving School Bearsted, Maidstone ME14 4PT ...	 Right Then Driving School in Bearsted, Maidstone ME14 4PT - Company Profile, Phone Number, Address, Postcode, Map and more
right then	 	http://9gag.com/gag/aoZ35oX/guess-i-did-something-right-then-Guess I did something right then - 9GAG - Why So Serious?	 Guess I did something right then - 9GAG has the best funny pics, GIFs, videos, memes, cute, wtf, geeky, cosplay photos on the web. We are your best source of ...
right then	 	http://themotor.myfastforum.org/archive/right-then__o_t__t_7857.html-Right then!	 Apex clipper: Right then! Instead of us getting all hot and bothered under the coller. Your views into the Greatest hot hatch up until now. Must be based on a hot ...
right then	 	http://www.chordie.com/allsongs.php/songtitle/wrong+thing+right+then/songartist/Mighty+Mighty+Bosstones,+The/index.html?filterbox=show&filter=-Mighty Mighty Bosstones, The - wrong thing right then ...	 Different versions of the song wrong thing right then by Mighty Mighty Bosstones, The. Guitar chords and guitar tabs. Chordie is the largest collection of chords and ...
right then	 	http://www.citysearch.com/profile/33877288/frankfort_il/home_instead_senior_care.html-Home Instead Senior Care in Frankfort, IL - Menu, Reviews ...	 Last year after my father passed away, my mother started to decline in her daily functions. I wish I would have gotten help right then, but I thought I could handle ...
right then	 	http://www.cduniverse.com/productinfo.asp?pid=8894043-Luke Ritchie - Right Then And There (Live At Bush Hall ...	 Luke Ritchie - Right Then And There (Live At Bush Hall - As Featured On Fresh Meat) music MP3 album $0.99 at CD Universe, Track Listing Right Then And There;.
right then	 	http://quickshortstory.wordpress.com/tag/all-right-then/-Tag Archives: all right then - Short Stories | Delicious ...	 Posts about all right then written by Manisha ... She had first set eyes on him at the hardware store. In the fifteen minutes that followed, she’d made up her mind ...
right then	 	http://www.not606.com/showthread.php/208611-Right-then-Prime-Minister/page2-Right then Prime Minister - Page 2 - Not606	 Advanced Search; Forum; English Football; The Premier League; Liverpool; Right then Prime Minister
right then	 	http://www.slacker.com/song/coleman-hawkins/well-all-right-then-Well, All Right Then | Coleman Hawkins | Free Internet ...	 Hear Well, All Right Then and Coleman Hawkins's biggest hits and create personalized radio stations based on Slacker Radio and all of your favorite artists, songs ...
right then	 	http://twcc.slacker.com/song/mike-morgan/well-all-right-then-Well All Right Then- Mike Morgan - Free Internet Radio ...	 Listen to Well All Right Then by Mike Morgan on Slacker Radio. Hear Well All Right Then and Mike Morgan's biggest hits and create personalized radio ...
right then	 	http://anglerz.com/from-lani-smiled-inwardly-she-decided-right-then-and-there-that-would/10.html-Lani Smiled Inwardly She Decided Right Then And There That ...	 The Exotic Lani Smiled Inwardly She Decided Right Then And There That Would - From Lani Smiled Inwardly She Decided Right Then And There That Would #10 Anglerz.com
right then	 	http://www.poemhunter.com/poem/x19-what-is-right-then/-POEM: X19-WHAT IS RIGHT THEN? BY JESSEL JANE TEVAR	 x19-What is Right Then? - by Jessel Jane Tevar. -Jane Spencers- The leaves are greener, taller are the grass. Birds do often come and go as seasons never last. Would ...
right then	 	http://www.yelp.co.uk/biz/right-then-school-of-motoring-maidstone-Right Then School Of Motoring - Maidstone, Kent | Yelp	 Right Then School Of Motoring Maidstone reviews by real people. Yelp is a fun and easy way to find, recommend and talk about what's great and not so great in ...
right then	 	http://pjmedia.com/instapundit/well-thats-all-right-then%c2%a0-dean-chris-edley-now-of-berkeley-formerly-of-harvard-explains-why/-WELL, THAT'S ALL RIGHT THEN: Dean Chris Edley (now of ...	 WELL, THAT’S ALL RIGHT THEN: Dean Chris Edley (now of Berkeley, formerly of Harvard) explains why we shouldn’t worry our pretty little heads about a Harvard-Yale ...
right then	 	http://www.lyricsfreak.com/s/steve+wariner/right+then+right+there_20863212.html-Right Then Right There Lyrics - Steve Wariner	 Lyrics to Right Then Right There by Steve Wariner: A Folgers can full of night crawlers / Never knew there was a hole in the bottom / Til
right then	 	http://www.gamefaqs.com/xbox360/945075-tales-of-vesperia/answers/250355-right-then-so-are-there-any-differences-between-the-normal-Right then, so are there any differences between the ...	 For Tales of Vesperia on the Xbox 360, a GameFAQs Answers question titled "Right then, so are there any differences between the normal and special editions of the game?".
right then	 	http://www.funnyjunk.com/channel/tf2/Right+then/DefpGQr/-Right then - Funnyjunk - Funny Pictures, Funny Videos and ...	 Right then. . gaben ... **anonymous rolls 78** Day 103, still no dubs, ive been feeding off the scraps of other rolls reletivaley close to dubs, but my supply is ...
right then	 	https://www.fanfiction.net/s/4444469/1/Right-Then-Right Then, a Wizards of Waverly Place + Camp Rock ...	 Title: Right Then Pairing: Nalex (Nate/Alex) Summary: "When did you know you loved me?" "How do you know I love you?" Nate explains to Alex when he fell in love with her.
right then	 	http://www.facebook.com/permalink.php?id=178416312190425&v=wall&story_fbid=857366617628721-RIGHT THEN! for those going out tonight... - Darius ...	 RIGHT THEN! for those going out tonight - its Tribal Sessions time again! see you on the dance floor. for those not going out tonight tune into BBC Radio 1 at 10pm uk ...
right then	 	http://forum.wordreference.com/showthread.php?t=2228216-right then... vale ? - WordReference Forums	 Como se dice 'Right the' en Español? Es una frase usamos en Inglés pej. Right then, you call the guys I get the beer and the pizza and we have ourselves a little ...
right then	 	http://www.lyricsmode.com/lyrics/s/steve_wariner/right_then_right_there.html#!-Steve Wariner - Right Then Right There Lyrics	 Lyrics to Right Then Right There by Steve Wariner: A Folgers can full of night crawlers / Never knew there was a hole in the bottom / Til
right then	 	http://www.dearemmie.com/?p=128-twisted pony. » Dear Emmie	 Put a little more sass to that pony!-Twist your hair away from your face and back as if you would put it into a pony right then. ... twisted pony @Dear ...
right then	 	http://www.brainyquote.com/quotes/quotes/j/juliarober173774.html-If you love someone, you say it, right then, out loud ...	 "If you love someone, you say it, right then, out loud. Otherwise, the moment just passes you by." - Julia Roberts quotes from BrainyQuote.com
right then	 	http://www.news.nom.co/if-joe-stiglitz-is-right-then-14541682-news/-NEWS: IF JOE STIGLITZ IS RIGHT THEN ABOLISHING ZONING ...	 Related News about "If Joe Stiglitz Is Right Then Abolishing Zoning Would Reduce Inequality" news from other sites: (news similarity rate is shown on left.)
right then	 	http://www.lyricsmania.com/all_right_then_lyrics_wyclef_jean.html-Wyclef Jean - All Right Then Lyrics	 Lyrics to All Right Then [Intro] I've got ghetto dope in my veins, yellow gold on my chain I've got ghetto dope in my veins, yellow gold on my chain
right then	 	http://forum.wordreference.com/showthread.php?t=203372-right then and there - WordReference Forums	 Hola, ¿alguien conoce el significado de Right then and there. ? :confused:
right then	 	http://amazingmichelleman.tumblr.com/post/41957171541/right-then-i-have-questions-Right then, I have questions. - 2 cute 2 poot	 “ Right then, I have questions. ” ... You may have heard of me before, I am known simply as THE MICHELLE-MAN What?
right then	 	http://www.scoobynet.com/913685-right-then-6.html-Right Then.... - Page 6 - ScoobyNet	 Page 6- Right Then.... Wales. ScoobyNet.com; Subaru Forums. Subaru Tech Forums; Regional Subaru; Scoobynet General; Member Gallery; Was it You? Non-Subaru ...
right then	 	http://lifedailydevotional.com/2014/09/19/what-ifright-then/-What if…right then? | Life Daily Devotional	 What if… there was prayer concerning the items on the agenda …right then? If you are in an informal setting and you are chit-chatting or shooting the breeze.
right then	 	http://www.tripadvisor.com/LocationPhotoDirectLink-g190323-i95384980-Marsaxlokk_Island_of_Malta.html-So Right Then So Wrong - Picture of Marsaxlokk, Island of ...	 Marsaxlokk, Island of Malta Picture: So Right Then So Wrong - Check out TripAdvisor members' 1,517 candid photos and videos of Marsaxlokk
right then	 	http://www.searchquotes.com/quotation/If_you_love_someone,_you_say_it,_right_then,_out_loud._Otherwise,_the_moment_just_passes_you_by/176723/-If you love someone, you say it, right then, out loud ...	 If you love someone, you say it, right then, out loud. Otherwise, the moment just passes you by. - Julia Roberts
right then	 	http://www.songlyrics.com/luke-ritchie/right-then-and-there-lyrics/-LUKE RITCHIE - RIGHT THEN AND THERE LYRICS	 Slipped out of bed as my love slept so silently. On my way out, right then and there, I took a knife and cut my hair. As I got dressed, soon I felt
right then	 	http://www.efestivals.co.uk/forums/topic/153403-right-then/-Right then - Chat - Festival Forums - eFestivals.co.uk ...	 Page 1 of 2 - Right then - posted in Chat: Hey all...newcomer here. I've been to Leeds Festival 3 times now and whilst it's always a good time with mates, I'm getting ...
right then	 	https://ca.answers.yahoo.com/question/index?qid=20070209214302AAxYGZf-After u have sex for the first time do u bleed right then ...	 After u have sex for the first time do u bleed right then and there or what?
right then	 	http://www.tutorsglobe.com/question/right-then-and-there-the-father-sensed-555183.aspx-Right then and there the father sensed, Term Paper	 Right then and there the father sensed that Nature had more power than his intelligence." Discuss, including textual citations, how Boccaccio applies this principle ...
right then	 	http://taralahneff.theworldrace.org/?filename=and-right-then-daydreams-are-safe-part-2-And right then... (Daydreams are safe part 2)	 And right then… Well before I tell you what happened “right then” you should go back and read part 1 of this story if
right then	 	http://www.yelp.co.uk/biz/right-then-school-of-motoring-maidstone-Right Then School Of Motoring - Maidstone, Kent | Yelp	 Right Then School Of Motoring Maidstone reviews by real people. Yelp is a fun and easy way to find, recommend and talk about what's great and not so great in ...
right then	 	http://www.poemhunter.com/poem/x19-what-is-right-then/-POEM: X19-WHAT IS RIGHT THEN? BY JESSEL JANE TEVAR	 x19-What is Right Then? - by Jessel Jane Tevar. -Jane Spencers- The leaves are greener, taller are the grass. Birds do often come and go as seasons never last. Would ...
right then	 	http://www.slacker.com/song/coleman-hawkins/well-all-right-then-Well, All Right Then | Coleman Hawkins | Free Internet ...	 Hear Well, All Right Then and Coleman Hawkins's biggest hits and create personalized radio stations based on Slacker Radio and all of your favorite artists, songs ...
right then	 	http://anglerz.com/from-lani-smiled-inwardly-she-decided-right-then-and-there-that-would/10.html-Lani Smiled Inwardly She Decided Right Then And There That ...	 The Exotic Lani Smiled Inwardly She Decided Right Then And There That Would - From Lani Smiled Inwardly She Decided Right Then And There That Would #10 Anglerz.com
right then	 	http://twcc.slacker.com/song/mike-morgan/well-all-right-then-Well All Right Then- Mike Morgan - Free Internet Radio ...	 Listen to Well All Right Then by Mike Morgan on Slacker Radio. Hear Well All Right Then and Mike Morgan's biggest hits and create personalized radio ...
right then	 	http://pjmedia.com/instapundit/well-thats-all-right-then%c2%a0-dean-chris-edley-now-of-berkeley-formerly-of-harvard-explains-why/-WELL, THAT'S ALL RIGHT THEN: Dean Chris Edley (now of ...	 WELL, THAT’S ALL RIGHT THEN: Dean Chris Edley (now of Berkeley, formerly of Harvard) explains why we shouldn’t worry our pretty little heads about a Harvard-Yale ...
right then	 	http://www.dailymail.co.uk/news/article-2639233/It-looks-like-weve-won-great-victory-said-Farage-Right-wheres-bar.html-Nigel Farage said 'where's the bar?' after election ...	 'It looks like we've won a great victory,' said Farage. 'Right then, where's the bar?' UKIP tops the polls in large parts of the country, pushing Labour into 2nd
right then	 	http://www.firstcovers.com/userquotes/103088/but+right+then+and.html-But right then and there, Nothing mattered anymore ...	 But right then and there, Nothing mattered anymore. Nothing was wrong, Nothing hurt, And nobody mattered. It was you and me. And together, Were infinite.
right then	 	http://www.ozzfest.com/forum/index.php?topic=104037.0-If the Christians are ultimately right then....	 Author: Topic: If the Christians are ultimately right then.... (Read 1799 times)
right then	 	http://answers.microsoft.com/en-us/office/forum/office_2007-word/i-am-creating-a-table-using-mail-merge-how-do-you/fa2673ba-efea-4796-a326-8af90bda358a-I am creating a table using mail merge - how do you get ...	 I am creating a table using mail merge - how do you get the records to go down then across to the next column instead of to the column on the right then ...
right then	 	http://freespeechwisconsin.com/index.php?topic=3063.0-We were right then and we are right now	 Author: Topic: We were right then and we are right now (Read 359 times)
right then	 	http://conductbecoming.bandcamp.com/track/all-right-then-All Right Then | Conduct Becoming	 All Right Then by Joe Frigault, released 01 April 2008
right then	 	http://tabs.ultimate-guitar.com/m/mighty_mighty_bosstones/wrong_thing_right_then_btab.htm-Wrong Thing Right Then Bass Tab by Mighty Mighty Bosstones ...	 Wrong Thing Right Then bass tab by Mighty Mighty Bosstones with free online tab player, speed control and loop. Correct version. Added on October 31, 2001
right then	 	http://freakonomics.com/2012/09/06/love-behavioral-economics-want-to-work-for-the-british-government-all-right-then/-Love Behavioral Economics? Want to Work for the British ...	 Love Behavioral Economics? Want to Work for the British Government? All Right Then …
right then	 	http://chzoddlyspecific.wordpress.com/tag/right-then/-…right then | Oddly Specific – Funny Signs	 Posts about …right then written by Cheezburger Network and chwazymoto
right then	 	http://translation.babylon.com/english/to-spanish/right_then_and_there/-Right then and there - English to Spanish Translation	 Right then and there (English to Spanish translation). Translate Right then and there to English online and download now our free translation software to use at any time.
right then	 	http://welcomehomeblog.com/2011/12/31/u-s-navy-sailor-home-early-surprises-girlfriend-at-work-and-proposes/-U.S. Navy Sailor, Home Early, Surprises Girlfriend at Work ...	 “My boyfriend of almost 6 years surprised me by flying home from California to Florida, coming to my work, and proposing to me right then and there.
right then	 	http://urlm.co.uk/www.rightthen.co.uk-www.Rightthen.co.uk - Right Then Driving School	 Go to website. Rightthen is ranked 3,107,371 in the United Kingdom. 'Right Then Driving School - School's Background.'
right then	 	http://welcomehomeblog.com/2011/12/31/u-s-navy-sailor-home-early-surprises-girlfriend-at-work-and-proposes/-U.S. Navy Sailor, Home Early, Surprises Girlfriend at Work ...	 “My boyfriend of almost 6 years surprised me by flying home from California to Florida, coming to my work, and proposing to me right then and there.
right then	 	http://crosswordtracker.com/clue/all-right-then/-"All right then ..." - crossword puzzle clue	 Clue: "All right then ..." "All right then ..." is a crossword puzzle clue that we have spotted 1 time. There are related clues (shown below).
right then	 	http://www.answeromat.com/q/if-the-graph-of-a-line-rises-from-left-to-right-then-the-slope-of-the-line-must-be-If the graph of a line rises from left to right then the ...	 If the graph of a line rises from left to right then the slope of the line must be-? Find answers now! No. 1 Questions & Answers Place. More questions about Education ...
right then	 	http://artefactshop.com/blogs/news/6995002-right-then-let-s-make-magnetic-wipeable-things-Right then… Let’s Make Magnetic, Wipeable Things ...	 Right then… Let’s Make Magnetic, Wipeable Things People Want… #artefactcards by willsh http://instagr.am/p/Sz-dJnnViY/
right then	 	http://www.futilitycloset.com/2014/11/04/all-right-then-2/-All Right Then – Futility Closet	 All Right Then. W.H. Auden won first prize for mathematics at St. Edmund’s School in Hindhead, Surrey, when he was 13. He recalled being asked to learn the ...
right then	 	http://www.polyvore.com/you_love_someone_say_it/set?id=10927572-If you love someone you say it, you say it right then, out ...	 If you love someone you say it, you say it right then, out loud.
right then	 	http://stop-painting.stores.yahoo.net/w1-4rra22.html-Curve Right Then Left Ahead Sign	 Curve Right Then Left Ahead Sign - Reflective: .080 Aluminum Size: 30" x 30" Color: Black symbol on yellow field Corners: 1 1/2" radius Holes: Two 3/8" holes top and ...
right then	 	http://kingsleyramos.tumblr.com/post/3516458316/it-was-right-then-that-i-started-thinking-about-Life in photos, words and ideas., "It was right then that ...	 "It was right then that I started thinking about Thomas Jefferson on the Declaration of Independence and the part about our right to life, liberty, and the pursuit of ...
right then	 	http://www.mrexcel.com/forum/excel-questions/31704-changing-sort-left-right-then-top-bottom.html-Changing sort from left to right then top to bottom	 Changing sort from left to right then top to bottom. This is a discussion on Changing sort from left to right then top to bottom within the Excel Questions forums ...
right then	 	http://in-te-credo.livejournal.com/65644.html-in_te_credo: "All right then, I'll go to hell."	 "All right then, I'll go to hell." I just finished watching Ken Burns' film on the life of Mark Twain. He led such a fantastic life and one filled with a lot of pain ...
right then	 	http://www.iomoio.com/album/25640_themightymightybosstoneswrongthingrightthenfromthemotionpicturesoundtrackmeetthedeedlesmp3download.html-The Mighty Mighty BossToneS - Wrong Thing Right Then from ...	 Here you can buy and download music mp3 The Mighty Mighty BossToneS. You can buy Album Wrong Thing Right Then from the motion picture soundtrack Meet The Deedles ...
right then	 	http://in-te-credo.livejournal.com/65644.html-in_te_credo: "All right then, I'll go to hell."	 "All right then, I'll go to hell." I just finished watching Ken Burns' film on the life of Mark Twain. He led such a fantastic life and one filled with a lot of pain ...
right then	 	http://www.mrexcel.com/forum/excel-questions/31704-changing-sort-left-right-then-top-bottom.html-Changing sort from left to right then top to bottom	 Changing sort from left to right then top to bottom. This is a discussion on Changing sort from left to right then top to bottom within the Excel Questions forums ...
right then	 	http://www.iomoio.com/album/25640_themightymightybosstoneswrongthingrightthenfromthemotionpicturesoundtrackmeetthedeedlesmp3download.html-The Mighty Mighty BossToneS - Wrong Thing Right Then from ...	 Here you can buy and download music mp3 The Mighty Mighty BossToneS. You can buy Album Wrong Thing Right Then from the motion picture soundtrack Meet The Deedles ...
right then	 	http://tollroadsnews.com/news/ny-times-had-it-right-then-NY Times had it right then - Toll Roads News	 NY Times had it right then. Originally published in issue 52 of Tollroads Newsletter, which came out in Nov 2000. Page:13 Subjects:subway subsidies private
right then	 	http://forums.leagueunlimited.com/showthread.php?t=409622-Right Then.......Whats our Kiwi Team looking like - The ...	 Right Then.....Whats our Kiwi Team looking like New Zealand Warriors and NZRL
right then	 	http://s306.photobucket.com/user/tiffanymarie001/media/kiss-3.jpg.html-Sometimes You Kiss Someone & You Know Right Then And There ...	 sometimes you kiss someone &amp; you know right then and there that; that's the person you want to kiss for the rest of your life
right then	 	http://originaldialogue.blogspot.com/2009/11/right-then.html?view=flipcard-Original Dialogue: Right Then	 Original Dialogue: Right Then
right then	 	http://www.telegraph.co.uk/news/worldnews/southamerica/falklandislands/9181504/Simon-Weston-Falklands-War-was-right-then-and-still-feels-right-now.html-Video: Simon Weston: 'Falklands War was right then and ...	 Simon Weston: 'Falklands War was right then and still feels right now' The Falklands veteran and charity campaigner says the British response to the ...
right then	 	http://www.metacafe.com/watch/1540652/lil_josh_ernest_right_then_left_unofficial_video/-Lil Josh & Ernest – Right Then Left Unofficial Video - Video	 Check out the new song from Lil Josh & Ernest “Right then Left.” This is the follow up to their hit single “Jigga Juice.”. Watch Video about Lil ...
right then	 	http://www.irazoo.com/RecommendedSites/wrong-place,-right-then-_-mighty-mighty-bosstones-.aspx-wrong place, right then - mighty mighty bosstones	 wrong place, right then - mighty mighty bosstones websites: iRazoo users have recommended the following sites for ...
right then	 	http://www.bmorelos.com/2013/04/29/wyclef-jean-all-right-then-feat-los/-Wyclef Jean - All Right Then (Feat. Los) (April Showers ...	 Listen and download All Right Then by Wyclef Jean featuring King Los, off April Showers.
right then	 	http://sports.espn.go.com/espn/eticket/story?page=dantoni/090401-OTL: Gotham's Savior - ESPN - ESPN: The Worldwide Leader ...	 I knew right then D'Antoni was the kind of guy I'd want to have a beer with, and thought he just might be the last honest coach, just might be the perfect man to ...
right then	 	http://www.coveralia.com/letras/right-there,-right-then-willy-deville.php-Letra de Right There, Right Then - Willy Deville - Letra ...	 La letra de canción de Right There, Right Then de Willy Deville es una transcripción de la canción original realizada por colaboradores/usuarios de Coveralia.
right then	 	http://letras.kboing.com.br/the-heligoats/right-then-and-there/-Right Then and There - The Heligoats | Letras.Kboing	 The Heligoats - Right Then and There (música, letra e video). The plane touched down in front of me I was walking all over you after...
right then	 	http://stop-painting.com/w1-4rra22.html-Curve Right Then Left Ahead Sign - Stop Painting	 Curve Right Then Left Ahead Sign - Reflective: .080 Aluminum Size: 30" x 30" Color: Black symbol on yellow field Corners: 1 1/2" radius Holes: Two 3/8" holes top and ...
right then	 	http://www.bazman.plus.com/flashfiles.htm-All right then	 All right then, here are some FLASH files that I made up whilst under the influence of JOY and MERRIMENT.. these files open up FLASH projector ...
right then	 	http://rabujoi.tumblr.com/post/25715895775/all-right-then-RABUJOI - ALL RIGHT THEN…	 all right then… ... 死ぬにはあまりにも臆病♥
right then	 	http://stop-painting.com/w1-4rra22.html-Curve Right Then Left Ahead Sign - Stop Painting	 Curve Right Then Left Ahead Sign - Reflective: .080 Aluminum Size: 30" x 30" Color: Black symbol on yellow field Corners: 1 1/2" radius Holes: Two 3/8" holes top and ...
right then	 	http://www.bazman.plus.com/flashfiles.htm-All right then	 All right then, here are some FLASH files that I made up whilst under the influence of JOY and MERRIMENT.. these files open up FLASH projector ...
right then	 	http://themetapicture.com/it-sounds-about-right-then/-It sounds about right then... - The Meta Picture	 Funny pictures about It sounds about right then.... Oh, and cool pics about It sounds about right then.... Also, It sounds about right then... photos.
right then	 	http://dianamovies.com/video/score/1563231/Rub_Her_Right,_Then_Gives_Her/-Rub Her Right Then Gives Her from DianaMovies.com	 Mature galleries - Rub Her Right Then Gives Her, naked older woman,older moms big tits archive. Mature movies.
right then	 	http://36drivers.co.uk/directory/right-then-driving-school-2-Right Then Driving School, driving instructor in Maidstone	 Phone and address of Right Then Driving School, Maidstone (ME14 4PT). Directory of driving schools in Kent
right then	 	http://rabujoi.tumblr.com/post/25715895775/all-right-then-RABUJOI - ALL RIGHT THEN…	 all right then… ... 死ぬにはあまりにも臆病♥
right then	 	http://www.crosswordnexus.com/clue/all-right-then-"All right then ..." -- Crossword clue | Crossword Nexus	 ''All right then ...'' -- Find potential answers to this crossword clue at crosswordnexus.com
right then	 	http://www.tr-register.co.uk/forums/index.php?/topic/29065-right-then/-Right then - TR6 Forum - TR Register Forum	 Right then - posted in TR6 Forum: Hi all, did my best to find out why my tr kept conking out, checked all I could with all the advice you all kindly gave but had to ...
right then	 	http://www.twtd.co.uk/forum/317055/2608920/-Forum | Right then. Anyone got a Asus Transformer Book ...	 Right then. Anyone got a Asus Transformer Book T100TA Windows 8.1? on 15:33 - Sep 2 with 459 views: olimar: Id be surprised if any Laptop comes with a free version of ...
right then	 	http://www.crystalreportsbook.com/Forum/forum_posts.asp?TID=4019-Topic: Across then Down. From left to right then next row	 Author: Message: meigz Newbie Joined: 17 Aug 2008 Online Status: Offline Posts: 3 Topic: Across then Down. From left to right then next row
right then	 	http://disneyleadingladiesmerchandise.tumblr.com/post/22692927218/right-then-Disney Leading Ladies Merchandise, Right then,	 Right then, - I’m trying to get my Ariel collection together to post for Month of Ariel. Please submit your collections, drawings, cosplay, anything! It’s been ...
right then	 	http://www.godlikeproductions.com/forum1/message2410912/pg1-When you die, do you immediately get born again into a new ...	 Re: When you die, do you immediately get born again into a new life right then?
right then	 	http://www.yelp.com/topic/los-angeles-ladies-if-you-saw-your-man-cheating-on-you-would-you-confront-him-right-then-and-there-or-milk-it-and-make-him-paranoid-Ladies, If you saw your man cheating on you would you ...	 Ladies, If you saw your man cheating on you would you confront him right then and there or milk it and make him paranoid? in Other
right then	 	http://alyrics.ucoz.com/load/w/wyclef_jean_ft_king_los_all_right_then/23-1-0-29258-Wyclef Jean ft. King Los - All Right Then lyrics, letra	 Lyrics to Wyclef Jean ft. King Los - All Right Then, letra
right then	 	http://www.audiosparx.com/sa/archive/Talking/Talking-Male-English-American/Country-Boy-All-Right-Then/205826-Country Boy--All Right Then by Hollywood Post	 Country Boy--All Right Then, Talking Sound Effects, Talking Male English, American, sound effects wav mp3, sound effect wav files and wav noises
right then	 	http://www.audiomack.com/song/hiphopridazcom/wyclef-jean-all-right-then-feat-king-los-Wyclef Jean - Wyclef Jean-All Right Then Feat. King Los ...	 Listen to and Download Wyclef Jean-All Right Then Feat. King Los, the new song from Wyclef Jean. Wyclef Jean-All Right Then Feat. King Los,Wyclef Jean-All Right Then ...
right then	 	http://patchandnora.tumblr.com/post/965171879/nothingeverreallyends-nora-right-then-i-Hush Hush Books | nothingeverreallyends: Nora: Right then ...	 nothingeverreallyends: Nora: Right then, I wanted to go back in time and relive every moment with him. One more secret smile. One more shared laugh.
right then	 	http://www.alithealien-crochet.co.uk/2010/03/04/right-then/-Right then…. | AA Crochet	 Mar 4 2010. Right then…. I am going to make more of an effort with this blog (honest!) I have decided to focus it more on my crochet projects and failed attempts to ...
right then	 	http://www.otib.co.uk/index.php?/topic/140114-right-then-let-me-throw-a-new-name-into-the-ring/-Right Then, Let Me Throw A New Name Into The Ring ...	 Right Then, Let Me Throw A New Name Into The Ring - posted in Football Chat: http://www.thescotti...ty-slicker.html
right then	 	http://www.moddb.com/members/mattmandude/images/right-then-left-5-Right then Left 5 image - MattmanDude - Mod DB	 View the Mod DB MattmanDude image Right then Left 5
right then	 	http://www.otib.co.uk/index.php?/topic/140114-right-then-let-me-throw-a-new-name-into-the-ring/-Right Then, Let Me Throw A New Name Into The Ring ...	 Right Then, Let Me Throw A New Name Into The Ring - posted in Football Chat: http://www.thescotti...ty-slicker.html
right then	 	http://www.alithealien-crochet.co.uk/2010/03/04/right-then/-Right then…. | AA Crochet	 Mar 4 2010. Right then…. I am going to make more of an effort with this blog (honest!) I have decided to focus it more on my crochet projects and failed attempts to ...
right then	 	http://www.liveluvcreate.com/image/right_then_i_knew-582635.html-Right Then I Knew Picture by Nifybrowneyes - Inspiring Photo	 Right Then I Knew picture created by nifybrowneyes. Image tagged with: Girls, Love, Vintage, Advice, Couples, Cute, Beautiful, Inspirational, Life, born and was added ...
right then	 	http://www.audiomack.com/song/hiphopridazcom/wyclef-jean-all-right-then-feat-king-los-Wyclef Jean - Wyclef Jean-All Right Then Feat. King Los ...	 Listen to and Download Wyclef Jean-All Right Then Feat. King Los, the new song from Wyclef Jean. Wyclef Jean-All Right Then Feat. King Los,Wyclef Jean-All Right Then ...
right then	 	http://www.moddb.com/members/mattmandude/images/right-then-left-5-Right then Left 5 image - MattmanDude - Mod DB	 View the Mod DB MattmanDude image Right then Left 5
right then	 	http://patchandnora.tumblr.com/post/965171879/nothingeverreallyends-nora-right-then-i-Hush Hush Books | nothingeverreallyends: Nora: Right then ...	 nothingeverreallyends: Nora: Right then, I wanted to go back in time and relive every moment with him. One more secret smile. One more shared laugh.
right then	 	http://bdlyle.tumblr.com/post/19076636603/but-i-don-oh-yes-well-all-right-then-Poking things with a stick. - But I don— oh. Yes, well ...	 But I don— oh. Yes, well, all right then. ... Texas man who likes Star Trek, Batman, Doctor Who, Star Wars, and 50s schlock.
right then	 	http://gilesphelps.tumblr.com/post/102051227/rt-gilesphelps-right-then-who-wants-a-dropular-.giles phelps - RT @gilesphelps: right then who wants a # ...	 RT @gilesphelps: right then who wants a #dropular > invite then? i’ve got 2 left….. #RT to win one!
right then	 	http://www.guitaretab.com/m/mighty-mighty-bosstones/12006.html-Mighty Mighty Bosstones - ( Wrong Thing Right Then tab )	 Wrong Thing Right Then tab by Mighty Mighty Bosstones at GuitareTab.com
right then	 	http://www.moddb.com/members/mattmandude/images/right-then-left-6-Right then Left 6 image - MattmanDude - Mod DB	 View the Mod DB MattmanDude image Right then Left 6
right then	 	http://www.streetdirectory.com/travel_guide/145333/banking/how_to_get_a_bank_loan.html-How To Get A Bank Loan - SG & Singapore Map! Powered by ...	 When someone is looking for a bank loan, it means that there is something that they want to buy but are not able to buy it right then. This can be something that is ...
right then	 	http://notesfromafruitstore.net/2010/09/10/on-not-meeting-edward-said-who-was-right-then-and-is-right-now/-on not meeting edward said, who was right then and is ...	 2 Responses to “on not meeting edward said, who was right then and is right now” barktlysf Says: December 3, 2010 at 9:34 pm | Reply. Thanks for this post. -barktlysf
right then	 	http://talesoftedandagnes.blogspot.com/2014/05/right-thented-agnes-is-going-live.html-tales of ted and agnes: RIGHT THEN....TED & AGNES IS GOING ...	 friday, 16 may 2014. right then....ted & agnes is going live
right then	 	http://www.mrexcel.com/archive/VBA/264.html-Excel vba to move right then shift end down	 Excel tips and Excel help from the MrExcel Message Board regarding vba to move right then shift end down
right then	 	http://hotbuttereddeath.blogspot.com/2003/03/right-then.html-Hot Buttered Death	 Sunday, March 30, 2003 . Right then. We have black background, white text, plus two slightly different reds for links, dates and section dividers.
right then	 	http://www.citysearch.com/profile/33877288/joliet_il/home_instead_senior_care.html-Home Instead Senior Care in Joliet, IL - Menu, Reviews ...	 Last year after my father passed away, my mother started to decline in her daily functions. I wish I would have gotten help right then, but I thought I could handle ...
right then	 	http://www.desura.com/members/mattmandude/images/right-then-left-11-Right then Left 1 image - MattmanDude | Desura	 View the Desura MattmanDude image Right then Left 1
right then	 	http://www.citysearch.com/profile/33877288/joliet_il/home_instead_senior_care.html-Home Instead Senior Care in Joliet, IL - Menu, Reviews ...	 Last year after my father passed away, my mother started to decline in her daily functions. I wish I would have gotten help right then, but I thought I could handle ...
right then	 	http://9gag.com/gag/6108525/i-amost-bought-him-a-beer-right-then-I amost bought him a beer right then. - 9GAG	 I amost bought him a beer right then. - 9GAG has the best funny pics, GIFs, videos, memes, cute, wtf, geeky, cosplay photos on the web. We are your best source of ...
right then	 	http://www.rockol.it/testo-3723055/willy-deville-right-there-right-then-√ Right There, Right Then di Willy DeVille - Rockol	 DeVille Right there, right then, I could have cried Right there, right then, I surely could have died Right there, right then, oh how I cried Yes, I cried and I cried ...
right then	 	http://anglerz.com/lani-smiled-inwardly-she-decided-right-then-and-there-that-would/4.html-Lani Smiled Inwardly She Decided Right Then And There That ...	 The Exotic Lani Smiled Inwardly She Decided Right Then And There That Would - Lani Smiled Inwardly She Decided Right Then And There That Would #4 Anglerz.com
right then	 	http://www.fixya.com/motorcycles/t2632948-right-Right then..... - Fixya	 Right then..... I have a 1995 CBR600 F3 and when I bought it the starter sounded a bit loud but worked fine. I got it home and the next day it started fine.
right then	 	http://www.tattooant.com/Neville-Longbottom%7C3A-Right-then-tattoo/-Tattoo of Neville Longbottom: Right then - WordsinPictures	 Neville Longbottom: Right then Tattoo Welcome to our individual Neville Longbottom: Right then Tattoo page. Customize Download View
right then	 	http://lyricskeeper.it/it/steve-wariner/right-then-right-there.html-Testo canzone di Steve Wariner: Right Then Right There	 Testo canzone Right Then Right There — Steve Wariner: A Folgers can full of night crawlers, Never knew there was a hole in the bottom, Til we reached the edge of ...
right then	 	http://athosandshirts.tumblr.com/post/80638605300/junhinotori-athosandshirts-right-then-Athos / Tom Burke Fans — junhinotori: athosandshirts ...	 junhinotori: “athosandshirts: “Right then #Burketeers here is a taster of captions from ‘Knight takes Queen’ - #musketeers episode. I took 522 the rest are...
right then	 	http://www.carpy.co.uk/showthread.php?3409-Right-then-you-piss-taking-cunts-Right then you piss taking cunts	 Forum; Non-Fishing Forum; The Social; Right then you piss taking cunts
right then	 	http://gibbsayyy-crohnsstory.blogspot.com/2011/04/right-then.html-Me, Myself and Crohns Disease: Right then,	 Right then, as I want to start showing people this blog, I think its a good idea that I show you exactly what I look like now, and what surgery has left me with..
right then	 	http://lauriescully.tumblr.com/post/158485041/right-then-no-sidetracking-today-nuts-bolts-Laurie Scully at Tumblr, Right then, NO sidetracking today ...	 Right then, NO sidetracking today…. Nuts & Bolts Only!! :)
right then	 	http://artists.letssingit.com/the-mighty-mighty-bosstones-lyrics-wrong-thing-right-then-fd2935n-The Mighty Mighty Bosstones - Wrong Thing Right Then Lyrics	 The Mighty Mighty Bosstones lyrics - Wrong Thing Right Then: as long as i live, i sure said the wrong thing - right then i said the wrong thing, i sure said the wrong ...
right then	 	http://www.angolotesti.it/G/testi_canzoni_golliwog_50432/testo_canzone_and_right_then_is_when_my_philosophy_became_straight_876754.html-And Right Then Is When My Philosophy Became Straight Testo ...	 And Right Then Is When My Philosophy Became Straight testo canzone cantato da Golliwog: Music industry infected rebel wannabes polluted my my spirit! my spirit! I can ...
right then	 	http://www.stlyrics.com/songs/m/mightymightybosstonesthe9266/wrongthingrightthen311028.html-Mighty Mighty Bosstones — Wrong Thing Right Then Lyrics ...	 Wrong Thing Right Then lyrics by Mighty Mighty Bosstones from album Other Songs. So here's what happend this time I'm sure that it's the last time I'm over going ...
right then	 	http://www.angolotesti.it/W/testi_canzoni_wyclef_jean_1443/testo_canzone_all_right_then_1758749.html-All Right Then Testo Wyclef Jean - Angolo Testi - Testi ...	 All Right Then Testo Canzone, Questo testo di All Right Then è cantato da Wyclef Jean
right then	 	http://www.tattooant.com/All-right-then-tattoo/-Tattoo of All right then - Short Tattoo Quotes and Sayings	 Free All right then Tattoo. All right then Tattoo Welcome to our individual All right then Tattoo page.
right then	 	http://www.angolotesti.it/W/testi_canzoni_wyclef_jean_1443/testo_canzone_all_right_then_1758749.html-All Right Then Testo Wyclef Jean - Angolo Testi - Testi ...	 All Right Then Testo Canzone, Questo testo di All Right Then è cantato da Wyclef Jean
right then	 	http://whatsernamejingle.tumblr.com/post/80099216745/right-then-siri-Let's make a mess, Lioness. - Right then Siri 😳	 Right then Siri 😳 ... Jessica Nicole Ingle. Manchester, UK. 3 Austin, TX. USA. 3. Art, Music, YouTube, Modelling 3
right then	 	http://www.verygoodplus.co.uk/showthread.php/16055-Right-then-deep-breath?p=196761-Right then, deep breath... - Very Good Plus	 Advanced Search; Forum; Let's Share; Charts & Reviews; Right then, deep breath...
right then	 	http://www.kewego.com/video/iLyROoafYXja.html-video Lil Josh Ernest – Right Then Left - video, rap ...	 video Lil Josh Ernest – Right Then Left - Check out the new song from Lil Josh Ernest “Right then Left.” This is the follow up to their hit single “Jigga ...
right then	 	http://music.famousfix.com/tpx_37903669/well-all-right-then-remastered/-Jimmie Lunceford - Well, All Right Then (Remastered) Song ...	 Lyrics for the song Well, All Right Then (Remastered) by Jimmie Lunceford. Well, All Right Then (Remastered) music video.
right then	 	https://betheheartbeat.wordpress.com/-Be the Heartbeat	 ... we were praying for her situation right then and there. 5. Co-workers have requested prayer and we are joining together in a common focus for our prayers. ...
right then	 	http://drtodr.org/asking-questions-84/-Asking Questions » Dr to Dr. Org	 If you never get things right then you will never get to your success because you will keep on making mistakes.
right then	 	https://en-gb.facebook.com/pages/George-Dickel/109449205747161-George Dickel - Organisation | Facebook	 It's really sad how one day I'll seem to have everything going right then the next day I'll lose everything so fast. that's why you are the one who taking myself very ...
right then	 	https://www.scribd.com/doc/252379096/debat-debat	 speak right then. Second, when someone speaks, he/she can not edit and revise what he/she wishes to say, as he/she can if he/she is writing. English ...
right then	 	https://betheheartbeat.wordpress.com/-Be the Heartbeat	 ... we were praying for her situation right then and there. 5. Co-workers have requested prayer and we are joining together in a common focus for our prayers. ...
right then	 	http://drtodr.org/asking-questions-84/-Asking Questions » Dr to Dr. Org	 If you never get things right then you will never get to your success because you will keep on making mistakes.
right then	 	https://en-gb.facebook.com/pages/George-Dickel/109449205747161-George Dickel - Organisation | Facebook	 It's really sad how one day I'll seem to have everything going right then the next day I'll lose everything so fast. that's why you are the one who taking myself very ...
right then	 	https://www.scribd.com/doc/252379096/debat-debat	 speak right then. Second, when someone speaks, he/she can not edit and revise what he/she wishes to say, as he/she can if he/she is writing. English ...
right then	 	http://www.nomorelyrics.net/wyclef_jean-lyrics/503099-all_right_then-lyrics.html-All Right Then lyrics - Wyclef Jean	 All Right Then lyrics - Wyclef Jean, All Right Then ringtones, search for Wyclef Jean lyrics, album: April Showers (2013) @NoMoreLyrics.net
right then	 	https://betheheartbeat.wordpress.com/-Be the Heartbeat	 ... we were praying for her situation right then and there. 5. Co-workers have requested prayer and we are joining together in a common focus for our prayers. ...
right then	 	http://drtodr.org/asking-questions-84/-Asking Questions » Dr to Dr. Org	 If you never get things right then you will never get to your success because you will keep on making mistakes.
right then	 	https://en-gb.facebook.com/pages/George-Dickel/109449205747161-George Dickel - Organisation | Facebook	 It's really sad how one day I'll seem to have everything going right then the next day I'll lose everything so fast. that's why you are the one who taking myself very ...
right then	 	https://www.scribd.com/doc/252379096/debat-debat	 speak right then. Second, when someone speaks, he/she can not edit and revise what he/she wishes to say, as he/she can if he/she is writing. English ...
right then	 	http://www.nomorelyrics.net/wyclef_jean-lyrics/503099-all_right_then-lyrics.html-All Right Then lyrics - Wyclef Jean	 All Right Then lyrics - Wyclef Jean, All Right Then ringtones, search for Wyclef Jean lyrics, album: April Showers (2013) @NoMoreLyrics.net
