sat	 	http://sat.collegeboard.org/register-SAT Registration - Register Online for the SAT - The ...	 Register for the SAT online today. Most students take the SAT during the spring of their junior year and a second time during the fall of their senior year.
sat	 	http://sat.collegeboard.org/home-SAT College Admission Exam – Register, Practice, Get ...	 Accepted by more than 2,000 colleges and universities, the SAT helps demonstrate what you’ve learned in school and your readiness for college-level work.
sat	 	http://en.wikipedia.org/wiki/SAT-SAT - Wikipedia, the free encyclopedia	 The SAT is a standardized test widely used for college admissions in the United States. It was first introduced in 1926, and its name and scoring have changed several ...
sat	 	https://www.collegeboard.org/delivering-opportunity/sat-Delivering Opportunity: Redesigning the SAT is Just One ...	 Change for a Reason: The Redesigned SAT Coming in spring 2016
sat	 	http://professionals.collegeboard.com/testing/sat-reasoning/scores/averages-Average SAT Scores - SAT Reasoning Test	 Average scores are calculated annually based on the most recent SAT scores of all students of a particular graduating class.
sat	 	http://www.sat.com/-Home | SAT Corporation	 SAT is a worldwide supplier of Monics and SigMon, our automated signal monitoring systems for satellite and terrestrial applications.
sat	 	http://collegeapps.about.com/od/sat/f/goodsatscore.htm-What's a Good SAT Score for College Admissions?	 Learn what's considered a good SAT score for college admissions, and learn what scores you'll need to be admitted to a selective college.
sat	 	http://www.sat.gob.mx/-SAT	 Tipo de cambio Enero 15. Hoy el tipo de cambio es:14.5644 ; Comunicado de prensa Enero 14. Participa el SAT en encuentro con contadores públicos del país
sat	 	http://www.kaptest.com/sat-Kaplan SAT Prep | Kaplan Test Prep - Welcome to Kaplan ...	 See why Kaplan SAT prep is the best choice for SAT test preparation with both live and online prep classes, quality study materials, and practice tests.
sat	 	http://www.4tests.com/sat-4Tests.com - Free, Practice SAT (new version) Exam	 4Tests.com - Your one stop practice test site for a Free, Practice SAT (new version) Exam
sat	 	http://www.shmoop.com/sat/test-prep.html-Online SAT Test Prep, Preparation for SAT	 Online SAT Prep Course. Online SAT test preparation with practice exams, drills, and deep reviews.
sat	 	http://majortests.com/sat/-SAT Prep : Practice tests and information for students ...	 Prepare for the SAT. Over 50 free SAT practice tests and information to help your boost your SAT score.
sat	 	http://www.act.org/solutions/college-career-readiness/compare-act-sat/-Compare ACT and SAT Scores | ACT	 The ACT and SAT are different tests that measure similar but distinct constructs. The ACT measures achievement related to high school curricula, while the SAT ...
sat	 	http://www.collegeboard.com/testing/-College Board Tests	 The Official SAT Question of the Day™ Want to tease your brain with a real SAT question? There is a new one every day, complete with a detailed explanation and hint.
sat	 	http://www.khanacademy.org/test-prep/sat-SAT | Khan Academy	 If you’re taking the SAT soon, you can start preparing today with questions from real SATs. After all, we believe all students who want to go to college should be ...
sat	 	http://freesattest.net/-Free SAT test	 Free SAT test- We provide, completely free, SAT practice tests on math and verbal, with detailed explanations. No registration required.
sat	 	http://collegeapps.about.com/od/sat/-SAT Exam - Learn About College Admissions and the SAT Exam	 SAT Exams: information on the role of SAT exams in the college admissions process. Learn about the exam and the scores you need to get into your top choice colleges.
sat	 	http://www.act-sat-prep.com/-SAT - ACT - prep.com	 The SAT and ACT are designed to provide college admissions officers with two things: a predictor of first-year academic achievement in college, and a common yardstick ...
sat	 	http://testprep.about.com/od/sat/-SAT - SAT Test Tips - SAT Scores	 Worried about the SAT? Here's the help you need to score big - SAT sample questions, solutions, quizzes, lessons, and most importantly, SAT score info.
sat	 	http://research.collegeboard.org/content/sat-data-tables-SAT Data Tables | Research and Development	 Interpreting SAT and SAT Subject Test scoresSAT Program data provide important information about test characteristics, prediction, validity and reliability.
sat	 	https://satresourcecenter.collegeboard.org/-SAT Resource Center for Educators - SAT & SAT Subject Test ...	 SAT + Subject Test Basics. The SAT, with unparalleled college planning tools, enables students to successfully and confidently prepare, connect and thrive in college ...
sat	 	http://satdelhi.com/-SAT Delhi | SAT Exam Preparation Coaching | SAT Test Prep ...	 Wisdom Mart offers SAT preparation classes served by highly educated faculty. We offer you study abroad and study master degree in countries like Canada, UK and US ...
sat	 	http://satassociation.org/-SAT Association	 Recent Group Photo - see the scrapbook for more - 2014 SAT conference, Wien, Österreich: Purpose : The aim of the Association is to promote science and research, in ...
sat	 	http://research.collegeboard.org/programs/sat/data-The College Board , SAT Data and Reports	 SAT Program participation and performance statisticsSAT scores can make a significant contribution to admissions decisions when colleges, universities, and systems of ...
sat	 	http://www.satscores.us/-SATSCORES	 Above is a table of the middle 50th percentile of SAT scores for enrolled students. The means that 50% of all enrolled students received SAT scores within the ...
sat	 	http://www.sparknotes.com/testprep/newsat/-SparkNotes Test Prep: SAT Information Center	 The SAT Book. The big book of EVERYTHING SAT. No need to buy a bunch of guide books—you've got comprehensive info about every section of the test right at your ...
sat	 	http://www.testprepreview.com/sat_practice.htm-SAT Practice Test Questions - Prepare for the SAT Test	 Get started studying with our free SAT practice test questions. These questions will help you increase your SAT test score.
sat	 	http://www.sat-preparation.co.il/-SAT preparation - PrepMe Vocabulary Quiz	 Play on Facebook What is the PrepMe Vocabulary Quiz? The PrepMe Vocabulary Quiz is a fun and easy Facebook game that helps you build your SAT vocabulary skills and ...
sat	 	http://www.studyguidezone.com/sattest.htm-SAT Study Guide | Free SAT Practice Test	 Get prepared today with SAT practice test questions. A free SAT study guide with study tips and sample questions.
sat	 	http://www.satexamprep.com/-Free SAT Test Preparation & Study Guide, Online SAT Math ...	 We offer a completely free online SAT study guide, with Math, critical reading & writing practice tests, all designed to help you gain the confidence you need to ...
sat	 	http://www.veritasprep.com/sat/-SAT Prep Course | SAT Preparation Class | Veritas Prep	 We are so confident that Veritas Prep SAT 2400 is the best SAT prep course available that we back it up with the finest score guarantee in the industry.
sat	 	http://barronstestprep.com/sat/-SAT Prep and Prep Courses | Barron's SAT Test Prep	 Barron's online SAT prep is a course that gives you everything you need to get a top notch SAT score. From targeted practice, test taking strategies, to full length ...
sat	 	http://sat.magoosh.com/-Magoosh SAT - Online SAT Prep and Practice Questions with ...	 Magoosh offers comprehensive online SAT practice questions and SAT prep with hundreds of videos
sat	 	http://satbenchmark.collegeboard.org/-SAT College and Career Readiness Benchmark	 The SAT Benchmark offers states a valuable tool for measuring the college and career readiness of groups of students. Based on rigorous research, the SAT Benchmark ...
sat	 	http://www.naranjo-sat.com/-Claudio Naranjo - SAT	 September 24 th to 29 th SAT IV: „Presence and Transformation“ Conducted by Claudio Naranjo „Special guests“: Dunya McPherson, specialist in sufi dance
sat	 	http://dictionary.reference.com/browse/sat-Sat | Define Sat at Dictionary.com	 He sat there, and people were coming up to him, petting him and taking pictures. From shortly after breakfast until almost dinner, they sat around tables, drinking wine.
sat	 	http://huntingtonhelps.com/program/sat/-SAT Test Prep | Huntington Learning Center	 SAT test prep is easy with Huntington Learning Center. Our SAT prep courses and SAT tutoring are designed to help your student achieve.
sat	 	http://www.number2.com/-Number 2 - Number2.com :: Free Online Test Prep	 Free, personalized online SAT study course that can be customized to your individual needs.
sat	 	http://satprep.org/-SAT Prep! | Affordable Seattle Area SAT Test Preparation ...	 Welcome to SAT Prep! We help students succeed on the SAT. Seattle Schools Students: Get ready for the February 25th SAT exam with our Special Prep Course and Practice ...
sat	 	http://testprep.about.com/od/sat/a/Basic_SAT_Info.htm-SAT Test 101 - About	 You can register online and via mail, but certainly, there is a process! Here is some more information about SAT fees, how to register, SAT test dates, and more!
sat	 	http://www.collegeboard.com/sat-achieve-more/-Register for the SAT - The College Board - College ...	 Learn more about the tests. Why the SAT? Why the SAT Subject Tests? Or dive into the details
sat	 	http://www.vocabtest.com/-Vocabulary Tests and Games on VocabTest.com - Free ...	 Vocabulary word test and practice for the SAT, ACT and more! Free Vocabulary tests and free vocabulary games for teachers and students.
sat	 	http://www.testmagic.com/sat-prep/-SAT Prep Classes - TestMagic - TestMagic Test Preparation ...	 San Francisco SAT test prep courses with expert teachers and proven results.
sat	 	http://admissions.tc.umn.edu/admissioninfo/fresh_writing.html-ACT and SAT Test Requirements - University of Minnesota	 ACT and SAT information for freshman admission. A complete application to the University of Minnesota Twin Cities requires either (a) the ACT Assessment plus the ACT ...
sat	 	http://freetestprep.com/-FreeTestPrep - Free ACT, SAT, & GED Preparation, Testing ...	 We Provide. The most intuitive and comprehensive ACT, SAT & GED test preparation and college admissions system available, built with student input and your needs in mind.
sat	 	http://www.test-guide.com/SAT-Test/-SAT Test - Test-Guide.com	 SAT TEST OVERVIEW. The SAT exam is an admissions test used by many colleges and universities to assess a potential student's academic strengths and readiness for college.
sat	 	http://store.rea.com/tstprep-college-sat.html-SAT® & PSAT/NMSQT® - REA	 AP®, Advanced Placement®, Advanced Placement Program®, ACCUPLACER®, CLEP®, College-Level Examination Program®, SAT®, and SAT Subject Tests™ are trademarks ...
sat	 	http://papers.xtremepapers.com/SAT/-SAT/ Papers - XtremePapers | Advancing knowledge is in our DNA	 Download past papers and marking schemes for revising, learning and teaching for GCSE, A level and other qualifications from CIE, OCR, Edexcel, IB, AQA, SAT, TOEFL ...
sat	 	http://www.icon-plus.com/test-preparation/sat-preparation-SAT Singapore | SAT Preparation Courses | ICON+	 Singapore's pioneer SAT test prep specialist, ICON+ combines expert instruction with cutting edge e-learning. Check out our unique 200-point improvement guarantee!
sat	 	http://sat.learnhub.com/-SAT 2013 - SAT Exam, SAT Registration, Test Dates & Score ...	 The SAT Reasoning Test is a standardized test for college admissions in the United States. The test has three 800-point sections: math, critical reading, and writing.
sat	 	http://www.ivyglobal.com/sat/test_schedule.asp-SAT Test Dates - Ivy Global	 When should I take the SAT? Our recommended timeline for taking the SAT is below. We recommend taking the SATs and Subject Test 2-3 times each to have an opportunity ...
sat	 	http://fileinfo.com/extension/sat-SAT File Extension - Open .SAT Files - FileInfo.com - The ...	 An SAT file is an ACIS SAT 3D Model File, developed by Spatial. Learn what Mac, Windows, Linux, Android, and iOS programs can open .SAT files.
sat	 	http://sat.jumbotests.com/-SAT Practice Tests & Papers for Math, Critical Reading ...	 Collection of SAT practice tests for math (algebra, functions, geometry, statistics, probability, data analysis, operations), critical reading, and writing (grammar ...
sat	 	http://satcompetition.org/-SAT Competitions	 SAT 2004 competition: Organizing committee: Daniel Le Berre and Laurent Simon: Judges: Fahiem Bacchus, Hans Kleine Buning and Joao Marques Silva: Reference
sat	 	http://freevocabulary.com/-5000 FREE SAT Test Prep Words - 5000 Vocabulary Words FREE	 5000 vocabulary words for SAT preparation that can be viewed on-line or downloaded for free. MP3 audio version also free.
sat	 	http://www.testmasters.net/SatAbout-SAT Description - TestMasters Official Website - LSAT ...	 The SAT is a standardized test that colleges use to evaluate applicants. Over two million students take the SAT every year and it is used by nearly every college ...
sat	 	http://www.wikihow.com/Score-High-on-the-SAT-or-PSAT-How to Score High on the SAT or PSAT: 7 Steps (with Pictures)	 Edit Article How to Score High on the SAT or PSAT. The SAT is an exam intended to measure your academic readiness for college. As a result, you will find that ...
sat	 	http://www.syvum.com/sat/-SAT Test Preparation Practice Exercises for New SAT Math ...	 FREE online interactive SAT prep material covering math, writing and critical reading sections for New SAT I.
sat	 	http://www.sylvanlearning.com/college-prep/sat-prep-SAT Prep and SAT Test Prep Programs | Sylvan Learning	 SAT Prep and Courses. With over one million students taking the SAT test each year and ever-increasing competition to get into the best universities, the stakes are ...
sat	 	http://www.thefreedictionary.com/SAT-SAT - definition of SAT by The Free Dictionary	 SAT (ĕs′ā-tē′) A trademark for a set of standardized college entrance examinations. sat (săt) v. Past tense and past participle of sit. SAT
sat	 	http://www.eduers.com/sat/score.htm-SAT Scores: Average SAT Scores for Colleges	 Information on taking SAT exam, includes SAT registration, test dates, and where to find free SAT sample tests.
sat	 	http://www.graduateshotline.com/sat/-SAT Prep & Practice Tests - Graduateshotline : Study ...	 Home >> Tests & Exam >> SAT Prep & Practice Tests. The SAT is a globally recognized college admission test that lets you show colleges what you know and how well you ...
sat	 	http://www.restaurantsatbains.com/-Restaurant Sat Bains - Restaurant with rooms - Two ...	 Restaurant Sat Bains wth rooms. A Two Star Michelin restaurant serving modern British cusine with eight bedrooms, located just minutes from the Nottingham's city centre.
sat	 	http://www.fau.edu/testing/SAT.php-FAU - SAT - Florida Atlantic University	 The SAT and SAT Subject Tests are a suite of tools designed to assess your academic readiness for college. These exams provide a path to opportunities ...
sat	 	http://www.sat-group.it/-SAT - Sicilian Airbus Travel	 The SAT FINY - Sicilian Airbus Travel has several companies operating within the Group, all offering a specialized support towards the incoming flow to Sicily.
sat	 	http://www.petersons.com/college-search/sat-practice-test.aspx-SAT Practice Test - College Information - Peterson's - The ...	 An SAT practice test can help you improve your SAT scores. SAT prep will help you recognize strengths and weakness and learn where to focus your study time.
sat	 	http://www.eprep.com/courses/sat-ePrep SAT Test Prep Course - Premium Expert Review	 ePrep.com is the leading online test prep company. ePrep's SAT course is like having a private tutor, at a fraction of the cost. Compare our courses below.
sat	 	http://sat.tyrannosaurusprep.com/-SAT Vocab Practice Quiz Game	 Tyrannosaurus Prep is a web game that quizzes you over SAT vocab and GRE vocab words.
sat	 	http://act-sat-prep-software-review.toptenreviews.com/-ACT/SAT Prep Software Review 2015 | Best ACT/Sat Test ...	 Which is the best best sat prep software for you? Find out here. Take a few seconds and easily compare several top rated programs.
sat	 	http://www.pbs.org/wgbh/pages/frontline/shows/sats/-Secrets Of The Sat | FRONTLINE | PBS	 Secrets of the SAT. How fair are standardized tests? What do they measure? And what's their impact on racial diversity on America's college campuses?
sat	 	http://www.khanacademy.org/sat-College Board SAT Partnership | Khan Academy	 Khan Academy is partnering with the College Board, creators of the SAT, to develop free, world-class test prep for the redesigned SAT.
sat	 	http://file.org/extension/sat-SAT File - What is it and how do I open it?	 What is a SAT file? Every day thousands of users submit information to us about which programs they use to open specific types of files. While we do not yet have a ...
sat	 	http://www.erikthered.com/tutor/sat-act-calendar.html-SAT and ACT Test Dates for 2014-2015 - erikthered.com	 The schedule of test dates and registration deadlines for the 2014-2015 SAT & ACT Tests. Test dates through December, 2015.
sat	 	http://www.examfocus.com/sat/-SAT - Exam Focus	 SAT. If you want to pursue a college career successfully, then the first step that you should take towards it is scoring well in your SAT. SAT is a common ...
sat	 	http://magoosh.com/sat/2013/average-sat-scores/-Average SAT Scores | Magoosh SAT Blog	 Want to know what the average SAT scores are so you know just how you stack up against your peers? Find out what they are and what they mean
sat	 	http://www.satlacrosse.com/wp/-Southern Alliance Tournament: May 30-31, Peachtree City, GA	 2015 SAT: June 6 – 7 . ABOUT SAT. In 2014 60 High School Girls Teams and 32 Middle School/Youth Girls Teams competed in the SAT! 92 GIRLS Teams will compete in 2015 ...
sat	 	http://barronstestprep.com/-Exam and Test Preparation for the GRE, GMAT, SAT, ACT and ...	 Barrons Test Prep offers the top Test and Exam preparation for the GRE, GMAT, SAT, ACT and the PSAT available today.
sat	 	http://www.studypoint.com/ed/average-sat-scores/-Average SAT Scores: National & State Averages	 Find national and state average SAT scores. Access information about the SAT test format, scoring, and score reports.
sat	 	http://www.ivyglobal.com/sat/courses.asp-SAT Classes - Ivy Global	 Our SAT Classes are taught by 99th percentile SAT instructors who are not only experts of the SAT, but have the ability to simplify the concepts and motivate students ...
sat	 	http://satonlinecourse.collegeboard.org/-The Official SAT Online Course	 Get ready for the SAT ® with the only online course from the test maker.
sat	 	http://www.freesatmath.com/-Free SAT Math Practice Problems	 SAT Math prep using free SAT math problems with solutions. We walk you through each SAT math practice problem to help you ace the SAT math exam!
sat	 	http://www.admissionsconsultants.com/college/sat.asp-SAT , ACT, and SAT Subject Test Preparation Tips and Advice	 Test prep tips and advice for achieving high SAT, ACT and SAT Subject Test scores and gaining admission to your top colleges
sat	 	http://www.examenglish.com/SAT/index.html-SAT Reasoning Test - about the exam - Exam English - Free ...	 SAT (College Board) - free practice test ... Free Practice Tests for learners of English
sat	 	http://acronyms.thefreedictionary.com/Sat-SAT - What does SAT stand for? - Acronyms and Abbreviations	 Acronym Definition; SAT: Saturday: SAT: Satellite: SAT: Satisfactory: SAT: Scholastic Assessment Test (formerly Scholastic Aptitude Test) SAT: Sorry About That: SAT
sat	 	http://www.4tests.com/sat-history-4Tests.com - Free, Practice SAT II - History Exam	 4Tests.com - Your one stop practice test site for a Free, Practice SAT II - History Exam
sat	 	http://math.about.com/od/testprep/-sat tests - About	 A variety of mathematical practice tests, exams and SAT preparation lessons/activities.
sat	 	http://www.randomhouse.com/princetonreview/college/sat/-The Princeton Review | Bookstore | College Books	 Cracking the SAT with 5 Practice Tests, 2015 Edition. Written by Princeton Review. Format: Trade Paperback, 768 pages On Sale: May 2014 Price: $21.99 ISBN: 978-0-8041 ...
sat	 	http://admission.universityofcalifornia.edu/freshman/requirements/examination-requirement/SAT-subject-tests/-SAT Subject Tests | UC Admissions - University of ...	 While SAT Subject Tests are not required, some campuses recommend that freshman applicants interested in competitive majors take the tests to demonstrate subject ...
sat	 	http://cty.jhu.edu/talent/testing/about/sat.html-Talent Search Testing - SAT | JHU CTY - Johns Hopkins ...	 Special Instructions for paper registration form. The SAT is a standardized multiple choice test usually used by colleges and universities to objectively determine ...
sat	 	http://sat.mom.gov.sg/-SAT	 While the SAT gives you an indication of your candidate's eligibility, it does not guarantee the actual outcome of the application. This is because there are checks ...
sat	 	http://www.youtube.com/user/sat-Sat - YouTube	 My name is Sat, hello. (╯° °）╯ ... This happens on the map where Agatha has to defend their king, rarely, it's quite a treat to film.
sat	 	http://www.quiz-tree.com/SAT_main.html-SAT - Free Quizzes: Math, Spelling, Reading, e-learning ...	 SATs are an important part of every high school senior's life. The SAT Reasoning Test is a standardized test for college admissions in the United States.
sat	 	http://pwnthesat.com/wp/-PWN the SAT!	 Welcome to PWN the SAT! I started PWN the SAT in 2011 as a simple blog where I figured I’d just drop a few test taking hints once in a while. Three years and over ...
sat	 	http://search.psu.edu/?q=sat+scores-Penn State University - Search Results: sat+scores	 Penn State Worthington Scranton: Admissions Requirements. SAT I, or ACT scores will be waived for adult applicants who have been out of high school five or more years ...
sat	 	http://portal.sat.gob.gt/sitio/-Portal SAT	 Portal SAT Guatemala - Superintendencia de Administración Tributaria 2014
sat	 	http://www.eduers.com/sat/whatissat.htm-SAT Exams: What Does SAT Stand for? - Online Colleges ...	 Information on taking SAT exam, includes SAT registration, test dates, and where to find free SAT sample tests.
sat	 	http://www.ebay.com/sch/i.html?_nkw=sat+finder-sat finder | eBay - Electronics, Cars, Fashion ...	 Find great deals on eBay for sat finder digital satellite signal finder. Shop with confidence.
sat	 	http://www.amideast.org/iraq/testing/sat-SAT | AMIDEAST	 SAT What is the SAT? ... Country Director: Chris Ludlow: Erbil: Street Address: House # 11, Ashtar TV Street
sat	 	http://www.veritasprep.com/sat/sat-on-demand/-SAT On Demand | Veritas Prep	 The SAT 2400 On Demand course is a full-length HD video course featuring Shaan Patel. Shaan personally teaches every strategy, method, and the approach he used to ...
sat	 	http://www.testprepreview.com/-Test Prep | Your Source for Free Online Practice Tests	 Free test prep help for exams like the ACCUPLACER, ACT, GED, GMAT, GRE, LSAT, MAT, MCAT, NCLEX, Praxis, SAT, etc. Get the high score you need!
sat	 	http://tip.duke.edu/node/227-Choosing: ACT or SAT | Duke TIP	 Test Content. Both the ACT and SAT measure what a student has learned and are valuable tools used by colleges in the undergraduate admissions process.
sat	 	http://www.yourdictionary.com/sat-Sat dictionary definition | sat defined	 The SAT is defined as the Scholastic Assessment Test, now called the SAT Reasoning Test, which is a test that measures the reading, writing and math levels of high ...
sat	 	http://www.fau.edu/testprep/SAT.php-FAU - SAT - Florida Atlantic University	 FAU TEST PREP GUARANTEE. You can repeat an SAT test preparation course to further elevate your test scores for an administrative fee of $99 within one year ...
sat	 	http://www.number2.com/exams/sat/daily/word/index.cfm?s=0-SAT/ACT Word of the Day - Number2.com :: Free Online Test Prep	 SAT Prep from Number2.com (with Number2.com Redesign). Free SAT test prep.
sat	 	http://www.inspirica.com/docs_new/sat.html-SAT - Inspirica - Tutoring and Test Preparation	 The SAT is a popular college admissions test, although the ACT is also widely accepted. High school juniors and seniors take the SAT, sometimes multiple times, as an ...
sat	 	http://www.internet4classrooms.com/act_sat.htm-ACT Exam; SAT test; Free resources to practice skills ...	 ACT or SAT test; links to free sites which help students prepare for the ACT or SAT exam
sat	 	http://www.tests.com/SAT-Test-SAT Test - SAT Prep - Tests.com Practice Tests	 Find resources to help prepare for the SAT, with prep materials, sample tests and guide with registration and test taking information.
sat	 	http://www.satwordslam.com/-SAT Word Slam	 FOR THE LATEST ON WORDS, WRITING, AND THE SAT Sign up for The Word Slam E-Newsletter.
sat	 	http://what-if.xkcd.com/2/-SAT Guessing - xkcd What If	 Prev; Next; SAT Guessing. What if everyone who took the SAT guessed on every multiple-choice question? How many perfect scores would there be? —Rob Balder
sat	 	http://www.universitylanguage.com/quiz/SAT/-10 Sample SAT Test Questions - University Language ...	 SAT Reading and Writing Practice Questions Improve Your SAT Score. Let us help you raise your reading and writing scores with practice questions based on actual SAT ...
sat	 	http://sattest.us/-SATtest.us SAT Test	 The types of SAT test questions asked. Excluding the experimental section, which will not count towards your SAT test score, you will see 1 essay topic, 49 writing ...
sat	 	http://www.dummies.com/how-to/content/defining-differences-between-the-sat-ii-sat-i-and-.html-Defining Differences between the SAT II, SAT I, and ACT ...	 Many people are befuddled about how the SAT II, SAT I, and the ACT compare — and how they're decidedly different. The following points can help you keep these three ...
sat	 	http://www.fulbright.org.nz/studyus/tests/sat/-SAT | Fulbright New Zealand	 SAT tests assess your academic readiness for college. There are two kinds of SAT tests - the SAT (general test) and SAT Subject Tests.Fulbright New Zealand promotes ...
sat	 	http://www.math.com/students/kaplan/satoract.html-What is the difference between the ACT and the SAT ?	 The Power of Prediction While the SAT and ACT are very different tests, they both fulfill the same role in the admissions process.
sat	 	http://www.ehow.com/about_5084883_college-sat-score-requirements.html-College SAT Score Requirements | eHow	 College SAT Score Requirements. Many colleges require students to submit scores from the SAT--a nationwide standardized test--as part of the application ...
sat	 	http://www.ehow.com/about_5097573_college-sat-gpa-requirements.html-College SAT & GPA Requirements | eHow	 College SAT & GPA Requirements. There are many factors involved in the college admission process. However, a student's standardized test score and GPA are ...
sat	 	http://www.testinfo.net/-SAT, ACT, GRE, TOEFL, MBE, MPRE, DSM-IV Flash Cards	 Test preparation flash cards for the MBE, MPRE, SAT, GRE, ACT, TOEFL, DSM-IV.
sat	 	http://www.universitylanguage.com/blog/23/average-sat-scores/-SAT Scores for 25 Top Schools - University Language ...	 More Than an SAT Score. Preparing for your SATs and doing your best on the test is important, but there’s more to college admissions than getting a top SAT score.
sat	 	http://www.statisticbrain.com/sat-score-statistics/-SAT Score Statistics | Statistic Brain	 Tags: what is the smartest state by average sat score ? which state has the highest average sat score ? sat scores by state average new york SAT score scholastic ...
sat	 	http://media.collegeboard.com/homeOrg/content/pdf/sat-report-college-career-readiness-2013.pdf-2013 SAT Report on - College Board	 2013 SAT® Report on College & Career Readiness EXECUTIVE SUMMARY The College Board’s 2013 SAT ® Report on College & Career Readiness. reveals that fewer
sat	 	http://sat2013.cs.helsinki.fi/-SAT 2013, July 8-12, Helsinki, Finland	 News. SAT 2013 is over. The total number of attendees was 130. Thanks to all attendees and contributors for a successful conference! SAT 2014 will take place July 14 ...
sat	 	http://simple.wikipedia.org/wiki/SAT-SAT - Simple English Wikipedia, the free encyclopedia	 The SAT Reasoning Test (used to be called Scholastic Aptitude Test and Scholastic Assessment Test) is a test for college admissions in the United States.
sat	 	http://img.sparknotes.com/content/testprep/pdf/sat.vocab.pdf-The 1000 Most Common SAT Words - SparkNotes: Today's Most ...	 SAT Vocabulary The 1000 Most Common SAT Words A abase (v.) to humiliate, degrade (After being overthrown and abased , the deposed leader offered to bow down to his ...
sat	 	http://mhpracticeplus.com/sat.php-Prep Center for the SAT* - McGraw-Hill: Practice Plus	 Prep Center for the SAT* We want to help you succeed on the SAT. Here you'll find complete online practice tests with explanations for every question.
sat	 	http://dictionary.cambridge.org/dictionary/british/sat_1-sat verb definition, meaning - what is sat verb in the ...	 sat verb - definition, meaning, audio pronunciation, synonyms and more. What is sat verb? past simple and past participle of sit: See more in British English ...
sat	 	http://admissions.tufts.edu/apply/first-year-students/sat-and-act-tests/-SAT and ACT Tests · Tufts Admissions	 SAT and ACT Scores Where Scores Fit. To gain a sense of each applicant’s academic accomplishments and potential, the admissions committee evaluates four elements of ...
sat	 	http://www.flocabulary.com/topics/vocabulary-sat/-SAT Vocabulary Prep & Review - Flocabulary	 Learn key vocabulary words for the SAT with the help of 13 rap songs and videos to help you remember.
sat	 	http://march2success.com/-March2Success	 Provides content and lessons needed to improve your score on standardized tests such as state exit exams, ASVAB, SAT and ACT
sat	 	http://www.universitycrossroads.org/sat-math.html-SAT Math - University Crossroads-Generation Texas	 ONLINE Registration for SAT Math Prep - February 2015 Once you click Submit at end of registration, a confirmation message will appear at this spot.
sat	 	http://sat2012.fbk.eu/-SAT 2012 - Trento - Italy | SAT 2012	 The International Conference on Theory and Applications of Satisfiability Testing (SAT) is the primary annual meeting for researchers studying the propositional ...
sat	 	http://www.esctestprep.com/-SAT Prep, SAT Prep Courses PSAT Prep New York`New Jersey ...	 SAT Prep. SAT Prep Courses. PSAT Prep Courses. Educational Service Center SAT Prep Courses and PSAT Prep Courses in New York, New Jersey, Pennsylvania North Carolina.
sat	 	http://www.satpreparation.us/satprep-mlic.html-BEST SAT PREP COURSES, TOP SAT PREPARATION CLASSES, BEST ...	 MLIC SAT Prep is the best SAT prep classes, top sat courses, leading sat classes, best sat prep courses, a-1 sat training, top-notch sat coaching, best sat ...
sat	 	http://www.c2educate.com/test-prep/sat/-C2 Education | SAT Prep Program Info | Why Choose C2 for ...	 Why is the SAT Important? The SAT is one of two college admissions exams that almost every college uses to evaluate applicants. More than half of all colleges count ...
sat	 	http://mysatpractice.com/-MySATPractice - SAT Test Prep	 The Scholastic Aptitude Test (SAT ®) The SAT exam is the most common admissions test used by colleges and universities ...
sat	 	http://www.ebay.com/sch/i.html?_nkw=sat+book-sat book | eBay	 Find great deals on eBay for sat book the official sat study guide. Shop with confidence.
sat	 	http://medical-dictionary.thefreedictionary.com/SAT-SAT - definition of SAT by Medical dictionary	 SAT™ Spinal Attunement Technique. A proprietary component of Reiki plus, see there. SAT. serum agglutination test.
sat	 	http://www.eliteprep.com/-Elite Educational Institute	 SAT Prep, ACT Prep, Tutoring, College Consulting | Elite Educational Institute
sat	 	http://www.math-tests.com/sat-math-test.html-SAT Math Test - Online Math Tests	 Prepare for the SAT Math Test by taking these free online quizzes and tests.
sat	 	http://www.eglobaltechng.com/Sat.html-SAT | SAT Registration in Nigeria, SAT Centers in Nigeria ...	 SAT ® The SAT ® Reasoning Testª The SAT ® Reasoning Test is a measure of what you learned in school and how well you can apply that knowledge. The SAT assesses ...
sat	 	http://www.methodtestprep.com/-Online SAT & ACT Prep Solutions | Method Test Prep	 At Method Test Prep we provide personalized online and teacher-led SAT, ACT and PSAT test prep solutions to help students score at their highest potential.
sat	 	http://my-sat.com/-SAT 1, SAT Books, 2200+ SAT Preparation Strategy @ MY-SAT.com	 Joe, a SAT Winner, describes his preparation strategy in his own words SAT 1 Math I think most of the books available In the market today do not offer you
sat	 	http://medical-dictionary.thefreedictionary.com/SAT+(test)-SAT (test) - definition of SAT (test) by Medical dictionary	 SAT™ Spinal Attunement Technique. A proprietary component of Reiki plus, see there. SAT. serum agglutination test.
sat	 	http://baldur.iti.kit.edu/sat2014/-SAT 2014 - Research Group Verification Meets Algorithm ...	 About SAT 2014. The International Conference on Theory and Applications of Satisfiability Testing (SAT) is the primary annual meeting for researchers focusing on the ...
sat	 	http://www.bestsatbooks.com/-SAT Books	 SAT Books recommended by college students, high school advisors, and students who have taken the SAT test to determine which SAT Books would be the most useful to you.
sat	 	http://www.marinsatprep.com/-Hello! - Marin SAT Prep	 Another success story for Marin SAT Prep! (My daughter) just ended her College Apps work with the word from Columbia University. (She) is off to NY in the Fall!
sat	 	http://parents.berkeley.edu/recommend/tutors/SAT.html-Berkeley Parents Network: SAT, PSAT, and ACT Preparation	 SAT, PSAT, and ACT Preparation Please note: Parents' reviews of tutors are the opinions of Berkeley Parents Net subscribers. Your own experience may be ...
sat	 	http://papers.xtremepapers.com/SAT/SAT%20II%20Math.pdf-SAT II Math .pdf - Papers - XtremePapers	 ARCO SAT II Math www.petersons.com/arco Contents v Part 5 Four Practice Mathematics Tests Level IC Steps to Take after Each Practice Test ...
sat	 	http://www.jamboreeindia.com/-GMAT®| GRE®| SAT®|TOEFL | IELTS Preparation, Coaching ...	 Training and coaching for GMAT, GRE, SAT, TOEFL, IELTS, and admissions and visa counselling.
sat	 	http://www.montgomerycollege.edu/wdce/ce/satprepclasses.html-SAT Prep Classes, SAT, Montgomery County, SAT Preparation ...	 SAT Prep, SAT Classes, Scholastic Aptitude Test, Test Preparation classes, College Prep. , The Official SAT Study Guide, test taking strategies, College Board ...
sat	 	http://education-portal.com/academy/course/sat.html-SAT Prep: Practice & Study Guide Course - Online Video ...	 Get information about the SAT, a college readiness exam that allows you to demonstrate your knowledge in the areas of critical reading, writing and mathematics.
sat	 	http://www.sat-essay.net/-SAT Essay: Get Free, Proven Score-Boosting Tips	 Raise your SAT Essay Score with Free Research-Based Tips and Tricks.
sat	 	http://www.testpreppractice.net/SAT/sat-math.html-SAT Math - Test Prep and Practice - GRE SAT LSAT GED TOEFL ...	 All about the SAT Math Section. The SAT exam consists of three sections, which are the Critical Reading, Mathematics and Writing sections. Introduction to the Math ...
sat	 	http://www.sheppardsoftware.com/vocab/SAT/bubblefunSATvocab.htm-Bubble Fun - SAT words - Vocabulary - Sheppard Software ...	 Practice SAT vocabulary in a fun way with this Bubble Fun Game.
sat	 	http://catalystprep.com/sat_bootcamp-Catalyst Prep :: SAT Bootcamp	 Catalyst's SAT Bootcamp. Catalyst's SAT Bootcamp is a one-weekend workshop that arms students with go-to strategies for outsmarting the SAT. Our Unique Guarantee
sat	 	http://baldur.iti.kit.edu/SAT-Challenge-2012/-SAT Challenge 2012 - Research Group Verification Meets ...	 Overview. The SAT Challenge 2012 is a competitive event for solvers of the Boolean Satisfiability (SAT) problem. It is organized as a satellite event to the Fifteenth ...
sat	 	http://www.sat-tutors-blog.com/-SAT Tutor's Blog	 2013-14 SAT Practice Test Score Conversion Tables. Here are the raw to scaled multiple choice and essay score conversion tables for the 2013-14 Official SAT Practice ...
sat	 	http://www.bellcurves.com/-Test Preparation - Home - Bell Curves	 Bell Curves offers top-quality Test Preparation Courses, Tutoring, and Self-Study materials for the GMAT, LSAT, SAT, SSAT, ISEE, GRE, ACT, and SHSAT.
sat	 	http://www.abbreviations.com/SAT-What does SAT stand for? - Abbreviations.com	 What does SAT stand for? What does SAT mean? This page is about the various possible meanings of the acronym, abbreviation, shorthand or slang term: SAT.
sat	 	http://flynnsat.com/-Brendon Flynn S.A.T. SAT Prep, New SAT, Broward, Weston ...	 Weston and Broward's premier SAT Prep Course! The home of 52 PERFECT SCORES, with classes from $49!
sat	 	http://sat.gob.mx.ipaddress.com/-Sat.gob.mx - Sat | Website	 Sat.gob.mx - Sat Details. When pulling the information for Sat.gob.mx, we found that the organization tied to this IP is Alestra, S. de R.L. de C.V..
sat	 	http://www.sat-tutors-blog.com/-SAT Tutor's Blog	 2013-14 SAT Practice Test Score Conversion Tables. Here are the raw to scaled multiple choice and essay score conversion tables for the 2013-14 Official SAT Practice ...
sat	 	http://www.infoplease.com/ipa/A0883611.html-Average SAT Scores, 1972–2007 - Infoplease: Encyclopedia ...	 SAT Reasoning Test Scores, 2006. The 2006 SAT Reasoning Test was the first to have three sections: Critical Reading (formerly “Verbal”), Mathematics, and ...
sat	 	http://dynamo.dictionary.com/224209/sat-vocab-SAT Vocab | Word Dynamo	 Learn SAT Vocab on Word Dynamo. Free flash cards and games will help you master SAT Vocab fast.
sat	 	http://admissions.rutgers.edu/Academics/AdmissionsProfile.aspx-Rutgers Admissions | What are the GPA's and SAT's of ...	 The charts below indicate the SAT and ACT score ranges and grade-point averages for the middle 50% of high school students admitted to Rutgers for fall 2014.
sat	 	http://www.erikthered.com/tutor/-SAT Math Facts and Formulas - Erik Jacobsen -- Pier Cam ...	 Free, complete, SAT math and physics facts and formulas guides (pdf format). Lots of free quizzes and practice questions to download. Also, ACT facts and formula ...
sat	 	http://www.csumentor.edu/planning/high_school/sat_code.asp-CSUMentor - Plan for College - High School Students - Code	 Undergraduate Admission Tests SAT — CSUMentor Code for SAT is 3594. You can list CSUMentor as an SAT score recipient. The SAT institution code for CSUMentor is 3594.
sat	 	http://declaraguate.sat.gob.gt.ipaddress.com/-declaraguate.Sat.gob.gt - Sat | Website	 declaraguate.Sat.gob.gt - Sat Details. When pulling the information for declaraguate.Sat.gob.gt, we found that the organization tied to this IP is CloudFlare.
sat	 	http://www.testpreppractice.net/SAT/sat-score-range.html-SAT Score Range - GRE SAT LSAT GED TOEFL MCAT ACT IELTS ...	 Understand the SAT Score Range. SAT is a globally recognized examination at the university entrance level. Most of the colleges in US base their admissions on the ...
sat	 	http://www.youtube.com/watch?v=sLwhSfGQbfc-FACTURACION ELECTRONICA PAGINA DEL SAT - YouTube	 Video tutorial de como utilizar la generación gratuita de facturas electrónicas que ofrece el SAT Parte I Explica como entrar a la aplicación; como ...
sat	 	http://www.sat-universe.com/-Sat Universe Forum Statistics	 Note To Guests: Hello guest. Welcome to Sat Universe. We hope you will take a minute to register to gain full access to forums. To a guest some forums will appear to ...
sat	 	http://www.gocollege.com/admissions/preparing/tests/sat/test-taking-tips.html-How to Score High on Your SAT Exam ~ GoCollege.com	 The SAT is one of the most important tests students will face in their high school career. Scoring well on the SAT can help students gain admittance to the college of ...
sat	 	http://www.ncpublicschools.org/accountability/reporting/sat/-The North Carolina SAT and AP Reports	 SAT Reports. Reporting on the Nation, the State, the 115 Public School Systems, Charter Schools, North Carolina School of the Arts, and North Carolina School of ...
sat	 	http://www.ivybound.net/-SAT and ACT Prep | Tutoring Courses | Ivy Bound Test Prep	 Ivy Bound offers SAT and ACT tutoring, prep courses, tests, and resources to help high school students. Ivy Bound also gives free seminars.
sat	 	http://cafecollege.org/sat-date-ACT & SAT Test Dates and Other Information - cafécollege	 SAT Test Date: SAT Subject Test Available: Register By: Late Registration by Phone/Online: Late Registration by Mail: Oct 11: YES: Sept 12: Sept 30: Sept 26
sat	 	http://www.math.com/students/kaplan/sat2.html-SAT II Information - Math.com - World of Math Online	 SAT I is largely a test of verbal and math skills. True, you need to know some vocabulary and some formulas for the SAT I, but it's designed to ...
sat	 	http://www.satcompetition.org/2014/-SAT Competition 2014 @ SAT 2014, July 14-17, Vienna, Austria	 About the SAT Competition 2014. The SAT Competition 2014 is a competitive event for solvers for the Boolean Satisfiability (SAT) problem. It is organized as a ...
sat	 	http://www.soundkeepers.com/SAT/-SOUNKEEPERS.com: SAT Vocabulary Builder - List	 Our SAT Vocabulary Builder is used by people around the globe
sat	 	http://satyogainstitute.org/-Sat Yoga Institute - Yoga & Wisdom Retreats Costa Rica ...	 The Sat Yoga Institute is a universalist non-sectarian and non-profit school for advanced studies in the transformation of consciousness, which is the original ...
sat	 	http://www.tyrannosaurusprep.com/-Home | Tyrannosaurus Prep	 Tyrannosaurus Prep is a web game that quizzes you over SAT vocab and GRE vocab words.
sat	 	http://www.jacksonsatprep.com/-Jackson SAT Prep	 SAT Prep Course designed for Morris County Students by Morris County Educators: Local, Authentic, Specific. First Class: 2/1 5:00 – 9:00 pm. Subsequent Sundays: 2/8 ...
sat	 	http://www.superkids.com/aweb/tools/sat/-SuperKids Learn 1000 SAT Vocabulary Words in a month!	 Learn over 1000 PSAT and SAT vocabulary words in less than a month, using SuperKids' free online flashcards and matching drills.
sat	 	http://www.saab.org/-The OnLine Test Page 100% Free(SAT, ACT,SOA EXAM P, EXAM ...	 Contain useful multiple choice drills and tests in mathematics and in vocabulary for SAT and ACT,quiz, online, math, test, free
sat	 	http://www.satnamyogachicago.com/-Sat Nam Yoga Chicago	 Welcome to Sat Nam Yoga Chicago, a safe haven for cultivating your spiritual practice and exploring your higher self. Meet your full potential, create an ...
sat	 	http://www.eglobaltechng.com/satdates.html-SAT Dates | SAT Registration in Nigeria, SAT Centers in ...	 SAT Dates.. The SAT ® Reasoning Testª The SAT ® Reasoning Test is a measure of what you learned in school and how well you can apply that knowledge.
sat	 	http://www.wordreference.com/enit/sat-sat - Dizionario inglese-italiano WordReference	 sat - Traduzione del vocabolo e dei suoi composti, e discussioni del forum.
sat	 	http://www.hot-web.org/-SOFTCAM.KEY-SAT LINKS-DREAMBOX-CCCAM	 softcam.key, sat links, receiver, howto, satellite card, gbox, forum, Dreambox, Openbox S9, upload, Satellite TV, Nagra 3 Hack, Satellite Upload
sat	 	http://sat.worddetector.com/-Word sat meaning. Word sat definition. Words beginning ...	 What is a sat, definition of sat, meaning of sat, sat anagrams, words beginning with sat.
sat	 	http://www.studyguidezone.com/sat_writing.htm-SAT Writing Practice Questions - Study Guide Zone	 SAT Writing practice test questions to help SAT test takers review and prepare for the SAT Writing test.
sat	 	http://www.newyorksbestsattutor.com/-The SAT and ACT tutor with the highest average score ...	 If you're worried about your child's test scores, don't be; with the right program and proper instruction, any student is capable of incredible SAT and ACT scores.
sat	 	http://www.snopes.com/college/exam/sat.asp-snopes.com: SAT Points for Name Spelling	 Are students who take the SAT awarded 200 points for spelling their names correctly?
sat	 	http://sat.jumbotests.com/tests-SAT Practice Tests | SAT Test Papers & Model Papers for ...	 Collection of SAT practice tests for math (algebra, functions, geometry, statistics, probability, data analysis, operations), critical reading, and writing (grammar ...
sat	 	http://www.infozee.com/tests/sat/-SAT Test : Information & Preparation Resources	 Scholastic Aptitude Test (SAT) The SAT (technically known as the SAT I) is a general test of verbal and quantitative reasoning accepted and required for admission to ...
sat	 	http://satsw.com/-Star Sat International(The World of Satellite Receivers ...	 STAR SAT is a top leading brand with its wide range of satellite receivers, satellite accessories and home appliances in the market.
sat	 	http://www.abington.psu.edu/sat-college-prep-courses-SAT & College Prep Courses | Penn State Abington	 Penn State Abington offers high school students SAT prep courses designed to help prepare them for the math and verbal portions of the SAT exam.
sat	 	http://www.onlinemathlearning.com/sat-practice-questions-geometry-1.html-SAT Practice Questions: Geometry - Online Math Help ...	 SAT Geometry Problem This is an SAT style Geometry problem that requires good thinking to solve it. It goes beyond knowing the mathematical formulae.
sat	 	http://math.rice.edu/~lanius/Geom/quiza.html-SAT -Type Quiz - Rice University - Department of ...	 Directions: The SAT is a timed test, so allow yourself 10 minutes for the ten questions below. Click the circle of the correct answer. You will immediately receive a ...
sat	 	http://www.spanishdict.com/translate/sat-Sat in Spanish | English to Spanish Translation	 Translate Sat in Spanish. Get the most accurate English to Spanish translations. Fast. Easy. Free.
sat	 	http://www.manhattanreview.com/sat/-Manhattan Review SAT Preparation Home	 Effective test preparation for the SAT (SAT classroom, SAT tutoring, SAT live online) along with college admissions consulting and training.
sat	 	https://satresourcecenter.collegeboard.org/inquire-sat-test-center-Interested in Becoming an SAT® Test Center | SAT Resource ...	 SAT ® test centers help students take that important first step on the road to college success. By becoming a test center, you will not only help connect motivated ...
sat	 	http://www.morewords.com/word/sat/-Sat - More Words - Search Dictionary - Word Games ...	 Remove All Display Ads. sat. Definitions of sat - imp. of Sit. 2 imp. - of Sit 2 p. p. - of Sit 2
sat	 	http://www.satramana.org/html/sat_publications.htm-SAT Publications - Society of Abidance in Truth: Teachings ...	 SAT publishes books that are of unique spiritual value. The Song of Ribhu and The Ribhu Gita were frequently recommended by Ramana Maharshi. Self Knowledge is a deep ...
sat	 	http://www.abington.psu.edu/sat-college-prep-courses-SAT & College Prep Courses | Penn State Abington	 Penn State Abington offers high school students SAT prep courses designed to help prepare them for the math and verbal portions of the SAT exam.
sat	 	http://sat-question-bank.cracksat.com/-SAT Practice, Math Verbal Questions - SAT Questions : SAT ...	 CrackSAT's SAT question bank has practice questions for SAT Math and SAT verbal. The SAT questions in this section are provided with explanatory answers.
sat	 	http://www.testinfo.net/sat/sat-tips.htm-SAT Test Taking Tips and Techniques - SAT, ACT, GRE, TOEFL ...	 Test Tactics and Sectional Strategies for the SAT* I A Study Guide for College Bound Students. You Are Welcome to Pass This Free SAT Tips File On To Anyone Else,
sat	 	http://www.princetonreviewhk.com/-The Princeton Review - Hong Kong GMAT, SAT, TOEFL, SSAT ...	 The Princeton Review is a leading global Test Prep and Tutoring institution offering premium SAT, GMAT, SSAT, and TOEFL Courses to people of all ages.
sat	 	http://www.studystack.com/SAT-SAT Flashcards - Study Stack	 A list of resources to help students study SAT
sat	 	http://www.tmea.org/programs/all-state/average-sat-All-State Student Average SAT Scores - Texas Music ...	 Convention Year: 2001: 2002: 2003: 2004: 2005: 2006: 2007: 2008: 2009: 2010: 2011: 2012: 2013: 2014: SAT 1/SAT 2: 5A Symphonic Band: 1191: 1135: 1207: 1206: 1230 ...
sat	 	http://infozee.com/tests/sat/about-sat.htm-SAT: Test Information, SAT Registration & SAT Preparation	 The SAT (technically known as the SAT I) is a general test of verbal and quantitative reasoning accepted for U. S. college admissions. The test is required for ...
sat	 	http://www.mo-media.com/satii/-SAT Subject Test Secrets Study Guide	 Start preparing today with a SAT II study guide that includes SAT II practice test questions. Raise your SAT Subject Test score. Guaranteed. By Mometrix.
sat	 	http://collegeadmissions.testmasters.com/times-sat/-How Many Times Can You Take the SAT? - College Compass	 Many students have misconstrued ideas about how many times they should take the SAT. Some think that you should only take it once, whereas others think they should ...
sat	 	http://jrotccollegeprep.com/-JROTC College Test Prep :: Home	 NJROTC College Test Preparation Program. Using this site, Navy JROTC Cadets can prepare for the SAT and ACT by taking practice exams, working through tutorials, and ...
sat	 	http://www.mycollegeoptions.org/Content/ForStudents/ZeroHourThreat/ZeroHourThreatGame.aspx-ACT and SAT Test Prep Game - College Planning and ...	 ACT and SAT Prep just got a lot more fun with the Zero Hour Threat™ game! Zero Hour Threat™ is a game designed to raise SAT and ACT scores while ...
sat	 	http://www.swarthmore.edu/Documents/administration/ir/SAT.pdf-Swarthmore College SAT Scores	 Swarthmore College SAT Scores Scores 1970 1980 1990 1995 2000 2005 2010 2011 2012 2013 National Averages Scale <--Original Recentered --> Critical Reading SAT 424 424 ...
sat	 	http://www.sat-albatros.com/-SAT Albatros - Sea Air Service | Home	 Thanks to specialization on Sea-Air Transport only, SAT ALBATROS is world market leader, with over 30 years of success. Find out how it feels to be in good hands. more
sat	 	http://englishplus.com/-English Plus+--English Grammar, Spelling, SAT, ACT, GRE ...	 English Grammar help; tutorials for SAT, ACT, or GRE; File and programming utilities from English Language Plus--We vanquish your anguish
sat	 	http://www.ifly.com/san-antonio-international-San Antonio SAT Airport | San Antonio, TX United States	 San Antonio International Airport SAT serves the areas in and around the City of San Antonio, in southwest Texas, which has been at the crossroads of history, with ...
sat	 	http://satexamprep.com/Getting_Started_SAT.html-Free Online Sat Test Preparation Course - SAT Exam Prep	 Fill up a simple form and get started with free online SAT preparation course. We have helped many students to succeed their SAT exams with complete study guide and ...
sat	 	http://www.sheppardsoftware.com/vocabmania.htm-Free Online SAT and GRE Vocabulary Test Prep	 Free online games to help you refresh and enhance your vocabulary and prepare you to get that great score on either the SAT or GRE exam.
sat	 	http://satkartarmusic.com/-Welcome Sat Kartar Music	 Sat Kartar Kaur Khalsa's offerings of music synthesize Eastern and Western influences, but are centered in her life study and ...
sat	 	http://www.onlinemathlearning.com/sat-test-prep.html-Preparing For SAT Test - Online Math Help & Learning Resources	 SAT Test Preparation - Math practice questions, worked solutions, workbooks, study guides, useful tips and more.
sat	 	http://www.satvocab.com/-The Free & Smart Way to Learn SAT Test Vocabulary Words	 Free & Smart Way to Learn Common SAT Test Vocabulary and other useful tips to pass the hardest tests including the SAT, GRE, TOFEL.
sat	 	http://world-english.org/sat_test.htm-SAT TEST / ELPT English TESTS	 The SAT Tests: SAT I: Reasoning. The SAT I is a three-hour test that measures a student’s ability rather than knowledge.
sat	 	http://sattest.us/math/-SATtest.us SAT Math Test	 Welcome to the SAT math test section. In this section, you will find helpful tips and advice to handle all three types of problems you will find on the math
sat	 	http://www.iqcomparisonsite.com/Pre1974SAT.aspx-Pre-1974 SAT to IQ Conversion Table - IQ Comparison Site	 Pre-1974 SAT to IQ Conversion Table. The table is from the paper 'Conversion Tables for Otis Gamma and Scholastic Aptitude Test,' by Warren W. Willingham and ...
sat	 	http://world-english.org/sat_test.htm-SAT TEST / ELPT English TESTS	 The SAT Tests: SAT I: Reasoning. The SAT I is a three-hour test that measures a student’s ability rather than knowledge.
sat	 	http://www.flashcardsecrets.com/sat/-SAT Test Flashcards with SAT Practice Questions	 Find SAT test help using our SAT flashcards and practice questions. Helpful SAT review notes in an easy to use format. Prepare today!
sat	 	http://www.satisfiability.org/SAT05/-SAT-2005 Home Page - The International Conferences on ...	 SAT-2005 Eighth International Conference on Theory and Applications of Satisfiability Testing. with. 2005 SAT Solver Competition 2005 QBF Solver Evaluation
sat	 	http://satnspurs.com/-Sat'n Spurs Western Wedding Dresses, Boots, Favors & Gifts ...	 Sat'n Spurs specialty is Western Wedding Dresses, Cowgirl boots, favors and decorations for over 25 years. We're fully stocked with country western wedding gowns ...
sat	 	http://wesatdown.blogspot.com/-We Sat Down	 We Sat Down is a book review and reading journal blog by M and Little M, a mother and teen daughter duo.
sat	 	http://www.bowdoin.edu/admissions/apply/testing-policy.shtml-Test Optional Policy ( Bowdoin - Admissions)	 Bowdoin does not require that applicants submit SAT or ACT scores for the purposes of admission. The College has been "test optional" since 1969.
sat	 	http://www.dali-speakers.com/en-US/Loudspeakers-1/FAZON-SAT.aspx-DALI FAZON SAT - DALI Loudspeakers International | Quality ...	 The DALI FAZON SAT is a very elegant design loudspeaker, which performs equally well for stereo, surround and TV-sound. Taking the size into consideration, the FAZON ...
sat	 	http://www.gulfcoast.edu/students/testing_center/placement.htm-SAT or ACT Scores for Placement - Gulf Coast State College ...	 ACT or SAT Scores for Placement. Students who present scores from either the American College Testing Program's ACT or the College Board's SAT exam that meet or ...
sat	 	http://www.sat-essay.net/sat-essay-prompts.html-Practice SAT Essay Prompts	 These sample SAT Essay prompts can be used by students study for the SAT Essay
sat	 	https://citas.sat.gob.mx/citasat/home.aspx-SAT - Servicio de Citas	 Antes de registrar una cita, verifica los trámites que puedes realizar por internet, sin necesidad de acudir a nuestras oficinas. El SAT, a través de un proveedor ...
sat	 	http://sentence.yourdictionary.com/sat-Use sat in a sentence | sat sentence examples	 How to use sat in a sentence. Example sentences with the word sat. sat example sentences.
sat	 	http://www.studybeans.com/sat/time_breakdown.html-SAT Test Format - SAT Time Breakdown	 SAT Time Breakdown. The SAT is close to four hours long, so when you take the SAT, be prepared to take a test that's longer than most of the tests you've taken in class.
sat	 	http://www.testmagic.com/-TestMagic - Free GMAT , GRE, SAT Test, TOEFL practice tests	 Offers SAT, GMAT, SSAT, ISEE, and TOEFL test preparation courses in San Francisco, California, United States. Also offers free tests, sample essays, grammar exercises ...
sat	 	http://www.satgroupcos.com/-Sat Group of Companies |	 SAT Insulation Materials Industry was ranked amongst the top 100 Small and Medium Enterprises (SMEs) based in Dubai in 2011. A premier ranking of Dubai’s 100 top ...
sat	 	http://www.satandpcguy.com/-The Sat and PC Guy	 The Sat and PC Guy is your local supplier and installer of digital satellite television systems for your home, community, apartment or bar on the Costa Blanca North ...
sat	 	http://sat.learnhub.com/lesson/1733-welcome-to-sat-preparation-Welcome to SAT Preparation - SAT 2013	 How can this community help me? This LearnHub community also offers help with SAT preparation. Check out the specific SAT-math and SAT-reading and writing communities ...
sat	 	http://www.sq.4mg.com/IQ-SAT.htm-SAT and IQ scores correlate - FreeServers	 Psychologists find SAT tests to be strong indicator of general intelligence in a March 3, 2004 press release:: While the SAT is generally a good predictor of a ...
sat	 	http://school.familyeducation.com/college-prep/sat/39914.html-SAT Critical Reading Tips - FamilyEducation.com	 Looking to improve your SAT Critical Reading score? Learn the basic principles and tips behind the reading section of the SAT.
sat	 	http://businessmajors.about.com/od/satgmatpreparation/tp/TopSATprepbks.htm-Top SAT Prep Books for Practicing the SATs	 When it comes to the SAT, there is no substitute for preparation and practice. SAT prep books can give you both. Most prep books offer test-taking strategies and SAT ...
sat	 	http://www.trustedreviews.com/gps-sat-nav-GPS & Sat Nav reviews - compare ratings, deals and prices ...	 Latest GPS & Sat Nav reviews to help you discover which is the best Sat Nav and GPS for your needs from the experts at TrustedReviews and from people who have bought ...
sat	 	http://www.studybeans.com/sat/-SAT Study Guide - Free SAT Study Tips, Strategies, and More	 SAT Study Guide. Follow these SAT test preparation study tips to improve your scores on the SAT Writing, Critical Reading, and Math sections. Make an SAT Study Plan
sat	 	http://www.quia.com/hm/1003.html-Quia - SAT Vocabulary	 SAT Vocabulary. Guess the vocabulary words. There is a hint to help you.
sat	 	http://www.halfords.ie/-Halfords Ireland | Bikes | Sat Navs | DAB Radios | Car ...	 Visit Halfords for Bikes, Sat Nav & Audio, Motoring & Car Maintenance, Touring & Camping Equipment, and lots more. We Fit Sat Navs, Wiper Blades and Car Bulbs.
sat	 	http://www.frequency-sat.com/-frequency sat	 frequency sat - description ... mbc masr Entertainment channel targeting the Egyptian public of all classes , and broadcast 24 hours a day, the elite of th...
sat	 	http://www.mathplayground.com/SMP_Percent.html-SAT Math Practice - Percent Word Problems	 This practice section contains five percentage problems that you can expect to encounter on the SAT exam. The questions are presented in multiple choice format.
sat	 	http://sat-biology.blogspot.com/-Sat II Biology | Free SAT II Biology preparation	 The SAT II Biology tests your knowledge of biology in three different ways. Knowing how your knowledge may be tested should help you better prepare yourself for the exam.
sat	 	http://sparkcharts.sparknotes.com/sat/satcriticalreading/section4.php-Literary Techniques and Figures of Speech	 Literary Techniques and Figures of Speech. On the SAT, reading passages (both long and short) include questions about the authors’ use of literary ...
sat	 	https://www.facebook.com/sat.sharmaca-Sat Sharma CA | Facebook	 Sat Sharma CA is on Facebook. Join Facebook to connect with Sat Sharma CA and others you may know. Facebook gives people the power to share and makes the...
sat	 	http://www.indeed.com/cmp/Sat-Plating-1-SAT Plating Careers and Employment | Indeed.com	 Research and review SAT Plating jobs. Learn more about a career with SAT Plating including all recent jobs, hiring trends, salaries, work environment and more.
sat	 	http://086.e4.cznnm.asia/a/Sat+View-Sat View	 Sat View - 22 resultsAd related to Sat ViewSAT Registration - The SAT is Offered 7 Times a Year.sat.collegeboard.org62,900+ followers on TwitterThe SAT is Offered 7 ...
sat	 	http://www.indeed.com/cmp/Sat-Plating-1-SAT Plating Careers and Employment | Indeed.com	 Research and review SAT Plating jobs. Learn more about a career with SAT Plating including all recent jobs, hiring trends, salaries, work environment and more.
sat	 	http://086.e4.cznnm.asia/a/Sat+View-Sat View	 Sat View - 22 resultsAd related to Sat ViewSAT Registration - The SAT is Offered 7 Times a Year.sat.collegeboard.org62,900+ followers on TwitterThe SAT is Offered 7 ...
sat	 	http://www.cobbk12.org/CampbellHS/2015-05-CampbellHS-SAT1716.pdf-SAT Classroom Tutoring	 SAT Classroom Tutoring Prepare for the May 2015 SAT with Applerouth Tutoring Services and get ahead of the game with a thorough review of content and strategies for ...
sat	 	http://www.schools.utah.gov/data/Reports/Assessment/SAT2005.aspx-SAT 2004-2005	 USOE 20060117-0A4 Assessment & Accountability 2 SAT Verbal 587 593 504 505 0 100 200 300 400 500 600 700 800 2004 2005 Utah Nation
sat	 	http://wcmu.org/news/?tag=sat-test-SAT Test | CMU Public Radio News	 http://wcmu.org/news/wp-content/uploads/2015/01/NEWS017.wav. The ACT is appealing Michigan’s decision to switch its eleventh grade standardized test to the SAT.
sat	 	http://www.dbgs.org/-Diamond Bar Girls Fast Pitch Softball - Home	 ﻿Latest DBGS News: ﻿ * Spring Sign-Ups (This Sat 1/3/15) @Peterson Park, Diamond Bar ﻿ ﻿ ﻿ * 2015 DBGS SPRING SEASON REGISTRATION INORMATION!!!
sat	 	http://www.indeed.com/cmp/Sat-Plating-1-SAT Plating Careers and Employment | Indeed.com	 Research and review SAT Plating jobs. Learn more about a career with SAT Plating including all recent jobs, hiring trends, salaries, work environment and more.
sat	 	http://086.e4.cznnm.asia/a/Sat+View-Sat View	 Sat View - 22 resultsAd related to Sat ViewSAT Registration - The SAT is Offered 7 Times a Year.sat.collegeboard.org62,900+ followers on TwitterThe SAT is Offered 7 ...
sat	 	http://www.cobbk12.org/CampbellHS/2015-05-CampbellHS-SAT1716.pdf-SAT Classroom Tutoring	 SAT Classroom Tutoring Prepare for the May 2015 SAT with Applerouth Tutoring Services and get ahead of the game with a thorough review of content and strategies for ...
sat	 	http://www.schools.utah.gov/data/Reports/Assessment/SAT2005.aspx-SAT 2004-2005	 USOE 20060117-0A4 Assessment & Accountability 2 SAT Verbal 587 593 504 505 0 100 200 300 400 500 600 700 800 2004 2005 Utah Nation
sat	 	http://wcmu.org/news/?tag=sat-test-SAT Test | CMU Public Radio News	 http://wcmu.org/news/wp-content/uploads/2015/01/NEWS017.wav. The ACT is appealing Michigan’s decision to switch its eleventh grade standardized test to the SAT.
sat	 	http://www.dbgs.org/-Diamond Bar Girls Fast Pitch Softball - Home	 ﻿Latest DBGS News: ﻿ * Spring Sign-Ups (This Sat 1/3/15) @Peterson Park, Diamond Bar ﻿ ﻿ ﻿ * 2015 DBGS SPRING SEASON REGISTRATION INORMATION!!!
sat	 	http://www.indeed.com/cmp/Sat-Plating-1-SAT Plating Careers and Employment | Indeed.com	 Research and review SAT Plating jobs. Learn more about a career with SAT Plating including all recent jobs, hiring trends, salaries, work environment and more.
sat	 	http://086.e4.cznnm.asia/a/Sat+View-Sat View	 Sat View - 22 resultsAd related to Sat ViewSAT Registration - The SAT is Offered 7 Times a Year.sat.collegeboard.org62,900+ followers on TwitterThe SAT is Offered 7 ...
sat	 	http://www.cobbk12.org/CampbellHS/2015-05-CampbellHS-SAT1716.pdf-SAT Classroom Tutoring	 SAT Classroom Tutoring Prepare for the May 2015 SAT with Applerouth Tutoring Services and get ahead of the game with a thorough review of content and strategies for ...
sat	 	http://www.schools.utah.gov/data/Reports/Assessment/SAT2005.aspx-SAT 2004-2005	 USOE 20060117-0A4 Assessment & Accountability 2 SAT Verbal 587 593 504 505 0 100 200 300 400 500 600 700 800 2004 2005 Utah Nation
sat	 	http://wcmu.org/news/?tag=sat-test-SAT Test | CMU Public Radio News	 http://wcmu.org/news/wp-content/uploads/2015/01/NEWS017.wav. The ACT is appealing Michigan’s decision to switch its eleventh grade standardized test to the SAT.
sat	 	http://www.dbgs.org/-Diamond Bar Girls Fast Pitch Softball - Home	 ﻿Latest DBGS News: ﻿ * Spring Sign-Ups (This Sat 1/3/15) @Peterson Park, Diamond Bar ﻿ ﻿ ﻿ * 2015 DBGS SPRING SEASON REGISTRATION INORMATION!!!
sat	 	http://www.shmoop.com/sat/about-sat/-About the SAT - Shmoop: Homework Help, Teacher Resources ...	 Everything you need to know about the SAT exam in one place. Learn the format of the beast before playing the SAT game.
sat	 	http://freesat1prep.com/-Free SAT1 Prep.com Free SAT Prep	 Free SAT prep tips as well as videos and, most importantly, free SAT test questions!
sat	 	http://nces.ed.gov/FastFacts/display.asp?id=171-SAT scores - Fast Facts - US Department of Education	 SAT mean scores of college-bound seniors, by race/ethnicity: Selected years, 1986–87 through 2011–12: Race/ethnicity : 1986–87: 1990–91: 1996–97
sat	 	http://www.merriam-webster.com/dictionary/sat-Sat - Definition and More from the Free Merriam-Webster ...	 Definition of SAT —used for a standardized test used to evaluate suitability for college admission . Other Education Terms. baccalaureate, colloquium, corequisite, ...
sat	 	http://www.mathhelp.com/sat-math-test-prep.php-SAT Math Test Prep - Personal Online Math Teacher	 A complete SAT math test prep course with a personal math teacher. SAT math prep from MathHelp.com
sat	 	http://www.proprofs.com/sat/-FREE SAT Exam Study: Online Free SAT Test Prep , New SAT ...	 Free SAT Exam Study: Online Free SAT Test Prep , SAT Exam Study guide & sat test prep practice questions
sat	 	http://www.freesatpracticetest.com/-Free SAT Practice Test	 Free SAT Practice Test has a huge collection of SAT practice questions. Math, critical reading, vocab, and essay tips. Visit us for the best online SAT prep.
sat	 	http://www.testmasters.net/SatAbout/Scoring-Scale-The SAT Scoring Scale - TestMasters Official Website ...	 SAT scores are based on a student's percentile relative to other students taking the same test. The first step in calculating a student’s score on the SAT ...
sat	 	http://dynamo.dictionary.com/test-prep/sat-SAT Study Guides | Word Dynamo	 Free SAT study guides. Get SAT flash cards, vocabulary, and games to help pass your SAT test.
sat	 	http://en.wikipedia.org/wiki/Sat_(Sanskrit)-Sat (Sanskrit) - Wikipedia, the free encyclopedia	 Sat is a Sanskrit word meaning "the true essence (nature)" and that "which is unchangeable" of an entity, species or existence. Sat is a common prefix in ancient ...
sat	 	http://www.majortests.com/sat/grammar.php-SAT Grammar : Practice tests and explanations	 11 free SAT grammar practice tests with over 100 SAT questions to help you with your SAT prep.
sat	 	http://www.petersons.com/college-search/sat.aspx-SAT - College Information - Peterson's - The Real Guide to ...	 Read about improving your SAT scores and using SAT prep in the Test Prep section of Peterson's College Search.
sat	 	http://www.vocabulary.co.il/sat-games/-SAT Games - Vocabulary.co.il	 SAT Vocabulary Games, SAT Lessons, and SAT Practice Activities for ESL, EFL, ELL and fluent English speakers.
sat	 	http://businessmajors.about.com/od/satgmatpreparation/a/averageSATscore.htm-SAT Scoring - Find Out What Your Score Means	 Taking the SAT is an important part of the admissions process. Colleges use your SAT scores to determine what type of student you might be. Find out more about SAT ...
sat	 	http://www.studypoint.com/sat-tutoring/-SAT Tutoring | Work with a private SAT Tutor from StudyPoint.	 SAT Tutoring Options. Dear Parents, I recognize that the decision to invest in SAT preparation is an important and often difficult one, given all the options.
sat	 	http://www.thesaurus.com/browse/sat-Sat Synonyms, Sat Antonyms | Thesaurus.com	 Synonyms for sat at Thesaurus.com with free online thesaurus, antonyms, and definitions. Dictionary and Word of the Day.
sat	 	http://greensatsystem.com/-Green SAT System | Online SAT Prep Program	 Avg. score improvement of 387 points; On your schedule, in your home, at any time; Guaranteed to work or your money back; Teaches all sections of the SAT + essay
sat	 	http://www.amazon.com/SAT-PSAT-Books/b?ie=UTF8&node=11682-Amazon.com: SAT - College & High School: Books	 Online shopping for SAT - College & High School from a great selection at Books Store.
sat	 	http://www.powerscore.com/sat/-SAT Prep | PowerScore Test Preparation	 Ready for the SAT? PowerScore offers Full-Length, Online and Weekend courses, a comprehensive Free SAT Help Area, College Admissions Consulting, Private Tutoring and ...
sat	 	http://www.kaptest.com/college-prep/sat-subject-tests-SAT Subject Test Prep | Kaplan Test Prep	 SAT Subject Tests include more than 20 different tests on specific disciplines. Focus your SAT subject test prep with Kaplan's premiere SAT subject test books.
sat	 	http://www.onlinetestprep.com/engine/default1.asp-SAT and ACT Preparation	 This site is a complete test-prep system for the SAT and the ACT. It provides complete test strategies and a customized practice ground for those of you who are ...
sat	 	http://www.sparknotes.com/testprep/books/newsat/chapter15section4.rhtml-SAT: Improve SAT Score with SparkNotes: The Top 250 Most ...	 FREE SAT Online Study Guide. Study for the New SAT test to get a better score.
sat	 	http://www.satregional.org/-Southern African AIDS Trust (SAT)	 SAT and partner organisations’ programming around Sexual and Reproductive Health and Rights(SRHR) and HIV integration, will be focusing on improvement of women and ...
sat	 	http://www.sat-tox.org/-sat-tox.org - Southwestern Association of Toxicologists - Home	 SAT was organized in 1977 for furthering communication among Forensic Toxicologists in the areas of analytical methods and interpretation of findings.
sat	 	http://www.satquantum.com/-Home SAT Quantum Online Math Course - SATQuantum	 SATQuantum Online Math Course and Free Official SAT Video Explanations
sat	 	http://www.jamboreeindia.com/sat-SAT® Preparation | SAT Coaching Classes | SAT Training ...	 SAT ® Exams - A standardized test, SAT-I and SAT-II subject test i.e. measures Verbal, Mathematical and Writing skills of students. It has three sections ...
sat	 	http://international.collegeboard.org/programs/sat-sat-subject-test-SAT and SAT Subject Tests for International Students ...	 The SAT and SAT Subject Tests are college admission exams that are used all around the world.
sat	 	http://www.barnesandnoble.com/s/?category_id=394940-PSAT , SAT I, & SAT II Study Guides | Barnes & Noble	 FIND PSAT, SAT I, & SAT II Study Guides on Barnes & Noble. Free 3-Day shipping on $25 orders! Skip to Main Content; Sign in. My Account.
sat	 	http://lentzsatprep.com/-Lentz & Lentz SAT Prep	 Lentz & Lentz SAT Prep offers SAT, PSAT and ACT test preparation course programs in New York, New Jersey, Connecticut, Massachusetts and Rhode Island.
sat	 	http://www.collegecountdown.com/-College Countdown	 College Countdown provides advice from top college admissions experts to help you choose a college, study for AP tests, and ACT and SAT tests, apply to colleges, pay ...
sat	 	http://magoosh.com/sat/2013/whats-a-good-sat-score/-What's a Good SAT Score? | Magoosh SAT Blog	 Applying to college and wondering what a good score is on the SAT? Maybe you just need to know if your SAT score is good enough? Read on!
sat	 	http://www.proprofs.com/sat/exams/practice-tests.shtml-Free Online SAT Practice Tests : SAT practice Exams	 Free Practice Test for the SAT* : Scholastic Assessment Test more commonly known as SAT Reasoning Test is basically a test to measure your critical thinking skills ...
sat	 	http://www.wyzant.com/SAT_tutors.aspx-SAT Tutors - WyzAnt Tutoring - WyzAnt Tutoring	 273 affordable local SAT tutors willing to travel to you. 100% satisfaction guaranteed.
sat	 	http://www1.pgcps.org/sat/-Prince George's County SAT Prep	 SAT Day--February 26th, 11th grade administration. Disclaimer: Prince George's County Public Schools does not endorse any messages, ...
sat	 	http://www.powerscore.com/sat/help/-SAT Free Help Area | PowerScore Test Preparation	 Welcome to the PowerScore SAT Free Help Area. Here you will find articles, free materials, advice and other information designed to increase your understanding of the ...
sat	 	http://en.wiktionary.org/wiki/sat-sat - Wiktionary	 Kedah Malay Pronunciation . IPA : /sat/ Adverb . sat. For a moment, for a few minutes, for a second. Hang tunggu tang ni sat na, aku nak pi teghebey burung tu.
sat	 	http://www.sattest.com/-SAT Test Forum and Information	 Online forum and information for all SAT subjects. Includes details of how to register for the SAT and test dates.
sat	 	http://www.acronymfinder.com/SAT.html-SAT - Definition by AcronymFinder	 Note: We have 250 other definitions for SAT in our Acronym Attic. new search; suggest new definition; Search for SAT in Online Dictionary Encyclopedia
sat	 	http://www.mo-media.com/sat/-SAT Study Guide & Practice Test - Prepare for the SAT Test	 Start preparing today with a SAT study guide that includes SAT practice test questions. Raise your SAT test score. Guaranteed. By Mometrix.
sat	 	http://www.english-test.net/sat/-SAT® Prep- and SAT® Preparation -- 1002 SAT® Vocabulary ...	 I want to prepare for the SAT (Scholastic Assessment Test) to reach a high score. At English-test.net I can take free interactive questions to increase my SAT ...
sat	 	http://www.time4writing.com/writing-resources/sat/-SAT Writing | Time4Writing - Online Writing Courses for ...	 Since 2005, the SAT has included a writing portion. Writing a complete essay in 25 minutes may seem like a daunting task to many students, but with patience and
sat	 	http://www.eprep.com/-ePrep SAT, ACT, and PSAT Online prep courses	 ePrep provides expert, online test prep courses for the SAT, ACT and PSAT tests that deliver the value of a private tutor at a fraction of the cost.
sat	 	http://www.2400expert.com/-SAT Test Preparation | 2400 Expert	 The Nation's ONLY SAT test prep company to offer SAT classes by a Perfect 2400 Score SAT instructor, free SAT prep resources, and college scholarships.
sat	 	http://www.indeed.com/cmp/Sat-Plating-1-SAT Plating Careers and Employment | Indeed.com	 Research and review SAT Plating jobs. Learn more about a career with SAT Plating including all recent jobs, hiring trends, salaries, work environment and more.
sat	 	http://086.e4.cznnm.asia/a/Sat+View-Sat View	 Sat View - 22 resultsAd related to Sat ViewSAT Registration - The SAT is Offered 7 Times a Year.sat.collegeboard.org62,900+ followers on TwitterThe SAT is Offered 7 ...
sat	 	http://www.cobbk12.org/CampbellHS/2015-05-CampbellHS-SAT1716.pdf-SAT Classroom Tutoring	 SAT Classroom Tutoring Prepare for the May 2015 SAT with Applerouth Tutoring Services and get ahead of the game with a thorough review of content and strategies for ...
sat	 	http://www.schools.utah.gov/data/Reports/Assessment/SAT2005.aspx-SAT 2004-2005	 USOE 20060117-0A4 Assessment & Accountability 2 SAT Verbal 587 593 504 505 0 100 200 300 400 500 600 700 800 2004 2005 Utah Nation
sat	 	http://wcmu.org/news/?tag=sat-test-SAT Test | CMU Public Radio News	 http://wcmu.org/news/wp-content/uploads/2015/01/NEWS017.wav. The ACT is appealing Michigan’s decision to switch its eleventh grade standardized test to the SAT.
sat	 	http://www.dbgs.org/-Diamond Bar Girls Fast Pitch Softball - Home	 ﻿Latest DBGS News: ﻿ * Spring Sign-Ups (This Sat 1/3/15) @Peterson Park, Diamond Bar ﻿ ﻿ ﻿ * 2015 DBGS SPRING SEASON REGISTRATION INORMATION!!!
sat	 	http://www.indeed.com/cmp/Sat-Plating-1-SAT Plating Careers and Employment | Indeed.com	 Research and review SAT Plating jobs. Learn more about a career with SAT Plating including all recent jobs, hiring trends, salaries, work environment and more.
sat	 	http://086.e4.cznnm.asia/a/Sat+View-Sat View	 Sat View - 22 resultsAd related to Sat ViewSAT Registration - The SAT is Offered 7 Times a Year.sat.collegeboard.org62,900+ followers on TwitterThe SAT is Offered 7 ...
sat	 	http://www.cobbk12.org/CampbellHS/2015-05-CampbellHS-SAT1716.pdf-SAT Classroom Tutoring	 SAT Classroom Tutoring Prepare for the May 2015 SAT with Applerouth Tutoring Services and get ahead of the game with a thorough review of content and strategies for ...
sat	 	http://www.schools.utah.gov/data/Reports/Assessment/SAT2005.aspx-SAT 2004-2005	 USOE 20060117-0A4 Assessment & Accountability 2 SAT Verbal 587 593 504 505 0 100 200 300 400 500 600 700 800 2004 2005 Utah Nation
sat	 	http://wcmu.org/news/?tag=sat-test-SAT Test | CMU Public Radio News	 http://wcmu.org/news/wp-content/uploads/2015/01/NEWS017.wav. The ACT is appealing Michigan’s decision to switch its eleventh grade standardized test to the SAT.
sat	 	http://www.dbgs.org/-Diamond Bar Girls Fast Pitch Softball - Home	 ﻿Latest DBGS News: ﻿ * Spring Sign-Ups (This Sat 1/3/15) @Peterson Park, Diamond Bar ﻿ ﻿ ﻿ * 2015 DBGS SPRING SEASON REGISTRATION INORMATION!!!
sat	 	http://www.indeed.com/cmp/Sat-Plating-1-SAT Plating Careers and Employment | Indeed.com	 Research and review SAT Plating jobs. Learn more about a career with SAT Plating including all recent jobs, hiring trends, salaries, work environment and more.
sat	 	http://086.e4.cznnm.asia/a/Sat+View-Sat View	 Sat View - 22 resultsAd related to Sat ViewSAT Registration - The SAT is Offered 7 Times a Year.sat.collegeboard.org62,900+ followers on TwitterThe SAT is Offered 7 ...
sat	 	http://www.cobbk12.org/CampbellHS/2015-05-CampbellHS-SAT1716.pdf-SAT Classroom Tutoring	 SAT Classroom Tutoring Prepare for the May 2015 SAT with Applerouth Tutoring Services and get ahead of the game with a thorough review of content and strategies for ...
sat	 	http://www.schools.utah.gov/data/Reports/Assessment/SAT2005.aspx-SAT 2004-2005	 USOE 20060117-0A4 Assessment & Accountability 2 SAT Verbal 587 593 504 505 0 100 200 300 400 500 600 700 800 2004 2005 Utah Nation
sat	 	http://wcmu.org/news/?tag=sat-test-SAT Test | CMU Public Radio News	 http://wcmu.org/news/wp-content/uploads/2015/01/NEWS017.wav. The ACT is appealing Michigan’s decision to switch its eleventh grade standardized test to the SAT.
sat	 	http://www.dbgs.org/-Diamond Bar Girls Fast Pitch Softball - Home	 ﻿Latest DBGS News: ﻿ * Spring Sign-Ups (This Sat 1/3/15) @Peterson Park, Diamond Bar ﻿ ﻿ ﻿ * 2015 DBGS SPRING SEASON REGISTRATION INORMATION!!!
sat	 	http://www.indeed.com/cmp/Sat-Plating-1-SAT Plating Careers and Employment | Indeed.com	 Research and review SAT Plating jobs. Learn more about a career with SAT Plating including all recent jobs, hiring trends, salaries, work environment and more.
sat	 	http://086.e4.cznnm.asia/a/Sat+View-Sat View	 Sat View - 22 resultsAd related to Sat ViewSAT Registration - The SAT is Offered 7 Times a Year.sat.collegeboard.org62,900+ followers on TwitterThe SAT is Offered 7 ...
sat	 	http://www.cobbk12.org/CampbellHS/2015-05-CampbellHS-SAT1716.pdf-SAT Classroom Tutoring	 SAT Classroom Tutoring Prepare for the May 2015 SAT with Applerouth Tutoring Services and get ahead of the game with a thorough review of content and strategies for ...
sat	 	http://www.schools.utah.gov/data/Reports/Assessment/SAT2005.aspx-SAT 2004-2005	 USOE 20060117-0A4 Assessment & Accountability 2 SAT Verbal 587 593 504 505 0 100 200 300 400 500 600 700 800 2004 2005 Utah Nation
sat	 	http://wcmu.org/news/?tag=sat-test-SAT Test | CMU Public Radio News	 http://wcmu.org/news/wp-content/uploads/2015/01/NEWS017.wav. The ACT is appealing Michigan’s decision to switch its eleventh grade standardized test to the SAT.
sat	 	http://www.dbgs.org/-Diamond Bar Girls Fast Pitch Softball - Home	 ﻿Latest DBGS News: ﻿ * Spring Sign-Ups (This Sat 1/3/15) @Peterson Park, Diamond Bar ﻿ ﻿ ﻿ * 2015 DBGS SPRING SEASON REGISTRATION INORMATION!!!
sat	 	http://www.indeed.com/cmp/Sat-Plating-1-SAT Plating Careers and Employment | Indeed.com	 Research and review SAT Plating jobs. Learn more about a career with SAT Plating including all recent jobs, hiring trends, salaries, work environment and more.
sat	 	http://086.e4.cznnm.asia/a/Sat+View-Sat View	 Sat View - 22 resultsAd related to Sat ViewSAT Registration - The SAT is Offered 7 Times a Year.sat.collegeboard.org62,900+ followers on TwitterThe SAT is Offered 7 ...
sat	 	http://www.cobbk12.org/CampbellHS/2015-05-CampbellHS-SAT1716.pdf-SAT Classroom Tutoring	 SAT Classroom Tutoring Prepare for the May 2015 SAT with Applerouth Tutoring Services and get ahead of the game with a thorough review of content and strategies for ...
sat	 	http://www.schools.utah.gov/data/Reports/Assessment/SAT2005.aspx-SAT 2004-2005	 USOE 20060117-0A4 Assessment & Accountability 2 SAT Verbal 587 593 504 505 0 100 200 300 400 500 600 700 800 2004 2005 Utah Nation
sat	 	http://wcmu.org/news/?tag=sat-test-SAT Test | CMU Public Radio News	 http://wcmu.org/news/wp-content/uploads/2015/01/NEWS017.wav. The ACT is appealing Michigan’s decision to switch its eleventh grade standardized test to the SAT.
sat	 	http://www.dbgs.org/-Diamond Bar Girls Fast Pitch Softball - Home	 ﻿Latest DBGS News: ﻿ * Spring Sign-Ups (This Sat 1/3/15) @Peterson Park, Diamond Bar ﻿ ﻿ ﻿ * 2015 DBGS SPRING SEASON REGISTRATION INORMATION!!!
sat	 	http://www.indeed.com/cmp/Sat-Plating-1-SAT Plating Careers and Employment | Indeed.com	 Research and review SAT Plating jobs. Learn more about a career with SAT Plating including all recent jobs, hiring trends, salaries, work environment and more.
sat	 	http://086.e4.cznnm.asia/a/Sat+View-Sat View	 Sat View - 22 resultsAd related to Sat ViewSAT Registration - The SAT is Offered 7 Times a Year.sat.collegeboard.org62,900+ followers on TwitterThe SAT is Offered 7 ...
sat	 	http://www.cobbk12.org/CampbellHS/2015-05-CampbellHS-SAT1716.pdf-SAT Classroom Tutoring	 SAT Classroom Tutoring Prepare for the May 2015 SAT with Applerouth Tutoring Services and get ahead of the game with a thorough review of content and strategies for ...
sat	 	http://www.schools.utah.gov/data/Reports/Assessment/SAT2005.aspx-SAT 2004-2005	 USOE 20060117-0A4 Assessment & Accountability 2 SAT Verbal 587 593 504 505 0 100 200 300 400 500 600 700 800 2004 2005 Utah Nation
sat	 	http://wcmu.org/news/?tag=sat-test-SAT Test | CMU Public Radio News	 http://wcmu.org/news/wp-content/uploads/2015/01/NEWS017.wav. The ACT is appealing Michigan’s decision to switch its eleventh grade standardized test to the SAT.
sat	 	http://www.dbgs.org/-Diamond Bar Girls Fast Pitch Softball - Home	 ﻿Latest DBGS News: ﻿ * Spring Sign-Ups (This Sat 1/3/15) @Peterson Park, Diamond Bar ﻿ ﻿ ﻿ * 2015 DBGS SPRING SEASON REGISTRATION INORMATION!!!
sat	 	http://wn.com/SAT_Math_Prep_Course_Question_1-SAT Math Prep Course Question #25	 SAT Math Prep Course Question #25
sat	 	http://wn.com/SAT_Math_Prep_Course_Question_5-Sat Math Prep Course Question 5	 Sat Math Prep Course Question 5
sat	 	http://wn.com/SAT_TV-Sat Tv	 Sat Tv
sat	 	http://www.dbgs.org/-Diamond Bar Girls Fast Pitch Softball - Home	 ﻿Latest DBGS News: ﻿ * Spring Sign-Ups (This Sat 1/3/15) @Peterson Park, Diamond Bar ﻿ ﻿ ﻿ * 2015 DBGS SPRING SEASON REGISTRATION INORMATION!!!
sat	 	http://www.indeed.com/cmp/Sat-Plating-1-SAT Plating Careers and Employment | Indeed.com	 Research and review SAT Plating jobs. Learn more about a career with SAT Plating including all recent jobs, hiring trends, salaries, work environment and more.
sat	 	http://086.e4.cznnm.asia/a/Sat+View-Sat View	 Sat View - 22 resultsAd related to Sat ViewSAT Registration - The SAT is Offered 7 Times a Year.sat.collegeboard.org62,900+ followers on TwitterThe SAT is Offered 7 ...
sat	 	http://www.cobbk12.org/CampbellHS/2015-05-CampbellHS-SAT1716.pdf-SAT Classroom Tutoring	 SAT Classroom Tutoring Prepare for the May 2015 SAT with Applerouth Tutoring Services and get ahead of the game with a thorough review of content and strategies for ...
sat	 	http://www.schools.utah.gov/data/Reports/Assessment/SAT2005.aspx-SAT 2004-2005	 USOE 20060117-0A4 Assessment & Accountability 2 SAT Verbal 587 593 504 505 0 100 200 300 400 500 600 700 800 2004 2005 Utah Nation
sat	 	http://wcmu.org/news/?tag=sat-test-SAT Test | CMU Public Radio News	 http://wcmu.org/news/wp-content/uploads/2015/01/NEWS017.wav. The ACT is appealing Michigan’s decision to switch its eleventh grade standardized test to the SAT.
sat	 	http://www.dbgs.org/-Diamond Bar Girls Fast Pitch Softball - Home	 ﻿Latest DBGS News: ﻿ * Spring Sign-Ups (This Sat 1/3/15) @Peterson Park, Diamond Bar ﻿ ﻿ ﻿ * 2015 DBGS SPRING SEASON REGISTRATION INORMATION!!!
sat	 	http://www.indeed.com/cmp/Sat-Plating-1-SAT Plating Careers and Employment | Indeed.com	 Research and review SAT Plating jobs. Learn more about a career with SAT Plating including all recent jobs, hiring trends, salaries, work environment and more.
sat	 	http://086.e4.cznnm.asia/a/Sat+View-Sat View	 Sat View - 22 resultsAd related to Sat ViewSAT Registration - The SAT is Offered 7 Times a Year.sat.collegeboard.org62,900+ followers on TwitterThe SAT is Offered 7 ...
sat	 	http://www.cobbk12.org/CampbellHS/2015-05-CampbellHS-SAT1716.pdf-SAT Classroom Tutoring	 SAT Classroom Tutoring Prepare for the May 2015 SAT with Applerouth Tutoring Services and get ahead of the game with a thorough review of content and strategies for ...
sat	 	http://www.schools.utah.gov/data/Reports/Assessment/SAT2005.aspx-SAT 2004-2005	 USOE 20060117-0A4 Assessment & Accountability 2 SAT Verbal 587 593 504 505 0 100 200 300 400 500 600 700 800 2004 2005 Utah Nation
sat	 	http://wcmu.org/news/?tag=sat-test-SAT Test | CMU Public Radio News	 http://wcmu.org/news/wp-content/uploads/2015/01/NEWS017.wav. The ACT is appealing Michigan’s decision to switch its eleventh grade standardized test to the SAT.
sat	 	http://www.dbgs.org/-Diamond Bar Girls Fast Pitch Softball - Home	 ﻿Latest DBGS News: ﻿ * Spring Sign-Ups (This Sat 1/3/15) @Peterson Park, Diamond Bar ﻿ ﻿ ﻿ * 2015 DBGS SPRING SEASON REGISTRATION INORMATION!!!
