since breakfast	 	http://foreversincebreakfast.com/-Forever Since Breakfast |	 Forever Since Breakfast are a 3-piece band from Northern New South Wales.
since breakfast	 	http://en.wikipedia.org/wiki/Forever_Since_Breakfast-Forever Since Breakfast - Wikipedia, the free encyclopedia	 Forever Since Breakfast is the debut Guided by Voices record, released on vinyl in 1986. In contrast to the lo-fi sound they would cultivate in the coming years, this ...
since breakfast	 	https://answers.yahoo.com/question/index?qid=20070525124749AAcCmKv-Since breakfast is the most important meal of the day is ...	 Since breakfast is the most important meal of the day is it best to eat a big breakfast or a small one?
since breakfast	 	http://breakfastfoodideas.com/-Breakfast Food Ideas | Since Breakfast has been considered ...	 Breakfast Food Ideas Since Breakfast has been considered the most important meal of theday, we help you start it in the right way.
since breakfast	 	https://answers.yahoo.com/question/index?qid=20060725104234AA6fHHC-Since breakfast is the most important meal... is it ...	 Since breakfast is the most important meal... is it healthier to eat McDonalds breakfast or none at all?
since breakfast	 	http://www.allmusic.com/album/forever-since-breakfast-mw0000946562-Forever Since Breakfast - Guided by Voices | Songs ...	 Find album reviews, stream songs, credits and award information for Forever Since Breakfast - Guided by Voices on AllMusic - 1986 - While Bob Pollard has made a name ...
since breakfast	 	http://www.azlyrics.com/lyrics/disciple/notsincebreakfast.html-DISCIPLE LYRICS - Not Since Breakfast - AZLyrics - Song ...	 Lyrics to "Not Since Breakfast" song by DISCIPLE: After forty times of hitting snooze I slip on the shirt and grab my shoes I head to work to pay my d...
since breakfast	 	http://gbvguide.blogspot.com/2006/01/guided-by-voices-forever-since.html-Guided By Voices: Forever Since Breakfast (1986)	 Radio Free Burke said... I first heard Forever Since Breakfast when Hardcore UFOs came out and it was the thing I was most excited for in the box.
since breakfast	 	http://www.allmusic.com/song/not-since-breakfast-mt0031658277-Not Since Breakfast - Disciple | Listen, Appearances, Song ...	 Find Song information for Not Since Breakfast - Disciple on AllMusic
since breakfast	 	http://www.elyrics.net/read/d/disciple-lyrics/not-since-breakfast-lyrics.html-NOT SINCE BREAKFAST Lyrics - DISCIPLE - eLyrics.net - Song ...	 Disciple Not Since Breakfast lyrics & video : After forty times of hitting snooze I slip on the shirt and grab my shoes I head to work to pay my dues Just another ...
since breakfast	 	https://www.facebook.com/pages/Forever-Since-Breakfast/133350683505657-Forever Since Breakfast | Facebook	 Forever Since Breakfast. 312 likes · 1 talking about this. Frantic Anxious Pulpists 4 Album 44 Song Debut Limited Edition Denvelope Boxset available at...
since breakfast	 	http://www.lyricsmode.com/lyrics/d/disciple/not_since_breakfast.html-Disciple - Not Since Breakfast Lyrics - LyricsMode.com	 Lyrics to Not Since Breakfast by Disciple: After forty times of hitting snooze / I slip on the shirt and grab my shoes / I head to work to
since breakfast	 	http://foreversincebreakfast.com/bio/-Bio | Forever Since Breakfast |	 Bio. Ripping through a 44 song explosion on their 4 album box set debut Forever Since Breakfast spewed forth an epic ADHD release in 2013. Behind the wheel are 3 ...
since breakfast	 	http://www.metrolyrics.com/not-since-breakfast-lyrics-disciple.html-Disciple - Not Since Breakfast Lyrics | MetroLyrics	 Lyrics to 'Not Since Breakfast' by Disciple. After forty times of hitting snooze / I slip on the shirt and grab my shoes / I head to work to pay my dues / Just
since breakfast	 	http://en.wikipedia.org/wiki/Talk:Forever_Since_Breakfast-Talk:Forever Since Breakfast - Wikipedia, the free ...	 Talk:Forever Since Breakfast. From Wikipedia, the free encyclopedia. Jump to: navigation, search. WikiProject Albums (Rated Stub-class, Low-importance)
since breakfast	 	http://shantanique.blogspot.com/-The Road to 20 - blogspot.com	 This day has been a struggle since breakfast. Speaking of breakfast .. - Plain oatmeal with cinnamon - Three pieces of turkey bacon - Water Lunch:
since breakfast	 	http://www.tcm.com/mediaroom/video/1006617/Love-Crazy-Movie-Clip-Primping-Since-Breakfast.html-Love Crazy (1941) -- (Movie Clip) Primping Since Breakfast	 title details and video sharing options. now playing Love Crazy (1941) -- (Movie Clip) Primping Since Breakfast. Opening scenes introducing William Powell as cheery ...
since breakfast	 	http://www.gbvdb.com/album.asp?albumid=951-Forever Since Breakfast - GBVDB - Guided By Voices Database	 Pressing Details: Vinyl Color # Pressed: Black: 500 Forever Since Breakfast Side One: 1. Land Of Danger 2. Let's Ride
since breakfast	 	https://plus.google.com/100948891249021511115/posts/RsyPnUtrtAW-Fruit For Breakfast!!- Since breakfast is the most ...	 Fruit For Breakfast!!- Since breakfast is the most important meal of the day, do you normally have fruit with yours? This design is very simple to re-create and you ...
since breakfast	 	http://tylerkundinger.weebly.com/-Tyler Kundinger - HOME	 Violinist Violist Guitarist vocalist Songwriter Actor. Serving Central Wisconsin's musical needs Since breakfast.
since breakfast	 	http://www.weegy.com/?ConversationId=3B2DE189-It’s 2:00 in the afternoon, and you haven’t eaten ...	 It's 2:00 in the afternoon and you haven't eaten anything since breakfast. The part of your brain that is telling you that you're hungry is hypothalamus.
since breakfast	 	http://www.kgbanswers.com/since-breakfast-and-lunch-is-called-bruch-what-would-you-say-for-lunch-and-dinner/3980787-Since breakfast and lunch is called bruch what would you ...	 Since breakfast and lunch is called bruch what would you say for lunch and dinner The KGB Agent answer: The equivalent of "brunch" late in the day would be ...
since breakfast	 	http://www.merriam-webster.com/dictionary/since-Since - Definition and More from the Free Merriam-Webster ...	 I haven't eaten since breakfast. Since the party, she has not spoken to him at all. The company has been in its present location since the beginning of the century.
since breakfast	 	http://www.lyricsmania.com/not_since_breakfast_lyrics_disciple.html-Disciple - Not Since Breakfast Lyrics	 Disciple Not Since Breakfast Lyrics. Not Since Breakfast lyrics performed by Disciple: After forty times of hitting snooze I slip on the shirt and grab my shoes I ...
since breakfast	 	http://www.reynoldsmansion.com/the-inn/breakfast.htm-Breakfast - B and B State College PA - Bellefonte ...	 We believe that dining should be something special, especially since breakfast is the most important meal of the day. ... Bellefonte, Pennsylvania, 16823, United States.
since breakfast	 	http://www.lyricsty.com/disciple-not-since-breakfast-lyrics.html-DISCIPLE - NOT SINCE BREAKFAST LYRICS - Lyricsty.com	 Not Since Breakfast lyrics - After forty times of hitting snooze I slip on the shirt and grab my shoes I head to work to pay my dues Just another week of the same old ...
since breakfast	 	https://www.bloglovin.com/blog/2017661-forever since breakfast on Bloglovin	 Don't miss any updates from forever since breakfast Bloglovin helps you follow the blogs you read by letting you know when they update.
since breakfast	 	http://www.bariatricdirect.com/healthy-low-calorie-breakfast-foods-s/1838.htm-Healthy Breakfast Foods for Weight Loss | Best Low Cal ...	 Healthy Foods to Eat for Breakfast. Since breakfast is the most important meal of the day you might as well indulge in it. Bariatric Direct has many delicious low ...
since breakfast	 	http://www.oxfordlearnersdictionaries.com/definition/english/since_1-since - Definition and pronunciation | Oxford Advanced ...	 Definition of since preposition from the Oxford Advanced Learner's Dictionary ... I haven't eaten since breakfast. He's been working in a bank since leaving school.
since breakfast	 	http://artists.letssingit.com/disciple-lyrics-not-since-breakfast-lpqqrdj-Disciple - Not Since Breakfast Lyrics - LetsSingIt	 Disciple lyrics - Not Since Breakfast: after forty times of hitting snooze, i slip on the shirt and grab my shoes, i head to work to pay my dues, just another week of ...
since breakfast	 	http://www.sing365.com/music/lyric.nsf/Not-Since-Breakfast-lyrics-Disciple/091B331D64EC39F348256E2C000ACD80-NOT SINCE BREAKFAST LYRICS - DISCIPLE	 "Not Since Breakfast" Lyrics by Disciple: After forty times of hitting snooze I slip on the shirt and grab my shoes I head to work to pay my dues Just...
since breakfast	 	http://www.tripadvisor.ca/ShowUserReviews-g42256-d2026785-r119988551-The_Leonard_at_Logan_House_Bed_and_Breakfast-Grand_Rapids_Kent_County_Michigan.html-Room is and how light you sleep, since breakfast ...	 The Leonard at Logan House Bed and Breakfast: Room is and how light you sleep, since breakfast... - See 53 traveller reviews, 45 candid photos, and great deals for ...
since breakfast	 	http://www.errismorehouse.com/-Errismore House	 Since breakfast is the most important meal of the day, we think it should be a delightful and delicious experience!
since breakfast	 	http://www.sterlingglass.net/images/phn/index.php?guided-by-voices-forever-since-breakfast.html-Guided By Voices Forever Since Breakfast - Sterling Glass ...	 Guided By Voices Forever Since Breakfast Aug 8, 2009 forever since breakfast is the debut guided by voices record, released on vinyl in 1986. in contrast to the lo-fi ...
since breakfast	 	http://alphabetlyrics.com/lyrics/disciple/not_since_breakfast.html-Not Since Breakfast lyrics by Disciple	 Disciple song lyrics, video, lyric-scroller, news and discussion for 'Not Since Breakfast'.
since breakfast	 	http://tonacklife.com/-Tonack Life	 Waking up and realizing you get to pick a christmas tree is SO EXCITING It’s like a mini-christmas in itself! Since breakfast is the most important meal of the day ...
since breakfast	 	http://www.kitchendaily.com/recipe/snickerdoodle-pancakes-Snickerdoodle Pancakes Recipe | Kitchen Daily	 Since breakfast is “The most important meal of the day” it’s super important that it be good! Warm, fluffy pancakes coated in cinnamon sugar and dripping in ...
since breakfast	 	http://www.yelp.com/biz/corso-paris-Corso - 9ème - Paris, France | Yelp	 19 Reviews of Corso "Stumbled into this place with a friend after (stupidly) not having eaten since breakfast and walking Versailles. This was the only place close to ...
since breakfast	 	http://music.famousfix.com/tpx_1133930/forever-since-breakfast/-Guided By Voices - Forever Since Breakfast Discography ...	 List of tracks in the album Forever Since Breakfast by Guided By Voices. Forever Since Breakfast discography.
since breakfast	 	http://www.gvsu.edu/events/rice-conference-realizing-and-addressing-issues-in-our-3/-R.I.C.E. Conference: Realizing and Addressing Issues in ...	 The conference is free and open to the public. Please contact David Tran at david.tran517@gmail.com to reserve your seat since breakfast and lunch will be provided.
since breakfast	 	http://lyrics.christiansunite.com/lyrics_492_16.shtml-Disciple, By God - Not Since Breakfast Lyrics	 Disciple, Not Since Breakfast lyrics from album By God on ChristiansUnite.com. - Disciple, By God - Not Since Breakfast Lyrics - Christian Music lyrics, top CCM ...
since breakfast	 	http://www.last.fm/music/Disciple/_/Not+Since+Breakfast-Disciple – Not Since Breakfast – Listen and discover ...	 Disciple – Not Since Breakfast appears on the album By God. There are multiple artists with the name Disciple: 1. Disciple was formed in 1992 by high-school friends ...
since breakfast	 	http://iphone.wareseeker.com/free-been-in-the-navy-since-breakfast-guy/-Free been in the navy since breakfast guy Download ...	 Free been in the navy since breakfast guy Download - iphone software at WareSeeker.com - The Bed and Breakfast Mapper is a nationwide bed and breakfast directory.
since breakfast	 	http://www.ebay.com/itm/Guided-By-Voices-Forever-Since-Breakfast-RED-VINYL-LP-Record-robert-pollard-NEW-/230936788557-Guided by Voices Forever Since Breakfast Red Vinyl LP ...	 Guided By Voices Forever Since Breakfast RED VINYL LP Record robert pollard NEW! in Music, Records | eBay
since breakfast	 	http://www.ebay.com/itm/GUIDED-BY-VOICES-FOREVER-SINCE-BREAKFAST-2005-RED-VINYL-RE-ISSUE-7-TRACK-EP-/121027882743-Guided by Voices Forever Since Breakfast 2005 Red Vinyl re ...	 guided by voices - "forever since breakfast" original 2005 red vinyl re-issue pressing (of gbv's first ever release!) only 1000 pressed! - number 5 of 1000!!
since breakfast	 	http://teksty.org/disciple,not-since-breakfast,tekst-piosenki-Disciple - Not since breakfast - tekst piosenki, teledysk ...	 Disciple – Not since breakfast – tekst piosenki, teledysk, tłumaczenie. Sprawdź słowa piosenki Not since breakfast Disciple, zobacz teledysk.
since breakfast	 	http://lyrics-keeper.com/en/disciple/not-since-breakfast.html-Disciple: Not Since Breakfast Song Lyrics	 Not Since Breakfast Lyrics — Disciple: After forty times of hitting snooze, I slip on the shirt and grab my shoes, I head to work to pay my dues, Just another week ...
since breakfast	 	http://www.fmylife.com/intimacy/20870154-FML: for the third time since breakfast, I accidentally ...	 Intimacy: Today, for the third time since breakfast, I accidentally walked in on my father wanking. FML Read more
since breakfast	 	http://www.iomoio.com/song/1761414_disciplenotsincebreakfastmp3download.html-Not Since Breakfast 2004 Christian Rock - Disciple ...	 Here you can buy and download music mp3 Disciple. You can buy Not Since Breakfast 2004 Christian Rock - Disciple - Duration: 3 min. Listen online top songs Not Since ...
since breakfast	 	http://frugalfamilyfunspot.blogspot.com/2010/02/since-breakfast-is-most-important-meal.html-Win 2 Boxes of Mom's Best Naturals Cereal!!! (2 Winners!)	 Since Breakfast is the most important meal of the day, and because my daughter LOVES to eat cereal before she goes to school, I wanted to try Mom's Best ...
since breakfast	 	http://www.agbaker.info/-WORD or TONGUE?	 Goodnight! Jazzed out can't stay up goodnight. Funked since breakfast. Groovy spirit message: Goodnight to you. I'm gonna dream of everything as one
since breakfast	 	http://bbsblthree.proboards.com/thread/7281/5-24-30-2013?page=8-5/24 - 5/30 (2013) | BBSBL Three	 "I ain't had a drink since breakfast." steve Co-Commissioner Milwaukee Brewers. hank smells. Posts: 26,766 Member is Online.
since breakfast	 	http://www.veooz.com/photos/4H2ueUP.html-@DruggyBuilder fix the stairs and fuck off boys.......on ...	 @DruggyBuilder fix the stairs and fuck off boys.....on it since breakfast #GRAMLINEFRIDAY http://t.co/1xNaYWmX2E
since breakfast	 	http://www.quickmeme.com/meme/3586nj-Fapped 13 times since breakfast? Perfectly normal ...	 Fapped 13 times since breakfast? Perfectly normal. Internet Doctor
since breakfast	 	http://www.lockheartgables.com/gourmet-breakfast.htm-Gourmet Breakfast at Lockheart Gables in Fort Worth, TX	 Breakfast at Lockheart Gables Since breakfast is the most important meal of the day, it should be amazing. A full gourmet breakfast will be delivered right to your ...
since breakfast	 	http://www.iomoio.com/album/238862_guidedbyvoiceshardcoreufosforeversincebreakfastepcd5mp3download.html-Hardcore UFOs: Forever Since Breakfast (EP) CD5 1986 Indie ...	 Here you can buy and download music mp3 Guided By Voices. You can buy Album Hardcore UFOs: Forever Since Breakfast (EP) CD5 1986 - Guided By Voices. Listen online top ...
since breakfast	 	https://ca.answers.yahoo.com/question/index?qid=20080117101248AATkSxs-I'm going about 5 hours so far on no food since breakfast ...	 I'm going about 5 hours so far on no food since breakfast, normally I don't do this but...?
since breakfast	 	http://www.musictory.com/music/Disciple/Not+Since+Breakfast-Not Since Breakfast - Disciple music and video	 This page offers Not Since Breakfast's mp3 streaming, lyrics and video by Disciple
since breakfast	 	http://www.henryhartley.com/?p=6983-Antipasto | Henry Hartley	 When I got home this evening, I knew that Cathy was going to work a bit late. Since I hadn’t eaten since breakfast, I wanted something to tide me over until she got ...
since breakfast	 	http://iphone.wareseeker.com/free-been-in-the-navy-since-breakfast-guy-song/-Free been in the navy since breakfast guy song Download ...	 Free been in the navy since breakfast guy song Download - iphone software at WareSeeker.com - The Bed and Breakfast Mapper is a nationwide bed and breakfast directory.
since breakfast	 	http://www.henryhartley.com/?p=6983-Antipasto | Henry Hartley	 When I got home this evening, I knew that Cathy was going to work a bit late. Since I hadn’t eaten since breakfast, I wanted something to tide me over until she got ...
since breakfast	 	http://videos.frompo.com/w/disciple+not+since+breakfast-disciple not since breakfast Videos - Frompo - 1	 disciple not since breakfast - Let's Go Discover: disciple not since breakfast - Videos - Frompo - 1
since breakfast	 	http://www.insidehoops.com/forum/showthread.php?page=2&t=226887-"We da bess" "Heat fan since breakfast" "C. Cruise" - ALL ...	 Page 2-"We da bess" "Heat fan since breakfast" "C. Cruise" - ALL GONE!!!!! NBA Forum
since breakfast	 	http://iphone.wareseeker.com/free-been-in-the-navy-since-breakfast-guy-song/-Free been in the navy since breakfast guy song Download ...	 Free been in the navy since breakfast guy song Download - iphone software at WareSeeker.com - The Bed and Breakfast Mapper is a nationwide bed and breakfast directory.
since breakfast	 	http://music-lobster.com/song/disciple-a18448/not-since-breakfast-s134587-Disciple - Not Since Breakfast, текст песни ...	 Текст песни (слова) Disciple - Not Since Breakfast. After forty times of hitting snooze I slip on the shirt and grab my shoes I head to work to pay my ...
since breakfast	 	http://www.cyclopaedia.fr/wiki/Forever_Since_Breakfast-Forever Since Breakfast | Résultats sur Internet ...	 Résultats pour "Forever Since Breakfast" sur Internet, dans les universités et dans les œuvres littéraires cyclopaedia.net
since breakfast	 	http://www.newstatesman.com/blogs/laurie-penny/2011/09/police-lines-edl-young-street-New Statesman | An afternoon with the English Defence League	 Tired, hot and frustrated -- they've been drinking since breakfast.
since breakfast	 	http://www.stayathomepets.com/dailyservice.php-Stay At Home Pets - Daily Dog Walks	 Then it hits you...you haven't had a bathroom break since breakfast, which included a large coffee or two. Luckily for you, there's a bathroom down the hall and you ...
since breakfast	 	http://www.higherpraise.com/lyrics/radical/disciple/by-god/not-since-breakfast.htm-Not Since Breakfast Lyrics by Disciple @ HigherPraise.com	 Not Since Breakfast by Disciple chords, lyrics, and tabs. Higher Praise is your resource for all Praise and Worship, and Christian Lyrics, Chords and Tabs.
since breakfast	 	http://www.angolotesti.it/D/testi_canzoni_disciple_8385/testo_canzone_not_since_breakfast_723012.html-Not Since Breakfast Testo Disciple - Angolo Testi	 Not Since Breakfast testo canzone cantato da Disciple: After forty times of hitting snooze I slip on the shirt and grab my shoes I head to work to pay my dues Just ...
since breakfast	 	http://www.hangtightwmarc.com/?feel-tight=ham-sandwich-with-egg-and-tomato-HangTight with MarC | Ham Sandwich with Egg and Tomato	 Feast your eyes on this delicious, nutritious-minus the ham, and best of all – easy to prepare breakfast. Since breakfast is the most important meal of the day, it ...
since breakfast	 	https://uk.answers.yahoo.com/question/index?qid=20070702054302AAUaCWE-Unable to eat!? - Yahoo Answers UK	 I haven't had any appetite since Friday morning and have not eaten anything since breakfast on Friday part if this is because i had a tooth removed on ...
since breakfast	 	http://www.songtextemania.com/not_since_breakfast_songtext_disciple.html-Not Since Breakfast Songtext von Disciple Lyrics	 Not Since Breakfast Songtext After forty times of hitting snooze I slip on the shirt and grab my shoes I head to work to pay my dues Just another week of the same old ...
since breakfast	 	http://georgiesenglishwiki.pbworks.com/f/Simple%20Sentence%20Combining%20Worksheet.doc-Simple Sentence Combining Worksheet - georgie ziff class ...	 She had not eaten since breakfast. 8) ... Combine the following sentences with a subordinating conjunction (after all, although, while, because, before, ...
since breakfast	 	http://bbsblthree.proboards.com/thread/3258/los-angeles-dodgers-spend-thread?page=7-Los Angeles Dodgers Spend Thread | BBSBL Three	 "I ain't had a drink since breakfast." Rooster Cogburn General Manager Los Angeles Dodgers
since breakfast	 	http://www.pugsnuggly.com/current_events.html-Pug Snuggly® By YOGI "Always Underfoot" with Velma & Halo	 At Pug Snuggly, everything comes to a momentary halt when Elevenses* comes around. Being cruelly deprived of food since breakfast, without prompting Velma & Halo ...
since breakfast	 	http://9gag.com/gag/a8b1V8e/when-i-m-at-a-party-and-haven-t-eaten-since-breakfast-When I'm at a party and haven't eaten since breakfast - 9GAG	 When I'm at a party and haven't eaten since breakfast - 9GAG has the best funny pics, GIFs, videos, memes, cute, wtf, geeky, cosplay photos on the web. We are your ...
since breakfast	 	http://www.adweek.com/news/advertising-branding/most-important-129428-Most Important | Adweek - Adweek – Breaking News in ...	 Jack tells "Lunch" and "Dinner" that since breakfast is the most important meal of the day, it will be served all day long at Jack in the Box restaurants.
since breakfast	 	http://mirpesen.com/ru/disciple/not-since-breakfast.html-Disciple: Not Since Breakfast — Текст песни	 Зайди и узнай текст песни «Not Since Breakfast» — Disciple: After forty times of hitting snooze, I slip on the shirt and grab my shoes, I ...
since breakfast	 	http://kitschnzinc.blogspot.com/2013/05/that-was-week-that-was_10.html#!-That Was The Week That Was | Kitsch'n'Zinc	 Since breakfast in bed is the universal “thank you” for Mom on Mother’s Day celebrity Chef Emeril Lagasse annually hosts a Breakfast in Bed contest.
since breakfast	 	http://www.nonstopenglish.com/exercise.asp?exid=872-Put the word in brackets into the Past Simple or Present ...	 Put the word in brackets into the Past Simple or Present Perfect. (did vs. have done) Example: I (not see) her since breakfast. (key = have not seen)
since breakfast	 	http://www.bloglovin.com/en/blog/2017661/forever-since-breakfast-forever since breakfast on Bloglovin	 Don't miss any updates from forever since breakfast Bloglovin helps you follow the blogs you read by letting you know when they update.
since breakfast	 	http://www.flyertalk.com/forum/24073509-post233.html-FlyerTalk Forums - View Single Post - HNL / US gateway ...	 Getting thirsty there Uncle T? It's not been that long since breakfast has it?
since breakfast	 	http://www.optimumnutrition.com/news.php?article=1139-News | Optimum Nutrition: True Strength	 Researchers have determined that about 60% of American teenagers don't eat breakfast. That's unfortunate since breakfast skipping is strongly associated with ...
since breakfast	 	http://www.jokeblogger.com/joke/3m7l-Joke :: Breakfast for lunch is the greatest invention ...	 Breakfast for lunch is the greatest invention since breakfast for dinner.
since breakfast	 	http://www.ar15.com/forums/t_5_15/87010_.html-Say I wanted to get my 92FS refinished... - AR15.COM	 You're gonna have to answer to the Coca-Cola company. - Colonel "Bat" Guano I aint had a drink since breakfast. - Rooster Cogburn
since breakfast	 	http://www.optimumnutrition.com/news.php?article=1139-News | Optimum Nutrition: True Strength	 Researchers have determined that about 60% of American teenagers don't eat breakfast. That's unfortunate since breakfast skipping is strongly associated with ...
since breakfast	 	http://www.ar15.com/forums/t_5_15/87010_.html-Say I wanted to get my 92FS refinished... - AR15.COM	 You're gonna have to answer to the Coca-Cola company. - Colonel "Bat" Guano I aint had a drink since breakfast. - Rooster Cogburn
since breakfast	 	http://www.jokeblogger.com/joke/3m7l-Joke :: Breakfast for lunch is the greatest invention ...	 Breakfast for lunch is the greatest invention since breakfast for dinner.
since breakfast	 	http://www.bloglovin.com/en/blog/2017661/forever-since-breakfast-forever since breakfast on Bloglovin	 Don't miss any updates from forever since breakfast Bloglovin helps you follow the blogs you read by letting you know when they update.
since breakfast	 	http://www.flyertalk.com/forum/24073509-post233.html-FlyerTalk Forums - View Single Post - HNL / US gateway ...	 Getting thirsty there Uncle T? It's not been that long since breakfast has it?
since breakfast	 	http://archive.constantcontact.com/fs035/1011348543029/archive/1109393602056.html-News from the Leave No Trace Center for Outdoor Ethics	 It's late in the day and has raining since breakfast. Your group is moving along the trail but at a much slower pace than you had hoped for, and the chances of making ...
since breakfast	 	http://www.parolesmania.com/paroles_disciple_8385/paroles_not_since_breakfast_723012.html-Paroles Not Since Breakfast - Disciple	 Paroles de Not Since Breakfast After forty times of hitting snooze I slip on the shirt and grab my shoes I head to work to pay my dues Just another week of the same ...
since breakfast	 	http://lyricskeeper.it/it/disciple/not-since-breakfast.html-Testo canzone di Disciple: Not Since Breakfast	 Testo canzone Not Since Breakfast — Disciple: After forty times of hitting snooze, I slip on the shirt and grab my shoes, I head to work to pay my dues, Just ...
since breakfast	 	http://www.usingenglish.com/forum/threads/213491-since-after-[Grammar] since, after - UsingEnglish.com ESL Forum	 1. I haven't eaten anything since breakfast (in the textbook) 2. I haven't eaten anything after breakfast (my opinion) 2 is correct?(grammatically)
since breakfast	 	https://au.answers.yahoo.com/question/index?qid=20111127132055AAWArfy-Heavy Period no pads!? - Yahoo	 Today is suppose to be my last day but for some reason since breakfast it has been heavy I have alre...
since breakfast	 	https://nz.answers.yahoo.com/question/index?qid=20080609155439AAUNcNP-I sweat a lot. i mean a LOT. and it's embarassing. how do ...	 i sweat a LOT and it sucks. even if i haven't eaten or drunken anything since breakfast, an eight block walk home from the train station in the afternoon ...
since breakfast	 	http://vinylsnurr.se/skiva/11169/forever-since-breakfast/guided-by-voices-Guided By Voices - Forever Since Breakfast - Vinylsnurr.se	 Addera Forever Since Breakfast av Guided By Voices till din skivsamling. Skivan är utgiven i 2 olika utgåvor.
since breakfast	 	http://www.ad-hoc-news.de/mothers-left-children-in-squalid-house-for-eight-hours-so--/de/News/41269695-"The little girl was found wearing nothing on her bottom ...	 The little girl was found wearing nothing on her bottom half and told police she hadn t eaten since breakfast the day before the court heard
since breakfast	 	http://thearmidaleclub.com/forever-since-breakfast-fri-apr-11th-the-armidale-club/-Forever Since Breakfast (Supporting Caravan Sun) / Fri Apr ...	 Forever Since Breakfast Fri Apr 11th The Armidale Club (Supporting Caravan Sun) Web. Facebook . Ripping through a 44 song explosion on their 4 album box set debut ...
since breakfast	 	http://www.goodreads.com/quotes/573690-i-needed-another-soda-i-d-only-had-six-since-breakfast-Quote by Meg Cabot: “I needed another soda. I’d only ...	 Meg Cabot — ‘I needed another soda. I’d only had six since breakfast.’
since breakfast	 	http://www.gbv.com/oldgbvsite/chords/shewantstoknow.html-She Wants to Know Chords - ROBERT POLLARD - GUIDED BY VOICES	 Guided By Voices : She Wants to Know (from Forever Since Breakfast) Tabbed by Sven For corrections, comments or anything else: erdbebenkleber@gmx.de Chords: E ...
since breakfast	 	http://www.nyu.edu/classes/bello/DCMS_files/8-MIR.pdf-Music Information Retrieval - New York University	 What is MIR? “Imagine a world where you walk up to a computer and sing the song fragment that has been plaguing you since breakfast. The computer accepts your off ...
since breakfast	 	http://notsoguiltypleasures.weebly.com/-Not So Guilty Pleasures - Home	 Since breakfast is the most important meal of the day, why not start out with something delicious! This clean eating pancake/waffle recipe is sure to please all ages!
since breakfast	 	http://www.bbc.co.uk/schoolradio/subjects/earlylearning/nurserysongs/F-J/goosey_goosey_goosey-Nursery rhymes and songs: Goosey, goosey, goosey	 Goosey, goosey, goosey, lay a golden egg for me! Goosey, goosey, goosey, I want one for my tea! I haven't had an egg since breakfast, And now it's half-past three,
since breakfast	 	http://notsoguiltypleasures.weebly.com/-Not So Guilty Pleasures - Home	 Since breakfast is the most important meal of the day, why not start out with something delicious! This clean eating pancake/waffle recipe is sure to please all ages!
since breakfast	 	http://kidshealth.org/PageManager.jsp?lic=66&cat_id=20165&article_set=32157&ps=204-What Is Hypoglycemia?	 Jake hadn't eaten since breakfast — he'd just been too busy. As he headed off to wrestling practice, he felt like he was running out of energy, so he grabbed some ...
since breakfast	 	https://www.extremely-fit.com/fitness-tips/tag/breakfast/-breakfast	 Since breakfast is the most important meal of the day, it's important to make breakfast a healthy "good for you" meal. It has to be simple and easy, and of course ...
since breakfast	 	http://www.rnforde.com/?p=11-SUN/HATER BLOCKERS - RNFORDE	 You NEVER need a reason to block the sun or a hater, so you don't need a reason to rock these must haves..Raybans have been in esistance since Breakfast at Tiffanys (RIP
since breakfast	 	http://kitana762.deviantart.com/art/LittlePink-Part-1-504447180-LittlePink Part 1 by Kitana762 on DeviantArt	 Anyway here you have something that was on my mind for a long time (by wich i mean since breakfast) dialoges aren't perfect but i think the main idea comes trough
since breakfast	 	http://suesol.typepad.com/music_media_other_random_/atom.xml-music, media & other random musings	 It's as if it had only been since breakfast since you last spoke.... Old Friends. I was half watching the SAG awards while half reading a book, ...
since breakfast	 	http://www.songteksten.nl/songteksten/158140/disciple/not-since-breakfast.htm-♫ Disciple - Not Since Breakfast songtekst | Songteksten ...	 Disciple - Not Since Breakfast. Verse 1 After forty times of hitting snooze I slip on the shirt and grab my shoes I head to work to pay my dues just another week of ...
since breakfast	 	http://archive.thecalifornian.com/article/20140403/ENTERTAINMENT03/304030012/Ricardo-Diaz-New-Pizza-Factory-opens-Dining | The Salinas Californian | thecalifornian.com	 Since breakfast is the easiest meal to skip, lunch can't come soon enough. So today to combat my sluggishness, I am pepping it up and grabbing some pizza for lunch.
since breakfast	 	http://www.nonstopenglish.com/lang/de/exercise.asp?exid=872-Put the word in brackets into the Past Simple or Present ...	 Put the word in brackets into the Past Simple or Present Perfect. (did vs. have done) Example: I (not see) her since breakfast. (key = have not seen)
since breakfast	 	http://makeameme.org/meme/petty-officer-since-petty officer since breakfast alpo - Scumbag Steve | Make ...	 Scumbag Steve petty officer since breakfast - alpo. add your own captions report this. Report this image
since breakfast	 	http://www.henryhartley.com/?m=20141124-24 | November | 2014 | Henry Hartley	 When I got home this evening, I knew that Cathy was going to work a bit late. Since I hadn’t eaten since breakfast, I wanted something to tide me over until she got ...
since breakfast	 	http://www.mepas-hotel.ba/?page_id=1007&lang=en-Banquet Hall | HOTEL MEPAS – Mostar	 Since breakfast is the most important meal of the day, we pay special attention not only to its preparation but also to the area where it is served – awaken to the ...
since breakfast	 	http://www.mythirtyspot.com/2011/02/morning-protein-glory.html/-Morning Protein Glory | MyThirtySpot	 Usually when I wake up, I am not hungry at all. I know that is not very good since breakfast is the most important… blah, blah, blah. Anyway, it is very important ...
since breakfast	 	https://malaysia.answers.yahoo.com/question/index?qid=20120321200010AASQfvD-Food after tooth extraction? - Yahoo	 To sum it all up, I extracted 4 teeth today. The blood has clotted and I haven't ate since breakfast...
since breakfast	 	http://www.mythirtyspot.com/2011/02/morning-protein-glory.html/-Morning Protein Glory | MyThirtySpot	 Usually when I wake up, I am not hungry at all. I know that is not very good since breakfast is the most important… blah, blah, blah. Anyway, it is very important ...
since breakfast	 	http://www.plentyquotes.com/tvseries-q/Adventures-of-the-Gummi-Bears/quote-544.html-Tummi Gummi: I haven't had a meal like that since breakfast.	 Adventures of the Gummi Bears quotes | Tummi Gummi: I haven't had a meal like that since breakfast.
since breakfast	 	http://www.mepas-hotel.ba/?page_id=1007&lang=en-Banquet Hall | HOTEL MEPAS – Mostar	 Since breakfast is the most important meal of the day, we pay special attention not only to its preparation but also to the area where it is served – awaken to the ...
since breakfast	 	http://www.diabetesforums.com/forum/topic/52470-question-about-sugar-levels/-Question about sugar levels - Diabetes - Diabetes forums	 Hello, Recently I went to the hospital with anxiety related issues and after not eating since breakfast, the hospital told me my glucose level was 104.
since breakfast	 	http://www.lgrworld.com/shop/victoria/honey-4/-HONEY // GREEN G15 LENSES | L.G.R - Sunglasses & Optical ...	 Victoria is a timeless beauty. In style since Breakfast at Tiffany’s this frame features hand polished smooth edges and exceptional cellulose acetate craftsmanship.
since breakfast	 	http://contour.org/ceg-vb/forum/general/common-interests/36589-wouldn-t-you-really-rather-have-a-buick-Wouldn't you really rather have a Buick? - CEG Forums	 2000 Tropic Green Contour SVT 1994 Opal Frost Taurus SHO -- SOLD! "Have you ever seen a spleen that large?" "No -- no -- not since breakfast."
since breakfast	 	http://www.lyricsdepot.com/album/guided-by-voices/forever-since-breakfast.html-Guided By Voices Forever Since Breakfast Lyrics	 Lyrics Depot is your source of lyrics to Guided By Voices Forever Since Breakfast songs. Please check back for new Guided By Voices Forever Since Breakfast music lyrics.
since breakfast	 	http://www.stayathomepets.com/dailyservice.html-Stay At Home Pets - Daily Dog Walks	 Then it hits you...you haven't had a bathroom break since breakfast, which included a large coffee or two. Luckily for you, there's a bathroom down the hall and you ...
since breakfast	 	http://www.cycletrailsaustralia.com/5_road/something-else-cycle trails Australia: doing something else	 Out there, when 4WDers stop for a chat they often confess they have been driving for 6 hours without a break and travelled 700km since breakfast.
since breakfast	 	http://twitter.imageshack.com/h266227330j-I'm gonna try eating this delicious looking cupcake. I ...	 I'm gonna try eating this delicious looking cupcake. I haven't eat anything since breakfast :/ http://yfrog.com/h266227330j
since breakfast	 	http://www.topmarks.co.uk/Flash.aspx?bbc=goosey-goosey-goosey-Goosey Goosey Goosey - Topmarks Education: teaching ...	 Goosey, goosey, goosey. Lay a golden egg for me . Goosey, goosey, goosey. I want one for my tea. I haven’t had an egg since breakfast. And now it’s half-past three
since breakfast	 	http://advrider.com/forums/showpost.php?p=25814640&postcount=96-ADVrider - View Single Post - The Chowder Expedition	 Day 1: 550 miles since breakfast Attached Images
since breakfast	 	http://www.lifeunleaded.blogspot.com/#!-lifeunleaded	 Fa(s)t metabolic threshold. I've started fasting now and again. Right now, for example, it's evening and I haven't eaten since breakfast. The reasons are manifold ...
since breakfast	 	http://www.redditian.com/r/reactiongifs/2mpk7u-Your grandparents reaction when you tell them you haven't ...	 Your grandparents reaction when you tell them you haven't ate since breakfast. - Redditian: Reddit hot news summaries.
since breakfast	 	http://wesatschick.blogspot.com/2007/12/day-2-pre-duffy.html-Wes at Schick: Day 2 pre-Duffy	 I've not had any food since breakfast as six hours of fasting are required before the Emetine Aversion Treatment, known as the Duffy. I'm not necessarily ...
since breakfast	 	http://web.pdx.edu/~jkh/Politeness%20strategies%20worksheet.doc-Politeness strategies - Portland State University	 From text book, page 129. Look, the point is this: Chirac has got to go. What a fantastic garden you have. You must be famished. It’s been a long time since breakfast.
since breakfast	 	http://www.lifeunleaded.blogspot.com/#!-lifeunleaded	 Fa(s)t metabolic threshold. I've started fasting now and again. Right now, for example, it's evening and I haven't eaten since breakfast. The reasons are manifold ...
since breakfast	 	http://www.thefedalijournal.com/2013/11/anniversary-champagne-brunch.html-Anniversary Champagne Brunch | The Fedali Journal ...	 This past sunday I had the pleasure of hosting a 45th Wedding Anniversary for my mother & father in-law. Since breakfast is the most important meal of the day, I have ...
since breakfast	 	http://www.redditian.com/r/reactiongifs/2mpk7u-Your grandparents reaction when you tell them you haven't ...	 Your grandparents reaction when you tell them you haven't ate since breakfast. - Redditian: Reddit hot news summaries.
since breakfast	 	http://www.albumoftheyear.org/album/15632-guided-by-voices-forever-since-breakfast.php-Guided By Voices - Forever Since Breakfast - Reviews ...	 Ratings & reviews for the album Forever Since Breakfast by Guided By Voices. See how this album was rated and reviewed by various publications, and where it finished ...
since breakfast	 	http://www.sing365.com/music/lyric.nsf/Guided-By-Voices-Forever-Since-Breakfast-Album/6BDDB652482BBD9E48256C090014886E-GUIDED BY VOICES - FOREVER SINCE BREAKFAST ALBUM TRACKLIST	 Forever Since Breakfast Album by Guided By Voices, tracks list: Like I Do; Let's Ride; Land Of Danger; The Other Place; Sometimes I Cry; Fountain Of Youth; She Wants ...
since breakfast	 	http://www.readseries.com/auth-dm/famflight1.html-A FAMILY FLIGHT - 19th-Century Girls' Series	 A FAMILY FLIGHT. CHAPTER I. ARE YOU READY? GO! HERE is Tom!" It was certainly the fifth time that this question had been asked since breakfast.
since breakfast	 	http://www.women-health-and-family-tips.com/breakfast-recipes.html-Breakfast Recipes - Women Health and Family Tips	 These nutrition easy breakfast recipes will start any morning off right. Since breakfast is the first and most important meal of the day, it naturally should start ...
since breakfast	 	http://www.pontiacperformance.net/CarPages/car84Porsche944_2.html-- It's FINALY home... (Car is towed) - 1984 Porsche 944 5 ...	 10/14/2006 - It's FINALY home... (Car is towed) I got home REALLY late. It was around midnight, and we hadn't eaten since breakfast. Erica and I were both cranky, and ...
since breakfast	 	http://breakfastfoodideas.com/breakfast/recipe-for-maple-sausage-breakfast-burritos/-Recipe For Maple Sausage Breakfast Burritos | Breakfast ...	 Breakfast Food Ideas Since Breakfast has been considered the most important meal of theday, we help you start it in the right way.
since breakfast	 	http://www.fresno-california.org/index.php?n=2&id=503&TOPIC=Fresno%20Restaurant-Fresno Restaraunt Reviews - Fresno California Information ...	 I was absolute starving, I hadn't eaten since breakfast and I was craving something cheesey, but I didn't know what. I could eat pizza any day of the week, but it ...
since breakfast	 	https://uk.answers.yahoo.com/question/index?qid=20090813153112AAKJFgM-Bowel preparation for a colonoscopy?	 Hello, I am preparing for a colonoscopy at 10.00am tomorrow and I've taken all the supplied medicines. I haven't eaten anything since breakfast, though I ...
since breakfast	 	http://www.cambio.com/videos/celebrity-news/celebrating-30-years-of-breakfast-tv--517644980/-Celebrating 30 Years of Breakfast TV - Celebrity News ...	 Tim Muffett looks back at 30 years of breakfast television on the BBC, since Breakfast Time was first broadcast on January 17th 1983.
since breakfast	 	http://www.ar15.com/forums/t_1_5/980946_.html-Girl from the Taco Bell Drive-Thru Diet commercials - AR15.COM	 You're gonna have to answer to the Coca-Cola company. - Colonel "Bat" Guano I aint had a drink since breakfast. - Rooster Cogburn
since breakfast	 	http://mediafiredownload.com/135103/Forever+Since+Breakfast+rar-Forever Since Breakfast.rar MediaFire Free Download	 Forever Since Breakfast.rar free MediaFire download. Downloading Forever Since Breakfast.rar using mediafire.com download links with password and mirrors..
since breakfast	 	http://archive.chillicothegazette.com/article/20130112/NEWS01/301120037/January-deals-rich-famous-savvy-Local News | The Chillicothe Gazette | chillicothegazette.com	 As I write this, it's Thursday and The Rich and Famous (and all their Oscar nominations and snubs, etc.) have been bombarding my life since breakfast time.
since breakfast	 	http://schools.alcdsb.on.ca/teachers/mcbrjuli/eng2p/Shared%20Documents/Grammar%20Exercises/Simple%20Sentence%20Combining%20Worksheet.doc-Simple Sentence Combining Worksheet - Algonquin and ...	 Simple Sentence Combining Worksheet. Combine the following sentences with a coordinating conjunction (for, and, ... It had not eaten since breakfast. 6) ...
since breakfast	 	http://freyjaskitchen.blogspot.com/2010/06/sunday.html-Freyja's Kitchen: Sunday	 Sunday morning and a lazy one at that. But, since breakfast is the most important meal of the day, I try to keep on top of putting some healthy food into ...
since breakfast	 	http://andallisrightintheworld.tumblr.com/post/95388236521/becky2405-have-i-missed-much-today-i-was-in-And All Is Right In The World — becky2405: Have I missed ...	 becky2405: Have I missed much today?? I was in the pool all day and haven’t eaten since breakfast and it’s 19:31 now gonna dieeeeeeee. go grab something to eat ...
since breakfast	 	http://www.bigcat.org/news/thor-in-the-sun-Thor in the Sun	 Thor in the Sun. Date: 11-25-2012. Thor is absolutely loving the warm morning sun today. He has been on his favorite perch relaxing since breakfast.
since breakfast	 	http://cassieandramon.com/view/7578382404034583/42674462-Meyer & Chaparro's Wedding Reception at The Wedgewood on ...	 Information for our guests. The reception will start shortly after the ceremony ends at the same location. Since breakfast food is clearly the best kind of food, we ...
since breakfast	 	http://www.bigcat.org/news/thor-in-the-sun-Thor in the Sun	 Thor in the Sun. Date: 11-25-2012. Thor is absolutely loving the warm morning sun today. He has been on his favorite perch relaxing since breakfast.
since breakfast	 	http://cassieandramon.com/view/7578382404034583/42674462-Meyer & Chaparro's Wedding Reception at The Wedgewood on ...	 Information for our guests. The reception will start shortly after the ceremony ends at the same location. Since breakfast food is clearly the best kind of food, we ...
since breakfast	 	http://chowhound.chow.com/topics/385517-Restaurant Reservations (Trattoria Cibreo) in Florence ...	 Since breakfast is not included in our hotel reservation, recommendations for breakfast would be appreciated, too. We'll be staying on Via de' Tornabuoni ...
since breakfast	 	http://www.rickovernaval.org/ourpages/auto/2014/3/4/53306001/2%20Finding%20Prepositions%20HW.doc-www.rickovernaval.org	 Have you eaten anything since breakfast? 6. The baseball game was canceled on account of rain. 7. We looked inside the submarine. 8. Everyone except Jan was there.
since breakfast	 	http://www.sonicomusica.com/alternativo/guided-by-voices/forever-since-breakfast/-Letras de canciones, Letras de Forever Since Breakfast ...	 Forever Since Breakfast, Guided By Voices, SonicoMusica.COM - Letras de canciones
since breakfast	 	http://www.zolligirl.com/?p=4548-Scenes from the Weekend – Part 1 | Zolligirl	 Our first stop – lunch. It had been almost 4 hours since breakfast with only Skittles, Reese’s, and Little Debbie cakes to get us through.
since breakfast	 	http://donnascornerak.com/home/product/30bd985ba10b018bcd1a7fa1649fce92-Vera Bradley Lunch Sack (African Violet) Bags ...	 Description. You've been thinking about what you packed for lunch since breakfast; keep the dream alive and your food in tact with this retro inspired Lunch Sack!
since breakfast	 	http://thearmidaleclub.com/caravana-sun-fri-apr-11-live-the-armidale-club/-Caravana Sun + Forever Since Breakfast / Fri Apr 11 / Live ...	 Caravana Sun + Forever Since Breakfast Fri Apr 11 Live @ The Armidale Club. Web. Facebook. The band will touring that weekend & heading over to Europe for JUNE-AUGUST.
since breakfast	 	http://www.thelunchbox.org/programs/breakfast/program-evaluation/-The Lunch Box | Program Evaluation	 Tracking relevant statistics is useful in garnering continued support for your program. As we’ve discussed throughout, since breakfast requires more support from ...
since breakfast	 	http://www.hotellaurence.com/index.php/home-9/-Hotel Laurence | HOTEL LAURENCE	 Restaurant. The hotel has a Restaurant of 200 square meters, with a capacity of 120 seats. Ever since breakfast, what is proposed is a typical Mediterranean
since breakfast	 	http://www.madacademy.com/02/2012/childrens-song-lyrics/chick-chick-chick-chick-chicken/-Children's song lyrics for chick chick chick chick chicken ...	 Chick, chick, chick, chick, chicken, Lay a little egg for me. Chick, chick, chick, chick, chicken, I want one for my tea. I haven’t had an egg since breakfast,
since breakfast	 	http://watchfrozenfullmovie.dollyran.com/indicative/indicative-dictionary-definition-vocabularycom.html-Indicative Dictionary Definition Vocabularycom | Watch ...	 A magnanimous person has a generous spirit. letting your little sister have the last of the cookies, even though you hadn't eaten since breakfast, would be considered.
since breakfast	 	http://giantmedia.com.au/news-tips/page/3/-News & Tips | Giant Media	 Forever Since Breakfast have a new Website!!! Giant media has just completed the recent works for a new website for Forever Since breakfast all about Music and Tours ...
since breakfast	 	http://www.hotellaurence.com/index.php/restaurant/-Restaurant | HOTEL LAURENCE	 The hotel has a room of 200 mq, with a capacity of 120 seats. Ever since breakfast, what is proposed is a typical Mediterranean menu. For lunch and dinner in the ...
since breakfast	 	http://smartmom.co/questions/my-17-month-old-has-1012-fever-she-hasnt-eaten-since-breakfast-and-she-is-very-sleepy-My 17 month old has 101.2 fever. She hasn't eaten since ...	 Ju V Sat, December 13th. My 17 month old has 101.2 fever. She hasn't eaten since breakfast and she is very sleepy. What to do??!?! Should u call her pediatrician?
since breakfast	 	http://cravehealthyfood.com/products/juices-Juices | Crave Healthy Food	 Since breakfast is still the most important meal you can eat health-wise, adding new flavors to your repertoire not only varies the nutrition, it keeps you from
since breakfast	 	http://www.adweek.com/video/jack-box-most-important-123449-Jack in the Box "Most Important" | Adweek	 Jack tells "Lunch" and "Dinner" that since breakfast is the most important meal of the day.
since breakfast	 	http://demonlouie.deviantart.com/art/TimeLouie-Developing-499668209-TimeLouie Developing by DemonLouie on DeviantArt	 Jungle Louie 3: The Evil Returns! Part 4(Final) Louie Jr. ran back to the clan, he was hungry again. (I haven't eaten anything since breakfast!) He thought.
since breakfast	 	http://mediafiredownload.com/171206/Guided+By+Voices+Forever+Since+Breakfast+zip-Guided By Voices - Forever Since Breakfast.zip MediaFire ...	 Guided By Voices - Forever Since Breakfast.zip free MediaFire download. Downloading Guided By Voices - Forever Since Breakfast.zip using mediafire.com download links ...
since breakfast	 	http://contour.org/ceg-vb/forum/modifications-and-maintenance/aesthetics/car-care/36159-hand-polishing-on-non-clear-coat-paint-Hand polishing on non-clear coat paint - CEG Forums	 2000 Tropic Green Contour SVT 1994 Opal Frost Taurus SHO -- SOLD! "Have you ever seen a spleen that large?" "No -- no -- not since breakfast."
since breakfast	 	http://www.parenting.com/article/pizza-frittata-Pizza Frittata | Parenting	 Since breakfast is the most important meal of the day, why not serve breakfast for dinner too?
since breakfast	 	http://testicanzoni.mtv.it/testi-Guided-by-Voices_564/Forever-Since-Breakfast-album_10466468-Testi Forever Since Breakfast Guided By Voices - Lyrics MTV	 Scopri tutti i testi delle canzoni dell'album Forever Since Breakfast di Guided By Voices. Le lyrics più belle e l'intera discografia su MTV.
since breakfast	 	http://scottandrewhutchins.wordpress.com/2012/12/03/wordpress-censors-my-blog/-WordPress censors my blog | Scott Andrew Hutchins	 1 hour ago – This morning, I awoke at 6:40. Since breakfast here is served from 6:30-7:30, and on a previous occasion, I got the last portion at 7:15, I ...
since breakfast	 	http://scottandrewhutchins.wordpress.com/2012/12/03/wordpress-censors-my-blog/-WordPress censors my blog | Scott Andrew Hutchins	 1 hour ago – This morning, I awoke at 6:40. Since breakfast here is served from 6:30-7:30, and on a previous occasion, I got the last portion at 7:15, I ...
since breakfast	 	http://www.over3000.net/r/reactiongifs/2mpk7u-Your grandparents reaction when you tell them you haven't ...	 Your grandparents reaction when you tell them you haven't ate since breakfast. - Over3000: Reddit post score over 3000 points.
since breakfast	 	http://www.mp3million.com/download/Guided%20By%20Voices/Hardcore%20UFOs%3A%20Forever%20Since%20Breakfast%20%28EP%29%20CD5-Guided By Voices - Hardcore UFOs: Forever Since Breakfast ...	 Buy Guided By Voices Hardcore UFOs: Forever Since Breakfast (EP) CD5 Mp3 Download. Buy & Download Cheap Mp3 Music Online.
since breakfast	 	http://macsbytes.com/?page_id=2-macsbytes.com | 2nites Activities	 My babyyyy!!!! your’e unbelievable keyuute! im soo excited for tonights activities and im sure ill like my gift. i avnt eaten since breakfast so im happily hungry ...
since breakfast	 	http://www.funtrivia.com/playquiz/quiz21756618e9518.html-Sense and Sensibility Game - Play Fun Trivia Quiz	 2. "Marianne, can you play something else? Mama has been weeping since breakfast."
since breakfast	 	http://www.madisonpublicschools.org/site/handlers/filedownload.ashx?moduleinstanceid=8502&dataid=12013&FileName=Editing%20your%20work.doc-Redundancy	 3.Donna realized she was hungry. “I haven’t eaten since breakfast,” she said. “Want to grab a pizza? ...
since breakfast	 	http://www.killerclips.com/clip.php?id=92&qid=997-KillerClips | moon river - KillerClips.com | extreme movie ...	 More clips from this movie: » will you kill me » well there we are in a gray area » no thats babar » moon river » no not since breakfast
since breakfast	 	http://filecabinet.eschoolview.com/2DC98E7D-ACEE-4611-B421-B74B41C168C6/Hardin%20Webpage/Lesson%20Plan.doc-Literary Focus - eSchoolView	 Power Point for Scarlet Ibis. Power Point of Literary Terms (Characterization, ... You haven’t eaten since breakfast. The parking lot is empty. The lights are off.
since breakfast	 	http://dontyuck.blogspot.com/-don't yuck my yum	 ah supper, I've been looking forward to this one since breakfast. We haven't had couscous for years. Just look at it Romanian pork sausage cooked in garlic, olives ...
since breakfast	 	http://instagram.com/BUCKIENAKED/-Instagram	 buckienaked The Best Thing In The Morning Since Breakfast In Bed. #TheMorningHeat Weekday Mornings 6a-10a Live On Hot 107.5! Creator of #TeamBuckieNaked http://www ...
since breakfast	 	http://alphabetlyrics.com/lyrics/disciple/not_since_breakfast.html-Not Since Breakfast lyrics by Disciple	 Disciple song lyrics, video, lyric-scroller, news and discussion for 'Not Since Breakfast'.
since breakfast	 	http://www.songlyrics.com/disciple/not-since-breakfast-lyrics/-DISCIPLE - NOT SINCE BREAKFAST LYRICS - SongLyrics.com	 Disciple - Not Since Breakfast Lyrics. After forty times of hitting snooze I slip on the shirt and grab my shoes I head to work to pay my dues Just another week of ...
since breakfast	 	http://www.tripadvisor.co.uk/ShowUserReviews-g186273-d211110-r15022254-Drakes_Hotel_Brighton-Brighton_East_Sussex_England.html-Since breakfast and car parking were extra, the ...	 Drakes Hotel Brighton: Since breakfast and car parking were extra, the... - See 617 traveller reviews, 209 candid photos, and great deals for Drakes Hotel Brighton at ...
since breakfast	 	https://foodmoodblog.wordpress.com/-Comparing good folks to good food since breakfast.	 Comparing good folks to good food since breakfast. ... Welcome back to “You Are What You Eat”! So I know you guys didn’t think I was the only food lover out ...
since breakfast	 	http://www.tripadvisor.co.uk/ShowUserReviews-g1015398-d236842-r143768745-Craigellachie_Hotel-Craigellachie_Moray_Scotland.html-Funny since breakfast was truly excellent and ...	 Funny since breakfast was truly excellent and... - Craigellachie Hotel Traveller Reviews. JOIN; LOG IN . USD Craigellachie. Craigellachie Tourism Where to stay in ...
since breakfast	 	http://www.reverbnation.com/playlist/view_playlist/-4?page_object=artist_4044826-Bad Since Breakfast - ReverbNation	 Bad Since Breakfast | Hip Hop | Frankford, DE . ... v.production-adef48df53707d776518ebdd9f554e522531335b web21.reverbnation.lan - RAILS 3.2.20
since breakfast	 	http://www.lyricsdepot.com/disciple/not-since-breakfast.html-Not Since Breakfast Lyrics by Disciple	 Lyrics Depot is your source of lyrics to Not Since Breakfast by Disciple. Please check back for more Disciple lyrics. Not Since Breakfast Lyrics
since breakfast	 	http://www.manythings.org/audio/sentences/2166.html-English Sentences with Audio Using the Word "Haven't"	 I haven't eaten since breakfast and I'm very hungry. I haven't been back here since that unfortunate incident. You have wanted to go there for a long time, ...
since breakfast	 	http://www.vocabulary.com/dictionary/magnanimous-magnanimous - Dictionary Definition : Vocabulary.com	 A magnanimous person has a generous spirit. Letting your little sister have the last of the cookies, even though you hadn't eaten since breakfast, would be considered ...
since breakfast	 	http://kidscaveentertainment.com/-kidsCave entertainment - KidsCave Entertainment	 KidsCave Entertainment announced its launch today, ... Ideas we’ve had since breakfast. 120 + Countries that have enjoyed shows Ed has directed or produced. 67.
since breakfast	 	http://theminimalbeat.blogspot.com/2013/11/tbt-guided-by-voices-forever-since.html-[#TBT] GUIDED BY VOICES – FOREVER SINCE BREAKFAST (1986)	 GUIDED BY VOICES – FOREVER SINCE BREAKFAST (I WANNA RECORDS) 1986 By: Randy Nieto “It’s been a long, long, long, long, long, long time…”. In fact ...
since breakfast	 	http://www.musictechteacher.com/music_quizzes/quiz_identify_the_treble_notes_story/quiz_identify_the_treble_notes_story.htm-Identify the Treble Clef Notes - Music Tech Teacher, Home Page	 Identify the Treble Clef Notes Gap-fill exercise. Fill in all the gaps, ... He for a piece of candy because he hadn't been since breakfast!
since breakfast	 	http://hog-n-bones.com/about-us/-About Hog -N- Bones | Hog-n-Bones	 Since breakfast was what we were known well for in our Jerry J’s Country Café restaurants we wanted to continue to serve it in our Hog-N-Bones restaurants as ...
since breakfast	 	http://imgur.com/gallery/KMaf640-Your grandparents reaction when you tell them you haven't ...	 Your grandparents reaction when you tell them you haven't ate since breakfast. · 1 month ago. 6,846 points. Image options. open new tab. download image. recommend ...
since breakfast	 	http://instagram.com/p/xwQTJQgYHP/-YUMBOX makes lunches FUN on Instagram: “Busy days ...	 Here's an inspirational lunch by @mirandajones803 "I've been fruit obsessed lately! Since breakfast is pretty protein heavy, I love a light, ...
since breakfast	 	http://www.answerbag.com/q_view/2983772-Since breakfast is the most important meal of the day ...	 Since breakfast is the most important meal of the day, should we eat breakfast three times each day? Yes. That's exactly right. You deserve a Nobel prize.
since breakfast	 	https://twitter.com/haetongue/status/546931826552352768-EFL I Love U^^ on Twitter: "One Fine Day teaser - eunhae ...	 RT: “@haetongue: One Fine Day teaser - eunhae bickering since breakfast time ㅋㅋㅋ [倩_EunHyuk] http://twitter.com/haetongue/status ...
since breakfast	 	https://au.answers.yahoo.com/question/index?qid=20101223052534AA8wuY7-After what time is breakfast not considered breakfast?	 So today I woke up at 12pm midday. Yes, I know that's bad, but since breakfast is the most important meal of the day, I still ate as soon as I woke.
since breakfast	 	http://www.ispilledthebeans.com/exercises/PDF/exercisesfororsince.pdf-For / since - pdf exercises - I spilled the beans ...	 5 - FOR / SINCE breakfast time. 6 - FOR / SINCE 1967. © W. B. F. L. - www.ispilledthebeans.com - Author: William BERTRAND Created Date: 9/26/2008 1:47:45 PM ...
since breakfast	 	http://www.cabinsuites.com/house/-The House « Cabin Suites | Bed and Breakfast	 Cabin Suites | Bed and Breakfast. Home; Amenities. Breakfast Options; The House. ... However, since breakfast is also an option it is a bed & breakfast as well.
since breakfast	 	http://esl.fis.edu/grammar/single/pastperf2.htm-Past perfect - Frankfurt International School	 Past perfect: negative sentences Random Reset Answer Help : Choose the verb from the ... since breakfast. Important: All quiz sentences are negative.
since breakfast	 	http://www.webbparkca.org/-Welcome to Webb Park!	 2days since Breakfast with Santa. Event Calendar. Join Today! Member Login. Receive Our Newsletter. Block Captains. Contact Us ...
since breakfast	 	http://quetura.com/?p=223-Breakfast buffet - Everything Quetura | Travel – Food ...	 One thing I love about Myrtle Beach is the amount of breakfast restaurants it has. Since breakfast is my favorite meal of the day I’m always excited about the ...
since breakfast	 	http://www.manythings.org/audio/sentences/143.html-English Sentences with Audio Using the Word "Since"	 You can listen to each sentence as you read it. ... I haven't eaten since breakfast and I'm very hungry. I have not eaten any seafood since the recent oil spill.
since breakfast	 	http://mollywallaceblog.blogspot.com/-Molly - The Good Life	 Since breakfast is the most important meal of the day (and my favorite) I thought that would be a good place to start. I'll bake in the morning but I'll only make ...
since breakfast	 	http://norfolkcouncilforfamilyempowerment.blogspot.com/-Norfolk Council for Family Empowerment	 Why does a preschooler refuse to eat lunch even though she hasn’t eaten since breakfast? ... Norfolk Council for Family Empowerment View my complete profile.
since breakfast	 	http://sihanoukville-cambodiaresort.blogspot.com/-Sihanoukville Cambodia Resort, Bar, Beach, Girl	 Sihanoukville Cambodia Resort, Bar, Beach, Girl Sunday, July 15, 2012. Cambodian Resort Hotel. ... tense same similarly since breakfast. ...
since breakfast	 	http://www.agondasaxony.com/-Saxony Beach Cottages & Restaurant | The best location in ...	 We are open since breakfast until 11 in the night. Our menu is very various: indian, tibetan, italian, chinese, goan and continental... Read More. Contact&booking.
since breakfast	 	http://www.onimpression.com/-On Impression	 Home of the On Impression Network and On Impression Books run by Sopphey Vance. ... Parody Poetry Journal: Bringing you funny poems since breakfast time.
since breakfast	 	http://www.yelp.com/biz/viking-lounge-mckeesport-Viking Lounge - McKeesport, PA | Yelp	 McKeesport, PA 15132; Get Directions; Phone number (412) 664-0297 Add Photo. Recommended Reviews. Search ... Hadn't eaten since breakfast and was really hungry.
since breakfast	 	http://www.flugsite.com/EligibilityPolicy.cfm-Florida Local Users Group, Inc. (FLUG) - Eligibility Policy	 Florida Local Users Group, Inc. (FLUG) is a CAD users group. ... Food expense is not eligible since breakfast and lunch for each day is provided. Vendors ...
since breakfast	 	http://www.freebase.com/m/01hvb_g-Forever Since Breakfast - Freebase	 Forever Since Breakfast is the debut Guided by Voices record, released on vinyl in 1986. In contrast to the lo-fi sound they would cultivate in the coming years, this ...
since breakfast	 	http://www.answerbag.com/q_view/420617-I'm famished, haven't eaten since breakfast and have ...	 I'm famished, haven't eaten since breakfast and have nothing to eat here. Should I drive the 15 minutes to the closest fast food and ruin my diet? or ...
since breakfast	 	http://fccav.org/images/icons/kie.jpg/zyrbb.php?guided-by-voices-forever-since-breakfast-Guided By Voices Forever Since Breakfast - Antelope Valley ...	 Forever since breakfast (1986) the grand hour (1993) static the best of guided by voices: human amusements at hourly rates (2003) crickets: best of the fading captain
since breakfast	 	http://www.music-free-download.net/mp3/Disciple/Download_Not-Since-Breakfast--_mp3_738848.html-Disciple - Not Since Breakfast - Music Free Mp3 Download	 Not Since Breakfast - Disciple Free Mp3 Download. Also we have other songs of the Disciple available, songs related with Not Since Breakfast , also Mp3 formats of ...
since breakfast	 	https://twitter.com/joannacamilley/status/543284879002058753-Joanna Camille on Twitter: "@sheba201 I just reblogged an ...	 @sheba201 I just reblogged an adorable kitten for you. and aww. i haven't left my room since breakfast :o
since breakfast	 	http://tonacklife.com/-Tonack Life	 Waking up and realizing you get to pick a christmas tree is SO EXCITING It’s like a mini-christmas in itself! Since breakfast is the most important meal of the day ...
since breakfast	 	http://www.yelp.com/biz/corso-paris-Corso - 9ème - Paris, France | Yelp	 19 Reviews of Corso "Stumbled into this place with a friend after (stupidly) not having eaten since breakfast and walking Versailles. This was the only place close to ...
since breakfast	 	http://giantmedia.com.au/2013/09/forever-since-breakfast-have-a-new-website/-Forever Since Breakfast have a new Website!!! | Giant Media	 Forever Since Breakfast have a new Website!!! Giant media has just completed the recent works for a new website for Forever Since breakfast all about Music and Tours ...
since breakfast	 	http://instagram.com/BUCKIENAKED/-Instagram	 buckienaked The Best Thing In The Morning Since Breakfast In Bed. #TheMorningHeat Weekday Mornings 6a-10a Live On Hot 107.5! Creator of #TeamBuckieNaked http://www ...
since breakfast	 	http://nl.urbandictionary.com/define.php?term=derivatation-Urban Dictionary: derivatation	 Person 1: I am dying of hungarvation cause I haven't eatin' since breakfast yesterday. Person 2: Dude that sounds like a derivatation of a word did you come up with ...
since breakfast	 	http://fourhmansnatural.com/blogs/news/16020351-obsessed-with-summertime-smoothies-Obsessed With Summertime Smoothies! – Fourhman's Natural ...	 Wake up in the morning feelin' like...well, not P. Diddy, but still feeling pretty spectacular since breakfast is going to be a delicious smoothie packed with
since breakfast	 	http://www.zoohara.com/travel-guide-westernohe-rheinland-pfalz-state-vacations-Westernohe Travel Guide - Zoohara - Travel Guides, Hotels ...	 With 13 deluxe hotel room(s), this hotel makes sure that each visitor is properly cared for. Since breakfast available at the resort, do not stress aboutskipping the ...
since breakfast	 	http://forums.charbroil.com/index.php?topic=447.0-I believe in Barbeque. - Char-Broil | Community Forums - Index	 That's good stuff for sure. "serve like it's for a fat man that hasn't eat'n since breakfast" lol TRUE DAT!
since breakfast	 	http://www.webbparkca.org/announcements/wpca-in-the-news-WPCA in the news! - Welcome to Webb Park!	 19days since Breakfast with Santa. Event Calendar. Join Today!
since breakfast	 	http://michaelpodesta.corecommerce.com/Goethe.htm-Behind The Art - Michael Podesta Graphic Design, Inc.	 Behind The Art - Goethe: It was mid-afternoon of a busy day at one of the arts and crafts shows. I realized I hadn’t eaten since breakfast.
since breakfast	 	http://www.spicypursuits.com/site/index.php?option=com_content&view=article&id=120:farmhouse-hash-breakfast&catid=74:breakfasts&Itemid=84-Farmhouse Hash Breakfast - Welcome to Spicy Pursuits	 Written by Bella Wednesday, 09 June 2010 00:00 Our family eats a good breakfast every morning. Since breakfast is the most important meal of the day, I usually make ...
since breakfast	 	http://tastykenya.weebly.com/breakfast/archives/04-2014-Blog Archives - Tasty Kenya	 BREAKFAST. Since Breakfast is the most important meal of the day, get healthy recipes on what to make for yourself and others as you start your day.....
since breakfast	 	http://m.imdb.com/title/tt0107912/quotes-Quick (1993) - Quotes - IMDb	 Herschel: What makes me a geek? Just because I haven't killed anybody since breakfast, that makes me a geek?
since breakfast	 	http://navy.memorieshop.com/McCullough/Gardens/Samoa/index.html-Samoa Cookhouse - Navy History - Oilers	 After he finished eating, He was asked if he would like seconds. He said no. Even though he had not eaten since breakfast, He was stuffed. Have you ever seen a fat ...
since breakfast	 	http://www.restaurantdoctor.com/trips/prague2002/0603b.html-The daily diary of a wandering restaurateur	 The daily diary of a wandering restaurateur June 3 - St. Gilgan, Austria. We hadn't eaten since breakfast but couldn't face another Slavic meat meal, so we pigged out ...
since breakfast	 	http://paleofaileo.tumblr.com/post/25152635537/epic-breakfast-a-pal-of-mine-is-in-the-hospital-paleo faileo | epic breakfast! a pal of mine is in the ...	 epic breakfast! a pal of mine is in the hospital, so haven’t ate an actual meal since breakfast yesterday. filling the tank. not featured: bucket of coffee.
since breakfast	 	http://livewithoutenvy.blogspot.com/2010/08/masak-masak-in-bali.html-Follow Your Bliss: Masak masak in Bali	 Since breakfast is expansive and all we might be getting are plain croissants, and we get hungry all the time, the best way out is to cook our own ...
since breakfast	 	http://www.essortment.com/breakfast-restaurants-manchester-connecticut-127342.html-Breakfast Restaurants in Manchester, Connecticut	 Manchester, Connecticut's quaint downtown district is home to several restaurants that are dedicated to serving a quality breakfast. Since breakfast is known as the ...
since breakfast	 	http://www.goodreads.com/author_blog_posts/7531852-please-hold-thumbs-holiday-edition-Scott Cherney's Blog - Please Hold Thumbs: Holiday Edition ...	 I'm feeling particularly festive today. Perhaps it's the twelfth Dirty Egg Nog Martini I slammed down since breakfast. What time is it? Is that 1:00 or 11:00?
since breakfast	 	http://meanjin.com.au/blog/post/this-advert-is-my-biggest-undertaking-since-breakfast/-This advert is my biggest undertaking since breakfast ...	 This advert is my biggest undertaking since breakfast JA October 15. The London Review of Books, venerated literary magazine of essays and criticism, has long been ...
since breakfast	 	http://nourriture-et-fleurs.tumblr.com/-Kickin' ass, takin' names.	 I’m currently debating between dinner and sex. Haven’t eaten since breakfast but I just really wanna go pounce on my husband right now so…
since breakfast	 	https://alumpofsugar.wordpress.com/2012/12/17/nutty/-Nutty - Chrissy J Lee | Los Angeles → Seoul	 Got my teeth working hard since breakfast was a bag of nuts. Did you know that nuts are said to keep your body warmer?
since breakfast	 	http://loveaddictnyc.com/2014/12/05/stop-wondering-what-you-dont-have/feed/-Comments on: Stop Wondering What You Don’t Have	 It's easy to look at someone else's life and imagine them as perfect. Realistically, that seemingly perfect girl probably hasn't eaten since breakfast, was fighting ...
since breakfast	 	http://www.misleddit.com/p/2mpttt/-Your grandparents' reaction when you tell them you haven't ...	 Menu. home; about; random; search; Your grandparents' reaction when you tell them you haven't eaten since breakfast.
since breakfast	 	http://nl.wikipedia.org/wiki/Forever_Since_Breakfast-Forever Since Breakfast - Wikipedia	 Forever Since Breakfast is de eerste ep van de Amerikaanse indierock muziekgroep Guided by Voices . In tegenstelling tot veel van hun latere lo fi werk is dit album ...
since breakfast	 	http://personalitycafe.com/general-chat/print-38474-what-did-you-last-eat-980.html-What did you last eat?	 A lollipop I found in my purse (please don´t judge me I haven´t eaten since breakfast!)
since breakfast	 	http://foodstoragekitchen.com/whats-for-breakfast-puffy-egg-pancake-casserole-food/-What's For Breakfast? Puffy Egg Pancake Casserole | Food ...	 Hey y'all! I tried a new breakfast recipe this weekend for Hubby's and my anniversary and found it thoroughly enjoyable. And since breakfast meals
since breakfast	 	http://www.tumblr.com/tagged/forever%20since%20breakfast-forever since breakfast | Tumblr - Sign up | Tumblr	 Like I do— by Guided by Voices. From the EP— Forever Since Breakfast — 1986. Going to the beginning for this fave GBV track.
since breakfast	 	http://tastykenya.weebly.com/breakfast/archives/10-2014-Blog Archives - Tasty Kenya	 BREAKFAST. Since Breakfast is the most important meal of the day, get healthy recipes on what to make for yourself and others as you start your day.....
since breakfast	 	http://tastykenya.weebly.com/breakfast/archives/10-2014-Blog Archives - Tasty Kenya	 BREAKFAST. Since Breakfast is the most important meal of the day, get healthy recipes on what to make for yourself and others as you start your day.....
since breakfast	 	http://nl.wikipedia.org/wiki/Forever_Since_Breakfast-Forever Since Breakfast - Wikipedia	 Forever Since Breakfast is de eerste ep van de Amerikaanse indierock muziekgroep Guided by Voices . In tegenstelling tot veel van hun latere lo fi werk is dit album ...
since breakfast	 	http://taniasanti.files.wordpress.com/2010/06/worksheet-tenses-4th-eso.doc-TEST PAPER 8 - LEARNING ENGLISH WITH TANIA | Just another ...	 I _____NOT HAVE anything to eat since breakfast. Mum: _____Jenny_____DECIDE to come for supper or not? Joe: I don’t know. I _____TRY ...
since breakfast	 	http://www.witnesstowar.org/download/120-www.witnesstowar.org	 a good meal. We hadn't eaten since breakfast on the train. dark the clown ahead of me, when we were between D. I. s, 44 After would mumble, "The first thing you'll ...
since breakfast	 	http://www.english-test.net/forum/ftopic89990.html-Present Perfect Continuous - Free English Tests for ESL ...	 Hello everyone, I have been learning english since my childhood. She has been driving her car for two hours. He has not been doing anything since breakfast.
since breakfast	 	https://www.pinterest.com/pin/280841726736360370/-Pin by María Aizcorbe on These shoes rock | Pinterest	 .@Jeffrey Kalmikoff Campbell | The hardest decision since breakfast. #jcgirlproblems
since breakfast	 	http://sharky63.deviantart.com/art/Giga-Bowser-hungry-90185491-Giga Bowser hungry by sharky63 on DeviantArt	 Bowser hadn't eaten since breakfast and going into his Giga Bowser form only intensified his hunger. Before long, poor Donkey Kong was a king sized snack for Giga Bowser.
since breakfast	 	http://www.dailymile.com/people/tayldn/entries/7868752-Daniel Taylor did a fitness workout: 30 Minute weight trai ...	 30 Minute weight training- all upper body Only recently back into weights so nothing heavy! 100 Sits. Not eaten anything since breakfast so probably not going to be ...
since breakfast	 	http://gbvsongbook.home.comcast.net/~gbvsongbook/gbve01-fesb/03t-like.html-tab: like i do	 name: Like I do album: Forever Since Breakfast date: 1986 author(s): Robert Pollard © 1986 Needmore song (BMI) chords: G 320003 Em 022000 Bm x24432 C x32010 F 133211 ...
since breakfast	 	http://gbvsongbook.home.comcast.net/~gbvsongbook/gbve01-fesb/03t-like.html-tab: like i do	 name: Like I do album: Forever Since Breakfast date: 1986 author(s): Robert Pollard © 1986 Needmore song (BMI) chords: G 320003 Em 022000 Bm x24432 C x32010 F 133211 ...
since breakfast	 	http://gbvsongbook.home.comcast.net/~gbvsongbook/gbve01-fesb/02t-letsride.html-© 1986 Needmore song (BMI) - tab: let's ride	 name: Let's Ride album: Forever Since Breakfast date: 1986 author(s): Robert Pollard © 1986 Needmore song (BMI) chords: E 022100 F#m 244222 Asus x02200 A x02220 ...
since breakfast	 	http://hotels.informer.com/turkey/eskisehir/cinas-hotel-320845-Cinas Hotel Eskisehir booking, Tripadvisor Reviews of ...	 Overall it is a nice hotel with good value for money, especially since breakfast was included. I needed to leave the window open but there was a fair bit of noise ...
since breakfast	 	http://www.fashionlovecharm.com/vera-bradley-c-1_122_332/-Vera Bradley : All kinds of accessories!|gloves, handbags ...	 Description You've been thinking about what you packed for lunch since breakfast; keep the dream alive and your food in tact with this retro...
since breakfast	 	http://alexandraed.tumblr.com/post/22269098893/jacket-potatoes-take-sooooo-long-and-i-havent-Jacket potatoes take sooooo long. And I haven't ...	 Jacket potatoes take sooooo long. And I haven't eaten since breakfast :
since breakfast	 	http://farm.avocadolite.com/member.phtml?id=29-AVOCADOLITE FARM!! - Amigurumi of Small Animals and People.	 Julie. Julie likes breakfast. Since breakfast is the most important meal of the day, she has decided to eat breakfast on every meal. Her favorite meal is Corn Flakes ...
since breakfast	 	http://www.educationask.com/words-wordplay/example_of_amplification_rhetorically22561.html-Example of amplification rhetorically? - EducationAsk.com	 Answers: 'I am hungry' With amplification: 'I am so incredibly hungry, I could eat a horse. I haven't eaten a entity since breakfast. My stomach is making weird ...
since breakfast	 	http://cheese-porn.tumblr.com/post/7647822108/all-things-food-cheesy-bacon-potatoes-Cheese Porn - all things food.: Cheesy Bacon Potatoes	 susannayouuu: The new camera is a big improvement on picture quality! I made this for brunch today, since breakfast doesn’t exist on weekends.
since breakfast	 	http://www.cfdmeskfe.bloog.pl/-kwazbwg - bloog.pl	 It was destroying valuable property. The tea stood cold on the table, not cleared since breakfast. They were as kind to her as they were to me.
since breakfast	 	http://zaroka.eat24hour.com/reviews-Zaroka | New Haven - Reviews	 So, it's my first night in New Haven. I rolled into town at dinner time, having not eaten since breakfast. I check into my hotel, and head out the door for...
since breakfast	 	http://www.toysvsgames.com/gp/B00KQSBMNA/HMD7432/Squishable%20Glazed%20Donut%20-%2015%22/-Squishable Glazed Donut - 15"	 It's a question as old as time (or at least since breakfast): why do Donuts have holes? Is the circle meant to evoke the heliocentric orbit of the earth, and the ...
since breakfast	 	http://www.cookwarestand.com/search/vera_bradley_lunch_sacks-Vera Bradley Lunch Sacks - Search	 Vera Bradley Lunch Sack (Moon Blooms) Bags. You've been thinking about what you packed for lunch since breakfast; keep the dream alive and your food in tact with this ...
since breakfast	 	http://www.survivinginfidelity.com/archives.asp?tid=328208-SurvivingInfidelity.com -	 He & Mom were finally able to get home to Houston today! Dad hasn't eaten anything since breakfast, though, and only half of that, because he feels nauseous.
since breakfast	 	http://www.dailymile.com/people/ClimbRunLiftMom/entries/16813852-Haley D. rode: Decent ride. Proper f... | dailymile	 Haley D. rode 10.17 miles in 59 mins. Decent ride. Proper fueling was an issue. Didn't realize I hadn't eaten since breakfast til about 3 miles in when the dry heaves ...
since breakfast	 	http://www.cannellavita.com/2012/07/blueberry-buttermilk-pancakes-guest-post.html-Cannella Vita: blueberry buttermilk pancakes (guest post)	 Today I'm so excited to be featured on Top With Cinnamon which is run by one of my favorite fellow teen bloggers Izy! Since breakfast is by far my favorite meal of ...
since breakfast	 	http://www.lepoudcaste.com/piceubf/Magnanimous-Meaning.html-Magnanimous Meaning - Le Poudcaste	 MAGNANIMITY MEANS. Members of nim you hadnt eaten since breakfast, would be magnanimous personPromotion of Magnanimous Meaning great see magni-Na definition of ...
since breakfast	 	http://macsbytes.com/?feed=comments-rss2-Comments for macsbytes.com	 My babyyyy!!!! your'e unbelievable keyuute! im soo excited for tonights activities and im sure ill like my gift. i avnt eaten since breakfast so im happily hungry ...
since breakfast	 	http://www.theminimalbeat.com/2013/11/-November « 2013 « THE MINIMΛL BEΛT	 #tbt Guided By Voices / Forever Since Breakfast (1996) Label: I WANNA RECORDS Year: 1986 “It’s been a long, long, long, long, long, long time…”.
since breakfast	 	http://falulatonks.tumblr.com/post/188352350/flickflickflicker-hospitalbeds-via-flickflickflicker: hospitalbeds:(via... - it's a moo point.	 flickflickflicker: “hospitalbeds:(via voscheveuxmagnifiques) i haven’t eaten since breakfast and i think it’s starting to show… ” YUM.
since breakfast	 	http://admin.steepster.com/teas/butiki-teas-order/54009-nutmeg-dusted-custard-Nutmeg Dusted Custard Tea by Butiki Teas Order — Steepster	 1 Tasting Note View all “Its been a rough day after a series of rough days. "Have you had any tea since breakfast?" asks the boyfriend. I say no, "Well, theres your ...
since breakfast	 	http://brownvines.com/cats/3/19017/indian/Ppl-whining-about-patiala-peg-but-cant-even-drink-indianvines-punjabivines-patilalpeg-punjabisongvin-Brown Vines - Ppl whining about patiala peg but can't even ...	 By Indiaonvine. 2 Views. Your grandpa'a reaction when you tell them you haven't eaten since breakfast #GrandpasBeLike #iwaski
since breakfast	 	http://doctorsdietitian.blogspot.com/2009/07/plain-yogurt.html-The Doctor's Dietitian: Plain Yogurt?	 Since breakfast can be challenging, here is one more easy option that takes less than 5 minutes to prepare and can hold you for 3-4 hours or until lunch.
since breakfast	 	https://ph.answers.yahoo.com/question/index?qid=20110625043202AATQ9NP-What is NBSB?/?????????? - Yahoo	 "No Boyfriend Since Birth" :-) ... No Bagels Since Breakfast ... Nice Boys Seem Boring? ... No Boyfriend since birth :P ... No Babies Sturdy Blender
since breakfast	 	http://www.dalyanvillas.com.tr/turkish-breakfast-Turkish Breakfast - Dalyan Villas	 Turkish Breakfast. Turks love eating. And since breakfast is the most important meal of the day, they know how to extend and add variety to it.
since breakfast	 	http://www.dalyanvillas.com.tr/turkish-breakfast-Turkish Breakfast - Dalyan Villas	 Turkish Breakfast. Turks love eating. And since breakfast is the most important meal of the day, they know how to extend and add variety to it.
since breakfast	 	http://www.dowereallyneedthat.com/food/rachael-rays-left-over-popcorn-recipe/-Rachael Ray’s Left Over Popcorn Recipe | Do We Really ...	 Thanks Rachael Ray for the classiest breakfast option since breakfast options have been recorded. Source: FoodNetworkHumor.com
since breakfast	 	http://forums.psychcentral.com/4113859-post55.html-Forums at Psych Central - View Single Post - Couch 81: 9 ...	 I should probably eat something. It is 9.30pm and I haven't been able to eat anything since breakfast. My stomach feels as if there is a knot in it.
since breakfast	 	http://www.corpsman.com/forum/showthread.php?117794-Corpsman-Motto-Corpsman Motto	 "Drink water, take motrin, change your socks" officially no idea, but I've only been in the Navy since breakfast.
since breakfast	 	http://www.lcitw.com/up2006/MRmusherbio.php?eid=422-MUSHSoft Race Software by LCITW.com	 Sponsors: Bachelors Since Breakfast; Gary & Sharon Vogel; Nature's Kennels, MacMillan, MI, USA; Philly & Boris Curtis; Scotty Wells;
since breakfast	 	http://37special.bigcartel.com/product/you-and-85-000-others-like-this-37Special — You and 85,000 others like this	 Buy one so you can tag yourself, or buy one for the creepster who has already poked you three times since breakfast. http://www...
since breakfast	 	http://www.last.fm/music/Guided+by+Voices/_/Land+of+Danger-Guided by Voices – Land of Danger – Listen and ...	 Watch the video or listen to Guided by Voices – Land of Danger for free. Land of Danger appears on the album Forever Since Breakfast. Guided by Voices was an indie ...
since breakfast	 	http://legal-dictionary.thefreedictionary.com/tramping-tramping legal definition of tramping	 Here have I been tramping along since breakfast-time, and now it is late in the afternoon, but never a feather of her dove's wings, never a flutter of her angel's ...
since breakfast	 	http://totesfoodbaby.blogspot.com/2012/07/kfc-lynfield-double-down-time.html-KFC - Lynfield.. Double Down time! | Food Baby	 It was a beautiful Friday afternoon in Auckland today and having nothing to eat since breakfast, a late lunch was very much needed. Having left work early ...
since breakfast	 	http://en.wiktionary.org/wiki/starved-starved - Wiktionary	 Approaching starvation, emaciated and malnourished.· (colloquial) Extremely hungry. I'm starved, I haven't eaten since breakfast.··simple past tense and ...
since breakfast	 	http://www.schoolarabia.net/msael/english/grammar/present/present_perfect/present_perfect3.htm-Secondary English	 5. In the following examples too the speakers are talking about a period that continues until now (recently/in the last few days/so far/since breakfast etc)
since breakfast	 	http://connorpatrickmurphey.blogspot.com/2009/12/connors-first-attempts-at-rice-cereal.html-Connor & Claire: Connor's first attempts at rice cereal	 Once we got home, we tried rice cereal for dinner - since breakfast went down the front. As you can see, Connor was still unsure of it all.
since breakfast	 	http://www.dreaminplastic.com/squishable-glazed-donut.html-Squishable Glazed Donut - Dream in Plastic	 Squishable Glazed Donut. It's a question as old as time (or at least since breakfast): why do Donuts have holes? Is the circle meant to evoke the heliocentric orbit ...
since breakfast	 	http://www.schoolarabia.net/msael/english/grammar/present/present_perfect/present_perfect3.htm-Secondary English	 5. In the following examples too the speakers are talking about a period that continues until now (recently/in the last few days/so far/since breakfast etc)
since breakfast	 	http://connorpatrickmurphey.blogspot.com/2009/12/connors-first-attempts-at-rice-cereal.html-Connor & Claire: Connor's first attempts at rice cereal	 Once we got home, we tried rice cereal for dinner - since breakfast went down the front. As you can see, Connor was still unsure of it all.
since breakfast	 	http://chowhound.chow.com/topics/984025-mid-state recommendation - Pacific Northwest - Chowhound	 Too bad Xinh's in Shelton isn't open for lunch. I just heard about this place in Centralia if that's not too far for you in terms of time since breakfast ...
since breakfast	 	http://palomascorner.files.wordpress.com/2011/11/present-perfect-continuous.doc-Present perfect continuous	 Present perfect continuous Affirmative: ... letters since breakfast. how long an activity continues. I ’ve. been reading. all morning. 2 Choose the correct tenses.
since breakfast	 	http://m.facebook.com/AntiPatriots?__tn__=C-Anti-Patriots	 Joanne wants cock, but monkey is tired, he's been hitting the sambuca since breakfast and nan gave him a hand job at dinner.
since breakfast	 	http://www.dowereallyneedthat.com/2011/04/page/3/-Do We Really Need That | Archive | April	 Thanks Rachael Ray for the classiest breakfast option since breakfast options have been recorded. Source: FoodNetworkHumor.com
since breakfast	 	http://www.florida4me.co.uk/sea-world-parks/discovery-cove/food-drink-at-discovery-cove/-Food & Drink at Discovery Cove | Florida 4 Me	 Since breakfast, freshly prepared lunch and unlimited snacks, drinks and select alcoholic beverages are included with every Day Resort Package to Discovery Cove, no ...
since breakfast	 	http://onebreakfastaday.wordpress.com/2011/04/20/april-20/-April, 20 - {365} Breakfasts | Breakfast is the most ...	 Such a gorgeous photo!! I bet this was delicious. Love the idea of your blog, especially since breakfast is my favorite. :)
since breakfast	 	http://ks2phonics.org.uk/4A_1.doc-ks2phonics.org.uk	 She hadn't eaten since breakfast because she was hungry. I can run when my arm got better. I could see until I turned the light on.
since breakfast	 	http://www.freerepublic.com/tag/scam/index?more=10894299-Keyword: scam	 ... Shepard, chief of surgery at St. Luke’s Medical Center in Denver, “I’ve put five college students in body bags since breakfast and more are arriving ...
since breakfast	 	http://saodarly.com/making-string-beans-salad-in-vientiane/-Making String Beans Salad in Vientiane - Sao Darly	 Since breakfast was bought to save time for the relatives having to go to work and to school, lunch had to be made. After doing her morning chores and studying before ...
since breakfast	 	http://www.englishcollocation.com/how-to-use/since-How to Use "Since" with Example Sentences	 Example sentences: "I haven't seen him since college." "They haven't eaten since breakfast." "I haven't heard this song since my childhood." "She's been waiting for ...
since breakfast	 	http://www.colsagrcorazon-granada.es/ArchivosColegiosSSC_ColegioSgdoCorazon/Archivos/Carmen%20del%20Valle/Past%20simple,%20past%20perfect%20simple%20and%20continuous.doc-www.colsagrcorazon-granada.es	 nothing to eat since breakfast. His wife usually . brought. him sandwiches at lunch time but today for some reason she . hadn’t come. 3.- Write the sentences ...
since breakfast	 	http://www.deviantart.com/morelikethis/506929857-DeviantArt: More Like **WIP** Ariel by Wise-Girl000	 ... and just said "Annabeth you'll see him once he gets to camp you don't have to wait for him, Seriously you've been here since breakfast and you missed lunch, ...
since breakfast	 	http://www.deviantart.com/morelikethis/506845840/literature-DeviantArt: More Like Amusment Day (LokixReader one shot ...	 She hadn't eaten since breakfast. In the battle versus (name) and her stomach, (name's) stomach won. (Name) dragged herself to the kitchen and peeked into the fridge.
since breakfast	 	https://m.facebook.com/annamariesplace-Annamarie's	 Andrew Basco — Since breakfast is always amazing I tried lunch about a week ago. Had one of the best bacon cheeseburges of my life. Nothing complicated about...
since breakfast	 	http://www.unsailedships.blogspot.com/2013_08_01_archive.html-Infinite Zest: August 2013	 Sometimes the day just gets away from me, then 4 rolls around, and suddenly I'm starting dinner with out having eaten since breakfast. Whoops! It's horrible.
since breakfast	 	http://low-carb-low-calorie-diet.s3-website-us-east-1.amazonaws.com/low-calorie-cracker-barrel-meals.html-Low calorie cracker barrel meals	 It is made of thin air. The body, since breakfast was 315 calories. Patience and perseverance are very high P/E ratio of macronutrient intake be damned.
since breakfast	 	http://low-calorie-cereal.s3-website-us-east-1.amazonaws.com/low-calorie-snacks-list-the-continents.html-Low Calorie Snacks List The Continents	 The spices provide depth of flavour, since breakfast was 275 calories. It may be doing brisk business. Whisk in the long run, you'll also see revenue increasing 4.
since breakfast	 	http://saodarly.com/making-string-beans-salad-in-vientiane/-Making String Beans Salad in Vientiane - Sao Darly	 Since breakfast was bought to save time for the relatives having to go to work and to school, lunch had to be made. After doing her morning chores and studying before ...
since breakfast	 	http://www.englishcollocation.com/how-to-use/since-How to Use "Since" with Example Sentences	 Example sentences: "I haven't seen him since college." "They haven't eaten since breakfast." "I haven't heard this song since my childhood." "She's been waiting for ...
since breakfast	 	http://www.colsagrcorazon-granada.es/ArchivosColegiosSSC_ColegioSgdoCorazon/Archivos/Carmen%20del%20Valle/Past%20simple,%20past%20perfect%20simple%20and%20continuous.doc-www.colsagrcorazon-granada.es	 nothing to eat since breakfast. His wife usually . brought. him sandwiches at lunch time but today for some reason she . hadn’t come. 3.- Write the sentences ...
since breakfast	 	http://www.deviantart.com/morelikethis/506929857-DeviantArt: More Like **WIP** Ariel by Wise-Girl000	 ... and just said "Annabeth you'll see him once he gets to camp you don't have to wait for him, Seriously you've been here since breakfast and you missed lunch, ...
since breakfast	 	http://www.deviantart.com/morelikethis/506845840/literature-DeviantArt: More Like Amusment Day (LokixReader one shot ...	 She hadn't eaten since breakfast. In the battle versus (name) and her stomach, (name's) stomach won. (Name) dragged herself to the kitchen and peeked into the fridge.
since breakfast	 	https://m.facebook.com/annamariesplace-Annamarie's	 Andrew Basco — Since breakfast is always amazing I tried lunch about a week ago. Had one of the best bacon cheeseburges of my life. Nothing complicated about...
since breakfast	 	http://www.unsailedships.blogspot.com/2013_08_01_archive.html-Infinite Zest: August 2013	 Sometimes the day just gets away from me, then 4 rolls around, and suddenly I'm starting dinner with out having eaten since breakfast. Whoops! It's horrible.
since breakfast	 	http://low-carb-low-calorie-diet.s3-website-us-east-1.amazonaws.com/low-calorie-cracker-barrel-meals.html-Low calorie cracker barrel meals	 It is made of thin air. The body, since breakfast was 315 calories. Patience and perseverance are very high P/E ratio of macronutrient intake be damned.
since breakfast	 	http://low-calorie-cereal.s3-website-us-east-1.amazonaws.com/low-calorie-snacks-list-the-continents.html-Low Calorie Snacks List The Continents	 The spices provide depth of flavour, since breakfast was 275 calories. It may be doing brisk business. Whisk in the long run, you'll also see revenue increasing 4.
