since the day he left	 	http://thecount.com/2013/04/12/kelly-ripa-regis-philbin/-Kelly Ripa ‘I Haven’t Spoken To Regis Since The Day He ...	 Kelly Ripa ‘I Haven’t Spoken To Regis Since The Day He Left ... Kelly Ripa was given the chance to live her wildest dreams after Regis Philbin gave ...
since the day he left	 	http://ornaldoybarra.com/-Ornaldo Ybarra - Pasadena, TX City Councilman	 Ornaldo Ybarra was born in Houston, Texas and he has been a resident of Pasadena and District A since the day he left the hospital 31 years ago.
since the day he left	 	http://losangeles.cbslocal.com/2014/12/10/victorville-woman-makes-priceless-find-11-years-after-military-husbands-death/-Victorville Woman Makes Priceless Find 11 Years After ...	 She hadn’t seen it since the day he left home. “He was like, ‘Just wait, just wait for me. I’ll come home,'” Biani said.
since the day he left	 	http://iamsyazwina.blogspot.com/-Apple and Craps - blogspot.com	 it's been seven month since the day he left us :) ...
since the day he left	 	https://malaysia.answers.yahoo.com/question/index?qid=20110831133345AAzxaFx-How to get my ex-boyfriend back? - Yahoo	 I'm so desperate to get my ex back but I just don't know how.... I've been crying since the day he left me alone. I need him. please help me? anyone?
since the day he left	 	http://www.familyfriendpoems.com/poem/the-mystery-of-love-The Mystery Of Love, Breaking Up Poem - Family Friend Poems	 Love is full of mysteries, Breaking Up Poem ... The Mystery of Love I haven't wrote a poem since the day he left My words don't sound the same anymore ,
since the day he left	 	http://www.localsyr.com/story/dewitt-police-chief-announces-he-will-run-for-onon/d/story/wsbz8OlP2EqARvTfV48ONA-Sheriff candidates lining up early in Onondaga County ...	 Conway says he’s been thinking about running for Sheriff since the day he left the office 12 ... Candidates are already lining up in the race for Onondaga County ...
since the day he left	 	http://www.huffingtonpost.com/2013/09/05/colbert-wishes-obama_n_3874006.html-Colbert Wishes Obama Would Learn From Bush On How To Sell ...	 Stephen Colbert has missed former president George W. Bush ever since the day he left the White House, but never more than during the build-up to a ...
since the day he left	 	https://answers.yahoo.com/question/index?qid=20090818083824AAr2XEN-How do you say " it's been ----years" in spanish and "how ...	 It's been 5 years since the day he left. Han pasado 5 años desde el día que se fue Han transcurrido 5 años desde el día que partió. How long has it ...
since the day he left	 	http://www.thedailybeast.com/articles/2014/12/17/be-the-smarter-bush-brother-jeb-don-t-run.html-Be the Smarter Bush Brother, Jeb: Don’t Run! - The Daily ...	 ... pols who play to the base that dominates the primary process, have been ranting against Dubya and his big-spending ways since the day he left office.
since the day he left	 	https://answers.yahoo.com/question/index?qid=20070504042036AASPaeS-My ex has a new girlfriend? - Yahoo Answers	 My ex just told me that he has a new girlfriend yesterday... I was still trying to move on and forget him ever since the day he left me.. He said i'm still ...
since the day he left	 	http://www.onedirection.net/niall-horans-dad-says-hell-make-someone-a-wonderful-husband/-Niall Horan's Dad Says "He’ll make someone a wonderful ...	 “Niall hasn’t lived at home since the day he left for that audition. ... Harry Styles Reveals EXACTLY What He Wants To Do To Niall Horan; 25 comments
since the day he left	 	http://en.wikipedia.org/wiki/Urashima_Taro-Urashima Tarō - Wikipedia, the free encyclopedia	 He discovers that 300 years have passed since the day he left for the bottom of the sea. ... a young adult novel that integrates the Urashima Taro myth into narrative.
since the day he left	 	http://jonasandwad.blogspot.com/-Our memories from July 12th 2009	 Our memories from July 12th 2009 My life in Chiang Mai for Jonas to see since the day he left town.
since the day he left	 	http://www.tvfanatic.com/quotes/i-havent-seen-that-magnificent-stallion-since-the-day-he-left/-I haven't seen that magnificent stallion since the day he ...	 I haven't seen that magnificent stallion since the day he left. But if I ever see him again, I swear I'll jam a squirrel in him! Mom
since the day he left	 	http://www.metrolyrics.com/ratchet-lyrics-all.html-All - Ratchet Lyrics | MetroLyrics	 Lyrics to 'Ratchet' by All ... what do you know? this is the best one yet. far and away since the day he left conneticut. his secret agent suit finally payed ...
since the day he left	 	http://timbishop.house.gov/index.cfm?sectionid=79&parentid=3&sectiontree=3,79&itemid=1381-Congressman Tim Bishop : Latest News : BISHOP HELPS ...	 Kurt Johnson has served his country and his community since the day he left high school,” said Congressman Bishop.
since the day he left	 	http://www.maxpreps.com/blogs/maxwire-national-blog/79txh1VQqUyCDUxDdijl9w/lebron-james-arena-coming-to-akron.htm-LeBron James Arena coming to Akron - MaxWire National Blog ...	 LeBron James Arena is expected to be ready for the 2013-14 season and the Fighting Irish ... "He's been giving since the day he left." Post Info By Jason ...
since the day he left	 	http://thelostnmissing.blogspot.com/2014/07/missing-john-hudak-71-memphis-tennessee.html-LostNMissing, Inc: #MISSING: John Hudak, 71 - Memphis ...	 "But, since the day he left he hasn't spent a penny," she said. "I can't figure out how he is living with no money." After a month, ...
since the day he left	 	http://ibookstore.com/products.php?n=301912&i=B00S1MKI0Q-ibookstore.com - Fighting to Forget: Fighting Series, Book 3	 She's lived his pain every single day, since the day he left. Changed by time, Rex doesn't remember the girl from his past. If only she could do the same.
since the day he left	 	http://vincislittleworld.blogspot.com/-Vinci's Little World	 ... someone I have a feeling on since the day he left.and when he is back the feelings come again..i never know he will be the one in my heart all this year..I don ...
since the day he left	 	http://bleacherreport.com/articles/246515-michigans-cheating-scandal-is-serious-Three Reasons Why Michigan's Cheating Scandal Is Serious ...	 ... that coach Rich Rodriguez and the University of Michigan football program have been ... been questioned since the day he left West ...
since the day he left	 	http://www.businessweek.com/articles/2014-05-28/will-paul-mcculleys-return-help-stabilize-pimco-Will Paul McCulley 's Return Help Stabilize Pimco ...	 Gross has dreamed of having McCulley back almost since the day he left: “Paul was invaluable,” Gross said. During the past couple of ... McCulley, who ...
since the day he left	 	http://profootballtalk.nbcsports.com/2014/12/07/report-michigan-reached-out-to-jim-harbaugh/-Report: Michigan reached out to Jim Harbaugh | ProFootballTalk	 Harbaughs going to be Michigan’s next head coach. I’ve said that since the day he left Stanford. It’s the perfect fit for him. pgilbert15303 says: ...
since the day he left	 	http://www.yelp.com/biz/franks-liquor-store-los-angeles-Frank’s Liquor Store - Westwood - Los Angeles, CA | Yelp	 4 Reviews of Frank's Liquor Store "My story about this store will be posted at my Facebook site ... And his inexplicable story began since the day he left the business.
since the day he left	 	http://loves-jing.blogspot.com/-loves-jing.blogspot.com	 I guess grandpa is good up there though grandma is still as lonely since the day he left. Thirdly, I have also traveled to 2 new destination: Boracay and Gold Coast.
since the day he left	 	http://www.wealthmanagement.ml.com/wm/system/ViewFAPage.aspx?pageurl=PD&locator=2C8C74AC-04AB-4D14-95D4-50E05906016C-Peter A Damascus - Merrill Lynch - Wealth Management	 peter damascus is registered to do business with merrill lynch. ... PROFESSIONAL PROFILE. Since the day he left the practice of law and joined Merrill Lynch in 1997 ...
since the day he left	 	http://vanityandviolence.tumblr.com/-Vanity & Violence	 ... of crimson blood that appears when he breaks the bride free of his bonds of virginity that have been clenching his anus since the day he left ... Violence was ...
since the day he left	 	http://www.14news.com/story/6469420/missing-mystery-reopening-a-cold-case-Missing Mystery: Reopening a cold case - Tri-State News ...	 ... there is no evidence of his existence since the day he left in ... Anyone with any information on either case should call Evansville Police Detective Guy Minnis ...
since the day he left	 	http://archive.9news.com/news/article/355958/72/Denver-Broncos-QB-Peyton-Manning-will-be-at-Todd-Heltons-last-home-game-Denver Broncos QB Peyton Manning will be at Todd Helton's ...	 ... 9NEWS Saturday Evening News Watch . Denver Broncos QB Peyton Manning will be at Todd Helton's last ... followed Helton's career since the day he left ...
since the day he left	 	http://www.channelpartnersonline.com/news/2014/07/microsoft-layoffs-carry-ripple-effect-even-richer.aspx-Microsoft Layoffs Carry Ripple Effect: Even Richer Executives	 Microsoft Layoffs ' Ripple Effect ... now is $2.8 billion richer thanks to a 23 percent increase in share values since the day he left ... investors have ...
since the day he left	 	http://beforeitsnews.com/beyond-science/2014/05/japanese-time-traveller-who-vanished-for-300-years-urashima-taro-2446274.html-Japanese Time Traveller who Vanished for 300 years ...	 One day a young fisherman named Urashima Tarō is fishing when he notices a ... He discovers that 300 years have passed since the day he left for the ...
since the day he left	 	http://philanthropy.com/article/Face-Time-With-a-University/149423-Face Time With a University President Accelerates Donors ...	 Rand Berney has been giving to Kansas State University almost since the day he left campus in 1977 with his undergraduate degree in accounting. Whether through ...
since the day he left	 	http://isportsweb.com/2014/03/02/wwe-cm-punks-potential-return-means-wwe/-WWE : What CM Punk's potential return means for WWE ...	 People have wondered since the day he left whether or not Punk’s leaving was a work or if it was real. ... CM Punk is a hero to the WWE Universe in ...
since the day he left	 	https://mobile.audible.com/pd/Romance/Fighting-to-Forget-Audiobook/B00RYG640I?s=s-Fighting to Forget Audiobook | JB Salsbury | Audible.com	 She's lived his pain every single day, since the day he left. Changed by time, Rex doesn't remember the girl from his past. If only she could do the same.
since the day he left	 	http://www.ci.pasadena.tx.us/default.aspx?name=council_a-Council Member District A, City of Pasadena	 Ornaldo Ybarra was born in Houston, Texas and he has been a resident of Pasadena and District A since the day he left the hospital 31 years ago.
since the day he left	 	http://www.ewtn.com/johnpaul2/life/final.htm-The Final Days of Pope John Paul II - EWTN Global Catholic ...	 He had not spoken in public since the day he left the hospital. ... John Paul II left this world shortly after, at 9:37 pm Rome time.
since the day he left	 	http://www.facebook.com/pages/Jesus-Cuevas-8-30-96-12-06-11-Rip/126154254165089-Jesus Cuevas 8-30-96 -12-06-11 R.i.p | Facebook	 And This Changed People Lifes And Will It Wont Change Since The Day He Left Us This Were His Some Of His Last Words ""This Is For All U ... Dear Jesus Cuevas, ...
since the day he left	 	http://patriotupdate.com/2014/12/obama-admin-apparently-considers-israel-one-unacceptable-countries/-Obama Admin Apparently Considers Israel One Of Most ...	 “Not enough common sense to govern” would aptly describe obama. He has been in over his head since the day he left “community organizing” ...
since the day he left	 	http://www.delawareonline.com/story/sports/nfl/eagles/2014/09/27/frank-birds-offensive-line-woes-going-away/16343333/-Frank: Birds' offensive line woes not going away	 ... Birds' offensive line woes not ... because we haven't had any contact since the day he left the ... with their preparation," offensive coordinator ...
since the day he left	 	http://archive.cincinnati.com/article/AB/20080423/ENT/304230007/Van-Halen-not-same-Things To Do | Cincinnati.com | cincinnati.com	 Browse or search thousands of event listings in Cincinnati. ... been wishing for original lead singer David Lee Roth's return to the fold since the day he left in ...
since the day he left	 	http://www.rogerebert.com/reviews/so-i-married-an-axe-murderer-1993-So I Married An Axe Murderer Movie Review (1993) | Roger Ebert	 "So I Married an Axe Murderer" is a mediocre movie with a good one ... in a house where time has stood still since the day he left Scotland. He seems less an ...
since the day he left	 	http://www.nytimes.com/1998/01/29/business/is-there-life-after-wall-street-tales-of-the-players-who-quit-the-game.html-Is There Life After Wall Street?; Tales of the Players Who ...	 Certainly, a lot of people on Wall Street talk about retiring early, and they calculate ''the number'' ... ''I've been frightened since the day he left.''
since the day he left	 	http://www.yelp.com/biz/forest-home-team-the-woodlands-Forest Home Team - The Woodlands, TX | Yelp	 Brian has been in Real Estate since the day he left Florida State University with a BS in Real Estate. Starting in real estate investment, Brian obtained a firm grasp ...
since the day he left	 	http://archiveofourown.org/works/2848001-I'll Be Home for Christmas - Zana_Zira - Supernatural ...	 Summary: Sam hasn't spoken to Dean once since the day he left for Stanford, and that was eight months ago. He hadn't realized how much time had passed, but when he ...
since the day he left	 	http://happiness-lynu.blogspot.com/-Our memories~ - blogspot.com	 My baby nick is gone on 12 April 2010!!! =( Recieved a morning call and heard about the BAD NEWS early in the morning! Cried n cried since the day he left us!
since the day he left	 	https://twitter.com/niseythompson-Denise Thompson ️ (@NiseyThompson) | Twitter	 I haven't seen my brother since the day he left for deployment...this gal is ready for him to be in town tomorrow ...
since the day he left	 	http://pittsburgh.cbslocal.com/2014/07/22/report-pirates-players-lobbying-for-return-of-aj-burnett/-Report: Pirates Players Lobbying For Return Of AJ Burnett ...	 PITTSBURGH (93-7 The FAN) – Since the day he left the Pirates, it seems the name A.J. Burnett has always been one to stir emotion with the Pirates’ fan ...
since the day he left	 	http://xo2angelitaxo.deviantart.com/-xo2angelitaxo (Nella) - DeviantArt	 A Promise (Oneshot)He had left a year ago; yet his things remained. Untouched by even his mother; not entered since the day he left it. The handle was never touched ...
since the day he left	 	http://holeinthedonut.com/2011/02/04/tibetan-refugee-artist-pokhara-nepal/-Tibetan Art in Pokhara, Nepal - Hole in the Donut Cultural ...	 Although he is happy living in Nepal, the forced separation from his family is a difficult burden to bear. Since the day he left Tibet, Tseten has seen his parents ...
since the day he left	 	http://drizztspirit.tripod.com/fantasy/id12.html-THE SPEARWIELDER'S TALES - DRIZZT SPIRIT-drizztspirit ...	 "The Dragon's Dagger" is the sequel to the acclaimed book, "The Woods Out Back." Gary had longed to return to the realm of Faerie ever since the day he left.
since the day he left	 	http://www.homelessnation.org/node/12800-Justin Pollari | Homeless Nation	 if justin sees this message?,or anyone that knows his whereabouts,could you please inform me,,he has not been seen or heard from since the day he left,,we know hes ...
since the day he left	 	http://www.deviantart.com/morelikethis/506709718-DeviantArt: More Like A Brother's Guilt by Tailsnumber1	 A Promise (Oneshot)He had left a year ago; yet his things remained. Untouched by even his mother; not entered since the day he left it. The handle was never touched ...
since the day he left	 	http://www.tumblr.com/search/made+by+myself+btw-made by myself btw | Tumblr	 It was probably the worst possible day he could have chosen to finally visit Amaburi since the day he left, but once his resolve had strengthened, ...
since the day he left	 	http://www.buffalobills.com/news/article-2/Losman-could-return-as-starter-Sunday/dc2e7c34-b753-405a-8ffe-9273eb6225b0-Losman could return as starter Sunday - The Official ...	 He’s thought about it since the day he left the Bills at the close of the 2008 season. Two coaching staffs and four offensive coordinators in his five ...
since the day he left	 	http://bandtasies.tumblr.com/post/76480878925/austin-carlile-imagine-sing-me-to-sleep-Bandtasies	 Okay, so my first one is an Austin Carlile imagine. He has been on tour for a while and hasn’t seen you since the day he left for tour. You always have trouble ...
since the day he left	 	https://maplewiki.net/index.php?title=Moppie-Moppie - MapleWiki	 Description. Huckle's dog Moppie has been patiently waiting for his master's return, since the day he left twenty years ago to begin his research of the strange ...
since the day he left	 	http://www.shop.com/The+Dragons+Dagger+by+Salvatore+R+A+Boehmer+Paul+MP3+CD+-854552908-p+.xhtml-The Dragon's Dagger by Salvatore, R. A./ Boehmer, Paul ...	 Gary Leger had longed to return to the realm of Faerie ever since the day he left. In that mystical world hidden behind his house, life was very diffe
since the day he left	 	http://jaynanase.deviantart.com/art/I-Still-Do-Haizaki-x-Reader-506942409-I Still Do | Haizaki x Reader by JayNanase on DeviantArt	 You never had been the same since the day he left you. You couldn’t eat for weeks, ...
since the day he left	 	https://plus.google.com/113946311011732510912/posts-Hugh Jordan - Google+	 I think a study visit to Finland would do the world of good. However, I get the impression that Mr Gove has learned nothing since the day he left school.
since the day he left	 	http://jaynanase.deviantart.com/art/I-Still-Do-Haizaki-x-Reader-506942409-I Still Do | Haizaki x Reader by JayNanase on DeviantArt	 You never had been the same since the day he left you. You couldn’t eat for weeks, ...
since the day he left	 	http://letmeliveplease.wordpress.com/-live your own destiny | Just another WordPress.com weblog	 After he left, it was as if I’ve forgotten how to breathe. I didn’t realise how long I haven’t been happy since the day he left… Elvin is right… it has ...
since the day he left	 	http://allafrica.com/stories/200309140125.html-allAfrica.com: Uganda: The Most Popular Man in Uganda	 Just 109 days since the day he left the same airport with no one giving him as much as a glance, he came back to find what looked like the whole of Uganda waiting.
since the day he left	 	http://yanksgoyard.com/2014/08/14/yankees-big-blunder/-The Yankees Big Blunder - Yanks Go Yard - A New York ...	 I know, it’s a mindset that I have been in the overwhelming minority of since the day he left. But I haven’t been shy at all since he left in December saying that ...
since the day he left	 	http://www.nipissingu.ca/departments/student-development-and-services/academic-skills/resources/Documents/SINCE%20FOR%20Exercise%203%20Answer%20Key.docx-www.nipissingu.ca	 8.for several weeks18.since the day he left. 9.since June 1st, 196919.for days. 10.since the 17th century20.For months. Choose 5 . since . and . for ...
since the day he left	 	https://plus.google.com/113946311011732510912/posts-Hugh Jordan - Google+	 I think a study visit to Finland would do the world of good. However, I get the impression that Mr Gove has learned nothing since the day he left school.
since the day he left	 	http://jaynanase.deviantart.com/art/I-Still-Do-Haizaki-x-Reader-506942409-I Still Do | Haizaki x Reader by JayNanase on DeviantArt	 You never had been the same since the day he left you. You couldn’t eat for weeks, ...
since the day he left	 	http://letmeliveplease.wordpress.com/-live your own destiny | Just another WordPress.com weblog	 After he left, it was as if I’ve forgotten how to breathe. I didn’t realise how long I haven’t been happy since the day he left… Elvin is right… it has ...
since the day he left	 	http://allafrica.com/stories/200309140125.html-allAfrica.com: Uganda: The Most Popular Man in Uganda	 Just 109 days since the day he left the same airport with no one giving him as much as a glance, he came back to find what looked like the whole of Uganda waiting.
since the day he left	 	http://yanksgoyard.com/2014/08/14/yankees-big-blunder/-The Yankees Big Blunder - Yanks Go Yard - A New York ...	 I know, it’s a mindset that I have been in the overwhelming minority of since the day he left. But I haven’t been shy at all since he left in December saying that ...
since the day he left	 	http://www.nipissingu.ca/departments/student-development-and-services/academic-skills/resources/Documents/SINCE%20FOR%20Exercise%203%20Answer%20Key.docx-www.nipissingu.ca	 8.for several weeks18.since the day he left. 9.since June 1st, 196919.for days. 10.since the 17th century20.For months. Choose 5 . since . and . for ...
since the day he left	 	https://plus.google.com/113946311011732510912/posts-Hugh Jordan - Google+	 I think a study visit to Finland would do the world of good. However, I get the impression that Mr Gove has learned nothing since the day he left school.
since the day he left	 	http://jaynanase.deviantart.com/art/I-Still-Do-Haizaki-x-Reader-506942409-I Still Do | Haizaki x Reader by JayNanase on DeviantArt	 You never had been the same since the day he left you. You couldn’t eat for weeks, ...
since the day he left	 	http://letmeliveplease.wordpress.com/-live your own destiny | Just another WordPress.com weblog	 After he left, it was as if I’ve forgotten how to breathe. I didn’t realise how long I haven’t been happy since the day he left… Elvin is right… it has ...
since the day he left	 	http://allafrica.com/stories/200309140125.html-allAfrica.com: Uganda: The Most Popular Man in Uganda	 Just 109 days since the day he left the same airport with no one giving him as much as a glance, he came back to find what looked like the whole of Uganda waiting.
since the day he left	 	http://yanksgoyard.com/2014/08/14/yankees-big-blunder/-The Yankees Big Blunder - Yanks Go Yard - A New York ...	 I know, it’s a mindset that I have been in the overwhelming minority of since the day he left. But I haven’t been shy at all since he left in December saying that ...
since the day he left	 	http://www.nipissingu.ca/departments/student-development-and-services/academic-skills/resources/Documents/SINCE%20FOR%20Exercise%203%20Answer%20Key.docx-www.nipissingu.ca	 8.for several weeks18.since the day he left. 9.since June 1st, 196919.for days. 10.since the 17th century20.For months. Choose 5 . since . and . for ...
since the day he left	 	https://plus.google.com/113946311011732510912/posts-Hugh Jordan - Google+	 I think a study visit to Finland would do the world of good. However, I get the impression that Mr Gove has learned nothing since the day he left school.
since the day he left	 	http://jaynanase.deviantart.com/art/I-Still-Do-Haizaki-x-Reader-506942409-I Still Do | Haizaki x Reader by JayNanase on DeviantArt	 You never had been the same since the day he left you. You couldn’t eat for weeks, ...
since the day he left	 	http://letmeliveplease.wordpress.com/-live your own destiny | Just another WordPress.com weblog	 After he left, it was as if I’ve forgotten how to breathe. I didn’t realise how long I haven’t been happy since the day he left… Elvin is right… it has ...
since the day he left	 	http://allafrica.com/stories/200309140125.html-allAfrica.com: Uganda: The Most Popular Man in Uganda	 Just 109 days since the day he left the same airport with no one giving him as much as a glance, he came back to find what looked like the whole of Uganda waiting.
since the day he left	 	http://yanksgoyard.com/2014/08/14/yankees-big-blunder/-The Yankees Big Blunder - Yanks Go Yard - A New York ...	 I know, it’s a mindset that I have been in the overwhelming minority of since the day he left. But I haven’t been shy at all since he left in December saying that ...
since the day he left	 	http://www.nipissingu.ca/departments/student-development-and-services/academic-skills/resources/Documents/SINCE%20FOR%20Exercise%203%20Answer%20Key.docx-www.nipissingu.ca	 8.for several weeks18.since the day he left. 9.since June 1st, 196919.for days. 10.since the 17th century20.For months. Choose 5 . since . and . for ...
since the day he left	 	https://plus.google.com/113946311011732510912/posts-Hugh Jordan - Google+	 I think a study visit to Finland would do the world of good. However, I get the impression that Mr Gove has learned nothing since the day he left school.
since the day he left	 	http://jaynanase.deviantart.com/art/I-Still-Do-Haizaki-x-Reader-506942409-I Still Do | Haizaki x Reader by JayNanase on DeviantArt	 You never had been the same since the day he left you. You couldn’t eat for weeks, ...
since the day he left	 	http://letmeliveplease.wordpress.com/-live your own destiny | Just another WordPress.com weblog	 After he left, it was as if I’ve forgotten how to breathe. I didn’t realise how long I haven’t been happy since the day he left… Elvin is right… it has ...
since the day he left	 	http://allafrica.com/stories/200309140125.html-allAfrica.com: Uganda: The Most Popular Man in Uganda	 Just 109 days since the day he left the same airport with no one giving him as much as a glance, he came back to find what looked like the whole of Uganda waiting.
since the day he left	 	http://yanksgoyard.com/2014/08/14/yankees-big-blunder/-The Yankees Big Blunder - Yanks Go Yard - A New York ...	 I know, it’s a mindset that I have been in the overwhelming minority of since the day he left. But I haven’t been shy at all since he left in December saying that ...
since the day he left	 	http://www.nipissingu.ca/departments/student-development-and-services/academic-skills/resources/Documents/SINCE%20FOR%20Exercise%203%20Answer%20Key.docx-www.nipissingu.ca	 8.for several weeks18.since the day he left. 9.since June 1st, 196919.for days. 10.since the 17th century20.For months. Choose 5 . since . and . for ...
since the day he left	 	https://plus.google.com/113946311011732510912/posts-Hugh Jordan - Google+	 I think a study visit to Finland would do the world of good. However, I get the impression that Mr Gove has learned nothing since the day he left school.
since the day he left	 	http://jaynanase.deviantart.com/art/I-Still-Do-Haizaki-x-Reader-506942409-I Still Do | Haizaki x Reader by JayNanase on DeviantArt	 You never had been the same since the day he left you. You couldn’t eat for weeks, ...
since the day he left	 	http://letmeliveplease.wordpress.com/-live your own destiny | Just another WordPress.com weblog	 After he left, it was as if I’ve forgotten how to breathe. I didn’t realise how long I haven’t been happy since the day he left… Elvin is right… it has ...
since the day he left	 	http://allafrica.com/stories/200309140125.html-allAfrica.com: Uganda: The Most Popular Man in Uganda	 Just 109 days since the day he left the same airport with no one giving him as much as a glance, he came back to find what looked like the whole of Uganda waiting.
since the day he left	 	http://yanksgoyard.com/2014/08/14/yankees-big-blunder/-The Yankees Big Blunder - Yanks Go Yard - A New York ...	 I know, it’s a mindset that I have been in the overwhelming minority of since the day he left. But I haven’t been shy at all since he left in December saying that ...
since the day he left	 	http://www.nipissingu.ca/departments/student-development-and-services/academic-skills/resources/Documents/SINCE%20FOR%20Exercise%203%20Answer%20Key.docx-www.nipissingu.ca	 8.for several weeks18.since the day he left. 9.since June 1st, 196919.for days. 10.since the 17th century20.For months. Choose 5 . since . and . for ...
since the day he left	 	https://plus.google.com/113946311011732510912/posts-Hugh Jordan - Google+	 I think a study visit to Finland would do the world of good. However, I get the impression that Mr Gove has learned nothing since the day he left school.
since the day he left	 	http://jaynanase.deviantart.com/art/I-Still-Do-Haizaki-x-Reader-506942409-I Still Do | Haizaki x Reader by JayNanase on DeviantArt	 You never had been the same since the day he left you. You couldn’t eat for weeks, ...
since the day he left	 	http://letmeliveplease.wordpress.com/-live your own destiny | Just another WordPress.com weblog	 After he left, it was as if I’ve forgotten how to breathe. I didn’t realise how long I haven’t been happy since the day he left… Elvin is right… it has ...
since the day he left	 	http://allafrica.com/stories/200309140125.html-allAfrica.com: Uganda: The Most Popular Man in Uganda	 Just 109 days since the day he left the same airport with no one giving him as much as a glance, he came back to find what looked like the whole of Uganda waiting.
since the day he left	 	http://yanksgoyard.com/2014/08/14/yankees-big-blunder/-The Yankees Big Blunder - Yanks Go Yard - A New York ...	 I know, it’s a mindset that I have been in the overwhelming minority of since the day he left. But I haven’t been shy at all since he left in December saying that ...
since the day he left	 	http://www.nipissingu.ca/departments/student-development-and-services/academic-skills/resources/Documents/SINCE%20FOR%20Exercise%203%20Answer%20Key.docx-www.nipissingu.ca	 8.for several weeks18.since the day he left. 9.since June 1st, 196919.for days. 10.since the 17th century20.For months. Choose 5 . since . and . for ...
since the day he left	 	http://www.straightshooter.net/IDNO359.htm-Background Page - Find Most Wanted Fugitives and Most ...	 BACKGROUND. ALIASES: Walter Thomas Nemecek; Phillip; Joseph Edward Atcheson; ... However, no one has seen him since the day he left. When ...
since the day he left	 	http://www.nytimes.com/1998/01/29/business/is-there-life-after-wall-street-tales-of-the-players-who-quit-the-game.html-Is There Life After Wall Street?; Tales of the Players Who ...	 Certainly, a lot of people on Wall Street talk about retiring early, and they calculate ''the number'' ... ''I've been frightened since the day he left.''
since the day he left	 	http://www.punctuationmadesimple.com/PMSEmdash.html-Em Dash - Punctuation Made Simple	 Laura Lynn hasn't seen Jake since the day he left her standing in the high school parking lot with a backpack full of clothes, ... the em dash goes inside the quotes
since the day he left	 	http://www.cjad.com/cjad-news/2014/12/20/fugitive-suspected-in-7-bank-robberies-in-a-week-appears-in-court-CJAD 800 – News. Talk. Radio. :: Fugitive suspected in 7 ...	 He is suspected of robbing seven Scotia Bank banks since the day he left a halfway house on December 11.
since the day he left	 	http://www.timesfreepress.com/news/local/story/2014/jul/07/drug-summit-coming-chattanooga-and-other-news-arou/251616/-Drug summit coming to Chattanooga and other news around ...	 ... since the day he left he hasn't spent a penny," his wife said. "I can't figure out how he is living with no money." Two family members have given DNA samples to ...
since the day he left	 	http://www.tvfanatic.com/quotes/theres-a-club-the-dead-dads-club-and-you-cant-be-in-it-until-you/comments-2.html-There's a club. The Dead Dads Club. And you can't be in it ...	 The Dead Dads Club. ... I've thought of this scene many times since the day he left us. It puts my feelings into words I may not have been able to do that.
since the day he left	 	http://www.stephaniehan.blog.com/-damnthatdamsel | Live dangerously, Die beautifully.	 damnthatdamsel. Live dangerously, Die beautifully. Skip to content. Home; ... Looks like nothing has changed since the day he left. I still constantly think about him..
since the day he left	 	http://paularenee.wordpress.com/2012/02/14/my-lucky-number-is-13/-My lucky number is 13 - Love—Life—OM | Yoga therapy ...	 My lucky number is 13 February 14, ... My child is his own person and has been since the day he left the womb. My responsibility is not to own him; ...
since the day he left	 	http://www.navy.mil/search/display.asp?story_id=12685-Air Squadrons Return Home from Deployment	 ... S.C. (NNS) -- Marines and Sailors from Marine Strike Fighter Squadron 312, and Navy Strike Fighter Squadrons ... return since the day he left ...
since the day he left	 	http://www.bullcityburgerandbrewery.com/Bull_City_Burger_and_Brewery/About_Us.html-Bull City Burger & Brewery ’s about page	 He has had a thirst to brew beer since the day he left Goose Island. ... © Bull City Burger and Brewery 2014 ...
since the day he left	 	http://www.legacy.com/guestbooks/stevenspointjournal/dwayne-jorgenson-condolences/173370079-Dwayne Jorgenson Condolences | Stevens Point Journal	 I've missed him since the day he left the area. Big hug to Barb. Peace to you in these difficult days. Fondly, Terrie ~ Terrie Manno ...
since the day he left	 	http://articles.latimes.com/keyword/lou-dobbs-Articles about Lou Dobbs - Los Angeles Times	 ... commentary, and archival information about Lou Dobbs From The Los ... Fox Business had been flirting with Dobbs practically since the day he left CNN.
since the day he left	 	http://crooksandliars.com/john-amato/fox-news-dana-perino-ex-bushie-complain-FOX News' Dana Perino Complains Blaming Bush 'Is Getting ...	 Dana Perino went to ... He's been excommunicated by the GOP from the political scene since the day he left office since the GOP worries when his face does pop up on a ...
since the day he left	 	http://www.forthoodsentinel.com/story.php?id=12705-11th MP Bn Soldiers return home following Afghanistan ...	 “We’ve been anticipating this day since the day he left,” said Melissa Ice referring to her husband’s ... Subscribe Fort Hood Sentinel, ...
since the day he left	 	http://www.localsyr.com/story/sheriff-candidates-lining-up-early-in-onondaga-cou/d/story/wsbz8OlP2EqARvTfV48ONA-Sheriff candidates lining up early in Onondaga County ...	 Conway says he’s been thinking about running for Sheriff since the day he left the office 12 ... Candidates are already lining up in the race for Onondaga County ...
since the day he left	 	http://www.wrestlinginc.com/wi/news/2014/0329/572636/smackdown-recap-sheamus-vs-batista/-WWE Smackdown Recap With Video: Sheamus Vs. Batista, Big ...	 Since the day he left, everyone begged him to come back to the WWE. ... Batista shouldn't be concerned with how he got the power, just that he has it.
since the day he left	 	http://articles.chicagotribune.com/2012-07-12/news/sns-rt-us-usa-campaign-romney-bainbre86b1gd-20120712_1_bain-investments-bain-capital-mitt-romney-Romney faces new questions over tenure at Bain - Chicago ...	 Romney faces new questions over tenure at Bain. July ... no involvement" with the management or investment activities of the firm since the day he left. ...
since the day he left	 	http://forum.nationstates.net/viewtopic.php?t=320823&p=22868202-NationStates • View topic - 2016: A World Divided ...	 New Jordslag wrote:NJ: Stalking this thread since the day he left. How you guys been doing? What has happened? All hell broke..... I feel the need to put this here,
since the day he left	 	http://idaeddie.blogspot.com/-Ida Eddie	 I can definitely say since the day he left me i had the chance to learn more and more about myself. Who i really am.
since the day he left	 	http://theconfidenceproject10.blogspot.com/-The Confidence Project	 ... whom I dated for five years and who broke up with me just over two years ago. I haven't seen or heard from him since the day he left.
since the day he left	 	http://merlindasstory.blogspot.com/2010/02/urashima-taro.html-merlinda's story: urashima taro - blogspot.com	 The name Urashima Taro first appears in ... Urashima Tarō illustration ... He discovers that 60 years have passed since the day he left for the bottom ...
since the day he left	 	http://www.citysearch.com/profile/1214302/sacramento_ca/audio_sports_car_audio_stereo_repairs.html-Audio Sports - Car Audio & Stereo Repairs in Sacramento ...	 ... but has been ignoring calls since the day he left. ... The door lock has been installed since July of 2010 at my shop in Folsom, CA at no additional charge.
since the day he left	 	http://www.reuters.com/article/2012/07/12/us-usa-campaign-romney-bain-idUSBRE86B1GD20120712-Romney faces new questions over tenure at Bain | Reuters	 ... and had "absolutely no involvement" with the management or investment activities of the firm since the day he left. ... "As Bain Capital has ...
since the day he left	 	http://sonic.wikia.com/wiki/Sonic_the_Hedgehog_(Troll_Associates_book)-Sonic the Hedgehog (Troll Associates book) - Sonic News ...	 Sonic the Hedgehog (Troll Associates book) Edit this page! History; ... Sonic and Chuck haven't seen Robotnik since the day he left. Chuck had given Sonic a dog, ...
since the day he left	 	http://www.songlyrics.com/all/ratchet-lyrics/-ALL - RATCHET LYRICS - SongLyrics.com	 ... Ratchet Lyrics. All ... what do you know? this is the best one yet. far and away since the day he left conneticut. his secret agent suit finally ...
since the day he left	 	http://christopherpaolinibio.weebly.com/-Christopher Paolini Biography - Home	 Book 3 Brsingr Eragon has been through a lot since the day he left his Uncle's comfortable farm. He traveled to many places and earned many titles as his most ...
since the day he left	 	http://www.infoplease.com/cig/mythology/to-war.html-Classical Mythology: To War! - Infoplease.com	 Classical Mythology figure Achilles is persuaded by ... He captured Isus and Antiphus ... who had kept a close watch on her son since the day he left Scyrus ...
since the day he left	 	http://www.outpost-of-freedom.com/gl931120.htm-Call For Help -- November 20, 1993 - Outpost of Freedom	 CALL FOR HELP! Clive Doyle left Mt ... He is given nearly no medical treatment since the day he left Parkland. At one point we tried to get homeopathic salts into ...
since the day he left	 	http://archive.tallahassee.com/article/20120823/FAMU03/308230049/Living-college-life-FAMU-football-players-enjoy-off-campus-option-FAMU Football | Tallahassee Democrat | tallahassee.com	 Tight end Michael Ethridge is finally at a point in his life that he's always dreamed of since the day he left Godby High School with a scholarship to play football ...
since the day he left	 	http://newsfeed.time.com/author/erikhayden23/-Erik Hayden | TIME.com	 ... there’s a reason why he’s largely shied away from the spotlight since the day he left the White House: ... By Erik Hayden Oct. 04, 2012 0.
since the day he left	 	http://www.commercialappeal.com/news/local-news/woman-continues-search-for-missing-husband-Memphis woman continues search for missing husband - The ...	 Memphis woman continues search for missing husband Hudak walked away 10 months ago. Hannah Bailey ... "But, since the day he left he hasn't spent a penny," she said.
since the day he left	 	http://www.gamefaqs.com/boards/2000211-sports-and-racing-nfl/70949010?page=1-Sports and Racing - NFL - Doug Marrone favorite to be next ...	 Yeah they've been linking Marrone to the Jets since the day he left the Bills. Hope Rex Ryan goes to the Bills that would be cool.---http://www.last.fm/user/dmorris91
since the day he left	 	http://www.lyricsmode.com/lyrics/a/all/ratchet.html-All - Ratchet Lyrics - LyricsMode.com	 Lyrics to Ratchet by All: ... what do you know? this is the best one yet. far and away since the day he left conneticut. his secret agent suit finally payed off ...
since the day he left	 	http://articles.baltimoresun.com/1992-11-19/features/1992324034_1_farrow-allen-friends-woody-Mia Farrow Valentine | Mia's last valentine to Woody was a ...	 After the Valentine incident, ... The friends said he has not talked to or seen Dylan since the day he left Ms. Farrow's Bridgewater home last summer.
since the day he left	 	http://www.mediabistro.com/tvnewser/dan-rather-on-scott-pelley-he-burns-with-the-hot-blue-fame-to-report-news_b64656-Dan Rather on Scott Pelley: He ‘burns with the hot, blue ...	 Dan Rather on Scott Pelley: He ‘burns with the hot, ... He has not stepped foot inside CBS News since the day he left, after more than 44 years, in 2006.
since the day he left	 	http://vimeo.com/68653085-"Rerouted" Trailer on Vimeo - Vimeo, Your Videos Belong Here	 This is a story about my dad's first return to Taiwan, his home country, since the day he left, in 1982.
since the day he left	 	http://video.xbox.com/en-us/movie/bunohan-return-to-murder/43e512a9-eeb2-421b-b78e-e991ac8b972e-Xbox Video - Bunohan: Return to Murder	 Ilham, meanwhile, has never been back to Bunohan since the day he left many years ago. Upon returning, memories of loneliness and abandonment flood his mind, ...
since the day he left	 	http://www.sing365.com/music/lyric.nsf/Ratchet-lyrics-All/1E5DD07E1EFDA0B448256C1D003073FB-RATCHET LYRICS - ALL - Sing365.com	 Far and away since the day he left Connecticut. His secret agent suit finally payed off. ... Click here to submit the Corrections of Ratchet Lyrics.
since the day he left	 	http://basketball.realgm.com/nba/teams/Dallas-Mavericks/6/Home-Dallas Mavericks News, Rumors, Roster, Stats, Awards ...	 The Mavericks have been looking to replace all the different things Jason Kidd brought to the table since the day he left. ... Dallas Mavericks Leaders. Monta Ellis ...
since the day he left	 	http://kamisama-no-iutoori.wikia.com/wiki/Urashima_Tarou-Urashima Tarou - Kamisama no Iutoori Wiki	 Urashima Tarou. The fourth game Shun ... He somehow discovers that 300 years have passed since the day he left for ... All of them are having fun until the wooden ...
since the day he left	 	http://www.whale.to/b/kennedy.html-Kennedy - WHALE	 ... and there is no evidence that he had fired a rifle since the day he left the ... it's that Lee Harvey Oswald did not shoot John Kennedy on November ...
since the day he left	 	http://www.sleazeroxx.com/wforum/viewtopic.php?f=1&t=29249-Sleaze Roxx • View topic - Anyone know why Jake E Lee ...	 There was a rumor that when you are looking for a new guitarist that you were thinking of reaching out to Jake E. Lee. ... but I haven’t seen him since the day he left.
since the day he left	 	http://www.youtube.com/watch?v=hYVfWUi8HJs-R.I.P. Cory Monteith (#1YearWithoutCory) - YouTube	 It's been an year without Cory. It's been an year since the day he left. It's been an year since our angel return to heaven. And I still miss him and cry ...
since the day he left	 	http://www.yelp.com/biz/forest-home-team-the-woodlands-Forest Home Team - The Woodlands, TX | Yelp	 Brian has been in Real Estate since the day he left Florida State University with a BS in Real Estate. Starting in real estate investment, Brian obtained a firm grasp ...
since the day he left	 	https://plus.google.com/113946311011732510912/posts-Hugh Jordan - Google+	 I think a study visit to Finland would do the world of good. However, I get the impression that Mr Gove has learned nothing since the day he left school.
since the day he left	 	http://jaynanase.deviantart.com/art/I-Still-Do-Haizaki-x-Reader-506942409-I Still Do | Haizaki x Reader by JayNanase on DeviantArt	 You never had been the same since the day he left you. You couldn’t eat for weeks, ...
since the day he left	 	http://letmeliveplease.wordpress.com/-live your own destiny | Just another WordPress.com weblog	 After he left, it was as if I’ve forgotten how to breathe. I didn’t realise how long I haven’t been happy since the day he left… Elvin is right… it has ...
since the day he left	 	http://allafrica.com/stories/200309140125.html-allAfrica.com: Uganda: The Most Popular Man in Uganda	 Just 109 days since the day he left the same airport with no one giving him as much as a glance, he came back to find what looked like the whole of Uganda waiting.
since the day he left	 	http://yanksgoyard.com/2014/08/14/yankees-big-blunder/-The Yankees Big Blunder - Yanks Go Yard - A New York ...	 I know, it’s a mindset that I have been in the overwhelming minority of since the day he left. But I haven’t been shy at all since he left in December saying that ...
since the day he left	 	http://www.nipissingu.ca/departments/student-development-and-services/academic-skills/resources/Documents/SINCE%20FOR%20Exercise%203%20Answer%20Key.docx-www.nipissingu.ca	 8.for several weeks18.since the day he left. 9.since June 1st, 196919.for days. 10.since the 17th century20.For months. Choose 5 . since . and . for ...
since the day he left	 	https://plus.google.com/113946311011732510912/posts-Hugh Jordan - Google+	 I think a study visit to Finland would do the world of good. However, I get the impression that Mr Gove has learned nothing since the day he left school.
since the day he left	 	http://jaynanase.deviantart.com/art/I-Still-Do-Haizaki-x-Reader-506942409-I Still Do | Haizaki x Reader by JayNanase on DeviantArt	 You never had been the same since the day he left you. You couldn’t eat for weeks, ...
since the day he left	 	http://letmeliveplease.wordpress.com/-live your own destiny | Just another WordPress.com weblog	 After he left, it was as if I’ve forgotten how to breathe. I didn’t realise how long I haven’t been happy since the day he left… Elvin is right… it has ...
since the day he left	 	http://allafrica.com/stories/200309140125.html-allAfrica.com: Uganda: The Most Popular Man in Uganda	 Just 109 days since the day he left the same airport with no one giving him as much as a glance, he came back to find what looked like the whole of Uganda waiting.
since the day he left	 	http://yanksgoyard.com/2014/08/14/yankees-big-blunder/-The Yankees Big Blunder - Yanks Go Yard - A New York ...	 I know, it’s a mindset that I have been in the overwhelming minority of since the day he left. But I haven’t been shy at all since he left in December saying that ...
since the day he left	 	http://www.nipissingu.ca/departments/student-development-and-services/academic-skills/resources/Documents/SINCE%20FOR%20Exercise%203%20Answer%20Key.docx-www.nipissingu.ca	 8.for several weeks18.since the day he left. 9.since June 1st, 196919.for days. 10.since the 17th century20.For months. Choose 5 . since . and . for ...
since the day he left	 	https://plus.google.com/113946311011732510912/posts-Hugh Jordan - Google+	 I think a study visit to Finland would do the world of good. However, I get the impression that Mr Gove has learned nothing since the day he left school.
since the day he left	 	http://jaynanase.deviantart.com/art/I-Still-Do-Haizaki-x-Reader-506942409-I Still Do | Haizaki x Reader by JayNanase on DeviantArt	 You never had been the same since the day he left you. You couldn’t eat for weeks, ...
since the day he left	 	http://letmeliveplease.wordpress.com/-live your own destiny | Just another WordPress.com weblog	 After he left, it was as if I’ve forgotten how to breathe. I didn’t realise how long I haven’t been happy since the day he left… Elvin is right… it has ...
since the day he left	 	http://allafrica.com/stories/200309140125.html-allAfrica.com: Uganda: The Most Popular Man in Uganda	 Just 109 days since the day he left the same airport with no one giving him as much as a glance, he came back to find what looked like the whole of Uganda waiting.
since the day he left	 	http://yanksgoyard.com/2014/08/14/yankees-big-blunder/-The Yankees Big Blunder - Yanks Go Yard - A New York ...	 I know, it’s a mindset that I have been in the overwhelming minority of since the day he left. But I haven’t been shy at all since he left in December saying that ...
since the day he left	 	http://www.nipissingu.ca/departments/student-development-and-services/academic-skills/resources/Documents/SINCE%20FOR%20Exercise%203%20Answer%20Key.docx-www.nipissingu.ca	 8.for several weeks18.since the day he left. 9.since June 1st, 196919.for days. 10.since the 17th century20.For months. Choose 5 . since . and . for ...
since the day he left	 	https://plus.google.com/113946311011732510912/posts-Hugh Jordan - Google+	 I think a study visit to Finland would do the world of good. However, I get the impression that Mr Gove has learned nothing since the day he left school.
since the day he left	 	http://jaynanase.deviantart.com/art/I-Still-Do-Haizaki-x-Reader-506942409-I Still Do | Haizaki x Reader by JayNanase on DeviantArt	 You never had been the same since the day he left you. You couldn’t eat for weeks, ...
since the day he left	 	http://letmeliveplease.wordpress.com/-live your own destiny | Just another WordPress.com weblog	 After he left, it was as if I’ve forgotten how to breathe. I didn’t realise how long I haven’t been happy since the day he left… Elvin is right… it has ...
since the day he left	 	http://allafrica.com/stories/200309140125.html-allAfrica.com: Uganda: The Most Popular Man in Uganda	 Just 109 days since the day he left the same airport with no one giving him as much as a glance, he came back to find what looked like the whole of Uganda waiting.
since the day he left	 	http://yanksgoyard.com/2014/08/14/yankees-big-blunder/-The Yankees Big Blunder - Yanks Go Yard - A New York ...	 I know, it’s a mindset that I have been in the overwhelming minority of since the day he left. But I haven’t been shy at all since he left in December saying that ...
since the day he left	 	http://www.nipissingu.ca/departments/student-development-and-services/academic-skills/resources/Documents/SINCE%20FOR%20Exercise%203%20Answer%20Key.docx-www.nipissingu.ca	 8.for several weeks18.since the day he left. 9.since June 1st, 196919.for days. 10.since the 17th century20.For months. Choose 5 . since . and . for ...
since the day he left	 	https://plus.google.com/113946311011732510912/posts-Hugh Jordan - Google+	 I think a study visit to Finland would do the world of good. However, I get the impression that Mr Gove has learned nothing since the day he left school.
since the day he left	 	http://jaynanase.deviantart.com/art/I-Still-Do-Haizaki-x-Reader-506942409-I Still Do | Haizaki x Reader by JayNanase on DeviantArt	 You never had been the same since the day he left you. You couldn’t eat for weeks, ...
since the day he left	 	http://letmeliveplease.wordpress.com/-live your own destiny | Just another WordPress.com weblog	 After he left, it was as if I’ve forgotten how to breathe. I didn’t realise how long I haven’t been happy since the day he left… Elvin is right… it has ...
since the day he left	 	http://allafrica.com/stories/200309140125.html-allAfrica.com: Uganda: The Most Popular Man in Uganda	 Just 109 days since the day he left the same airport with no one giving him as much as a glance, he came back to find what looked like the whole of Uganda waiting.
since the day he left	 	http://yanksgoyard.com/2014/08/14/yankees-big-blunder/-The Yankees Big Blunder - Yanks Go Yard - A New York ...	 I know, it’s a mindset that I have been in the overwhelming minority of since the day he left. But I haven’t been shy at all since he left in December saying that ...
since the day he left	 	http://www.nipissingu.ca/departments/student-development-and-services/academic-skills/resources/Documents/SINCE%20FOR%20Exercise%203%20Answer%20Key.docx-www.nipissingu.ca	 8.for several weeks18.since the day he left. 9.since June 1st, 196919.for days. 10.since the 17th century20.For months. Choose 5 . since . and . for ...
since the day he left	 	https://plus.google.com/113946311011732510912/posts-Hugh Jordan - Google+	 I think a study visit to Finland would do the world of good. However, I get the impression that Mr Gove has learned nothing since the day he left school.
since the day he left	 	http://jaynanase.deviantart.com/art/I-Still-Do-Haizaki-x-Reader-506942409-I Still Do | Haizaki x Reader by JayNanase on DeviantArt	 You never had been the same since the day he left you. You couldn’t eat for weeks, ...
since the day he left	 	http://letmeliveplease.wordpress.com/-live your own destiny | Just another WordPress.com weblog	 After he left, it was as if I’ve forgotten how to breathe. I didn’t realise how long I haven’t been happy since the day he left… Elvin is right… it has ...
since the day he left	 	http://allafrica.com/stories/200309140125.html-allAfrica.com: Uganda: The Most Popular Man in Uganda	 Just 109 days since the day he left the same airport with no one giving him as much as a glance, he came back to find what looked like the whole of Uganda waiting.
since the day he left	 	http://yanksgoyard.com/2014/08/14/yankees-big-blunder/-The Yankees Big Blunder - Yanks Go Yard - A New York ...	 I know, it’s a mindset that I have been in the overwhelming minority of since the day he left. But I haven’t been shy at all since he left in December saying that ...
since the day he left	 	http://www.nipissingu.ca/departments/student-development-and-services/academic-skills/resources/Documents/SINCE%20FOR%20Exercise%203%20Answer%20Key.docx-www.nipissingu.ca	 8.for several weeks18.since the day he left. 9.since June 1st, 196919.for days. 10.since the 17th century20.For months. Choose 5 . since . and . for ...
since the day he left	 	https://plus.google.com/113946311011732510912/posts-Hugh Jordan - Google+	 I think a study visit to Finland would do the world of good. However, I get the impression that Mr Gove has learned nothing since the day he left school.
since the day he left	 	http://jaynanase.deviantart.com/art/I-Still-Do-Haizaki-x-Reader-506942409-I Still Do | Haizaki x Reader by JayNanase on DeviantArt	 You never had been the same since the day he left you. You couldn’t eat for weeks, ...
since the day he left	 	http://letmeliveplease.wordpress.com/-live your own destiny | Just another WordPress.com weblog	 After he left, it was as if I’ve forgotten how to breathe. I didn’t realise how long I haven’t been happy since the day he left… Elvin is right… it has ...
since the day he left	 	http://allafrica.com/stories/200309140125.html-allAfrica.com: Uganda: The Most Popular Man in Uganda	 Just 109 days since the day he left the same airport with no one giving him as much as a glance, he came back to find what looked like the whole of Uganda waiting.
since the day he left	 	http://yanksgoyard.com/2014/08/14/yankees-big-blunder/-The Yankees Big Blunder - Yanks Go Yard - A New York ...	 I know, it’s a mindset that I have been in the overwhelming minority of since the day he left. But I haven’t been shy at all since he left in December saying that ...
since the day he left	 	http://www.nipissingu.ca/departments/student-development-and-services/academic-skills/resources/Documents/SINCE%20FOR%20Exercise%203%20Answer%20Key.docx-www.nipissingu.ca	 8.for several weeks18.since the day he left. 9.since June 1st, 196919.for days. 10.since the 17th century20.For months. Choose 5 . since . and . for ...
since the day he left	 	https://plus.google.com/113946311011732510912/posts-Hugh Jordan - Google+	 I think a study visit to Finland would do the world of good. However, I get the impression that Mr Gove has learned nothing since the day he left school.
since the day he left	 	http://jaynanase.deviantart.com/art/I-Still-Do-Haizaki-x-Reader-506942409-I Still Do | Haizaki x Reader by JayNanase on DeviantArt	 You never had been the same since the day he left you. You couldn’t eat for weeks, ...
since the day he left	 	http://letmeliveplease.wordpress.com/-live your own destiny | Just another WordPress.com weblog	 After he left, it was as if I’ve forgotten how to breathe. I didn’t realise how long I haven’t been happy since the day he left… Elvin is right… it has ...
since the day he left	 	http://allafrica.com/stories/200309140125.html-allAfrica.com: Uganda: The Most Popular Man in Uganda	 Just 109 days since the day he left the same airport with no one giving him as much as a glance, he came back to find what looked like the whole of Uganda waiting.
since the day he left	 	http://yanksgoyard.com/2014/08/14/yankees-big-blunder/-The Yankees Big Blunder - Yanks Go Yard - A New York ...	 I know, it’s a mindset that I have been in the overwhelming minority of since the day he left. But I haven’t been shy at all since he left in December saying that ...
since the day he left	 	http://www.nipissingu.ca/departments/student-development-and-services/academic-skills/resources/Documents/SINCE%20FOR%20Exercise%203%20Answer%20Key.docx-www.nipissingu.ca	 8.for several weeks18.since the day he left. 9.since June 1st, 196919.for days. 10.since the 17th century20.For months. Choose 5 . since . and . for ...
since the day he left	 	https://plus.google.com/113946311011732510912/posts-Hugh Jordan - Google+	 I think a study visit to Finland would do the world of good. However, I get the impression that Mr Gove has learned nothing since the day he left school.
since the day he left	 	http://jaynanase.deviantart.com/art/I-Still-Do-Haizaki-x-Reader-506942409-I Still Do | Haizaki x Reader by JayNanase on DeviantArt	 You never had been the same since the day he left you. You couldn’t eat for weeks, ...
since the day he left	 	http://letmeliveplease.wordpress.com/-live your own destiny | Just another WordPress.com weblog	 After he left, it was as if I’ve forgotten how to breathe. I didn’t realise how long I haven’t been happy since the day he left… Elvin is right… it has ...
since the day he left	 	http://allafrica.com/stories/200309140125.html-allAfrica.com: Uganda: The Most Popular Man in Uganda	 Just 109 days since the day he left the same airport with no one giving him as much as a glance, he came back to find what looked like the whole of Uganda waiting.
since the day he left	 	http://yanksgoyard.com/2014/08/14/yankees-big-blunder/-The Yankees Big Blunder - Yanks Go Yard - A New York ...	 I know, it’s a mindset that I have been in the overwhelming minority of since the day he left. But I haven’t been shy at all since he left in December saying that ...
since the day he left	 	http://www.nipissingu.ca/departments/student-development-and-services/academic-skills/resources/Documents/SINCE%20FOR%20Exercise%203%20Answer%20Key.docx-www.nipissingu.ca	 8.for several weeks18.since the day he left. 9.since June 1st, 196919.for days. 10.since the 17th century20.For months. Choose 5 . since . and . for ...
