since	 	url	I'm pretty sure that Irene's other hand is on Wendy's shoulder since she does that with all her members
since	 	url	ITS BEEN ALREADY A MONTH SINCE I MET MY LOML AKA ASHTON LITERALLY THE BEST DAY OF MY LIFE IM STILL SO FREAKING HAPPY
since	 	url	Been a Ronaldo7 fan since always! Too bad the United shirt became small..
since	 	url	Presenting your new favourite Tumblr since the last one - the Museum of Selfies http://i100.io/WZ3489M
since	 	url	It's a good Monday. Today is the first day that the World Trade Center is open for business since September 11, 2001.
since	 	url	Alibaba Posts Strong Earnings in First Report Since I.P.O. http://nyti.ms/1rY2DwE
since	 	url	In its first earnings report since its IPO, Alibaba shows sales growth of 54%: http://onforb.es/1wtYXsU  $BABA
since	 	url	I just bought my first CD since 2006 and you should too http://gizmodo.com/i-just-bought-my-first-cd-since-2006-and-you-should-too-1652864486 ‚Ä¶
since	 	url	How's voter turnout going? Just wondering, as I have been in the newsroom doing PBT Morning Edition since the polls opened.
since	 	url	Robust economic growth has helped push the U.S. budget deficit to just 2.8% of GDP, its lowest level since 2008. http://bloom.bg/1E0rBCq
since	 	url	Pl RT 47yo Tracey Edwards missing from #Sutton since 28/10. Seen her? Call 116 000 http://ow.ly/DNchM
since	 	url	Taylor is gone from twitter for 23 hours. This is a new record since Oct 27.
since	 	url	Live Blog: Alibaba's first earnings since its $25 billion IPO http://on.wsj.com/1ztKDTM
since	 	url	Alibaba reports 1st quarterly earnings since going public; $0.45 a share on $2.74 billion revenue - @businessinsider http://read.bi/1upLymX
since	 	url	In school since 11. üò≠ Dying. Anyway wearing my fav lovelock choker from themoonlabel again today! Do‚Ä¶ http://instagram.com/p/u-lfd9tPtd/
since	 	url	For the first time since her cancer diagnosis, Leah will be able to see her father play! http://on.wlwt.com/1wtQm9B
since	 	url	Scarlett Johansson just made her first red carpet appearance since the birth of baby Rose... http://po.st/aIEttB
since	 	url	John Pilger: US State Terror Since 1945 - take 4 minutes to listen to hidden history http://www.youtube.com/watch?v=HPExU_VixfQ ‚Ä¶
since	 	url	More than 3,000 people have died in West Africa since the Ebola virus outbreak began.
since	 	url	Dear @suhelseth Since ur now d 'Go To' guy for car issues in India, my wife's #Honda #City is possessed. Can u pl exorcise it's demons asapüòÑ
since	 	url	PCMag Since Forever Fatlace. Since 1999 Since1982 DJ Fresh since 1983 Rocco Scordio
since	 	url	Since my birth, my mother has made me happy without a price. Ya Allah, make her happy and guard her.
since	 	url	Today is 3 yrs since @thetimes Mary Bowers incident which inspired Times' campaign @kayaburgess talks #cyclesafe here http://po.st/fHq0T6
since	 	url	this time next month is a year since I met justin üò≠üò≠üò≠
since	 	url	"Lowest Labour rating since 2010 elections in the latest poll of polls" reports @Independent - http://ow.ly/DMLee
since	 	url	Col Purohit had said 'JMB was active in West Bengal since 2007' - NewsroomPost http://shar.es/10e6Jf  via @sharethis
since	 	url	No, the cobwebs & dust bunnies aren't leftover Halloween decorations. It's just been that long since I've had a date. Or a naked hug.
since	 	url	I notice since Azmin became MB Azwan toned down his gay lifestyle.
since	 	url	As much as we love Anderson, we don't blame the club for getting rid. Excuse the pun but he's not pulled his weight since 2008.
since	 	url	Is there a better national bellwether in the country right now than NH? Since 02, state moved with nat'l climate every cycle 'cept 04
since	 	url	Trying out the only Swiss Restaurant in Antipolo. They've been around since 1984, and there must be a‚Ä¶ http://instagram.com/p/u-czQ8RZxC/
since	 	url	Opta: ‚ÄúSince 2004, Leo Messi is the only player in the top five European leagues to both score and assist more than 100 league goals.‚Äù
since	 	url	since when do irish people twerk ? #vote5sos
since	 	url	#imagine "Looks like my 11:11 wish finally came through, since I have you as my girlfriend now" Luke smiles
since	 	url	(News) #Pakistan sees highest #drone barrage in a month since October 2011 http://tribune.com.pk/story/785968/pakistan-sees-highest-drone-barrage-in-a-month-since-october-2011/ ‚Ä¶
since	 	url	People have been calling each other "douche bags" since the 1960's.
since	 	url	all of you need to ship this glorious otp that started since year 2011
since	 	url	Delhi goes foe re-election. AAP's online donation today crosed Rs 1,42,642 by 206 donors since morning. It was reduced upto 10k/day earlier.
since	 	url	well i didn't reply to any of your other messages but since that one sent me so wild with desire yes u may
since	 	url	KSY: Since this could be our first and last rookie award, we'll put our feelings of thanks into a deep bow.
since	 	url	Rs 1,42,642 donated by 206 donors since morning. People celebrating Delhi Election announcement by donating to #AAP http://www.aamaadmiparty.org/donation-list
since	 	url	Paulo, KC to star in ABS-CBN's Christmas special: For the first time since they were romantically linked to ea... http://bit.ly/1A9PQ4q
since	 	url	Since when have you been using UC Browser for Android? Do you remember the versions in this photo?
since	 	url	A staggering 400 million birds have vanished from Europe since 1980 http://wapo.st/1A6rjx0
since	 	url	My frnd told me tht he dnt trust AK as he didn't fulfilled his promise. I said tell 1 while I can tell 50 of Feku . Not facing me since then
since	 	url	MELBOURNE CREW IS JUST A GROUP CHAT WITH US 10 GIRLS AND THE BOYS WHO HAVE BEEN REALLY CLOSE FRIENDS SINCE THE BEGINNING OF THE BOYS LMAO
since	 	url	Via @EliasSports: the @Colts were 1st team since 1948 to accomplish this vs Giants yesterday. See what it was here: http://es.pn/1bnnQej
since	 	url	Yesterday marked one year since @onedirection's #StoryOfMyLife video was released! Let's take a look back.. http://bit.ly/1phdyr2
since	 	url	Traders in @NorwichLanes have noticed a buzz since it was shortlisted for the #GBHighSt awards http://bit.ly/1t7PWQh
since	 	url	a fan was giving bom bread. she was going to grab it; her bodyguards didnt let her since she was in a hurry.üòÇ
since	 	url	I know I missed the Halloween post window... But since it's Monday and I'm still in costume... Here's a few pics... http://fb.me/3oMOxqwHC
since	 	url	Really was a trip to see Bumgarner, whom I've known since he was 18, on Jimmy Fallion show: https://www.youtube.com/watch?v=_IMG9y-0lOg ‚Ä¶
since	 	url	TIL: C++ unordered_set and unordered_map are supported by default in Cython since 0.20.2: https://github.com/cython/cython/blob/master/CHANGES.rst ‚Ä¶
since	 	url	sunny: its been 8 years since I debuted old man: so u're one of the grannys among idols jackson: http://twitter.com/sushikris/status/529548961929891840/photo/1pic.twitter.com/lV0txTqTGY
since	 	url	This could be the most dominant Republican Congress since 1929 http://wapo.st/1Ed80Ro
since	 	url	When you turn 21, you can legally do all the things you've been doing since you were 15
since	 	url	Theo Walcott set for new Arsenal deal just 38 games since last signing fresh contract #AFC http://ow.ly/DMrqR
since	 	url	since camren technically isnt real can we get a camren selfie its for a project #votefifthharmony
since	 	url	Since so many people ask me im bringing #selfieforsteven back ‚ù§Ô∏è
since	 	url	Pl RT 22yo Susana Campos missing from #london since 11/03/13. Call free on 116000 http://ow.ly/DJnVr  #GMBSearch
since	 	url	I'm actually watching this since it uses to be my fav skate video in 2012 üòÇüëå @StevenFdoe
since	 	url	Brook Lopez scored 18 points in his first game played since December 20, 2013. http://www.sheridanhoops.com/2014/11/04/10-fast-facts-from-last-nights-games-cp3-records-triple-double-harden-drops-35-lopez-returns/ ‚Ä¶ via @MaxwellOgden
since	 	url	If today is the gender inequality day for wages, just remember we've all been working for the state since May http://www.adamsmith.org/blog/uncategorized/happy-tax-freedom-day/ ‚Ä¶
since	 	url	I haven't seen my husband since expose, says Betty Bayo, singer too shocked to watch the clip http://www.the-star.co.ke/news/i-havent-seen-or-heard-my-husband-expose-says-betty-bayo-singer-too-shocked-watch-clip ‚Ä¶
since	 	url	If you've been here since this shirt was on the merch store, you've been here a long time #vote5sos
since	 	url	Big deals from tech giants have sent fees for China banks to their highest level since 2010 http://on.wsj.com/10PVt8u
since	 	url	Still this is the most uncertain forecast we've issued since @FiveThirtyEight started in 2008. GOP 75% to take Senate; Obama was 90% in '12.
since	 	url	Fajer prayer in the streets of AlQuds today! After Israeli forces closed all gates to masjed AlAqsa since last week!
since	 	url	The biggest aquatic centre built in Sydney since 2000 and the surrounding Gunyama Park will transform Green Square. http://instagram.com/p/u-CAJGo4Qx/
since	 	url	on my way to school! ready for another boring day with lots of work to do... tomorrow's gonna be amazing tho since school ends at 13:40! -S
since	 	url	Since Cry is on a small break, there will be a lack of Dandelion videos for a bit <3 sorry lovelies!
since	 	url	since twitter is going off , might as well promote my sweet pics I've taken lately üòè enjoy boys üòè xoxo
since	 	url	(we've gained 10k votes since I took this as it took a while to post #vote5sos)
since	 	url	Celtics Notes: Jeff Green, Avery Bradley Most Potent Duo Since Ray Allen Era http://go.nesn.com/1wZcIkW
since	 	url	Car manufacturers in Pakistan; Selling the same Mehran since 80s but price goes up every year. Awaam deserves new models n lower prices!
since	 	url	according to a choke me daddy girl i participate in incest since i live in oklahoma OH the irony
since	 	url	Pl RT 43yo Ian Gibbon missing from #whitby since 27/12/13. Call free on 116000 http://ow.ly/DJrJN  #GMBSearch
since	 	url	wah singapore ban this ban that why don't ban people from coming in since we're so full
since	 	url	Chris Paul's 1st triple-double since 2011 helps the Clips handle the Jazz 107-101. http://on.nba.com/1vDqgwV
since	 	url	Ryan Moore has won 19 Group 1s in last 12 month (since 1st Nov 13) in 8 different countries across 4 continents. He's different class.
since	 	url	Honestly my life has been so much better over the last two years since Red, I've found myself so much happier than I have ever been before.
since	 	url	Pl RT Gerrard Mcginnis missing from #guernsey since 08/11/12. Call free on 116000 http://ow.ly/DBTfV  #GMBSearch
since	 	url	Election day in US. First election since 2002 I haven't been on front lines. Best of luck to all candidates. VOTE #ElectionDay #Democracy
since	 	url	Since when is being a virgin something to be ashamed of ????
since	 	url	Pl RT Natalie Putt missing from #dudley since 01/09/03. Call free on 116000 http://ow.ly/DJpnc  #GMBSearch
since	 	url	you can't hate on someone who has been in kamfam since day one compared to someone who has been here for like 5 months üòÇüòÇ
since	 	url	Consider yourself #SalmanKhan's biggest fan? Name an accessory that has long since become a part of Salman's style statement! #TriviaTuesday
since	 	url	Pl RT 65yo Janis Hall missing from #catton since 19/12/13. Call free on 116000 http://ow.ly/DJhjI  #GMBSearch
since	 	url	I feel like Filipinos are the only people that put up their Christmas trees so early .... Mines been up since October 1st üò™
since	 	url	My neck has been the hide and seek champion since 2011
since	 	url	141103 The person who took this said Heenim just walked back to their dorm since it was just near [b506_k114]
since	 	url	This father-daughter reunion scene is one I've been waiting for since pilot stage! @HereIsGina @jaimecamil #JaneTheVirgin
since	 	url	Rajon Rondo is the 1st player since 1983 with at least 35 assists & 25 rebounds in his team's first 3 games of a season
since	 	url	Dukes has been wearing the same short tie/shirt/suit combo since Melb Derby but who cares, it's Viduka
since	 	url	Chris Paul has 11 points, 12 assists and 10 rebounds. That's his first triple double since 2009 and his first as a Clipper.
since	 	url	Chris Paul has a triple-double tonight -- the 1st triple-double in the NBA this season and CP3's 1st since Dec. 29, 2009 vs Rockets.
since	 	url	TRIPLE DOUBLE: With that rebound, CP3 now has his first triple double with the Clippers and first since the 2010-11 postseason
since	 	url	since she confirmed they're dating can he confirm he knows how to say her name lfkdjcjdkcndmdm
since	 	url	People in Lindavista, Guerrero have risen up in arms since the government has pretty much collapsed there.
since	 	url	wait since when is being a virgin at the age of 17 a bad thing
since	 	url	Ain't nothing new about criticism of Lena Dunham. Y'all know I have abhorred her since dinosaurs roamed the earth. I just have a new REASON.
since	 	url	since when did being a virgin at 17 become something someone used as an insult???? lmfao @lyciafaith @k_bauzon971 @tbhkalin
since	 	url	So nice meeting you @scheanamarie !!Thank you so much for supporting since the beginningüíñüòò you looked beautiful!
since	 	url	Since we're all talking about hot guys from stores heres a picture that me & my friend took of Donnie from Hot Topic
since	 	url	Somewhere in Muar. Since 1927.
since	 	url	Tonight Jeff Green & Avery Bradley became the first #Celtics players to score 30 plus in the same game since 2009
since	 	url	austins liked her since they were on xfactor I actually trust austin to treat camila right tbh if he's been crushing on her that long.
since	 	url	Since I said it today I had to make a damn good grilled ham and cheese
since	 	url	Congrats you have cams number! But since you're tweeting about it, don't be salty when he calls you out
since	 	url	Michigan, Metro Detroit, national gas prices below $3 for first time since 2010 http://bit.ly/1tBDehU
since	 	url	Protectionist just 1.4 seconds outside Kingston Rule's track record & his 4 len winning biggest since Doriemus won the 1995 Cup @TVNTVN
since	 	url	I hope I never go to jail because I haven't memorized a phone number since 2001.
since	 	url	Call of Duty: Advanced Warfare is the best game in the series since Black Ops II http://onforb.es/1phmDjA
since	 	url	The Yen is now over 113 Yen/US$ (142 Yen/Euro & 181 Yen/GBP), making HLJ's prices the lowest they've been since 2007! http://www.hlj.com
since	 	url	"Rajon Rondo is the 1st player since Magic Johnson in 1983 with at least 35 assists & 25 rebounds in his team's 1st 3 games of a season."
since	 	url	Since Field Marshall Chory Nisar lives on a different planet so @vogul1960 decided to bring him back to Pakistan. http://tribune.com.pk/story/785643/mind-your-business-mr-minister/#.VFhSf5r8BJk.twitter ‚Ä¶
since	 	url	since michael Clifford won't follow me I made this #vote5sos
since	 	url	Beijing "Yellow Umbrella" fashion designer detained after show - not seen since Oct 30 http://online.thatsmags.com/post/beijing-yellow-umbrella-fashion-designer-arrested-disappeared ‚Ä¶
since	 	url	Thunder lost by 31, their worst loss since April 2009 -- 1st loss in 3 games without Westbrook & Durant since Westbrook entered league.
since	 	url	Since I really haven't adjusted to the Daylight Savings change, I'll just meow for breakfast every 15 minutes or so, starting at 3 AM.
since	 	url	How the hell are 5H stans still in the lead? It's 9pm shouldn't they be sleeping since they are all like 10? #vote5sos
since	 	url	2 cases of in-person voter fraud since 2002. 600,000 legal voters kept from voting due to Voter ID law. All of them Democrats. Priceless.
since	 	url	Iowa has 22 wins v Minnesota since 1980. 17 of those wins have been by double digits. MN has 12 wins, 7 of those 1 possession games
since	 	url	In 2002, #Expos Vlad Guerrero became the first player with 200+ H, 40+ SB, & .575+ SLG in a season since Kiki Cuyler in 1925. None since.
since	 	url	Rajon Rondo is the 1st player since Magic Johnson in 1983 w/ at least 35 assists & 25 rebounds in his team's 1st 3 games of a season. #Elias
since	 	url	In the insane comeback that wasn't, Jeff Green (35) and Avery Bradley (32) became the first C's pair to score 30+ since Ray/Rondo in 2009.
since	 	url	Been a while since a protectionist has had a win in Australia.
since	 	url	Also been on @YouTube since 2007 and still haven't been asked to be in a rewind video üò≠ @JoeyGraceffa lets make our own rewind vid! #Angst
since	 	url	I've been watching the Celtics avidly since 1983 and I've never had more fun watching a loss than tonight.
since	 	url	Maoists are surrendering since May 16... This is clearly Modi's anti-AAP policy ..hes reducing their membership... @ArvindKejriwal
since	 	url	It's been a while since I got drunk lol
since	 	url	The proactive @MEAIndia has now make public all RTI replies: http://www.mea.gov.in/other.htm?dtl/23544/RTI+Applications+and+Replies ‚Ä¶ (So, don't ask same Qs since answers are already known)
since	 	url	Made another pit stop since the moon and clouds are making City Hall look awesome. #Lowell
since	 	url	Since leaving The Shield, @WWERollins has only lost 2 singles matches on #RAW by pin. To Roman Reigns & Heath Slater.
since	 	url	Since struggling in his Mavericks debut, Chandler Parsons has been outstanding.
since	 	url	Since @JohnCena isn't here, standard Poochie rules apply. #RAWTonight
since	 	url	Dear Xbox fans stop trying to convert us. I been on Playstation since '96 I don't have time to re-learn where the damn 'X' button is.
since	 	url	20 percent of European birds have vanished since 1980 http://wapo.st/1xTXElg
since	 	url	I am currently sitting in the doctors and it has been 17 mins since my mums apparent appointment ! Stupid doctors -.- - Megan #vote5sos
since	 	url	Sorry @fifthharmony but since y'all don't teach your fans to respect other fandoms they're gonna have to learn it the hard way #vote5sos
since	 	url	Odell Beckham Jr. was the first 1,000-yard receiver at Isidore Newman High School since Eli's older brother Cooper.
since	 	url	With 77 PTS, 27 AST, 19 REB, & 12 STL through 4 gms, @TWroten_LOE joins just 4 other players who've accomplished that feat since 1985.
since	 	url	I wonder if in a short time we will be saying that Vladimir Tarasenko is the best offensive player since Brett for the #stlblues. #notyet
since	 	url	Barcelona against Celta didn't score in Liga game at Camp Nou for first time since 0-0 against Sevilla in October 2011 #fcblive [via opta]
since	 	url	Since his 5-point dud of a Dallas debut, Chandler Parsons has scored 20-plus points in each game.
since	 	url	Lauren London's name hasn't been relevant since she was added to Wayne's list of baby mamas.. Ma'am. Pls.üò∂
since	 	url	Nerlens Noel is 1st starting center w/ at least 5 Ast & 5 Stl and only 1 Reb in a game since steals became official in 1973. @EliasSports
since	 	url	It's been a while since this happened. But I actually like it.
since	 	url	Rockets' 4-0 start their best since opening the 1996-97 season 6-0 (via @Jonathan_Feigen).
since	 	url	You would think since 5sos are in LA they would go party but we have 2/4 playing with a blow drier #vote5sos
since	 	url	Yay, I can still watch the same WCCW episodes that have been available since the start of the network 4 free,NEED NEW old school content
since	 	url	Japanese stocks have now gained more than 8% since BOJ's surprise easing announcement Friday: http://on.wsj.com/1rV33Ux  via @WSJ
since	 	url	I need a girlfriend ya boy been single since freshman year lol
since	 	url	In 2008, America proved anyone could grow up to be President. Since then Obama proved not everyone should.
since	 	url	[Jesus will say] Come, you who my Father blesses. Inherit the kingdom prepared for you since the world‚Äôs creation - Matthew 25:34
since	 	url	my russian fam get on leaking four since you leaked midnight memories
since	 	url	My response time to personal email has long since passed abysmal and is gradually approaching abyssal.
since	 	url	I think I'm done for tonight guys. I PROMISE I'll do this again very soon since I only did about 7-8 of you! Love you all so muchüòä - michael
since	 	url	Pluto will complete its first full orbit since its discovery on Monday, March 23rd 2178.
since	 	url	Who is this Coby Fleener? Haven't seen him play a game like this since, um, forever. #ColtsWTHR
since	 	url	The Economy is Far Better Since Obama Took Office & Improving Every Year. GOP Have Done a Stellar Job of Distracting You from This. #VOTE
since	 	url	Im so sorry guys we're having problems with @YouTube üôà We can't get this weeks #MatariMonday workin on any phone, I've been tryin since 1
since	 	url	"@mrsfishie15: Making girls pregnant with his stare since 1987 waha #happytopday http://twitter.com/BIGBANGGisVIP/status/529289696837664768/photo/1pic.twitter.com/WIfdZQfM7H " boom buntis
since	 	url	since we had lots of camaustin in the austin tour can the girls go on tour w/ the vamps so we can have lots of brauren to make up for it
since	 	url	New GTA 5 video soon ^_^ Its been too long since I said that last xD
since	 	url	I was really rooting for you ever since you got out of jail, but please get your act together. I will not support this. Thanks @chrisbrown
since	 	url	A staggering 400 million birds have vanished from Europe since 1980 http://wapo.st/1xUvmHr
since	 	url	Been dealing with waves of panic attacks since like 7am, but I'm currently eating pizza rolls in bed so life at this moment is perfect.
since	 	url	if you cant give allison argent a decent funeral on the show when she's been there since day one then you didnt deserve crystal reed
since	 	url	This is the most important segment @HEELZiggler has been involved in since his WHC run & it's about damn time. Just let the man talk. #RAW
since	 	url	I just realized Thursday makes it six months since my bf broke up with me... And I'm still not over it. #feelingpathetic -Cali
since	 	url	Fifth harmony didn't win xfactor & since then fandom never allowed them to loose any relevant award üëè #votefifthharmony
since	 	url	NASH SHOULD MAKE THIS SINCE IT WAS ALEXAS IDEA
since	 	url	Sadie and Mark are the most dynamic duo since Adam and Eve #DWTS
since	 	url	It's been a amazing year since PTX Vol 2 was released! Within that year @PTXofficial racked up 100 mil with Daft Punk
since	 	url	its so weird that 5sos are in the same city as me rn bc the only thing thats changed since they arrived is my underwear #vote5sos
since	 	url	He is getting the attention he has always wanted but I don't even care, I haven't laughed this hard since the steelers throwback uniforms
since	 	url	It's been nearly a year since we shot a Ravens episode. Tomorrow morning: @Steelers vs @Ravens Part 3!
since	 	url	RT IF YOU THINK 5SOS SHOULD DO A FOLLOW SPREE WITH THE TAG AND ITS NOT CHEATING SINCE 5H POSTED THEIRS ‚ú® #vote5sos
since	 	url	Gets worse for Dems in Nevada. More than 3,000 absentees counted since late Friday bring GOP lead to 24,000 ballots. http://www.ralstonreports.com/blog/early-voting-blog-updated-every-day-numbers-and-analysis ‚Ä¶
since	 	url	Watching #stlblues game on delay. That has to be the best goal I've seen since I have been covering the team ('05-06)
since	 	url	Calums vocals have approved so much since 2011. Just compare their forever cover to the acoustic good girls. I'm honestly so proud #vote5sos
since	 	url	Greg Hunt, first Australian environment minister to successfully raise electricity emissions since 2008. Good job Greg!
since	 	url	More than 90 companies have severed ties with @ALEC_states since 2012 http://bit.ly/1vmNnf5  RT for more!
since	 	url	Since I heard you laugh and I seen that smile, felt that kiss and I can get used to this. Baby I could get used to this. #KeithUrban.
since	 	url	Ever since I met you no one else has ever been worth thinking about.
since	 	url	Brook Lopez hits two free throws for his first points since Dec. 20, 2013. Nets lead Thunder 52-31 late in second quarter.
since	 	url	The @SacramentoKings are searching for their first 2-0 road start since the 2001-2002 season. That year, Kings had NBA best record of 61-21
since	 	url	Stream is live y'all! First time on AW since it came out! http://www.mlg.tv/clayster
since	 	url	since MM wont like it louis should quick 1D to make aerobic videos
since	 	url	A Democratic president and a Republican Congress has been the best scenario for stocks since 1945, S&P says: http://on.wsj.com/1rTlR6J
since	 	url	I wonder when, if ever, they'll release the full version of this Still? It's been a while since it came out.
since	 	url	#Pisces humor may be warm and innocent or cold and ruthless since we are very sarcastic
since	 	url	Clayton Kershaw wins Players Choice NL Outstanding Pitcher, first 3-time winner since Pedro Martinez (4-timer)
since	 	url	its so crazy and amazing knowing that you've been supporting Nash since like 100k on vine, now he's almost at 10million wowza im v v v proud
since	 	url	Do I need to take off my earrings and get the Vaseline? I haven't did it since '92....
since	 	url	Must have been 2 or 3 yrs since I last spotted a whale.Twitter doing ops right.
since	 	url	Tonight was Vince Mcmahon's first appearance on #RAW since the Ultimate Warrior tribute show back in April.
since	 	url	#throwback I'm not the smiley type even when I was a youngin. Serious since '87 lol :) http://instagram.com/p/u9XnEwnX73/
since	 	url	Nov 4th 2014, It's been 6 years since Castle started production!! Thank you Cast & Crew Here's to MANY more years...
since	 	url	Hello everyone! It‚Äôs been a long while since we‚Äôve done a contest and since the holiday season is upon us (cont) http://tl.gd/n_1sdtind
since	 	url	Creepin through the back door since the fronts a popularity contest.. I dont fit in there.
since	 	url	Chris Brown just reminded me why I haven't bought one of his albums since FAME. His attitude is so so SO repulsive
since	 	url	"Parrot is the best thing out of France since Daft Punk." - @Richardlai: http://engt.co/1wX7A0L
since	 	url	I JUST REALISED JUSTIN FOLLOWS ME ON SHOTS AND I DIDNT EVEN KNOW WTF SINCE WHEN
since	 	url	Since 5sos are nominated for so many awards here are the links to vote ARIAS: http://ariaawards.com.au/public-voting  AMAS: use the hashtag #vote5sos [+]
since	 	url	Unemployment at 6.2% is dreadful; no net job creation in the 6 months since March... And the RBA thinks monetary policy is appropriate?
since	 	url	"#alexfromtarget" has been the top trend since yesterday how does that even happen
since	 	url	He hasn't had a girlfriend since 1998... let him tell you why: http://bit.ly/1GeMfCP
since	 	url	New data shows massive surge in Australia's CO2 output from electricity sector, since carbon price repeal. http://bit.ly/1tUUFdc  #climate
since	 	url	12/12 is not 12/12 anymore. they're doing their own things now and many of them have changed since last year.
since	 	url	I see there is concern about #CFL ratings from the usual suspects Since the start of the NFL season, CFL 652k ave NFL 562k ave
since	 	url	"I've learned plenty from @sterl_shep3 since I've come here both on and off the field." - @ItsQuicker
since	 	url	#ThenewTLX has it's best month since joining the Acura lineup. It's that kind of thrill. http://acura.us/10gcGXg
since	 	url	Netflix is having issues since 7:20 PM EST. http://downdetector.com/status/netflix  RT if it's down for you as well #netflixdown
since	 	url	Since it is almost Election Day, #GeeForPresident. Let‚Äôs get this trending!
since	 	url	My aunt Kathleen threw away two strips of bacon back in 1976. We haven‚Äôt spoken since.
since	 	url	Since y'all wanna crown me.... Just call me #DirtyWard43. Lol signing out!
since	 	url	TODAY IT'S ONE YEAR SINCE NASH AND SKY MADE THIS VINE TOGETHER, THEY SLAY EVERYTHING https://vine.co/v/hjX9FQu21Hu
since	 	url	BREAKING: Nikkei 225 jumps 4.1%, rises above 17,000 first time since 2007 | http://bloomberg.com
since	 	url	Ever since Chris Brown got that bad boy image him and his music been wack
since	 	url	It's my #Twitterversary! I have been on Twitter for 2 years (since 4 Nov 2012). And you? http://TwiAge.com
since	 	url	Visit by ms Rotterdam to Port Said, #Egypt first since 2013, enjoyed by tourists & locals #ttot http://bit.ly/10PCOts  via @altahirenglish
since	 	url	We cant lose to 5H again! Tht crushed me especially since 5sos done so Mich for us!! Rt for the boys!! -C #vote5sos
since	 	url	Prof. Richard White: The dangers of money in politics have been apparent and potentially easy to correct since 1888. http://stanford.io/1wsDAIw
since	 	url	Next since im in a good mood x , snapchat giveaway?
since	 	url	Since a lot of you have been asking, here's a tutorial about making animated infographics. http://tabletopwhale.com/2014/11/03/how-to-make-an-animated-infographic.html ‚Ä¶
since	 	url	Colts are 11-1 following a loss since 2012, best win pct following a loss of any team in that span. Colts-Giants, tonight 8:30 ET on ESPN.
since	 	url	Ever since grade school, I‚Äôve wanted to see this: feathers and bowling ball dropped in a vacuum. http://fb.me/31ybRhaCj
since	 	url	Barcelona have lost 2 of their first 10 Liga rounds of the season for the first time since 2003/2004 #fcblvie [via sport]
since	 	url	Connor McDavid is currently on pace for the most points by a draft eligible player since Mario Lemieux, with 42 points in only 14 games.
since	 	url	Like I am all for fans meeting the boys but literally every day since the boys started promo, the same 5 people have met them every day??
since	 	url	We‚Äôre bringing the beach to Green Square! #Sydney's biggest aquatic centre since the Olympics http://ow.ly/DLwIu
since	 	url	The new World Trade Center is open for the first time since 2001. That's great to see.
since	 	url	Today is the first day that the World Trade Center is open for business since the 9/11 Attacks. #Merica
since	 	url	.@LAZoo welcomes new baby hippo, a "happy surprise" since the mother was on birth control http://lat.ms/1tv9JNh
since	 	url	Queen Elizabeth and Prince Phillip, married since 1947'
since	 	url	Gray wolf reported at Grand Canyon for first time since the 1940s: http://reut.rs/1wsoDX3  via @reuters
since	 	url	Saw a dude wearing yoga pants in the gym today. Not cool. Although, since I wear tights for a living, my opinion might be somewhat ironic.
since	 	url	Support for stricter gun laws has shrunk by more than 10 percent since the #SandyHook shooting http://ow.ly/DLe8W
since	 	url	what if i told u ive been holding in this hit since 2005 dude
since	 	url	Fun Fact: Anna Wintour has been the Editor In Chief of Vogue Magazince since 1988! Happy Birthday Anna Wintour!
since	 	url	Colts are 11-1 following a loss since 2012, best win pct following a loss of any team in that span. Colts-Giants, tonight 8:30 ET on ESPN.
since	 	url	Ever since grade school, I‚Äôve wanted to see this: feathers and bowling ball dropped in a vacuum. http://fb.me/31ybRhaCj
since	 	url	Barcelona have lost 2 of their first 10 Liga rounds of the season for the first time since 2003/2004 #fcblvie [via sport]
since	 	url	Connor McDavid is currently on pace for the most points by a draft eligible player since Mario Lemieux, with 42 points in only 14 games.
since	 	url	Like I am all for fans meeting the boys but literally every day since the boys started promo, the same 5 people have met them every day??
since	 	url	We‚Äôre bringing the beach to Green Square! #Sydney's biggest aquatic centre since the Olympics http://ow.ly/DLwIu
since	 	url	The new World Trade Center is open for the first time since 2001. That's great to see.
since	 	url	Today is the first day that the World Trade Center is open for business since the 9/11 Attacks. #Merica
since	 	url	.@LAZoo welcomes new baby hippo, a "happy surprise" since the mother was on birth control http://lat.ms/1tv9JNh
since	 	url	Queen Elizabeth and Prince Phillip, married since 1947'
since	 	url	Gray wolf reported at Grand Canyon for first time since the 1940s: http://reut.rs/1wsoDX3  via @reuters
since	 	url	Saw a dude wearing yoga pants in the gym today. Not cool. Although, since I wear tights for a living, my opinion might be somewhat ironic.
since	 	url	Support for stricter gun laws has shrunk by more than 10 percent since the #SandyHook shooting http://ow.ly/DLe8W
since	 	url	what if i told u ive been holding in this hit since 2005 dude
since	 	url	Fun Fact: Anna Wintour has been the Editor In Chief of Vogue Magazince since 1988! Happy Birthday Anna Wintour!
since	 	url	Windy NYC marathon produces slowest winning time since 1995: http://bloom.bg/1zsGEa9
since	 	url	Chris Bosh named Eastern Conference Player of the Week. Bosh has 3 straight games w/ 20 Pts, 8 Reb & 4 Ast for the 1st time since 2005.
since	 	url	Since Halloween, it feels like Los Angeles' fever broke. No more heat wave!
since	 	url	Crystal Ball predicts Roberts holds. Result will be largest GOP margins in House and Senate since Prohibition. http://www.centerforpolitics.org/crystalball/articles/the-crystal-balls-final-2014-picks/ ‚Ä¶
since	 	url	Also think Dunham and girls are the most overrated thing since Alicia Keys and that's saying something
since	 	url	"The Republicans have not been able to pick off more than 2 incumbents since 1980, and now we're talking... about 4 to 7." @DanaPerino
since	 	url	‚Äú@jeranderson43: Waiting since ten to meet @NatbyNature #weloveyou #cold" I'll come back!!! Give me five minutes!!!
since	 	url	In the office writing. First time in over a year since we wrapped Die Without Hope in July '13. You‚Ä¶ http://instagram.com/p/u9CK_omtAb/
since	 	url	Since 2011, @pensfoundation and @UPMCSportsMed Heads UP program has educated 33,000 people on the issue of concussions in young athletes.
since	 	url	I haven't been this worried since Holloway was in charge. #cpfc
since	 	url	I feel WB coverage far more important than the drama involving Robert. The marginal utility of that in denting Cong image zero since long.
since	 	url	I thought Reveillere was great considering he hasn't played since May and had to switch positions during the game.
since	 	url	Considering Reveillere hasn't kicked a ball since May, that was a superbly composed performance #safc
since	 	url	1 - Sunderland have won a Premier League game on a Monday for the first time since April 1 2002. Patience.
since	 	url	Tweet of the Day! @ambrosegirl92 The moment when you realize you are watching Celtic Demons for the 15th time since Friday! @GhostAdventures
since	 	url	Adult Swim: Making nihilism taste like pancakes since 2001 #Chilluminati
since	 	url	When you turn 21, you can legally do all the things you've been doing since you were 15
since	 	url	Every girl's heart throb since the early 2000's
since	 	url	Since 5sos hate 'af' we'll have to change it to 'dw' for dick wanks I don't even know #vote5sos
since	 	url	Since when does ... enemy + enemy = friend .... When YOU need to grow up !
since	 	url	Sunderland have scored 17 own goals since August 2011. #SAFC
since	 	url	Ten Sunderland own goal scorers since start of '13-14: Brown (x2), Bardsley (x2), Bridcutt, Vergini, Cuellar, Fletcher, O'Shea, Van Aanholt.
since	 	url	There are 3 undefeated FBS teams. That's the fewest entering November since 2003, when it was just Oklahoma & TCU. Neither won the title.
since	 	url	10 - Since Aug 2013, Sunderland have scored 10 own goals, more than any of their players have scored at the right end in that period. Oops.
since	 	url	My wife just said, "No, I don't want pizza tonight. We had pizza last Monday." She doesn't know I've had pizza 3 times since last Monday.
since	 	url	Time to hop on that Advanced Warfare single player! Haven't touched CoD campaign since Black Ops 1!
since	 	url	IT MAKES NO SENSE SINCE IT'S AN EUROPEAN SHOW BUT WE SHOULD FOLLOW THE RULES TO NOT LOOSE A CHANCE #votefifthharmony
since	 	url	Hot Since 82 ‚Äè@hotsince82 16h16 hours ago
since	 	url	Eva Mendes looks totally slimmed down in these first pictures of her since giving birth last month! http://jus.tj/7qs
since	 	url	Davis has been paid $75,751.48 by the city of Pittsburgh since placed on paid leave http://www.post-gazette.com/local/city/2014/11/03/Pittsburgh-police-employee-tied-to-ex-chief-Nate-Harper-charged-with-theft-Tamara-Davis/stories/201411030152 ‚Ä¶
since	 	url	Since we've been talking about education today, let's remember what @ScottforFlorida has done in his state. #flgov
since	 	url	Growth in robotics industry since 1950s, visualized. Recently "explosive" http://www.fastcoexist.com/3037541/visualized/visualizing-the-explosive-growth-of-the-robotics-industry#5 ‚Ä¶ ht @robotenomics
since	 	url	At least 25 ISIS gangs including 3 ISIS commanders killed in 3 fronts of #Kobane since yesterday. #Twitterkurds @DirejSiyar
since	 	url	I say length of shoot because that is partially dictated by the script. Since they mention revising script that could mean length of shoot.
since	 	url	Not even my own channel since I play M rated games and collab with many of the M rated channels.
since	 	url	Chris Paul has 28 assists and 1 TO through 3 games. He's the only player to do that through 3 games since NBA began tracking TOs in 1977.
since	 	url	"No, I don't like that word" Excuse me? Since when? #vote5sos https://vine.co/v/OOP5VWMgADz
since	 	url	I don't think I've seen anything so one sided since city beat united 1-6. (.)(.)
since	 	url	Steelers: multiple takeaways in 3 straight games for 1st time since 2011 (Weeks 12-14) @btsteelcurtain
since	 	url	A Democratic president and a Republican Congress has been the best scenario for stocks since 1945, S&P analyst says: http://on.wsj.com/1rTlR6J
since	 	url	TREASURY: U.S. fourth quarter borrowing will be the lowest since 2007: http://bloom.bg/1xTNfpI
since	 	url	Klay Thompson becomes the first Warrior to earn @NBA Player of the Week in opening week since Tim Hardaway in 1994.
since	 	url	Since when did my vlog channel hit 16,000 subscribers?! whattt!! http://goo.gl/PZOPjB
since	 	url	Louisandharry have lost all their chill since Jay's wedding like ever since then it's been wild all the time it's picking up again wow
since	 	url	One positive sign for a #Cowboys defense being hit hard with injuries: DT Henry Melton is coming off his best 2-game stretch since 2012.
since	 	url	In the three weeks since we opened the doors to the NBA teams, our guys have really zeroed in on what we need to accomplish as a team.
since	 	url	I'm not here for the fallen hero crucifixion of Lena Dunham but at least people are noticing she's not the best thing since sliced cheese?
since	 	url	. @Fortnums Chairman Kate Hobson unveils the most iconic festive windows in London this eve . A tradition since 1880s
since	 	url	NPR announces the death of Tom Magliozzi, one of two brothers who have talked cars on NPR since 1987. More coverage ahead on NPR.
since	 	url	Today, for the first time since 9/11, office employees are working in 1 WTC http://4.nbcny.com/7ShrcWE
since	 	url	This Friday marks 2 years since the most incredible spectacle at Celtic Park in recent times...
since	 	url	3 hours later, Microsoft Office 365 is almost ready to go! Never been so excited since I camped out for Windows Me.
since	 	url	I've been crying over this vine of Matt since yesterday someone help me https://vine.co/v/OOwZAlInmjI
since	 	url	RT @WorldBankECA Average time to register property in Europe & C/Asia has fallen by 14 days since 2010! #DoingBiz http://wrld.bg/DHDNi
since	 	url	Lennon on Celtic: I haven‚Äôt watched them (since leaving)..it‚Äôd be like seeing somebody going out with your ex missus
since	 	url	since #alexfromtarget came to the U.S. everyone thinks they're true fans like Ive been listening to him since 2009 u cant even name 5 songs
since	 	url	Since Israel's assault on #Gaza, JVP has gained 31 new chapters across the US. We now have over 70. #JVPUKParliament
since	 	url	.@YayaToure: Has made at least 417 more passes (2981) than any other player in the Premier League since the start of last season #mcfc
since	 	url	"hey since you‚Äôre up can u-" *sits down*
since	 	url	Yesterday was the first time there was a fight in a NASCAR race since the last time there was a fight in a NASCAR race #nasfact
since	 	url	If Selena is going on tour, I bet it'll be towards the end of next year since she will have her album with interscope coming out later.
since	 	url	so Hitler has really changed since World War II ended...
since	 	url	@paultoo A while back, you tweeted about building a town. I've been curious ever since to hear if you were gonna expand on that idea.
since	 	url	Every girl's heart throb since the early 2000's
since	 	url	.@dundeeunitedfc's best start to a season since 1990/91. Read @SPLstats wknd in numbers http://spfl.co/splstats7
since	 	url	Rhonda added it all up: snow canyon has had 8 deaths since 2011 (3 years), all of them have been after the lightning hit our school
since	 	url	#YR fans - you know I don't hype things unnecessarily, so believe me when I say this is our best week of shows since January. Enjoy.
since	 	url	An Ibiza resident since Day 1, #GAISER is set to release a new album Nov.10th on @minusinc: http://bit.ly/FLpreview
since	 	url	Since today evening people wanting #AAP4Delhi have started making donations with message "Use for Delhi Election" Thank You All!
since	 	url	Every voter deserves to know that the Tories have delivered the largest real term cuts to Education since the 1950s
since	 	url	Since losing to Auburn, K-State is 5-0 with only one game (a road win vs. OU) decided by less than 23 points. http://foxs.pt/1ug9qJ7
since	 	url	Hunger kills more than Ebola but it's not considered a significant problem since rich people can't die of it.
since	 	url	#Patriots #Broncos drew an 18.6 rating nationally, CBS' highest-rated NFL game this season and third-highest since 1998
since	 	url	One panel has half the panel on the record, half off the record. Odd (especially since this is taking place at the National Press Club‚Ä¶)
since	 	url	CP3: only player in @NBA history to record 28+asts & 1 TO or less through the first 3 games of a season (since player TOs tracked in 1977)
since	 	url	Do you have a billion dollars? Me either. Since we can't buy candidates, let's vote tomorrow. Only chance we have for our voices to be heard
since	 	url	Workers move into One World Trade Center for the first time since 9/11 http://4.nbcny.com/q3EZ7gA
since	 	url	This could be the most dominant Republican Congress since 1929 http://wapo.st/1xSGSCZ
since	 	url	First time I've slept in since Tuesday...
since	 	url	I've had this same wallpaper since I got my phone I'm never changing it üòå
since	 	url	Rachel Reeves is the best Welfare Minister Labour have had since 1997. No wonder #IDS resorts to insults he just demonstrated. He's Rattled
since	 	url	14.5 million more Americans are now on food stamps since President Obama took office. Liberal policies aren't working. VOTE.
since	 	url	#Aries are difficult to tolerate on a day-to-day basis, since they are not in the habit of accommodating others.
since	 	url	ONE YEAR SINCE ALL OUR HEARTS DIED A LITTLE #1YearOfSOML #EMABiggestFans1D
since	 	url	Since Cameron became Prime Minister there has been a 613% rise in food banks in the UK. Total now stands at 707... #Shudder
since	 	url	it has always been jinki... ever since debut ;~~; - Onew takes care of cry-baby Jonghyun :3: http://youtu.be/QgtCBTTikaE  via @YouTube
since	 	url	Fox News speculating that ‚Äústocks could surge w/ GOP Senate win.‚Äù Dow is up 4000 points since 2012 election, which GOP did not win.
since	 	url	If you are disappointed with progress since 2008, and know GOP has blocked that progress... You gotta vote Dem in midterm elections.
since	 	url	"the boys were forced to redo their xfactor performance since harry wasnt wearing the right colour shirt" i thought the stereotype was gone
since	 	url	The Bin Laden family has owned stocks in the defense company Lockheed Martin; stocks which have tripled since the dawn of the war on terror.
since	 	url	Marcus Lattimore is not believed to have suffered any structural damage in the knee since his return to practice last week.
since	 	url	it's been 3 years since I sat for SPM and trust me, not a day in my life KOMSAS has been helpful. Buang je terus.
since	 	url	The Number Of Billionaires Has Doubled Since The Financial Crisis: http://elitedai.ly/1tq1y4S
since	 	url	Pete Thamel also angered followers with a tweet (since deleted) after the Treadwell injury. http://bit.ly/1EcZ0vz
since	 	url	The world‚Äôs count of billionaires has doubled since the financial crisis http://theatln.tc/10NQncJ
since	 	url	Most INTs since 2013: 1. Tashaun Gipson (@Gipson_duos24) 11 2. Richard Sherman (@RSherman_25) 9 Antrel Rolle (@antrelrolle26) 9
since	 	url	Kyungsoo said that the director was also very detailed with her instructions and it helped him a lot since it was his first time acting.
since	 	url	Winning an election by hurting the economy: "Brazil has its worst monthly fiscal deficit since records began" http://on.ft.com/1rGYJZ5  via @FT
since	 	url	Simple Maths- Even at its peak, AAP could manage just 28 & came 2nd. It's only been a downfall since then. AAP will be washed away this time
since	 	url	Yeom Jeong ah said that since kyungsoo has never gotten mad at his parents he found the scenes really hard at first
since	 	url	Martavis Bryant 1st #Steelers rookie w/ TDs in 3 straight since Heath '05 & 2nd rookie in team history w/ 2 multi-TD games (Eric Green '90)
since	 	url	Its been a year since this music video..and tbh I'm still watching it until now.. #EMABiggestFans1D
since	 	url	nov. 3, 2013. exactly one year since we slayed ytma.
since	 	url	SOMETHING'S WEIRD, I'VE BEEN RUNNING ON EMPTY, SICK SINCE YOU LEFT ME. IT EATS ME ALIVE LIKE A MILLION DISEASES, I'M TORN INTO PIECES
since	 	url	It's @sesamestreet's birthday! http://yhoo.it/1tSMbTR  A lot has changed since the show debuted 45 years ago
since	 	url	it's been a year since frozayn #1YearOfSOML #EMABiggestFans1D
since	 	url	Women have been getting unhappier overall compared to men since the 1970s.
since	 	url	To clarify. These figures from Land Registry nominal. The real fall in UK house prices (ex-London) since peak is 31pc
since	 	url	Today, for the first time since 9/11, office employees will be working in 1 WTC http://4.nbcny.com/0iRsCQk
since	 	url	Since the boys wont be on for a bit due to heading to LA, tweet us some things/ideas you would like to see us do? :) -E
since	 	url	Since 2012, #Seoul has emerged as a leader of the global sharing movement http://www.shareable.net/blog/sharehub-at-the-heart-of-seouls-sharing-movement ‚Ä¶ by @catjohnson in @shareable #SouthKorea
since	 	url	"dear diary, it's been a year since i freezed greg , i'm wonderin if i should unfreeze him nialler x" #1YearofSOML
since	 	url	Climate Change is an economic issue. It has been on the G20 Agenda since 2008. Abbott desperate.
since	 	url	A German child meets her father, a former WW2 soldier, for the first time since she was 1 year old, Germany, 1956
since	 	url	Putting together a nice table on Bruce Arians since I only have 4 games to work on.
since	 	url	HUGE shoutout to everyone who has been watching since 12 pm today <3 Seriously you make this world better.
since	 	url	Texas, on the cutting edge of minority disenfranchisement since emancipation http://bit.ly/1opDzUH  @Patbagley:
since	 	url	What's going on with Final Destination 6 ? It's coming up on 4 years since the last one? #FinalDestination @wbpictures @blumhouse #Horror
since	 	url	Pl RT Jamie Cheesman missing from #grimsby since 02/11/93. Call free on 116000 http://ow.ly/DtnAl  #GMBSearch
since	 	url	Since we all can't make a living charging 310/= for chemistry miracles...hahahahaha. But Seriously. Click here http://www.bollore-africa-logistics.com/en/join-us/apply.html ‚Ä¶
since	 	url	Since Halloween weekend is now over, just thought I'd share these pics cause I love my roomies :-)
since	 	url	A Very happy birthday to AAP mumbai secretary @themayankj one of the most dedicated volunteer since IAC days
since	 	url	@GreatDismal you've been an inspiration since I read neuromancer when I was 14-This is inspired by your work-Thankyou
since	 	url	Wait, yall know how when you've been sitting for too long & your foot falls asleep? Well mines been sleep since Friday & I'm scared üò≥üò≥üò≥üò≥
since	 	url	The Steelers have won three games and scored 124 points since the last time the Giants played.
since	 	url	So happy for @IAMATheatre I've been a fan ever since the first time I saw one of their productions #OvationAwards
since	 	url	Steve Kerr is the 1st Warriors head coach to win the 1st three games of his NBA head coaching career since Neil Johnston in 1959-60
since	 	url	117 points for the Steelers since Martavis Bryant was inserted into the lineup.
since	 	url	Stephen Curry is the first Warrior to tally at least 20 points/5 rebounds/5 assists in four straight games since Baron Davis in 2008
since	 	url	Man United have had their worst start to a league season since 1986
since	 	url	Jacoby Jones has 4 kickoff return TD since start of 2012 season, most in the NFL.
since	 	url	Everyone please RT this for me, my dog has been missing since yesterday. Last seen in the Lakes. His name is bubu
since	 	url	Poll: Support For Repeal Of Gun Control Laws On The Rise Since 2000 #2A #SisterPatriots http://www.breitbart.com/Big-Government/2014/11/02/Poll-Support-For-REPEAL-Of-Gun-Control-On-The-Rise-Since-2000 ‚Ä¶
since	 	url	Since I am on DM limit @5SecsofCalsD is doing DMs to 5/4! Go follow her! :)
since	 	url	How has @JacLaurita been busy since the last time we've seen her? She spends every second of her life on twitter? #RHONJ
since	 	url	Since Her Last Election in 2008, Mary Landrieu Hasn‚Äôt Cast a Single Pro-Life Vote http://buff.ly/1wWbOUD  #tcot #lasen
since	 	url	gUYS ITS BEEN ALMOST THREE YEARS SINCE THIS VIDEO IM SO UPSET
since	 	url	GEMINI: its no coincidence that you hate solicitors since the day love knocked on the door & you didn't answer
since	 	url	.@taylorswift13‚Äôs album ‚Äò1989‚Äô is set to have the biggest sales week since 2002. UNREAL. - @Iam_Shem
since	 	url	Spice Girls hit Wannabe is catchiest pop song since 1940s, study finds http://gu.com/p/43x2m/stw  Of course it is. Because Spice Girls rule.
since	 	url	For the first time since 1974 the Cardinals are 7-1 with the best record in the NFL
since	 	url	well now its too late to delete his leaked number since he said he's going to change it anyways üòÇ #alexfromtarget
since	 	url	rt if you've been there since the very beginning üíìüíì #aftfandom #alexfromtarget
since	 	url	rt if you've been there since the very beginning üíìüíì #aftfandom #alexfromtarget
since	 	url	Actually I think imma do 20 solos bc I'm in a good mood since it's my birthday üëåüòåüíÅ -Hillary {Sorry if I'm spamming your phones üò≥üò≥üò≥}
since	 	url	Since "cam has a girlfriend" im switching to alex from targets lane WHOS WITH ME
since	 	url	Brady's pass intended for Amendola is intercepted by Bradley Roby - Brady's 1st INT since Sept. 29. #DENvsNE
since	 	url	\o .... Question. Does Brady still need help or did he finally stop being wack? Let me know since yall keep moving the goalposts with him.
since	 	url	Taylor Swift's new album "1989" is projected to have the biggest-selling week in music since Eminem's "The Eminem Show" back in 2002.
since	 	url	2 years since harry looked at the camera and killed everyone #2yearsoflittlethings
since	 	url	Stat: Jeff Gordon has led 26 races in 2014. That's the most races he'd led in a season since 1999. #NASCAR
since	 	url	Jeremy Hill goes berserk with the most yards for a @Bengals runner since 2009. Watch, next week he'll get 8 carries.
since	 	url	2 years since niall told me he loved me #2yearsoflittlethings
since	 	url	Alfred Morris with his first multiple touchdown game since Week 2
since	 	url	PICK! @SherrodMartin23! 1st INT for him since 2011. #JAXvsCIN updates: http://bit.ly/JAXvsCIN14  .
