straight	 	http://www.straighttalk.com/wps/portal/home-Straight Talk | No Contract Cell Phones | Android Smartphones	 Shop for the best prepaid mobile phone deals, prepaid sim cards and unlimited international plans at Straight Talk Wireless today.
straight	 	http://dictionary.reference.com/browse/straight-Straight | Define Straight at Dictionary.com	 adjective, straighter, straightest. 1. without a bend, angle, or curve; not curved; direct: a straight path. 2. exactly vertical or horizontal; in a perfectly ...
straight	 	http://en.wikipedia.org/wiki/Straight-Straight - Wikipedia, the free encyclopedia	 Straight may refer to: Straight (poker), a poker hand containing five cards in sequential ranked order Straight, or straights, used to describe individuals with ...
straight	 	http://www.straighttalk.com/wps/portal/home/shop/phones-Browse Smartphones & Basic Phones: StraightTalk Wireless	 Preview all prepaid basic & smartphones available in your area with no contract from StraightTalk Wireless.
straight	 	http://www.merriam-webster.com/dictionary/straight-Straight - Definition and More from the Free Merriam ...	 Full Definition of STRAIGHT 1 a : free from curves, bends, angles, or irregularities <straight hair> <straight timber> b : generated by a point moving continuously in ...
straight	 	http://www.thefreedictionary.com/straight-straight - definition of straight by The Free Dictionary	 straight (strāt) adj. straight·er, straight·est. 1. Extending continuously in the same direction without curving: a straight line. 2. Having no waves or bends ...
straight	 	http://www.thesaurus.com/browse/straight-Straight Synonyms, Straight Antonyms | Thesaurus.com	 Synonyms for straight at Thesaurus.com with free online thesaurus, antonyms, and definitions. Dictionary and Word of the Day.
straight	 	http://thestraight.com/-The Straight on The Haight	 The Straight Theater in San Francisco. Stories and history of the Haight Ashbury. 60's styles, music, fashions and accessories in picture and text.
straight	 	http://straightfromeden.com/-Straight From Eden | Plant-Derived Straightening Creme ...	 Creme of Nature Straight from Eden is a breakthrough innovation in relaxing. Finally, a healthier way to relax your hair, featuring the first plant-derived ...
straight	 	http://en.wikipedia.org/wiki/Straight%3F%3F!!-Straight??!! - Wikipedia, the free encyclopedia	 Straight??!! is the fifth studio album by English rock band The Dogs D'Amour. Album was released in 1990 and entered the UK Albums Chart at #32. Notably this album is ...
straight	 	http://en.wiktionary.org/wiki/straight-straight - Wiktionary	 IPA : /stɹeɪt/ Rhymes: -eɪt; Homophone: strait; Adjective . straight (comparative straighter, superlative straightest) Not crooked or bent; having a ...
straight	 	http://www.straightspouse.org/-Straight Spouse Network |	 WELCOME TO THE STRAIGHT SPOUSE NETWORK. Is my husband gay? You’ve had suspicions. You’re pretty sure, or are positive, that it’s true. There are countless red ...
straight	 	http://straightwhiteboystexting.tumblr.com/-Straight White Boys Texting - Tumblr	 Anonymous: If a website called straightwhitegirlstexting was created, which mocked that group of people as well as female texting habits in general, it would be taken ...
straight	 	http://sale.straighttalk.com/-Straight Talk Wireless	 Get exclusive online deals and sales on no contract smart phones, sim cards and prepaid wireless plans from Straight Talk Wireless
straight	 	http://drinkstraightup.com/-The Straight Up	 Pre-prohibition cocktails and modern twists on classics (by The Straight Up)
straight	 	http://www.walmart.com/cp/Straight-Talk-Wireless/1045119-Straight Talk Wireless - Walmart.com	 Shop for Straight Talk Wireless cell phones, including no contract, service cards and Straight Talk accessories at Walmart.com. Save money. Live better.
straight	 	http://www.livingproof.com/buy/straight-Living Proof | Straight | Free Shipping	 Straight contains aerosolized OFPMA, Living Proof’s breakthrough molecule. It creates sleek, smooth, shiny straight hair without the use of silicones or harmful ...
straight	 	http://www.urbandictionary.com/define.php?term=Straight-Words related to Straight - Urban Dictionary: Straight	 There are multiple meanings for straight- 1. Traditional meaning: Without a bend or curve, evenly formed or set, not crooked. 2. Traditional meaning ...
straight	 	http://idioms.thefreedictionary.com/straight-straight - Idioms by The Free Dictionary	 straight 1. mod. honest; unembellished. (see also slim.) Have I ever been anything but straight with you? 2. n. a tobacco cigarette; a tobacco cigarette butt. (see ...
straight	 	http://www.yourdictionary.com/straight-Straight dictionary definition | straight defined	 The definition of straight is something that is in order, not curly or wavy or is slang for heterosexual or not under the influence of drugs or alcohol.
straight	 	http://straightshot.co/-Straight Shot	 Better, Faster, Stronger. Straight Shot is an accelerator dedicated to rapidly developing technology startups in a way that will allow them to succeed the first time.
straight	 	https://shoot-straight.com/-Shoot Straight - In Gun Sports since 1979	 Since 1979, Shoot Straight has steadily grown to be counted among the top one percent of all firearms dealers in the USA. We are the largest gun store chain
straight	 	http://www.straight.co.uk/-Home - Straight	 At Straight, our skills lie in our ability to continually deliver products specifically tailored to customer needs. However, our capabilities extend further than ...
straight	 	http://www.macmillandictionary.com/dictionary/british/straight-straight definitions and thesaurus | Macmillan Dictionary	 Define straight. What is straight? straight meaning, pronunciation and more by Macmillan Dictionary
straight	 	http://www.cnn.com/2014/12/31/showbiz/movies/feat-straight-outta-compton-trailer/index.html-Ice Cube premieres 'Straight Outta Compton' movie trailer ...	 "Straight Outta Compton" biopic chronicles NWA's rise to fame and infamy.
straight	 	http://straightfromthea.com/blogroll/-Straight From The A [SFTA] – Atlanta Entertainment ...	 Straight From The A. Stuff Fly People Like. The Kaos Effect. UpscaleHype. Yazmar. YouKnowYouDeadAzzWrong *To request a link exchange with StraightFromTheA.com, please ...
straight	 	http://www.straightaacademy.com/-Straight A - Test Prep, Tutoring, Act Test Prep	 COLLEGE ADMISSIONS SUMMER CAMP (CASC) Straight "A" Academy proudly presents the most unique and effective College Admissions Prep Program available anywhere in the ...
straight	 	http://www.spanishdict.com/translate/straight-Straight in Spanish | English to Spanish Translation	 Translate Straight in Spanish. Get the most accurate English to Spanish translations. Fast. Easy. Free.
straight	 	http://www.bravissimo.com/pepperberry/size-guide/body-shapes/straight/-Straight Body Shape | Pepperberry - Bravissimo	 Dress to suit your body shape at Pepperberry. If your body shape is Straight, visit Pepperberry to find out which styles will suit you most.
straight	 	http://straightrazors.com/-Straight Razors | Straight Razor | StraightRazors.com	 StraightRazors.com is the premier online straight razors and wet shaving store. Find the perfect straight razor set today. Save time and money.
straight	 	http://www.ranchcity.com/-Straight A's Ranch Supply	 Straight A's Supply | 9036 Leopard Road Malvern, Ohio 44644 | 330.868.3772 © 2014 Straight A's Arena Inc. All Rights Reserved. | home ~ ...
straight	 	http://www.wordreference.com/definition/straight-straight - WordReference.com Dictionary of English	 straight /streɪt/ USA pronunciation adj., -er, -est, adv., n. adj. without a bend, angle, wave, or curve: a straight path from here to the mountain. exactly vertical ...
straight	 	http://m.straighttalkbyop.com/-Straight Talk Wireless	 certain restrictions apply. straight talk reserves the right to terminate your service for unauthorized or abnormal usage. plan, features, coverage and limitations ...
straight	 	http://www.mathsisfun.com/geometry/straight-angle.html-Straight Angles - Math is Fun - Maths Resources	 Straight Angle A straight angle is 180 degrees. This is a straight angle. A straight angle changes the direction to point the opposite way. Sometimes people say "You ...
straight	 	http://moca.org/pc/viewArtTerm.php?id=36-MOCA | The Museum of Contemporary Art, Los Angeles	 Straight photography has lost much of its prestige as postmodern photographers have rejected its once-dominant tenets. They now produce works that counter the purist ...
straight	 	http://www.straightlinedesigns.com/new/-Straight Line Design — We make quirk, work!	 Straight Line Design 1000 Parker Street, Vancouver, BC V6A 2H2 CANADA
straight	 	http://www.straightforequality.org/-Home Page - Straight For Equality	 Straight for Equality is an outreach and education project that empowers straight people in supporting and advocating for gay, lesbian, bi, and transgender (GLBT) people.
straight	 	http://www.straightdown.com/-Straight Down | Golf Clothes | Tennis Wear | Sports Apparel	 Straight Down golf clothes offer a wide variety of men and womens clothing that looks both great on and off the course.
straight	 	http://onlineslangdictionary.com/meaning-definition-of/straight-What does straight mean? straight Definition. Meaning of ...	 Other terms relating to 'straight': be straight-up; Definitions include: to be truthful. damn straight; Definitions include: a phrase indicating approval, excitement ...
straight	 	http://www.webdiva.org/straight/-Straight Inc. - WebDiva	 Straight Inc. My (Brother's) Story Thanks to the wonderful folks who started and worked at Straight Inc., and the Seed, such as Mel Sembler, Mark Foley, Mel Riddile ...
straight	 	http://straightguise.com/-» Straight Guise	 Straight Guise intends to help readers just as I have helped my clients, first by separating the two types of men in the world: There are men who are gay and bisexual ...
straight	 	http://www.straightwheels.com/-Straight Wheels | A Straight Deal on a Straight Wheel	 Straight Wheels is Central Texas’ premier wheel repair facility dedicated to repairing, remanufacturing, and refinishing factory original wheels.
straight	 	http://www.etymonline.com/index.php?term=straight-Straight - Online Etymology Dictionary	 straight (adj.1) late 14c., "direct, undeviating; not crooked, not bent or curved," of a person, "direct, honest;" properly "stretched," adjectival use of Old English ...
straight	 	http://www.snopes.com/politics/ballot/straightticket.asp-snopes.com: Voting a Straight Ticket	 Voters who select a 'straight ticket' may not end up voting for a presidential candidate?
straight	 	http://dictionary.reference.com/browse/straight+ticket-Straight ticket | Define Straight ticket at Dictionary.com	 No voting machine or device used at any state or local election shall be equipped with a straight ticket device. The act repeals provisions that allow straight ticket ...
straight	 	http://www.nydailynews.com/sports/basketball/knicks/knicks-avoid-10-straight-losses-friday-article-1.2063336-Knicks try to avoid 10 straight losses Friday - NY Daily News	 Knicks try to avoid 10 straight losses with Friday's matchup with Pistons Only a rare road victory in Boston on Dec. 12 has prevented the 5-29 Knicks from losing 20 ...
straight	 	http://www.aetv.com/beyond-scared-straight-Beyond Scared Straight | - A&E - Shows, Schedules, Full ...	 The A&E Real Life series Beyond Scared Straight, produced by Arnold Shapiro, profiles the new approach to keeping today's teens from becoming tomorrow's prisoners.
straight	 	http://straight-square.com/-Welcome to Straight and Square Distributing	 Straight and Square Distributing LLC is a full line supplier to the collision repair industry serving; Minnesota, North Dakota, and Northwestern ...
straight	 	http://www.thefreedictionary.com/straight+off-straight off - definition of straight off by The Free ...	 straight off adv. At once; immediately: discovered straight off that the furnace wasn't working. straight off adv 1. without deliberation or hesitation: tell me the ...
straight	 	http://survivingstraightinc.com/-Surviving Straight Inc - Home	 Deepest thanks to Wes Fager for his tireless research and the first comprehensive website about Straight Inc. His work will never be forgotten.
straight	 	http://www.getitstraight.com/-Orthodontist Chicago IL | Get it Straight Orthodontics	 Dr. Neil of Get it Straight Orthodontics is your Chicago, IL orthodontists providing Invisalign, Damon System, Incognito, Suresmile and more! Call us today!
straight	 	http://financial-dictionary.thefreedictionary.com/Straight-Straight financial definition of Straight	 Imagine a vast sheet of paper on which straight Lines, Triangles, Squares, Pentagons, Hexagons, and other figures, instead of remaining fixed in their places, move ...
straight	 	http://www.ebay.com/bhp/straight-talk-iphone-Straight Talk iPhone: Cell Phones & Smartphones | eBay	 Find great deals on eBay for Straight Talk iPhone in Cell Phones and Smartphones. Shop with confidence.
straight	 	http://www.gap.com/products/mens-straight-leg-jeans.jsp-Mens Straight Leg Jeans | Gap - Free Shipping on $50	 Gap Mens Straight Leg Jeans. The classic mens straight leg jeans from the Gap are so popular they can be found in most fashion conscious men’s closets.
straight	 	http://straightjockfeet.blogspot.com/-Straight Jock Feet	 Hot masculine guys with really hot masculine feet. E-mail me your favorites! straightjockfeet@gmail.com
straight	 	http://straightmoneyanalysis.com/-Straight Money Analysis	 Straight Money Analysis is committed to providing the most timely and relevant world-wide business and financial news to its subscribers. This information is designed ...
straight	 	http://straightupmagazine.net/-Welcome-to-Str8Up - Straight-Up Magazine	 Welcome to Straight-up Magazine! Straight Up is THE source for the arts, music and entertainment for the Illinois Metro East region. The area is so rich in culture ...
straight	 	http://www.shopbop.com/clothes-denim-straight-leg-jeans/br/v=1/2534374302064884.htm?all-Straight Leg Jeans - Shopbop.com Designer Women's Fashion ...	 SHOPBOP - Straight Leg Jeans FASTEST FREE SHIPPING WORLDWIDE on Straight Leg Jeans & FREE EASY RETURNS
straight	 	http://www.nytimes.com/2015/01/11/sports/ncaafootball/north-dakota-state-wins-4th-straight-football-championship-subdivision-title.html-North Dakota State Wins 4th Straight Football Championship ...	 College Football | Roundup North Dakota State Wins 4th Straight Football Championship Subdivision Title
straight	 	http://www.straight8photography.com/-Straight 8 Custom Photography - Straight 8 Custom Photography	 Straight 8 Custom Photography, straight8, straight 8 photo, arizona, chandler, photographer, photography, portrait, stock photography, straight8photography, studio ...
straight	 	http://gayguystraightguy.blogspot.com/-Gay Guy / Straight Guy	 Straight Guy, Came home today from a great long weekend in Provincetown. I had an interesting interaction in the airport in Boston on the way home.
straight	 	http://www.straightlineindustries.com/-Straight Line Industries	 Straight Line Industries
straight	 	http://www.wikihow.com/Get-Straight-%22A%22s-How to Get Straight "A"s - wikiHow	 How to Get Straight "A"s. Being a great student doesn't mean hours and hours of being studious and having no social life at all! There's always room to improve, so it ...
straight	 	http://www.merriam-webster.com/dictionary/straight-out-Straight-out - Definition and More from the Free Merriam ...	 Full Definition of STRAIGHT-OUT 1 : forthright, blunt <gave a straight–out answer> 2 : outright, thoroughgoing — straight–out adverb See straight–out defined ...
straight	 	http://www.definitions.net/definition/straight-What does straight mean? - Definitions.net	 Definition of straight in the Definitions.net dictionary. Meaning of straight. What does straight mean? Information and translations of straight in the most ...
straight	 	http://www.amazon.com/Straight-Man-Novel-Richard-Russo/dp/0375701907-Straight Man: A Novel: Richard Russo: 9780375701900 ...	 Straight Man: A Novel [Richard Russo] on Amazon.com. *FREE* shipping on qualifying offers. In this uproarious new novel, Richard Russo performs his characteristic ...
straight	 	http://straightwhiteguy.com/-Straight White Guy	 "The exalted court of a blogging Mahatma" The Bitterman "Imagine Festus Hagin with a clean shave and no mule. You've got Eric." Acidman straight white guy:
straight	 	http://www.straightflight.com/-Straight Flight, Inc. | Aircraft Maintenance, Repair and ...	 Straight Flight – Worldwide Aviation Expertise. Your best choice for aircraft repair, maintenance, inspection and modification needs.
straight	 	http://www.arrl.org/straight-key-night-Straight Key Night - American Radio Relay League	 Straight Key Night Every day is a good day to send CW, but January 1 is reserved for Straight Key Night. Enjoy CW as it has been sent and enjoyed since the earliest ...
straight	 	http://www.aetv.com/beyond-scared-straight/video-Watch Beyond Scared Straight Videos - A&E	 There's no tough love in Beyond Scared Straight A&E's Emmy nominated series, only scare tactics made to terrify teens from leading a criminal life.
straight	 	http://straightstreet.org/-Straight Street - Fun. Faith. Help. Hope	 Welcome to Straight Street! Straight Street is a place where a teenager can hang out, meet friends and find someone to help them with their problems.
straight	 	http://www.bodybuilding.com/exercises/detail/view/name/straight-arm-pulldown-Straight-Arm Pulldown Exercise Guide and Video	 Get detailed instructions on Straight-Arm Pulldown. Learn correct technique with our Straight-Arm Pulldown video, photos, tips and reviews.
straight	 	http://www.straightahead.org/-Straight Ahead	 Straight Ahead is an international juvenile justice organization dedicated to seeing the lives of youth transformed through faith and relationship. Headquartered in ...
straight	 	http://sentence.yourdictionary.com/straight-Use straight in a sentence | straight sentence examples	 How to use straight in a sentence. Example sentences with the word straight. straight example sentences.
straight	 	http://www.straightroadelectronics.com/-Home - Straight Road Electronics	 Straight Road Electronics stocking distributor, electronic components, Magtech, DDP Data Display Products, Sentinel Connectors, Ironwood, Advanced Interconnections ...
straight	 	http://idioms.thefreedictionary.com/straight+out-straight out - Idioms by The Free Dictionary	 I went straight out in the country as much as a mile before I stopped; then I doubled back through the woods towards Phelps'.
straight	 	http://www.artofmanliness.com/2009/10/06/how-to-straight-razor-shave/-Straight Razor Shaving For Beginners | The Art of Manliness	 Straight razor shaving will give you the best shave in the world and make you feel like a man.
straight	 	http://www.definitions.net/definition/straight-What does straight mean? - Definitions.net	 Definition of straight in the Definitions.net dictionary. Meaning of straight. What does straight mean? Information and translations of straight in the most ...
straight	 	http://sentence.yourdictionary.com/straight-Use straight in a sentence | straight sentence examples	 How to use straight in a sentence. Example sentences with the word straight. straight example sentences.
straight	 	http://www.straightahead.org/-Straight Ahead	 Straight Ahead is an international juvenile justice organization dedicated to seeing the lives of youth transformed through faith and relationship. Headquartered in ...
straight	 	http://www.aetv.com/beyond-scared-straight/video-Watch Beyond Scared Straight Videos - A&E	 There's no tough love in Beyond Scared Straight A&E's Emmy nominated series, only scare tactics made to terrify teens from leading a criminal life.
straight	 	http://www.straightflight.com/-Straight Flight, Inc. | Aircraft Maintenance, Repair and ...	 Straight Flight – Worldwide Aviation Expertise. Your best choice for aircraft repair, maintenance, inspection and modification needs.
straight	 	http://straightwhiteguy.com/-Straight White Guy	 "The exalted court of a blogging Mahatma" The Bitterman "Imagine Festus Hagin with a clean shave and no mule. You've got Eric." Acidman straight white guy:
straight	 	http://www.bodybuilding.com/exercises/detail/view/name/straight-arm-pulldown-Straight-Arm Pulldown Exercise Guide and Video	 Get detailed instructions on Straight-Arm Pulldown. Learn correct technique with our Straight-Arm Pulldown video, photos, tips and reviews.
straight	 	http://www.arrl.org/straight-key-night-Straight Key Night - American Radio Relay League	 Straight Key Night Every day is a good day to send CW, but January 1 is reserved for Straight Key Night. Enjoy CW as it has been sent and enjoyed since the earliest ...
straight	 	http://straightstreet.org/-Straight Street - Fun. Faith. Help. Hope	 Welcome to Straight Street! Straight Street is a place where a teenager can hang out, meet friends and find someone to help them with their problems.
straight	 	http://www.straightroadelectronics.com/-Home - Straight Road Electronics	 Straight Road Electronics stocking distributor, electronic components, Magtech, DDP Data Display Products, Sentinel Connectors, Ironwood, Advanced Interconnections ...
straight	 	http://idioms.thefreedictionary.com/straight+out-straight out - Idioms by The Free Dictionary	 I went straight out in the country as much as a mile before I stopped; then I doubled back through the woods towards Phelps'.
straight	 	http://www.artofmanliness.com/2009/10/06/how-to-straight-razor-shave/-Straight Razor Shaving For Beginners | The Art of Manliness	 Straight razor shaving will give you the best shave in the world and make you feel like a man.
straight	 	http://www.powwows.com/2011/07/21/straight-dancing/-Straight Dancing - PowWows.com - Native American Pow Wows	 The Straight Dance from Oklahoma Native American Tribes is a formal, tailored, prestigious form of southern dance clothes. The overall effect is of reassuring ...
straight	 	http://straighttothebar.com/-Straight to the Bar : Helping you get stronger since 2004	 Helping you become stronger, faster and in better condition overall. Welcome to Straight to the Bar.
straight	 	http://straightfromhel.blogspot.com/-Straight From Hel	 Ideas may be heaven-sent, but these words come straight from Hel. Writing advice, publishing news, book reviews and links from writer and freelance editor, Helen Ginger.
straight	 	http://www.straightrazordesigns.com/index.php?main_page=index&cPath=73-Straight Razors & Strop Sets - Straight Razor Designs ...	 UNMATCHED SERVICE. Every Straight Razor you purchase from us has been Professionally Honed by Hand at NO CHARGE to you! You will also receive a certificate good for ...
straight	 	http://www.amazon.com/Straight-Man-Novel-Richard-Russo/dp/0375701907-Straight Man: A Novel: Richard Russo: 9780375701900 ...	 Straight Man: A Novel [Richard Russo] on Amazon.com. *FREE* shipping on qualifying offers. In this uproarious new novel, Richard Russo performs his characteristic ...
straight	 	http://www.oldnavy.com/products/mens-straight-fit-jeans.jsp-Mens Straight Fit Jeans | Old Navy - Free Shipping on $50	 Classic styling makes the mens straight fit jeans from Old Navy the perfect choice for everyday wear. Straight fit jeans for men give you the relaxed ease you want.
straight	 	http://www.wikihow.com/Make-Straight-Hair-Into-Afro-Hair-How to Make Straight Hair Into Afro Hair: 12 Steps	 How to Make Straight Hair Into Afro Hair. Many are the straight-haired who look on afros with jealousy. Is it actually possible to train your strait hair into a ...
straight	 	http://almoststraight.com/-Almost Straight	 Almost Straight
straight	 	http://www.straightforequality.org/healthcare-Straight for Equality in Healthcare - Straight For Equality	 Straight for Equality in Healthcare invites you to join the growing number of healthcare providers who want to find out more about what it means to be an ally in ...
straight	 	http://straightridersmc.homestead.com/-Welcome to Straight Riders Motorcyle Club	 Welcome to Straight Riders Motorcyle Club
straight	 	http://www.100straight.com/home.htm-100 Straight Products, Inc.	 Welcome to 100 Straight Products! Home of the TERMINATOR Recoil Pad. See the Terminator and many other excellent shooting products on the Products page.
straight	 	http://framestraightsystem.com/-Frame Straight - Motorcycle Rim repair,Motorcycle Wheel ...	 Motorcycle Wheel Repair Motorcycle Frame Repair. Motorcycle Component Straightening Frame Straight . Please note that work will be shut down until 11/19/13 as we ...
straight	 	http://www.ehow.com/how_4530026_keep-hair-straight.html-How to Keep Your Hair Straight | eHow	 How to Keep Your Hair Straight. People with naturally curly hair often straighten it via a variety of different means. While chemical straightening ...
straight	 	http://www.just-hairstyles.com/straight-haircuts.htm-Straight hairstyles | Pictures of haircuts for straight hair.	 The Straight hairstyles gallery contains unique designs and cuts covering short, medium and long locks for straight hair. For easy browsing this gallery is divided ...
straight	 	http://www.selfdefenseproducts.com/Straight-Batons-p-1-c-320.html-Straight Batons - Batons - J & L Self Defense Products	 Straight Batons. Similar to a side handle baton, A baton or truncheon (nightstick or billy-club in American English) is essentially a stick of less than arms-length.
straight	 	http://www.urbandictionary.com/define.php?term=Straight%20Edge-Urban Dictionary: Straight Edge	 Straight edge is basically living a clean life without drugs, drinking and casual sex. It's living a poison free and keeping yourself safe. It is a choice ...
straight	 	http://www.beautifulhairstyles.com/straight/-Straight New Haircuts for Today's Woman - Beautiful Hairstyles	 Photos of simple, easy, straight styles you can create using a ceramic or ionic hair straightener... Hairstyles Images. Carlson Young (17) looking radiant in the ...
straight	 	http://uniteeurotherapy.com/product-knowledge/style/lazer-straight-LAZER Straight - UNITE	 LAZER Straight. RELAXING FLUID. Defeat and control curls, tangles and frizz. LAZER Straight will straighten even the most difficult hair and protect it from blow ...
straight	 	http://photobucket.com/images/straight-Straight Pictures, Images & Photos | Photobucket	 View the 89470 best Straight Photos, Straight Images, Straight Pictures. Download photos or share to Facebook, Twitter, Tumblr, Blogger
straight	 	http://www.usatoday.com/story/tech/2015/01/12/ibm-patent-record/21640069/-IBM makes it 22nd straight year as top patent recipient	 IBM makes it 22nd straight year as top patent recipient. Here's a patented winning streak: IBM today announced that it received a record 7,534 patents in ...
straight	 	http://www.tshirthell.com/funny-shirts/straight/-T - Shirt Hell :: Shirts :: STRAIGHT	 Tags: straight black and white rainbow t-shirt, shades of gray rainbow straight shirt, heterosexual rainbow tee shirt, I'm not gay I like rainbows on my t shirt ...
straight	 	http://www.straighttothebar.com/guides/-Straight to the Bar : How Do I? The Straight to the Bar ...	 Welcome to Straight to the Bar - the home of All Things Strength. Here you’ll find everything that grunts, groans and ticks in the world of strength training.
straight	 	http://seattletimes.com/html/collegesports/2025434589_grid11xml.html-North Dakota State wins a record 4th straight FCS title ...	 North Dakota State wins a record 4th straight FCS title. North Dakota State beat Illinois State 29-27 on a last-minute touchdown in Frisco, Texas, to ...
straight	 	http://www.straightnochaser.org/-Straight, No Chaser	 Straight, No Chaser. The personal website of Tom Hirashima, a web developer in Oakland, CA. About; Portfolio
straight	 	http://www.straightedge.com/-straight edge - Welcome to: straightedge.com	 Welcome to StraightEdge.com What is Straight Edge? I am in the process of revamping the website and expanding it's scope. One of the things I'd like to do is keep a ...
straight	 	http://www.ehow.com/how_2078796_get-straight-as.html-How to Get Straight A's | eHow	 How to Get Straight A's. Would you like your next report card to show an orderly row of nothing but A's? Are you setting your sights on a quality college ...
straight	 	http://www.bloomberg.com/news/2015-01-08/nba-s-knicks-set-franchise-record-with-13th-straight-loss.html-NBA’s Knicks Set Franchise Record With 13th Straight ...	 The New York Knicks set a franchise record with their 13th straight loss, falling 101-91 at the Washington Wizards last night for their 23rd defeat in ...
straight	 	http://www.facebook.com/gaystraightalliances-Gay-Straight Alliances | Facebook	 Gay-Straight Alliances. 98,484 likes · 956 talking about this. Gay-Straight Alliances are student clubs that work to make schools safe for all students,...
straight	 	http://medical-dictionary.thefreedictionary.com/straight-chain-straight-chain - definition of straight-chain by Medical ...	 straight chain, n series of carbon atoms found in acyclic organic compounds that are successively linked without any branches.
straight	 	http://www.computerhope.com/jargon/s/straight.htm-What is straight through? - Computer Hope's free computer help	 Computer dictionary definition for what straight through means including related links, information, and terms.
straight	 	http://photobucket.com/images/straight-Straight Pictures, Images & Photos | Photobucket	 View the 89470 best Straight Photos, Straight Images, Straight Pictures. Download photos or share to Facebook, Twitter, Tumblr, Blogger
straight	 	http://www.tshirthell.com/funny-shirts/straight/-T - Shirt Hell :: Shirts :: STRAIGHT	 Tags: straight black and white rainbow t-shirt, shades of gray rainbow straight shirt, heterosexual rainbow tee shirt, I'm not gay I like rainbows on my t shirt ...
straight	 	http://www.straighttothebar.com/guides/-Straight to the Bar : How Do I? The Straight to the Bar ...	 Welcome to Straight to the Bar - the home of All Things Strength. Here you’ll find everything that grunts, groans and ticks in the world of strength training.
straight	 	http://www.beautifulhairstyles.com/straight/-Straight New Haircuts for Today's Woman - Beautiful Hairstyles	 Photos of simple, easy, straight styles you can create using a ceramic or ionic hair straightener... Hairstyles Images. Carlson Young (17) looking radiant in the ...
straight	 	http://www.urbandictionary.com/define.php?term=Straight%20Edge-Urban Dictionary: Straight Edge	 Straight edge is basically living a clean life without drugs, drinking and casual sex. It's living a poison free and keeping yourself safe. It is a choice ...
straight	 	http://uniteeurotherapy.com/product-knowledge/style/lazer-straight-LAZER Straight - UNITE	 LAZER Straight. RELAXING FLUID. Defeat and control curls, tangles and frizz. LAZER Straight will straighten even the most difficult hair and protect it from blow ...
straight	 	http://www.usatoday.com/story/tech/2015/01/12/ibm-patent-record/21640069/-IBM makes it 22nd straight year as top patent recipient	 IBM makes it 22nd straight year as top patent recipient. Here's a patented winning streak: IBM today announced that it received a record 7,534 patents in ...
straight	 	http://seattletimes.com/html/collegesports/2025434589_grid11xml.html-North Dakota State wins a record 4th straight FCS title ...	 North Dakota State wins a record 4th straight FCS title. North Dakota State beat Illinois State 29-27 on a last-minute touchdown in Frisco, Texas, to ...
straight	 	http://www.straightnochaser.org/-Straight, No Chaser	 Straight, No Chaser. The personal website of Tom Hirashima, a web developer in Oakland, CA. About; Portfolio
straight	 	http://www.straightedge.com/-straight edge - Welcome to: straightedge.com	 Welcome to StraightEdge.com What is Straight Edge? I am in the process of revamping the website and expanding it's scope. One of the things I'd like to do is keep a ...
straight	 	http://www.ehow.com/how_2078796_get-straight-as.html-How to Get Straight A's | eHow	 How to Get Straight A's. Would you like your next report card to show an orderly row of nothing but A's? Are you setting your sights on a quality college ...
straight	 	http://www.bloomberg.com/news/2015-01-08/nba-s-knicks-set-franchise-record-with-13th-straight-loss.html-NBA’s Knicks Set Franchise Record With 13th Straight ...	 The New York Knicks set a franchise record with their 13th straight loss, falling 101-91 at the Washington Wizards last night for their 23rd defeat in ...
straight	 	http://www.facebook.com/gaystraightalliances-Gay-Straight Alliances | Facebook	 Gay-Straight Alliances. 98,484 likes · 956 talking about this. Gay-Straight Alliances are student clubs that work to make schools safe for all students,...
straight	 	http://medical-dictionary.thefreedictionary.com/straight-chain-straight-chain - definition of straight-chain by Medical ...	 straight chain, n series of carbon atoms found in acyclic organic compounds that are successively linked without any branches.
straight	 	http://www.computerhope.com/jargon/s/straight.htm-What is straight through? - Computer Hope's free computer help	 Computer dictionary definition for what straight through means including related links, information, and terms.
straight	 	http://www.nytimes.com/2015/01/13/arts/dance/a-to-b-via-c-an-alexandra-bachzetsis-dance-theater-work.html-Getting From Here to There, but Not in a Straight Line	 Dance | Dance Review Getting From Here to There, but Not in a Straight Line ‘A to B via C,’ an Alexandra Bachzetsis Dance ...
straight	 	http://www.startribune.com/sports/wolves/288178281.html-Aldridge has 25, Blazers hand Magic 6th straight loss, 103 ...	 Aldridge has 25, Blazers hand Magic 6th straight loss, 103-92; Portland tied for most NBA wins. Article by ...
straight	 	http://www.wsj.com/articles/oil-posts-marginal-gains-in-jittery-markets-1420781345-Oil Tumbles to Seventh Straight Weekly Loss - WSJ	 Oil prices tumbled to their seventh straight weekly loss as concerns about a global crude glut intensified.
straight	 	http://sports.yahoo.com/news/rockets-win-3rd-straight-97-82-over-jazz-034626230--nba.html-Rockets win 3rd straight, 97-82 over Jazz; Harden has 30 ...	 James Harden had 30 points and five assists to lead the Rockets to their third straight victory, 97-82 over the Utah Jazz on Saturday night. ''We're catching a rhythm ...
straight	 	http://www.indeed.com/salary?q1=Straight+Truck+Driver&l1=Noblesville%2C+IN-Straight Truck Driver Salary in Noblesville, IN | Indeed.com	 Average Straight Truck Driver Salary in Noblesville, IN: $27,000. Search and compare Straight Truck Driver Salary in Noblesville, IN by location for free.
straight	 	http://www.cmt.com/news/straight-from-nashville/-Straight From Nashville | news	 Straight From Nashville on CMT News ... ©2015 Viacom International Inc. All Rights Reserved. CMT and all related titles and logos are trademarks of Country Music ...
straight	 	http://superiorstraightmen.tumblr.com/post/107683185907-Superior Straight Men	 A celebration of real straight men. Straight guys in suits, pissing, mooning, jockstraps. Straight guys rule!
straight	 	http://www.latimes.com/entertainment/movies/la-et-mn-world-made-straight-review-20150109-story.html-Bloodlines and bloodshed run through 'World Made Straight'	 "Landscape is destiny," a character insists in "The World Made Straight." Attempting to prove it, director David Burris lards the Appalachian drama with images of ...
straight	 	http://superiorstraightmen.tumblr.com/post/107683185907-Superior Straight Men	 A celebration of real straight men. Straight guys in suits, pissing, mooning, jockstraps. Straight guys rule!
straight	 	http://www.latimes.com/entertainment/movies/la-et-mn-world-made-straight-review-20150109-story.html-Bloodlines and bloodshed run through 'World Made Straight'	 "Landscape is destiny," a character insists in "The World Made Straight." Attempting to prove it, director David Burris lards the Appalachian drama with images of ...
straight	 	http://straightguynaked.tumblr.com/post/107544503914/horny-straight-guys-Horny Straight Guys...	 Naked Straight Man Selfie Pics, Straight Guys Tricked Dick Pics, Straight Mirror Pics.Straight guys Tricked on Cam Videos, free straight man naked dick pics.
straight	 	http://straightmenrock2.tumblr.com/post/107833895076-Straight Men Rock 2	 Straight Men Rock 2 Where Real Men, Alpha Men, are appreciated, honored, worshipped
straight	 	http://straightladsnaked.tumblr.com/image/107305075668-Straight Lads Naked - Welcome to the Wank Bank : Photo	 Straight Lads Naked - Welcome to the Wank Bank
straight	 	http://straightguys.tumblr.com/post/107300351331-Straight Guys	 Straight Guys. Archive; Subscribe; Just Ask; 6th January 2015. Photo with 5 notes
straight	 	http://www.archive.org/stream/cu31924064186905/cu31924064186905_djvu.txt-Full text of "A treatise on plane co-ordinate geometry as ...	 Full text of "A treatise on plane co-ordinate geometry as applied to the straight line and the conic sections"
straight	 	http://www.wwcequip.com/rss/wwcequip_straight_boom_lifts.xml-Worldwide Construction Equipment Used Straight Boom Lifts	 Used Straight Boom Lifts available at Worldwide Construction Equipment, Inc. ... Worldwide Construction Equipment Used Straight Boom Lifts
straight	 	http://straightguynaked.tumblr.com/post/107544503914/horny-straight-guys-Horny Straight Guys...	 Naked Straight Man Selfie Pics, Straight Guys Tricked Dick Pics, Straight Mirror Pics.Straight guys Tricked on Cam Videos, free straight man naked dick pics.
straight	 	http://archive.org/stream/atreatiseonplan06todhgoog/atreatiseonplan06todhgoog_djvu.txt-Full text of "A treatise on plane co-ordinate geometry as ...	 Full text of "A treatise on plane co-ordinate geometry as applied to the straight line and ..."
straight	 	http://www.archive.org/stream/treatiseonplanec00todhuoft/treatiseonplanec00todhuoft_djvu.txt-Full text of "A treatise on plane co-ordinate geometry, as ...	 Full text of "A treatise on plane co-ordinate geometry, as applied to the straight line and the conic sections; with numerous examples"
straight	 	http://straightmenrock2.tumblr.com/post/107833895076-Straight Men Rock 2	 Straight Men Rock 2 Where Real Men, Alpha Men, are appreciated, honored, worshipped
straight	 	http://www.zoklet.net/bbs/showthread.php?t=70979-ITT: Straight Edge Page stretching - Zoklet.net	 ITT: Straight Edge Page stretching Bat Country ... FREE shipping, FREE sample tags FREE 24/7 live tech support vinipooh123@gmail.com
straight	 	http://www.archive.org/stream/treatiseonplanec00todhrich/treatiseonplanec00todhrich_djvu.txt-Full text of "Treatise on plane co-ordinate geometry as ...	 Full text of "Treatise on plane co-ordinate geometry as applied to the straight line and the conic sections; with numerous examples"
straight	 	http://straightladsnaked.tumblr.com/image/107305075668-Straight Lads Naked - Welcome to the Wank Bank : Photo	 Straight Lads Naked - Welcome to the Wank Bank
straight	 	http://straightguys.tumblr.com/post/107300351331-Straight Guys	 Straight Guys. Archive; Subscribe; Just Ask; 6th January 2015. Photo with 5 notes
straight	 	http://www.archive.org/stream/cu31924064186905/cu31924064186905_djvu.txt-Full text of "A treatise on plane co-ordinate geometry as ...	 Full text of "A treatise on plane co-ordinate geometry as applied to the straight line and the conic sections"
straight	 	http://www.wwcequip.com/rss/wwcequip_straight_boom_lifts.xml-Worldwide Construction Equipment Used Straight Boom Lifts	 Used Straight Boom Lifts available at Worldwide Construction Equipment, Inc. ... Worldwide Construction Equipment Used Straight Boom Lifts
straight	 	http://straightguynaked.tumblr.com/post/107544503914/horny-straight-guys-Horny Straight Guys...	 Naked Straight Man Selfie Pics, Straight Guys Tricked Dick Pics, Straight Mirror Pics.Straight guys Tricked on Cam Videos, free straight man naked dick pics.
straight	 	http://archive.org/stream/atreatiseonplan06todhgoog/atreatiseonplan06todhgoog_djvu.txt-Full text of "A treatise on plane co-ordinate geometry as ...	 Full text of "A treatise on plane co-ordinate geometry as applied to the straight line and ..."
straight	 	http://www.archive.org/stream/treatiseonplanec00todhuoft/treatiseonplanec00todhuoft_djvu.txt-Full text of "A treatise on plane co-ordinate geometry, as ...	 Full text of "A treatise on plane co-ordinate geometry, as applied to the straight line and the conic sections; with numerous examples"
straight	 	http://straightmenrock2.tumblr.com/post/107833895076-Straight Men Rock 2	 Straight Men Rock 2 Where Real Men, Alpha Men, are appreciated, honored, worshipped
straight	 	http://www.zoklet.net/bbs/showthread.php?t=70979-ITT: Straight Edge Page stretching - Zoklet.net	 ITT: Straight Edge Page stretching Bat Country ... FREE shipping, FREE sample tags FREE 24/7 live tech support vinipooh123@gmail.com
straight	 	http://www.archive.org/stream/treatiseonplanec00todhrich/treatiseonplanec00todhrich_djvu.txt-Full text of "Treatise on plane co-ordinate geometry as ...	 Full text of "Treatise on plane co-ordinate geometry as applied to the straight line and the conic sections; with numerous examples"
straight	 	http://straightladsnaked.tumblr.com/image/107305075668-Straight Lads Naked - Welcome to the Wank Bank : Photo	 Straight Lads Naked - Welcome to the Wank Bank
straight	 	http://straightguys.tumblr.com/post/107300351331-Straight Guys	 Straight Guys. Archive; Subscribe; Just Ask; 6th January 2015. Photo with 5 notes
straight	 	http://www.archive.org/stream/cu31924064186905/cu31924064186905_djvu.txt-Full text of "A treatise on plane co-ordinate geometry as ...	 Full text of "A treatise on plane co-ordinate geometry as applied to the straight line and the conic sections"
straight	 	http://www.wwcequip.com/rss/wwcequip_straight_boom_lifts.xml-Worldwide Construction Equipment Used Straight Boom Lifts	 Used Straight Boom Lifts available at Worldwide Construction Equipment, Inc. ... Worldwide Construction Equipment Used Straight Boom Lifts
straight	 	http://straightguynaked.tumblr.com/post/107544503914/horny-straight-guys-Horny Straight Guys...	 Naked Straight Man Selfie Pics, Straight Guys Tricked Dick Pics, Straight Mirror Pics.Straight guys Tricked on Cam Videos, free straight man naked dick pics.
straight	 	http://archive.org/stream/atreatiseonplan06todhgoog/atreatiseonplan06todhgoog_djvu.txt-Full text of "A treatise on plane co-ordinate geometry as ...	 Full text of "A treatise on plane co-ordinate geometry as applied to the straight line and ..."
straight	 	http://www.archive.org/stream/treatiseonplanec00todhuoft/treatiseonplanec00todhuoft_djvu.txt-Full text of "A treatise on plane co-ordinate geometry, as ...	 Full text of "A treatise on plane co-ordinate geometry, as applied to the straight line and the conic sections; with numerous examples"
straight	 	http://straightmenrock2.tumblr.com/post/107833895076-Straight Men Rock 2	 Straight Men Rock 2 Where Real Men, Alpha Men, are appreciated, honored, worshipped
straight	 	http://www.zoklet.net/bbs/showthread.php?t=70979-ITT: Straight Edge Page stretching - Zoklet.net	 ITT: Straight Edge Page stretching Bat Country ... FREE shipping, FREE sample tags FREE 24/7 live tech support vinipooh123@gmail.com
straight	 	http://www.archive.org/stream/treatiseonplanec00todhrich/treatiseonplanec00todhrich_djvu.txt-Full text of "Treatise on plane co-ordinate geometry as ...	 Full text of "Treatise on plane co-ordinate geometry as applied to the straight line and the conic sections; with numerous examples"
straight	 	http://straightladsnaked.tumblr.com/image/107305075668-Straight Lads Naked - Welcome to the Wank Bank : Photo	 Straight Lads Naked - Welcome to the Wank Bank
straight	 	http://straightguys.tumblr.com/post/107300351331-Straight Guys	 Straight Guys. Archive; Subscribe; Just Ask; 6th January 2015. Photo with 5 notes
straight	 	http://www.archive.org/stream/cu31924064186905/cu31924064186905_djvu.txt-Full text of "A treatise on plane co-ordinate geometry as ...	 Full text of "A treatise on plane co-ordinate geometry as applied to the straight line and the conic sections"
straight	 	http://www.wwcequip.com/rss/wwcequip_straight_boom_lifts.xml-Worldwide Construction Equipment Used Straight Boom Lifts	 Used Straight Boom Lifts available at Worldwide Construction Equipment, Inc. ... Worldwide Construction Equipment Used Straight Boom Lifts
straight	 	http://straightguynaked.tumblr.com/post/107544503914/horny-straight-guys-Horny Straight Guys...	 Naked Straight Man Selfie Pics, Straight Guys Tricked Dick Pics, Straight Mirror Pics.Straight guys Tricked on Cam Videos, free straight man naked dick pics.
straight	 	http://archive.org/stream/atreatiseonplan06todhgoog/atreatiseonplan06todhgoog_djvu.txt-Full text of "A treatise on plane co-ordinate geometry as ...	 Full text of "A treatise on plane co-ordinate geometry as applied to the straight line and ..."
straight	 	http://www.archive.org/stream/treatiseonplanec00todhuoft/treatiseonplanec00todhuoft_djvu.txt-Full text of "A treatise on plane co-ordinate geometry, as ...	 Full text of "A treatise on plane co-ordinate geometry, as applied to the straight line and the conic sections; with numerous examples"
straight	 	http://straightmenrock2.tumblr.com/post/107833895076-Straight Men Rock 2	 Straight Men Rock 2 Where Real Men, Alpha Men, are appreciated, honored, worshipped
straight	 	http://www.zoklet.net/bbs/showthread.php?t=70979-ITT: Straight Edge Page stretching - Zoklet.net	 ITT: Straight Edge Page stretching Bat Country ... FREE shipping, FREE sample tags FREE 24/7 live tech support vinipooh123@gmail.com
straight	 	http://www.archive.org/stream/treatiseonplanec00todhrich/treatiseonplanec00todhrich_djvu.txt-Full text of "Treatise on plane co-ordinate geometry as ...	 Full text of "Treatise on plane co-ordinate geometry as applied to the straight line and the conic sections; with numerous examples"
straight	 	http://straightladsnaked.tumblr.com/image/107305075668-Straight Lads Naked - Welcome to the Wank Bank : Photo	 Straight Lads Naked - Welcome to the Wank Bank
straight	 	http://straightguys.tumblr.com/post/107300351331-Straight Guys	 Straight Guys. Archive; Subscribe; Just Ask; 6th January 2015. Photo with 5 notes
straight	 	http://www.archive.org/stream/cu31924064186905/cu31924064186905_djvu.txt-Full text of "A treatise on plane co-ordinate geometry as ...	 Full text of "A treatise on plane co-ordinate geometry as applied to the straight line and the conic sections"
straight	 	http://www.wwcequip.com/rss/wwcequip_straight_boom_lifts.xml-Worldwide Construction Equipment Used Straight Boom Lifts	 Used Straight Boom Lifts available at Worldwide Construction Equipment, Inc. ... Worldwide Construction Equipment Used Straight Boom Lifts
straight	 	http://straightguynaked.tumblr.com/post/107544503914/horny-straight-guys-Horny Straight Guys...	 Naked Straight Man Selfie Pics, Straight Guys Tricked Dick Pics, Straight Mirror Pics.Straight guys Tricked on Cam Videos, free straight man naked dick pics.
straight	 	http://archive.org/stream/atreatiseonplan06todhgoog/atreatiseonplan06todhgoog_djvu.txt-Full text of "A treatise on plane co-ordinate geometry as ...	 Full text of "A treatise on plane co-ordinate geometry as applied to the straight line and ..."
straight	 	http://www.archive.org/stream/treatiseonplanec00todhuoft/treatiseonplanec00todhuoft_djvu.txt-Full text of "A treatise on plane co-ordinate geometry, as ...	 Full text of "A treatise on plane co-ordinate geometry, as applied to the straight line and the conic sections; with numerous examples"
straight	 	http://straightmenrock2.tumblr.com/post/107833895076-Straight Men Rock 2	 Straight Men Rock 2 Where Real Men, Alpha Men, are appreciated, honored, worshipped
straight	 	http://www.zoklet.net/bbs/showthread.php?t=70979-ITT: Straight Edge Page stretching - Zoklet.net	 ITT: Straight Edge Page stretching Bat Country ... FREE shipping, FREE sample tags FREE 24/7 live tech support vinipooh123@gmail.com
straight	 	http://www.archive.org/stream/treatiseonplanec00todhrich/treatiseonplanec00todhrich_djvu.txt-Full text of "Treatise on plane co-ordinate geometry as ...	 Full text of "Treatise on plane co-ordinate geometry as applied to the straight line and the conic sections; with numerous examples"
straight	 	http://straightladsnaked.tumblr.com/image/107305075668-Straight Lads Naked - Welcome to the Wank Bank : Photo	 Straight Lads Naked - Welcome to the Wank Bank
straight	 	http://straightguys.tumblr.com/post/107300351331-Straight Guys	 Straight Guys. Archive; Subscribe; Just Ask; 6th January 2015. Photo with 5 notes
straight	 	http://www.wordreference.com/definition/straight-straight - WordReference.com Dictionary of English	 straight /streɪt/ USA pronunciation adj., -er, -est, adv., n. adj. without a bend, angle, wave, or curve: a straight path from here to the mountain. exactly vertical ...
straight	 	http://www.ranchcity.com/-Straight A's Ranch Supply	 Straight A's Supply | 9036 Leopard Road Malvern, Ohio 44644 | 330.868.3772 © 2014 Straight A's Arena Inc. All Rights Reserved. | home ~ ...
straight	 	http://moca.org/pc/viewArtTerm.php?id=36-MOCA | The Museum of Contemporary Art, Los Angeles	 Straight photography has lost much of its prestige as postmodern photographers have rejected its once-dominant tenets. They now produce works that counter the purist ...
straight	 	http://m.straighttalkbyop.com/-Straight Talk Wireless	 certain restrictions apply. straight talk reserves the right to terminate your service for unauthorized or abnormal usage. plan, features, coverage and limitations ...
straight	 	http://www.straightlinedesigns.com/new/-Straight Line Design — We make quirk, work!	 Straight Line Design 1000 Parker Street, Vancouver, BC V6A 2H2 CANADA
straight	 	http://www.straightdown.com/-Straight Down | Golf Clothes | Tennis Wear | Sports Apparel	 Straight Down golf clothes offer a wide variety of men and womens clothing that looks both great on and off the course.
straight	 	http://www.straightforequality.org/-Home Page - Straight For Equality	 Straight for Equality is an outreach and education project that empowers straight people in supporting and advocating for gay, lesbian, bi, and transgender (GLBT) people.
straight	 	http://www.mathsisfun.com/geometry/straight-angle.html-Straight Angles - Math is Fun - Maths Resources	 Straight Angle A straight angle is 180 degrees. This is a straight angle. A straight angle changes the direction to point the opposite way. Sometimes people say "You ...
straight	 	http://thestraights.com/-The Straights	 The Straights
straight	 	http://www.sfhonline.org/-Home of the Garden City Historical Museum	 The Straight Farmhouse. Home of the Garden City Historical Museum. 6221 Merriman Rd. Garden City, MI 48135 (734) 838-0650. Visit our News & Events Page. Home; News ...
straight	 	http://www.straighttotheleague.com/-Straight To The League/ Clothing, Mentality, Lifestyle ...	 Straight To The League is a clothing company and movement that promotes greatness on all levels and the mentality and mindset that says I can accomplish anything!
straight	 	https://gostraighttalk.com/-Straight Talk® :: Communication Tool	 Straight Talk® is a web-based communication tool that helps you communicate more effectively with other people. Access communication tools to help you apply Straight ...
straight	 	http://www.straightedge.com/whatissxe.html-What is Straight Edge? - Welcome to: straightedge.com	 What is Straight Edge? In the late 1970s and early 1980s a group of bands and kids began something that grew into a movement. It would become a movement that would ...
straight	 	http://straightwharfrestaurant.com/-Straight Wharf Restaurant	 Welcome to Straight Wharf Restaurant. Celebrating the heritage of 38 years, we seek to serve food that speaks of this place, the culture of Nantucket island, re ...
straight	 	http://straightperm.com/-Welcome to StraightPerm.com	 Straight Perm Properly called thermal reconditioning – Also known as Japanese hair straightening, magic perm, ionic retexturizing perm, thermal restructing, bionic ...
straight	 	http://iphone.straighttalk.com/-iPhone Now at Straight Talk Wireless	 Straight Talk has all the hottest phones — like the iPhone 6 and iPhone 6 Plus. Get Unlimited* talk, text and data with nationwide coverage for $45/month.
straight	 	http://straightegyptians.com/-Straight Egyptians Arabian Horse Online - Straight ...	 Independent online Arabian horse magazine specializing in the straight Egyptian.
straight	 	http://www.straightbullyism.com/-Straight Bullyism — FREE Turn-Based, Character-Building ...	 So, Straight Bullyism has been out for over 2 months now, and it's gotten over 300,000 hits and over 200 Facebook Likes (big thanks to anyone who shared SB).
straight	 	http://www.ebay.com/sch/i.html?_nkw=straight-straight | eBay	 Find great deals on eBay for straight straight talk. Shop with confidence.
straight	 	http://straightrazorplace.com/-Straight Razor Place - Welcome	 An international forum for wet shaving and straight razor enthusiasts.
straight	 	http://www.youtube.com/watch?v=-ebtjgK8NNU-Bryan Adams - Straight From The Heart - YouTube	 Bryan Adams - Straight From The Heart https://twitter.com/#!/bryanadams.
straight	 	http://www.straighttalkswitch.com/-Straight Talk Switch	 Walmart Has All the Straight Talk You Need Find a Walmart Wireless Center near you and start saving big.
straight	 	http://wontek.com/prepaid-reviews/straight-talk-wireless-reviews-Straight Talk Reviews | WONTEK	 Straight Talk Wireless FAQ: Can I just get a sim card for my unlocked GSM compatable phone? Yes. Straight Talk offers SIM cards as of Feb 2012 so you can bring your ...
straight	 	http://straighthealth.com/-Straight Health - Diets, Exercise and Nutrition	 Straight Health offers accurate and easy to understand articles, tools and other information on how to reach your health,diet and fitness goals.
straight	 	http://www.straightwheels.com/-Straight Wheels | A Straight Deal on a Straight Wheel	 Straight Wheels is Central Texas’ premier wheel repair facility dedicated to repairing, remanufacturing, and refinishing factory original wheels.
straight	 	http://www.ebay.com/bhp/straight-talk-iphone-Straight Talk iPhone: Cell Phones & Smartphones | eBay	 Find great deals on eBay for Straight Talk iPhone in Cell Phones and Smartphones. Shop with confidence.
straight	 	http://straightguise.com/-» Straight Guise	 Straight Guise intends to help readers just as I have helped my clients, first by separating the two types of men in the world: There are men who are gay and bisexual ...
straight	 	http://onlineslangdictionary.com/meaning-definition-of/straight-What does straight mean? straight Definition. Meaning of ...	 Other terms relating to 'straight': be straight-up; Definitions include: to be truthful. damn straight; Definitions include: a phrase indicating approval, excitement ...
straight	 	http://www.nydailynews.com/sports/basketball/knicks/knicks-avoid-10-straight-losses-friday-article-1.2063336-Knicks try to avoid 10 straight losses Friday - NY Daily News	 Knicks try to avoid 10 straight losses with Friday's matchup with Pistons Only a rare road victory in Boston on Dec. 12 has prevented the 5-29 Knicks from losing 20 ...
straight	 	http://www.webdiva.org/straight/-Straight Inc. - WebDiva	 Straight Inc. My (Brother's) Story Thanks to the wonderful folks who started and worked at Straight Inc., and the Seed, such as Mel Sembler, Mark Foley, Mel Riddile ...
straight	 	http://www.etymonline.com/index.php?term=straight-Straight - Online Etymology Dictionary	 straight (adj.1) late 14c., "direct, undeviating; not crooked, not bent or curved," of a person, "direct, honest;" properly "stretched," adjectival use of Old English ...
straight	 	http://dictionary.reference.com/browse/straight+ticket-Straight ticket | Define Straight ticket at Dictionary.com	 No voting machine or device used at any state or local election shall be equipped with a straight ticket device. The act repeals provisions that allow straight ticket ...
straight	 	http://www.snopes.com/politics/ballot/straightticket.asp-snopes.com: Voting a Straight Ticket	 Voters who select a 'straight ticket' may not end up voting for a presidential candidate?
straight	 	http://www.aetv.com/beyond-scared-straight-Beyond Scared Straight | - A&E - Shows, Schedules, Full ...	 The A&E Real Life series Beyond Scared Straight, produced by Arnold Shapiro, profiles the new approach to keeping today's teens from becoming tomorrow's prisoners.
straight	 	http://straight-square.com/-Welcome to Straight and Square Distributing	 Straight and Square Distributing LLC is a full line supplier to the collision repair industry serving; Minnesota, North Dakota, and Northwestern ...
straight	 	http://www.thefreedictionary.com/straight+off-straight off - definition of straight off by The Free ...	 straight off adv. At once; immediately: discovered straight off that the furnace wasn't working. straight off adv 1. without deliberation or hesitation: tell me the ...
straight	 	http://survivingstraightinc.com/-Surviving Straight Inc - Home	 Deepest thanks to Wes Fager for his tireless research and the first comprehensive website about Straight Inc. His work will never be forgotten.
straight	 	http://www.getitstraight.com/-Orthodontist Chicago IL | Get it Straight Orthodontics	 Dr. Neil of Get it Straight Orthodontics is your Chicago, IL orthodontists providing Invisalign, Damon System, Incognito, Suresmile and more! Call us today!
straight	 	http://financial-dictionary.thefreedictionary.com/Straight-Straight financial definition of Straight	 Imagine a vast sheet of paper on which straight Lines, Triangles, Squares, Pentagons, Hexagons, and other figures, instead of remaining fixed in their places, move ...
straight	 	http://www.gap.com/products/mens-straight-leg-jeans.jsp-Mens Straight Leg Jeans | Gap - Free Shipping on $50	 Gap Mens Straight Leg Jeans. The classic mens straight leg jeans from the Gap are so popular they can be found in most fashion conscious men’s closets.
straight	 	http://www.archive.org/stream/cu31924064186905/cu31924064186905_djvu.txt-Full text of "A treatise on plane co-ordinate geometry as ...	 Full text of "A treatise on plane co-ordinate geometry as applied to the straight line and the conic sections"
straight	 	http://www.wwcequip.com/rss/wwcequip_straight_boom_lifts.xml-Worldwide Construction Equipment Used Straight Boom Lifts	 Used Straight Boom Lifts available at Worldwide Construction Equipment, Inc. ... Worldwide Construction Equipment Used Straight Boom Lifts
straight	 	http://straightguynaked.tumblr.com/post/107544503914/horny-straight-guys-Horny Straight Guys...	 Naked Straight Man Selfie Pics, Straight Guys Tricked Dick Pics, Straight Mirror Pics.Straight guys Tricked on Cam Videos, free straight man naked dick pics.
straight	 	http://archive.org/stream/atreatiseonplan06todhgoog/atreatiseonplan06todhgoog_djvu.txt-Full text of "A treatise on plane co-ordinate geometry as ...	 Full text of "A treatise on plane co-ordinate geometry as applied to the straight line and ..."
straight	 	http://www.archive.org/stream/treatiseonplanec00todhuoft/treatiseonplanec00todhuoft_djvu.txt-Full text of "A treatise on plane co-ordinate geometry, as ...	 Full text of "A treatise on plane co-ordinate geometry, as applied to the straight line and the conic sections; with numerous examples"
straight	 	http://straightmenrock2.tumblr.com/post/107833895076-Straight Men Rock 2	 Straight Men Rock 2 Where Real Men, Alpha Men, are appreciated, honored, worshipped
straight	 	http://www.zoklet.net/bbs/showthread.php?t=70979-ITT: Straight Edge Page stretching - Zoklet.net	 ITT: Straight Edge Page stretching Bat Country ... FREE shipping, FREE sample tags FREE 24/7 live tech support vinipooh123@gmail.com
straight	 	http://www.archive.org/stream/treatiseonplanec00todhrich/treatiseonplanec00todhrich_djvu.txt-Full text of "Treatise on plane co-ordinate geometry as ...	 Full text of "Treatise on plane co-ordinate geometry as applied to the straight line and the conic sections; with numerous examples"
straight	 	http://straightladsnaked.tumblr.com/image/107305075668-Straight Lads Naked - Welcome to the Wank Bank : Photo	 Straight Lads Naked - Welcome to the Wank Bank
straight	 	http://straightguys.tumblr.com/post/107300351331-Straight Guys	 Straight Guys. Archive; Subscribe; Just Ask; 6th January 2015. Photo with 5 notes
straight	 	http://www.archive.org/stream/cu31924064186905/cu31924064186905_djvu.txt-Full text of "A treatise on plane co-ordinate geometry as ...	 Full text of "A treatise on plane co-ordinate geometry as applied to the straight line and the conic sections"
straight	 	http://www.wwcequip.com/rss/wwcequip_straight_boom_lifts.xml-Worldwide Construction Equipment Used Straight Boom Lifts	 Used Straight Boom Lifts available at Worldwide Construction Equipment, Inc. ... Worldwide Construction Equipment Used Straight Boom Lifts
straight	 	http://straightguynaked.tumblr.com/post/107544503914/horny-straight-guys-Horny Straight Guys...	 Naked Straight Man Selfie Pics, Straight Guys Tricked Dick Pics, Straight Mirror Pics.Straight guys Tricked on Cam Videos, free straight man naked dick pics.
straight	 	http://archive.org/stream/atreatiseonplan06todhgoog/atreatiseonplan06todhgoog_djvu.txt-Full text of "A treatise on plane co-ordinate geometry as ...	 Full text of "A treatise on plane co-ordinate geometry as applied to the straight line and ..."
straight	 	http://www.archive.org/stream/treatiseonplanec00todhuoft/treatiseonplanec00todhuoft_djvu.txt-Full text of "A treatise on plane co-ordinate geometry, as ...	 Full text of "A treatise on plane co-ordinate geometry, as applied to the straight line and the conic sections; with numerous examples"
straight	 	http://straightmenrock2.tumblr.com/post/107833895076-Straight Men Rock 2	 Straight Men Rock 2 Where Real Men, Alpha Men, are appreciated, honored, worshipped
straight	 	http://www.zoklet.net/bbs/showthread.php?t=70979-ITT: Straight Edge Page stretching - Zoklet.net	 ITT: Straight Edge Page stretching Bat Country ... FREE shipping, FREE sample tags FREE 24/7 live tech support vinipooh123@gmail.com
straight	 	http://www.archive.org/stream/treatiseonplanec00todhrich/treatiseonplanec00todhrich_djvu.txt-Full text of "Treatise on plane co-ordinate geometry as ...	 Full text of "Treatise on plane co-ordinate geometry as applied to the straight line and the conic sections; with numerous examples"
straight	 	http://straightladsnaked.tumblr.com/image/107305075668-Straight Lads Naked - Welcome to the Wank Bank : Photo	 Straight Lads Naked - Welcome to the Wank Bank
straight	 	http://straightguys.tumblr.com/post/107300351331-Straight Guys	 Straight Guys. Archive; Subscribe; Just Ask; 6th January 2015. Photo with 5 notes
straight	 	http://www.archive.org/stream/cu31924064186905/cu31924064186905_djvu.txt-Full text of "A treatise on plane co-ordinate geometry as ...	 Full text of "A treatise on plane co-ordinate geometry as applied to the straight line and the conic sections"
straight	 	http://www.wwcequip.com/rss/wwcequip_straight_boom_lifts.xml-Worldwide Construction Equipment Used Straight Boom Lifts	 Used Straight Boom Lifts available at Worldwide Construction Equipment, Inc. ... Worldwide Construction Equipment Used Straight Boom Lifts
straight	 	http://straightguynaked.tumblr.com/post/107544503914/horny-straight-guys-Horny Straight Guys...	 Naked Straight Man Selfie Pics, Straight Guys Tricked Dick Pics, Straight Mirror Pics.Straight guys Tricked on Cam Videos, free straight man naked dick pics.
straight	 	http://archive.org/stream/atreatiseonplan06todhgoog/atreatiseonplan06todhgoog_djvu.txt-Full text of "A treatise on plane co-ordinate geometry as ...	 Full text of "A treatise on plane co-ordinate geometry as applied to the straight line and ..."
straight	 	http://www.archive.org/stream/treatiseonplanec00todhuoft/treatiseonplanec00todhuoft_djvu.txt-Full text of "A treatise on plane co-ordinate geometry, as ...	 Full text of "A treatise on plane co-ordinate geometry, as applied to the straight line and the conic sections; with numerous examples"
straight	 	http://straightmenrock2.tumblr.com/post/107833895076-Straight Men Rock 2	 Straight Men Rock 2 Where Real Men, Alpha Men, are appreciated, honored, worshipped
straight	 	http://www.zoklet.net/bbs/showthread.php?t=70979-ITT: Straight Edge Page stretching - Zoklet.net	 ITT: Straight Edge Page stretching Bat Country ... FREE shipping, FREE sample tags FREE 24/7 live tech support vinipooh123@gmail.com
straight	 	http://www.archive.org/stream/treatiseonplanec00todhrich/treatiseonplanec00todhrich_djvu.txt-Full text of "Treatise on plane co-ordinate geometry as ...	 Full text of "Treatise on plane co-ordinate geometry as applied to the straight line and the conic sections; with numerous examples"
straight	 	http://straightladsnaked.tumblr.com/image/107305075668-Straight Lads Naked - Welcome to the Wank Bank : Photo	 Straight Lads Naked - Welcome to the Wank Bank
straight	 	http://straightguys.tumblr.com/post/107300351331-Straight Guys	 Straight Guys. Archive; Subscribe; Just Ask; 6th January 2015. Photo with 5 notes
straight	 	http://www.archive.org/stream/cu31924064186905/cu31924064186905_djvu.txt-Full text of "A treatise on plane co-ordinate geometry as ...	 Full text of "A treatise on plane co-ordinate geometry as applied to the straight line and the conic sections"
straight	 	http://www.wwcequip.com/rss/wwcequip_straight_boom_lifts.xml-Worldwide Construction Equipment Used Straight Boom Lifts	 Used Straight Boom Lifts available at Worldwide Construction Equipment, Inc. ... Worldwide Construction Equipment Used Straight Boom Lifts
straight	 	http://straightguynaked.tumblr.com/post/107544503914/horny-straight-guys-Horny Straight Guys...	 Naked Straight Man Selfie Pics, Straight Guys Tricked Dick Pics, Straight Mirror Pics.Straight guys Tricked on Cam Videos, free straight man naked dick pics.
straight	 	http://archive.org/stream/atreatiseonplan06todhgoog/atreatiseonplan06todhgoog_djvu.txt-Full text of "A treatise on plane co-ordinate geometry as ...	 Full text of "A treatise on plane co-ordinate geometry as applied to the straight line and ..."
straight	 	http://www.archive.org/stream/treatiseonplanec00todhuoft/treatiseonplanec00todhuoft_djvu.txt-Full text of "A treatise on plane co-ordinate geometry, as ...	 Full text of "A treatise on plane co-ordinate geometry, as applied to the straight line and the conic sections; with numerous examples"
straight	 	http://straightmenrock2.tumblr.com/post/107833895076-Straight Men Rock 2	 Straight Men Rock 2 Where Real Men, Alpha Men, are appreciated, honored, worshipped
straight	 	http://www.zoklet.net/bbs/showthread.php?t=70979-ITT: Straight Edge Page stretching - Zoklet.net	 ITT: Straight Edge Page stretching Bat Country ... FREE shipping, FREE sample tags FREE 24/7 live tech support vinipooh123@gmail.com
straight	 	http://www.archive.org/stream/treatiseonplanec00todhrich/treatiseonplanec00todhrich_djvu.txt-Full text of "Treatise on plane co-ordinate geometry as ...	 Full text of "Treatise on plane co-ordinate geometry as applied to the straight line and the conic sections; with numerous examples"
straight	 	http://straightladsnaked.tumblr.com/image/107305075668-Straight Lads Naked - Welcome to the Wank Bank : Photo	 Straight Lads Naked - Welcome to the Wank Bank
straight	 	http://straightguys.tumblr.com/post/107300351331-Straight Guys	 Straight Guys. Archive; Subscribe; Just Ask; 6th January 2015. Photo with 5 notes
straight	 	http://www.archive.org/stream/cu31924064186905/cu31924064186905_djvu.txt-Full text of "A treatise on plane co-ordinate geometry as ...	 Full text of "A treatise on plane co-ordinate geometry as applied to the straight line and the conic sections"
straight	 	http://www.wwcequip.com/rss/wwcequip_straight_boom_lifts.xml-Worldwide Construction Equipment Used Straight Boom Lifts	 Used Straight Boom Lifts available at Worldwide Construction Equipment, Inc. ... Worldwide Construction Equipment Used Straight Boom Lifts
straight	 	http://straightguynaked.tumblr.com/post/107544503914/horny-straight-guys-Horny Straight Guys...	 Naked Straight Man Selfie Pics, Straight Guys Tricked Dick Pics, Straight Mirror Pics.Straight guys Tricked on Cam Videos, free straight man naked dick pics.
straight	 	http://archive.org/stream/atreatiseonplan06todhgoog/atreatiseonplan06todhgoog_djvu.txt-Full text of "A treatise on plane co-ordinate geometry as ...	 Full text of "A treatise on plane co-ordinate geometry as applied to the straight line and ..."
straight	 	http://www.archive.org/stream/treatiseonplanec00todhuoft/treatiseonplanec00todhuoft_djvu.txt-Full text of "A treatise on plane co-ordinate geometry, as ...	 Full text of "A treatise on plane co-ordinate geometry, as applied to the straight line and the conic sections; with numerous examples"
straight	 	http://straightmenrock2.tumblr.com/post/107833895076-Straight Men Rock 2	 Straight Men Rock 2 Where Real Men, Alpha Men, are appreciated, honored, worshipped
straight	 	http://www.zoklet.net/bbs/showthread.php?t=70979-ITT: Straight Edge Page stretching - Zoklet.net	 ITT: Straight Edge Page stretching Bat Country ... FREE shipping, FREE sample tags FREE 24/7 live tech support vinipooh123@gmail.com
straight	 	http://www.archive.org/stream/treatiseonplanec00todhrich/treatiseonplanec00todhrich_djvu.txt-Full text of "Treatise on plane co-ordinate geometry as ...	 Full text of "Treatise on plane co-ordinate geometry as applied to the straight line and the conic sections; with numerous examples"
straight	 	http://straightladsnaked.tumblr.com/image/107305075668-Straight Lads Naked - Welcome to the Wank Bank : Photo	 Straight Lads Naked - Welcome to the Wank Bank
straight	 	http://straightguys.tumblr.com/post/107300351331-Straight Guys	 Straight Guys. Archive; Subscribe; Just Ask; 6th January 2015. Photo with 5 notes
straight	 	http://www.archive.org/stream/cu31924064186905/cu31924064186905_djvu.txt-Full text of "A treatise on plane co-ordinate geometry as ...	 Full text of "A treatise on plane co-ordinate geometry as applied to the straight line and the conic sections"
straight	 	http://www.wwcequip.com/rss/wwcequip_straight_boom_lifts.xml-Worldwide Construction Equipment Used Straight Boom Lifts	 Used Straight Boom Lifts available at Worldwide Construction Equipment, Inc. ... Worldwide Construction Equipment Used Straight Boom Lifts
straight	 	http://straightguynaked.tumblr.com/post/107544503914/horny-straight-guys-Horny Straight Guys...	 Naked Straight Man Selfie Pics, Straight Guys Tricked Dick Pics, Straight Mirror Pics.Straight guys Tricked on Cam Videos, free straight man naked dick pics.
straight	 	http://archive.org/stream/atreatiseonplan06todhgoog/atreatiseonplan06todhgoog_djvu.txt-Full text of "A treatise on plane co-ordinate geometry as ...	 Full text of "A treatise on plane co-ordinate geometry as applied to the straight line and ..."
straight	 	http://www.archive.org/stream/treatiseonplanec00todhuoft/treatiseonplanec00todhuoft_djvu.txt-Full text of "A treatise on plane co-ordinate geometry, as ...	 Full text of "A treatise on plane co-ordinate geometry, as applied to the straight line and the conic sections; with numerous examples"
straight	 	http://straightmenrock2.tumblr.com/post/107833895076-Straight Men Rock 2	 Straight Men Rock 2 Where Real Men, Alpha Men, are appreciated, honored, worshipped
straight	 	http://www.zoklet.net/bbs/showthread.php?t=70979-ITT: Straight Edge Page stretching - Zoklet.net	 ITT: Straight Edge Page stretching Bat Country ... FREE shipping, FREE sample tags FREE 24/7 live tech support vinipooh123@gmail.com
straight	 	http://www.archive.org/stream/treatiseonplanec00todhrich/treatiseonplanec00todhrich_djvu.txt-Full text of "Treatise on plane co-ordinate geometry as ...	 Full text of "Treatise on plane co-ordinate geometry as applied to the straight line and the conic sections; with numerous examples"
straight	 	http://straightladsnaked.tumblr.com/image/107305075668-Straight Lads Naked - Welcome to the Wank Bank : Photo	 Straight Lads Naked - Welcome to the Wank Bank
straight	 	http://straightguys.tumblr.com/post/107300351331-Straight Guys	 Straight Guys. Archive; Subscribe; Just Ask; 6th January 2015. Photo with 5 notes
straight	 	http://www.archive.org/stream/cu31924064186905/cu31924064186905_djvu.txt-Full text of "A treatise on plane co-ordinate geometry as ...	 Full text of "A treatise on plane co-ordinate geometry as applied to the straight line and the conic sections"
straight	 	http://www.wwcequip.com/rss/wwcequip_straight_boom_lifts.xml-Worldwide Construction Equipment Used Straight Boom Lifts	 Used Straight Boom Lifts available at Worldwide Construction Equipment, Inc. ... Worldwide Construction Equipment Used Straight Boom Lifts
straight	 	http://straightguynaked.tumblr.com/post/107544503914/horny-straight-guys-Horny Straight Guys...	 Naked Straight Man Selfie Pics, Straight Guys Tricked Dick Pics, Straight Mirror Pics.Straight guys Tricked on Cam Videos, free straight man naked dick pics.
straight	 	http://archive.org/stream/atreatiseonplan06todhgoog/atreatiseonplan06todhgoog_djvu.txt-Full text of "A treatise on plane co-ordinate geometry as ...	 Full text of "A treatise on plane co-ordinate geometry as applied to the straight line and ..."
straight	 	http://www.archive.org/stream/treatiseonplanec00todhuoft/treatiseonplanec00todhuoft_djvu.txt-Full text of "A treatise on plane co-ordinate geometry, as ...	 Full text of "A treatise on plane co-ordinate geometry, as applied to the straight line and the conic sections; with numerous examples"
straight	 	http://straightmenrock2.tumblr.com/post/107833895076-Straight Men Rock 2	 Straight Men Rock 2 Where Real Men, Alpha Men, are appreciated, honored, worshipped
straight	 	http://www.zoklet.net/bbs/showthread.php?t=70979-ITT: Straight Edge Page stretching - Zoklet.net	 ITT: Straight Edge Page stretching Bat Country ... FREE shipping, FREE sample tags FREE 24/7 live tech support vinipooh123@gmail.com
straight	 	http://www.archive.org/stream/treatiseonplanec00todhrich/treatiseonplanec00todhrich_djvu.txt-Full text of "Treatise on plane co-ordinate geometry as ...	 Full text of "Treatise on plane co-ordinate geometry as applied to the straight line and the conic sections; with numerous examples"
straight	 	http://straightladsnaked.tumblr.com/image/107305075668-Straight Lads Naked - Welcome to the Wank Bank : Photo	 Straight Lads Naked - Welcome to the Wank Bank
straight	 	http://straightguys.tumblr.com/post/107300351331-Straight Guys	 Straight Guys. Archive; Subscribe; Just Ask; 6th January 2015. Photo with 5 notes
straight	 	http://www.archive.org/stream/cu31924064186905/cu31924064186905_djvu.txt-Full text of "A treatise on plane co-ordinate geometry as ...	 Full text of "A treatise on plane co-ordinate geometry as applied to the straight line and the conic sections"
straight	 	http://www.wwcequip.com/rss/wwcequip_straight_boom_lifts.xml-Worldwide Construction Equipment Used Straight Boom Lifts	 Used Straight Boom Lifts available at Worldwide Construction Equipment, Inc. ... Worldwide Construction Equipment Used Straight Boom Lifts
straight	 	http://straightguynaked.tumblr.com/post/107544503914/horny-straight-guys-Horny Straight Guys...	 Naked Straight Man Selfie Pics, Straight Guys Tricked Dick Pics, Straight Mirror Pics.Straight guys Tricked on Cam Videos, free straight man naked dick pics.
straight	 	http://archive.org/stream/atreatiseonplan06todhgoog/atreatiseonplan06todhgoog_djvu.txt-Full text of "A treatise on plane co-ordinate geometry as ...	 Full text of "A treatise on plane co-ordinate geometry as applied to the straight line and ..."
straight	 	http://www.archive.org/stream/treatiseonplanec00todhuoft/treatiseonplanec00todhuoft_djvu.txt-Full text of "A treatise on plane co-ordinate geometry, as ...	 Full text of "A treatise on plane co-ordinate geometry, as applied to the straight line and the conic sections; with numerous examples"
straight	 	http://straightmenrock2.tumblr.com/post/107833895076-Straight Men Rock 2	 Straight Men Rock 2 Where Real Men, Alpha Men, are appreciated, honored, worshipped
straight	 	http://www.zoklet.net/bbs/showthread.php?t=70979-ITT: Straight Edge Page stretching - Zoklet.net	 ITT: Straight Edge Page stretching Bat Country ... FREE shipping, FREE sample tags FREE 24/7 live tech support vinipooh123@gmail.com
straight	 	http://www.archive.org/stream/treatiseonplanec00todhrich/treatiseonplanec00todhrich_djvu.txt-Full text of "Treatise on plane co-ordinate geometry as ...	 Full text of "Treatise on plane co-ordinate geometry as applied to the straight line and the conic sections; with numerous examples"
straight	 	http://straightladsnaked.tumblr.com/image/107305075668-Straight Lads Naked - Welcome to the Wank Bank : Photo	 Straight Lads Naked - Welcome to the Wank Bank
straight	 	http://straightguys.tumblr.com/post/107300351331-Straight Guys	 Straight Guys. Archive; Subscribe; Just Ask; 6th January 2015. Photo with 5 notes
straight	 	http://www.archive.org/stream/cu31924064186905/cu31924064186905_djvu.txt-Full text of "A treatise on plane co-ordinate geometry as ...	 Full text of "A treatise on plane co-ordinate geometry as applied to the straight line and the conic sections"
straight	 	http://www.wwcequip.com/rss/wwcequip_straight_boom_lifts.xml-Worldwide Construction Equipment Used Straight Boom Lifts	 Used Straight Boom Lifts available at Worldwide Construction Equipment, Inc. ... Worldwide Construction Equipment Used Straight Boom Lifts
straight	 	http://straightguynaked.tumblr.com/post/107544503914/horny-straight-guys-Horny Straight Guys...	 Naked Straight Man Selfie Pics, Straight Guys Tricked Dick Pics, Straight Mirror Pics.Straight guys Tricked on Cam Videos, free straight man naked dick pics.
straight	 	http://archive.org/stream/atreatiseonplan06todhgoog/atreatiseonplan06todhgoog_djvu.txt-Full text of "A treatise on plane co-ordinate geometry as ...	 Full text of "A treatise on plane co-ordinate geometry as applied to the straight line and ..."
straight	 	http://www.archive.org/stream/treatiseonplanec00todhuoft/treatiseonplanec00todhuoft_djvu.txt-Full text of "A treatise on plane co-ordinate geometry, as ...	 Full text of "A treatise on plane co-ordinate geometry, as applied to the straight line and the conic sections; with numerous examples"
straight	 	http://straightmenrock2.tumblr.com/post/107833895076-Straight Men Rock 2	 Straight Men Rock 2 Where Real Men, Alpha Men, are appreciated, honored, worshipped
straight	 	http://www.zoklet.net/bbs/showthread.php?t=70979-ITT: Straight Edge Page stretching - Zoklet.net	 ITT: Straight Edge Page stretching Bat Country ... FREE shipping, FREE sample tags FREE 24/7 live tech support vinipooh123@gmail.com
straight	 	http://www.archive.org/stream/treatiseonplanec00todhrich/treatiseonplanec00todhrich_djvu.txt-Full text of "Treatise on plane co-ordinate geometry as ...	 Full text of "Treatise on plane co-ordinate geometry as applied to the straight line and the conic sections; with numerous examples"
straight	 	http://straightladsnaked.tumblr.com/image/107305075668-Straight Lads Naked - Welcome to the Wank Bank : Photo	 Straight Lads Naked - Welcome to the Wank Bank
straight	 	http://straightguys.tumblr.com/post/107300351331-Straight Guys	 Straight Guys. Archive; Subscribe; Just Ask; 6th January 2015. Photo with 5 notes
