toward the west	 	http://www.allmusic.com/album/toward-the-west-mw0000190553-Toward the West - Kitaro | Songs, Reviews, Credits, Awards ...	 Find album reviews, stream songs, credits and award information for Toward the West - Kitaro on AllMusic - 1986
toward the west	 	http://www.allmusic.com/album/toward-the-west-mw0000190553/releases-Toward the West - Kitaro | Releases | AllMusic	 Find album release information for Toward the West - Kitaro on AllMusic
toward the west	 	http://biblehub.com/daniel/8-4.htm-Daniel 8:4 I watched the ram as it charged toward the west ...	 New International Version I watched the ram as it charged toward the west and the north and the south. No animal could stand against it, and none could rescue from ...
toward the west	 	http://www.piie.com/publications/chapters_preview/4242/07iie4242.pdf-Ch 7: Russian Attitudes toward the West - Peter G ...	 7 Russian Attitudes toward the West In the late 1980s the vast majority of Russians supported pro-Western eco-nomic and political transformation.
toward the west	 	http://www.weegy.com/?ConversationId=7ADD4A18-Why would the Ottoman Empire have concentrated their ...	 Why would the Ottoman Empire have concentrated their expansion toward the west?a .The eastern lands were already controlled by other Islamic groups b.
toward the west	 	http://www.discogs.com/Kitaro-Toward-The-West/release/2333662-Kitaro - Toward The West (CD, Album) at Discogs	 Kitaro ‎– Toward The West Label: Geffen Records ‎– 9 24094-2 ... Kitaro: Towards The West ... Kitaro: Toward The West ...
toward the west	 	http://www.nato.int/acad/fellow/98-00/diliguenski.pdf-“The West” in Russian Mentality - NATO - Homepage	 In the next section, the authors analyze those factors that influenced Russian attitudes toward the West and Western values during the past ten years. 14 II.
toward the west	 	http://biblehub.com/zechariah/6-6.htm-Zechariah 6:6 The one with the black horses is going ...	 New International Version The one with the black horses is going toward the north country, the one with the white horses toward the west, and the one with the dappled ...
toward the west	 	https://open.spotify.com/album/2B53rMHwnTT5Abb532oTtr-Toward The West by Kitaro on Spotify	 Toward The West Kitaro. Download Spotify # Song; 1: Auspicious Omen. Kitaro 4:54: 2: Halo. Kitaro 3:32: 3: Melancholy. Kitaro ...
toward the west	 	http://www.krtv.com/news/texas-sized-tsunami-debris-field-headed-toward-the-west-coast/-Texas-sized tsunami debris field headed toward the West ...	 Nov 6, 2013 7:04 PM by CBS Seattle. Texas-sized tsunami debris field headed toward the West Coast. SEATTLE - A new report states an island of debris the size of Texas ...
toward the west	 	http://www.advarsitysports.com/expansion-nhl-lean-toward-the-west/-Expansion: NHL lean toward the West / advarsitysports	 Expansion: NHL lean toward the West Bill Daly (Image Source: Getty) RDS.ca Tuesday, 11 November 2014 24:44 While in Las Vegas late last week, the right arm of the ...
toward the west	 	http://www.amazon.com/Toward-The-West-Kitaro/dp/B001BYCSH2-Amazon.com: Kitaro: Toward The West: Music	 Amazon.com: Kitaro: Toward The West: Music. Amazon Try Prime. Your Amazon.com Today's Deals Gift Cards Sell Help. Shop by Department. Hello. Sign in ...
toward the west	 	http://www.king5.com/story/local/2014/12/19/13122754/-Is an environmental disaster drifting toward the West Coast?	 Is an environmental disaster drifting toward the West Coast? Is an environmental disaster drifting toward the West Coast?
toward the west	 	https://www.fanfiction.net/s/5465943/1/The-young-flowers-are-blowing-toward-the-west-The young flowers are blowing toward the west, a ...	 Title: The young flowers are blowing toward the west. Fandom: mostly "Supernatural" Disclaimer: not my characters; title from Browning. Warnings: AU
toward the west	 	http://nationalinterest.org/blog/paul-pillar/israels-contradictory-policy-toward-the-west-bank-5178-Israel's Contradictory Policy Toward the West Bank | The ...	 The Israeli government of Benjamin Netanyahu has maintained a policy toward the West Bank, and toward the Palestinian Authority that ostensibly governs it, that ...
toward the west	 	http://www.chegg.com/homework-help/questions-and-answers/electron-moving-toward-west-enters-uniform-magnetic-field-field-electron-curves-upward-dir-q2687623-An Electron, Moving Toward The West, Enters A Uniform ...	 An electron, moving toward the west, enters a uniform magnetic field. Because of this field the electron curves upward. What is the direction of the magnetic field ...
toward the west	 	http://www.answers.com/Q/Cold_winds_blowing_toward_the_west_are_called-Cold winds blowing toward the west are called?	 Cold winds blowing toward the west are called? ... What are mild winds blowing toward the west called? Prevailing westerlies 5 people found this useful
toward the west	 	http://demo.tunegenie.com/music/kitaro/toward-the-west/-Toward The West by KITARO	 Toward The West; Help; KITARO. Artist Info; Albums; Top Tracks; Videos; Concerts; Toward The West (2004) 4:53 click to expand 3:31 click to expand. 4:26 ...
toward the west	 	http://economics.yale.edu/sites/default/files/files/Faculty/Tsyvinski/WP135.pdf-Russian Attitudes Toward the West - Yale University	 1 /14 Russian Attitudes Toward the West1 Sergei 2Guriev, Maxim 3Trudolyubov and Aleh Tsyvinski 4 December 6, 2008 Are Russians Moving Backwards?
toward the west	 	http://www.ebay.com/itm/Kitaro-LP-Toward-The-West-/270309579148-Kitaro LP Toward The West | eBay	 Kitaro. Toward The West. geffen 24094. cover mint-vinyl mint-Payments must be made within 7 days! Shipping : See home page for shipping costs! 1 45 shipped media mail ...
toward the west	 	http://www.answers.com/Q/Toward_what_direction_does_the_west_wind_blow-Toward what direction does the west wind blow - The Q&A wiki	 A west wind blows FROM the west. Submit. 4 people found this useful Edit answer ... If a wind vane is pointing toward the west From what direction is the wind blowing?
toward the west	 	https://www.7digital.com/artist/kitaro/release/toward-the-west-Toward The West (2006) | Kitaro | High Quality Music ...	 Preview, buy and download high-quality music downloads of Toward The West by Kitaro from 7digital United Kingdom - We have over 30 million high quality tracks in our ...
toward the west	 	http://www.kingjamesbibleonline.org/Isaiah-11-14/-ISAIAH 11:14 But they shall fly upon the shoulders of the ...	 But they shall fly vpon the shoulders of the Philistines toward the West, they shall spoile them of the East together: they shall lay their hand vpon Edom and Moab ...
toward the west	 	http://www.researchgate.net/publication/46449383_Russian_Attitudes_Toward_the_West-Russian Attitudes Toward the West - ResearchGate	 Publication » Russian Attitudes Toward the West. ... Center for Economic and Financial Research (CEFIR), Working Papers 01/2008;
toward the west	 	http://www.chegg.com/homework-help/questions-and-answers/1-force-15-n-toward-west-applied-40-kg-box-another-force-42-n-toward-east-also-applied-40--q1479954-1 ) A Force Of 15 N Toward The WEST Is Applied ... | Chegg.com	 1 ) A force of 15 N toward the WEST is applied to a 4.0-kg box. Another force of 42 N toward the EAST is also applied to the 4.0-kg box. What is the net force on the ...
toward the west	 	http://www.history.army.mil/books/wwii/lorraine/lorraine-ch12.htm-Chapter 12: The XII Corps Attack Toward the West Wall	 CHAPTER XII. The XII Corps Attack Toward the West Wa ll (1-18 December) At the end of November the Third Army was closing up to the Sarre River.
toward the west	 	http://www.trimble.kyschools.us/userfiles/13/Classes/1808/West%20Review%202011-2.doc-Looking Toward the West	 Looking Toward the West. Chapter 6 Study Guide. Vocabulary: Sooner – people who snuck past the government officials to mark their land claim in advance.
toward the west	 	http://insider.foxnews.com/2014/06/15/%e2%80%98you-need-be-afraid%e2%80%99-judge-jeanine-says-militants-iraq-will-march-toward-west-‘You Need to Be Afraid’: Judge Jeanine Says Militants ...	 ‘You Need to Be Afraid’: Judge Jeanine Says Militants in Iraq Will March Toward the West
toward the west	 	http://www.imf.org/external/pubs/ft/wp/2009/wp09125.pdf-Decoupling from the East Toward the West? Analyses of ...	 WP/09/125. Decoupling from the East Toward the West? Analyses of Spillovers to the Baltic Countries
toward the west	 	http://www.jstor.org/stable/1173836-Gorbachev's Policy toward the West: Smiles and Iron Teeth	 Gorbachev's Policy toward the West: Smiles and Iron Teeth HANNES ADOMEIT The evolution of Mikhail Gorbachev's foreign policy has again indicated that there is no ...
toward the west	 	http://onlinebooks.library.upenn.edu/webbin/book/lookupid?key=olbp19548-Ruthenia: Spearhead Toward the West, by Charles J. Hokky ...	 Title: Ruthenia: Spearhead Toward the West: Author: Hokky, Charles J. Translator: Gallus, Alexander : Link: HTML at Corvinus Library: Stable link here: http ...
toward the west	 	http://www.forbes.com/sites/markadomanis/2012/10/11/georgia-is-moving-toward-the-west-and-there-is-no-need-to-mourn-mikhail-saakashvili/-Georgia is Moving Toward the West And There Is No Need To ...	 Georgia is Moving Toward the West And There Is No Need To 'Mourn' Mikhail Saakashvili. Comment Now. Follow Comments Following Comments Unfollow Comments.
toward the west	 	http://www.loc.gov/pictures/item/az0229.photos.008636p/-6. VIEW OF BRIDGE, LOOKING EAST TOWARD THE WEST TOWER. THE ...	 title: 6. view of bridge, looking east toward the west tower. the anchorage for the west ends of the main suspension cables is seen in the foreground.
toward the west	 	http://www.ebay.com/itm/Kitaro-Toward-the-West-CD-85-Japan-press-/230648194922-Kitaro Toward The West CD '85 Japan Press 020642409429 | eBay	 Kitaro - Toward the West CD '85 Japan press in Music, CDs | eBay. Skip to main content. eBay: Shop by category. Enter your search keyword. Advanced
toward the west	 	http://www.academia.edu/425220/The_cross-cultural_view_toward_the_West_in_Okakuras_The_Book_of_Tea-The cross-cultural view toward the West in Okakura's The ...	 The cross-cultural view toward the West in Okakura’s The Book of Tea Yusuke SUZUMURA Hosei University Research Center for International Japanese Studies ...
toward the west	 	http://www.technodisco.net/kitaro/toward-the-west.html-Toward The West - Kitaro Download MP3 - Technodisco	 Download music with Emule or Torrent is illegal and kills the music industry. Download Kitaro - Toward The West legally with Technodisco.net
toward the west	 	http://www.goneinsixtyseconds.info/1eh/The-Indian-Metropolis-A-View-Toward-The-West.pdf-The Indian Metropolis: A View Toward The West, 1989, Norma ...	 The Indian Metropolis: A View Toward The West, 1989, Norma Evenson, 0195624246, 9780195624243, Oxford U. Press, 1989 Published: 28th May 2011 DOWNLOAD http://bit.ly ...
toward the west	 	http://www.mp3mixx.com/album/kitaro/toward_the_west-1819118-Toward The West d Kitaro d MP3MIXX.COM	 Download Toward The West by Kitaro at MP3mixx.com! High Quality, Preview Available. Songs start at just $0.15!
toward the west	 	http://photography-plus.com/fullPic.asp?picID=1654-Aerial photo of Walloon Lake in northern Michigan in the ...	 Description: #1654 - Aerial photo of Walloon Lake in northern Michigan in the fall viewed toward the west and Lake Michigan Date: 10/20/2007
toward the west	 	http://archiveofourown.org/works/203542-The young flowers are blowing toward the west - tigriswolf ...	 Notes: Title: The young flowers are blowing toward the west Fandom: mostly “Supernatural” Disclaimer: not my characters; title from Browning.
toward the west	 	http://yourbittorrent.com/torrent/491009/Real.Wife.Stories.-.The.Switcheroo.html-Kitaro - Toward the West-1986 Torrent Download	 Download the Kitaro - Toward the West-1986 Torrent or choose other Kitaro - Toward the West-1986 torrent downloads.
toward the west	 	http://www.nuggetnews.com/main.asp?SectionID=79&subsectionID=129&articleID=2625-Lake George Fire: Burning actively toward the west ...	 8/12/2006 4:44:00 PM Lake George Fire: Burning actively toward the west: Saturday, August 12, 5 p.m. - The Lake George Fire threw up a dark column of smoke this ...
toward the west	 	http://www.gettyimages.com/detail/news-photo/man-walks-along-the-colonade-toward-the-west-wing-of-the-news-photo/457342656-man walks along the colonade toward the West Wing of the ...	 Caption: WASHINGTON, DC - OCTOBER 16: A man walks along the colonade toward the West Wing of the White House, October 16, 2014 in Washington, DC.
toward the west	 	http://www.amazon.co.uk/Toward-the-West-CASSETTE/dp/B00008F52M-Toward the West [CASSETTE] by : Amazon.co.uk: Music	 Toward the West [CASSETTE] by : Amazon.co.uk: Music ... CDs & Vinyl ...
toward the west	 	http://www.kxlh.com/news/texas-sized-tsunami-debris-field-headed-toward-the-west-coast/-Texas-sized tsunami debris field headed toward the West ...	 Nov 6, 2013 7:49 PM by CBS Seattle. Texas-sized tsunami debris field headed toward the West Coast. SEATTLE - A new report states an island of debris the size of Texas ...
toward the west	 	http://publicdomainthing.tumblr.com/post/43570822965/interior-of-tintern-abbey-looking-toward-the-west-The Public Domain | Interior of Tintern Abbey looking ...	 Interior of Tintern Abbey looking toward the West Window Thomas Girtin 1793 Art Renewal Center
toward the west	 	http://www.internationalaffairs.org.au/events/why-is-russia-so-hostile-toward-the-west/-Why Is Russia So Hostile Toward the West? - Australian ...	 « Go back Why Is Russia So Hostile Toward the West? Wednesday 21st May 2014 6:00pm AEDT
toward the west	 	http://guardians.net/egypt/gp3.htm-The Subterranean Chamber - Guardian's Egypt Main Gate	 Looking toward the west wall you can see the roughly hewn features of the pit. Looking due west:
toward the west	 	http://www.prnewswire.com/news-releases/donan-engineering-continues-footprint-expansion-toward-the-west-156403895.html-Donan Engineering Continues Footprint Expansion Toward the ...	 Donan Engineering Continues Footprint Expansion Toward the West Firm Announces Plans to Open Oklahoma Offices in Oklahoma City and Tulsa
toward the west	 	http://www.merriam-webster.com/dictionary/western-Western - Definition and More from the Free Merriam ...	 Full Definition of WESTERN 1 a : coming from the west <a western storm> b : lying toward the west 2 capitalized : of, relating to, or characteristic of a region ...
toward the west	 	http://www.encore-editions.com/belt-railway-looking-toward-the-west-yard-of-clearing-yard-taken-from-bridge-of-the-hump-chicago-ill-Delano, Jack, photographer - Belt Railway, looking toward ...	 A Leading Source for High Quality Custom Printed of Belt Railway, looking toward the west yard of clearing yard, taken from bridge of the hump, Chicago, Ill. by ...
toward the west	 	http://www.4shared.com/mp3/At276r8O/kitaro_toward_the_west_-_03_-_.html-kitaro toward the west - 03 - melancholy - MP3 Download ...	 kitaro toward the west - 03 - melancholy - download at 4shared. kitaro toward the west - 03 - melancholy is hosted at free file sharing service 4shared.
toward the west	 	http://photography-plus.com/fullPic.asp?picID=1650-Aerial photo of Walloon Lake in northern Michigan viewed ...	 Description: #1650 - Aerial photo of Walloon Lake in northern Michigan viewed toward the west and Lake Michigan Date: 6/19/2004
toward the west	 	http://www.merriam-webster.com/dictionary/westward-Westward - Definition and More from the Free Merriam ...	 Full Definition of WESTWARD: toward the west — west·wards \-twərdz\ adverb. See westward defined for English-language learners » See westward defined for kids
toward the west	 	http://www.theindependent.com/opinion/another_opinion/ukraine-needs-help-turning-toward-the-west/article_3e19d73c-6351-11e3-b556-0019bb2963f4.html-Ukraine needs help turning toward the West - The Grand ...	 Ukraine needs help turning toward the West - The Grand Island Independent: Another Opinion Sunday, August 10, 2014
toward the west	 	http://www.prh.noaa.gov/data/GUM/HLSPQ1-www.prh.noaa.gov	 ... expected along windward exposures until noon. seas will quickly subside this afternoon as hagupit heads farther away toward the west-northwest and winds decrease.
toward the west	 	http://www.e-ir.info/2013/07/01/pakistani-attitudes-towards-the-west-and-field-hockey/-Pakistani Attitudes Toward the West and Field Hockey	 The Opponent Within: Pakistani Attitudes Toward the West and Field Hockey in the 2012 London Olympic Games. This is a paper is about Olympic field hockey and ...
toward the west	 	http://www.sciencedirect.com/science/article/pii/S0967067X98000087-“Old”, “New” and “Post” liberal attitudes ...	 In the last few years, significant changes in the attitudes toward the West have occurred in Russia. While “old” Russian liberals, like Egor Gaidar, treated
toward the west	 	http://www.thelyricarchive.com/album/52979/Toward-the-West-Kitaro - Toward the West (1986) lyrics at The Lyric Archive	 Toward the West album lyrics by Kitaro. Full discography of Kitaro.
toward the west	 	http://www.sciencedirect.com/science/article/pii/S0967067X98000087-“Old”, “New” and “Post” liberal attitudes ...	 In the last few years, significant changes in the attitudes toward the West have occurred in Russia. While “old” Russian liberals, like Egor Gaidar, treated
toward the west	 	http://exams4pilots.org/faatest.cgi?m=cv&b=pvt_plt&q=2.3.2.8.0.A.1-Pilot Practice Page - Comment Viewer	 3280 In the Northern Hemisphere, a magnetic compass will normally indicate initially a turn toward the west if
toward the west	 	https://ca.answers.yahoo.com/question/index?qid=20080702111037AADphC7-Was that a meteorite travelling across the NNE sky toward ...	 Was that a meteorite travelling across the NNE sky toward the west?
toward the west	 	http://kickass.to/kitaro-toward-the-west-1986-t4521898.html-Download Kitaro - Toward the West-1986 Torrent ...	 Download Kitaro - Toward the West-1986 torrent or any other torrent from Other Music category. Direct download via HTTP available as well.
toward the west	 	http://www.spiegel.de/international/world/syria-turning-toward-the-west-assad-s-risky-nuclear-game-a-561409.html-Syria Turning Toward the West?: Assad's Risky Nuclear Game ...	 Syria Turning Toward the West? Assad's Risky Nuclear Game. Syria and Iran may be better friends than many thought. Reports indicate that the two might have ...
toward the west	 	http://fp.reverso.net/ron-an-oriant-over-blog/4671/en/index.html-Ron, always toward the west ... - Translation: documents ...	 Blog: Ron, always toward the west ... Category BD: Comic Strip Screenwriter BD; Description: I am Ronan The Breton, screenwriter of BD.
toward the west	 	https://www.cardcow.com/359701/looking-toward-west-shore-white-lake-new-york/-Looking Toward the West Shore White Lake, NY	 White Lake NY Looking Toward the West Shore ... Post Card (Undivided Back)
toward the west	 	http://thepiratebay.se/torrent/5866674/-Kitaro - Toward the West-1986 (download torrent) - TPB	 Download Kitaro - Toward the West-1986 torrent or any other torrent from the Audio Music. Direct download via magnet link.
toward the west	 	http://www.encore-editions.com/belt-railway-looking-toward-the-west-yard-of-clearing-yard-taken-from-bridge-of-hump-chicago-ill-Delano, Jack, photographer - Belt Railway, looking toward ...	 Delano, Jack, photographer Belt Railway, looking toward the west yard of clearing yard, taken from bridge of hump, Chicago, Ill.
toward the west	 	http://catalogue.nla.gov.au/Record/4006166-U.S. policy toward the West Bank and Gaza [microform ...	 U.S. policy toward the West Bank and Gaza [microform] : hearing before the Subcommittee on Europe and the Middle East of the Committee on Foreign Affairs, House of ...
toward the west	 	http://sportellomigrantilgbtverona.blogspot.com/2012/03/resentment-toward-west-bolsters-ugandas_06.html-Resentment Toward the West Bolsters Uganda’s New Anti ...	 Resentment Toward the West Bolsters Uganda’s New Anti-Gay Bill
toward the west	 	http://www.chacha.com/question/will-it-require-less-speed-to-launch-a-satellite-toward-the-east-or-toward-the-west%2C-considering-the-earth%27s-rotation-direction-Will it require less speed to launch a satellite toward ...	 Will it require less speed to launch a satellite toward the east or toward the west, considering the Earth's rotation direction? Report Abuse
toward the west	 	http://connection.ebscohost.com/c/literary-criticism/9610291262/indias-tilt-toward-west-India's tilt toward the West - Tags: INDIA -- Foreign ...	 EBSCOhost serves thousands of libraries with premium essays, articles and other content including India's tilt toward the West. Get access to over 12 million other ...
toward the west	 	http://yourbittorrent.com/torrent/491009/Real%20Wife%20Stories%20-%20The%20Switcheroo.html-Kitaro - Toward the West-1986 Torrent Download	 Download the Kitaro - Toward the West-1986 Torrent or choose other Kitaro - Toward the West-1986 torrent downloads.
toward the west	 	http://bitsnoop.socialtorrent.net/kitaro-toward-the-west-1986-q17704454.html-Kitaro - Toward the West-1986 - Audio » Music - Torrent ...	 Download "Kitaro - Toward the West-1986" torrent (Audio » Music). Download millions of torrents with TV series, movies, music, PC/Playstation/Wii/Xbox games and more ...
toward the west	 	http://newsinfo.inquirer.net/656107/ruby-continues-to-weaken-all-storm-warning-signals-lifted-Ruby continues to weaken; all storm warning signals lifted ...	 All public storm warning signals have been lifted as Tropical Depression Ruby (international name: Hagupit) headed toward the West Philippine Sea midday Tuesday.
toward the west	 	http://answerparty.com/question/answer/if-a-wind-vane-is-pointing-toward-the-west-from-what-direction-is-the-wind-blowing-AnswerParty | If a wind vane is pointing toward the west ...	 If a wind vane is pointing toward the west, from what direction is the wind blowing? | The arrow points in the same direction that the wind is blowing. Wind...
toward the west	 	https://es-us.deportes.yahoo.com/fotos/photo-of-the-day-slideshow-slideshow/file-feb-3-2009-file-photo-illinois-gov-photo-220226529.html-FILE - In this Feb. 3, 2009 file photo, Illinois Gov. Pat ...	 FILE - In this Feb. 3, 2009 file photo, Illinois Gov. Pat Quinn, left, and his aide Lou Bertuca walk on the White House grounds toward the West Wing, in ...
toward the west	 	http://archive.cyark.org/photograph-looking-toward-the-west-wall-of-the-gothic-room-taken-during-the-2010-gothic-art-in-the-gilded-age-exhibition-photo-by-ira-kerns-media-Photograph looking toward the west wall of the Gothic room ...	 Marble House Photograph looking toward the west wall of the Gothic room, taken during the 2010 "Gothic Art in the Gilded Age" exhibition. Photo by Ira Kerns.
toward the west	 	http://www.greensborosports.com/2014/01/02/a-look-toward-the-west-where-jarrett-says-tarnished-tar-heels-play-on/-A look toward the West where Jarrett says, “Tarnished ...	 A look toward the West where Jarrett says, “Tarnished Tar Heels Play On” Posted by Andy Durham on January 2, 2014 at 3:06 pm under College | 2 Comments to Read
toward the west	 	http://www.gopbriefingroom.com/index.php?topic=140916.0-‘You Need to Be Afraid’: Judge Jeanine Says Militants ...	 ‘You Need to Be Afraid’: Judge Jeanine Says Militants in Iraq Will March Toward the West - National News/Current Events - The Briefing Room
toward the west	 	http://www.topverses.com/?verse=21966-#Dan8_4 - I watched the ram as it charged toward the west ...	 I watched the ram as it charged toward the west and the north and the south. No animal could stand against it, and none could rescue from its power.
toward the west	 	http://www.wqxr.org/story/irans-overtures-toward-west-eve-un-general-assembly-meeting-syrias-weapons-and-battle-over-obamacare/-The Washington Report: Iran's Overtures Toward the West on ...	 Iran's Overtures Toward the West on the Eve of The U.N. General Assembly Meeting; Syria's Weapons, and The Battle Over Obamacare.
toward the west	 	http://www.topverses.com/?verse=21966-#Dan8_4 - I watched the ram as it charged toward the west ...	 I watched the ram as it charged toward the west and the north and the south. No animal could stand against it, and none could rescue from its power.
toward the west	 	http://www.floridamemory.com/items/show/131858-View looking toward the West Palm Beach skyline.	 Title. View looking toward the West Palm Beach skyline. Image Number. K894081; Year. 1991; Series Title. General: Department of Commerce collection. Specific ...
toward the west	 	http://www.enotes.com/homework-help/what-does-line-young-flowers-blowing-toward-west-306419-What does the line, "The young flowers are blowing toward ...	 What does the line, "The young flowers are blowing toward the west," in "The Cry of the Children" by Elizabeth Barrett Moulton mean? 1 Answer | Add Yours
toward the west	 	http://www.gopbriefingroom.com/index.php?topic=140916.0-‘You Need to Be Afraid’: Judge Jeanine Says Militants ...	 ‘You Need to Be Afraid’: Judge Jeanine Says Militants in Iraq Will March Toward the West - National News/Current Events - The Briefing Room
toward the west	 	http://ascendingstarseed.wordpress.com/2014/08/17/call-to-action-update-tropical-storm-karina-turns-toward-the-west-southwest-180-degree-turn-in-trajectory-since-friday/-Call to Action Update: Tropical Storm Karina turns toward ...	 Call to Action Update: Tropical Storm Karina turns toward the west-southwest…..180 degree turn in Trajectory since Friday!
toward the west	 	http://www.facebook.com/90Millimeter/posts/10150614748955975-Look toward the West tonight (March 12,... - 90 MilliMeter ...	 Look toward the West tonight (March 12, 2012) around 8:00 PM and see Jupiter and Venus just 3 degrees apart. They will be the two brightest objects in that part of ...
toward the west	 	https://sg.answers.yahoo.com/question/index?qid=20080603151604AA27tXH-Earth Scienceee..? - Yahoo	 In the northern hemisphere, Planetary winds blowing from north to south are deflected, or curved, toward the west. This deflection is caused by the 1 ...
toward the west	 	http://www.cots.com.cn/english/1999/08012730.htm-I am from the East Coast toward the West of Chapter VIII ...	 I am from the East Coast toward the West of Chapter VIII of the ancients thought the Big Wild Goose Pagoda
toward the west	 	http://www.vitorrent.net/search/kitaro+toward+the+west-Kitaro toward the west - download torrents	 Vitorrent - we have in index 11,827,740 active torrents! Search torrent: kitaro toward the west . kitaro toward the west [sponsored downloads]
toward the west	 	http://www.prh.noaa.gov/data/GUM/TCPPQ1-READ the 2pm Friday NWS Update on Tropical Depression 23W HERE	 super typhoon hagupit is moving toward the west-northwest at 12 mph. hagupit is expected to make a slight turn toward the west with a continued decrease in forward ...
toward the west	 	http://torrentexpress.net/75300118d7375061adfbc30c2f2af468fd22a925-Kitaro - Toward The West 1986 torrent download	 Download Kitaro - Toward The West 1986 torrent. TorrentExpress helps you to find and download millions of active torrents
toward the west	 	http://www.worldincams.com/north-america/usa/usa-view-toward-the-west-from-travis-elementary-centex.html-Webcam view toward the west from Travis Elementary	 Live camera view toward the west from Travis Elementary school, San Marcos, Texas Centex, USA. Current view and daylight picture.
toward the west	 	http://www.paintinghere.com/painting/Interior_of_Tintern_Abbey_looking_toward_the_West_Window_16136.html-Thomas Girtin Interior of Tintern Abbey looking toward the ...	 Thomas Girtin Interior of Tintern Abbey looking toward the West Window painting is available as 100% handmade reproduction; this Thomas Girtin Interior of Tintern ...
toward the west	 	http://product.half.ebay.com/Toward-the-West-by-Kitaro-CD-Mar-1986-Geffen/3111129&tg=info-Half.com: Toward the West by Kitaro (CD, Mar-1986, Geffen ...	 Toward the West by Kitaro (CD, Mar-1986, Geffen) (CD, 1986) Primary Artist: Kitaro Solo performer: Kitaro (guitar, Fender Rhodes, synthesizer, electronic percussion).
toward the west	 	http://chomikuj.pl/marianxx2/EZO-ROZW*c3*93J/Muzyka/Kitaro/Kitaro+-+1986+-+Toward+the+West-Kitaro - 1986 - Toward the West - Kitaro - marianxx2 ...	 Kitaro - 1986 - Toward the West • Kitaro • pliki użytkownika marianxx2 przechowywane w serwisie Chomikuj.pl • back.jpg, CD.jpg
toward the west	 	http://www.tripadvisor.co.nz/LocationPhotoDirectLink-g255106-d300529-i117343173-Mount_Eden-Auckland_North_Island.html-Back toward the west. One tree hill in mid ground ...	 Mount Eden, Auckland Picture: Back toward the west. One tree hill in mid ground - Check out TripAdvisor members' 8,683 candid photos and videos.
toward the west	 	http://www.paperbackswap.com/Indian-Metropolis-View-Norma-Evenson/book/0300043333/-The Indian Metropolis A View Toward the West, Norma ...	 The Indian Metropolis : A View Toward the West by Norma Evenson. (Hardcover 9780300043334)
toward the west	 	http://answerparty.com/question/answer/if-a-plane-is-flying-due-east-in-still-air-at-395-km-h-and-suddenly-the-plane-is-hit-by-wind-blowing-55-km-h-toward-the-west-what-is-the-resultant-velocity-of-the-plane-AnswerParty | If a plane is flying due east in still air ...	 If a plane is flying due east in still air at 395 km/h and suddenly the plane is hit by wind blowing 55 km/h toward the west, what is the resultant velocity of the plane?
toward the west	 	https://es-us.celebridades.yahoo.com/fotos/photo-of-the-day-slideshow-slideshow/file-feb-3-2009-file-photo-illinois-gov-photo-220226529.html-FILE - In this Feb. 3, 2009 file photo, Illinois Gov. Pat ...	 FILE - In this Feb. 3, 2009 file photo, Illinois Gov. Pat Quinn, left, and his aide Lou Bertuca walk on the White House grounds toward the West Wing, in ...
toward the west	 	http://goddessfindingsjewelsforthespirit.blogspot.com/2012/09/mabon-cider.html#!-Mabon Cider | Goddess Findings... jewels for the Spirit	 "Leaves fall, the days grow cold. The Goddess pulls her mantle of Earth around Her as You, O Great Sun God, sail toward the West to the land of eternal enchantment,
toward the west	 	http://okawa.wordpress.com/2008/04/19/china-tries-to-limit-internet-vitriol-toward-the-west/-China tries to limit Internet vitriol toward the West ...	 China tries to limit Internet vitriol toward the West. Chinese counter protesters should use the energy to rally behind Tibet; get their own government to ...
toward the west	 	http://www.chacha.com/question/why-would-the-ottoman-empire-have-concentrated-their-expansion-toward-the-west-Why would the Ottoman Empire have concentrated their ...	 Why would the Ottoman Empire have concentrated their expansion toward the west? ChaCha Answer: Since 1354 the Ottoman Turks advanced ...
toward the west	 	http://isohunt.to/torrent_details/4454571/Kitaro-Toward-the-West-1986-Kitaro - Toward the West-1986 - isoHunt torrent search engine	 Download Kitaro - Toward the West-1986 torrent from music category on Isohunt
toward the west	 	http://www.ntprints.com/image/353578/the-view-across-the-terrace-toward-the-west-front-of-dyrham-park-on-a-beautiful-autumns-day-The view across the terrace toward the West Front of ...	 The view across the terrace toward the West Front of Dyrham Park, on a beautiful Autumn's day | Dyrham. High quality art prints with a selection of frame and size ...
toward the west	 	http://www.mygia.com.vn/en/medias/news-events/178-nha-trang-real-estates-development-toward-the-west-of-nha-trang-Nha Trang Real Estates Development toward the West of Nha ...	 The expansion of infrastructure’s plan toward the west of Nha Trang recently approved by Khanh Hoa province, deployment has created a real push for the real estate ...
toward the west	 	http://www.davidrumsey.com/amica/amico1365919-118563.html-Maxime Du Camp / Cairo, View Taken Toward the West. Plate ...	 Maxime Du Camp Cairo, View Taken Toward the West. Plate 1 from Égypte, Nubie, Palestine et Syri 1849-1851 View Larger Image View Full Catalog Record Below
toward the west	 	http://www.braingle.com/brainteasers/45837/pretty.html-Braingle: 'Pretty' Riddle - Braingle: Brain Teasers ...	 Reds and oranges, purples too Set against the deepest blue Now and then a golden ray What a colourful display! Sit outside and have a rest Point your eyes toward the west
toward the west	 	http://www.rootsweb.ancestry.com/~ncccmm/-View of Cane Creek Monthly Meeting looking toward the west	 View of Cane Creek Monthly Meeting looking toward the west across the older part of the cemetery.
toward the west	 	http://torrentexpress.net/30d37420690a2608fd6866fb9af52441aa428a9a-Kitaro - Toward the West [FLAC] torrent download	 Download Kitaro - Toward the West [FLAC] torrent. TorrentExpress helps you to find and download millions of active torrents
toward the west	 	http://www.cots.com.cn/english/1999/08022741.htm-I am from the East Coast toward the West of the 20th ...	 I am from the East Coast toward the West Riding of the 20th chapter to the Nanshan Pasture
toward the west	 	http://www.artrenewal.org/pages/artwork.php?artworkid=28968-Interior of Tintern Abbey looking toward the West Window	 Thomas Girtin (1775-1802) Interior of Tintern Abbey looking toward the West Window Watercolor and pencil on paper c1793 38.1 x 26.67 cm (15" x 10½")
toward the west	 	http://www.bloodhorse.com/horse-racing/articles/51541/mine-that-bird-looks-sharp-in-workout-Mine That Bird Looks 'Sharp' in Workout | BloodHorse.com	 Mine That Bird continued his progress toward the West Virginia Derby (gr. II) when he breezed four furlongs in :49 2/5 July 7 at Churchill Downs.
toward the west	 	http://www.wordplays.com/definition/a%20title%20'definition%20of%20west'%20href%20'%20definition%20west'%20west%20a%20--%20situated%20in%20or%20facing%20or%20moving%20toward%20the%20west-A title 'definition of west' href ' definition west' west ...	 What does the word a title 'definition of west' href ' definition west' west a -- situated in or facing or moving toward the west mean? Find synonyms, antonyms and ...
toward the west	 	http://www.abbeville.com/interiors.asp?ISBN=0789204819&CaptionNumber=03-Igreja Matrix de Nossa Senhora dos Remédios (Carcavelos ...	 From: Portuguese Decorative Tiles Next Image Igreja Matrix de Nossa Senhora dos Remédios (Carcavelos) Interior of the church toward the west, with polychrome ...
toward the west	 	http://www.oceansbridge.com/oil-paintings/product/113585/viewoverthetalllindenhedgeintothecuttinggardentowardthewest-View over the Tall Linden Hedge into the Cutting Garden ...	 Notes About Your Paintings. If you have any requests to alter View over the Tall Linden Hedge into the Cutting Garden toward the West, email us after placing your ...
toward the west	 	http://www.wga.hu/html_m/t/tiepolo/gianbatt/4labia/02labia.html-View of the ballrom toward the west wall by TIEPOLO ...	 View of the ballrom toward the west wall 1743-50 Fresco Palazzo Labia, Venice: This view shows the fresco decoration by Tiepolo. The story of Antony and Cleopatra is ...
toward the west	 	http://quotes.dictionary.com/There_were_three_in_the_meadow_by_the-There were three in the meadow, Robert Frost | Dictionary.com	 There were three in the meadow by the brook Gathering up windrows, piling cocks of hay, With an eye always lifted toward the west Where an irregular sun-bordered ...
toward the west	 	http://www.epress.am/en/2011/03/30/armenian-president-deceives-russia-while-leaning-toward-the-west-sefilian.html-Armenian President Deceives Russia, While Leaning Toward ...	 03.30.2011 16:03 epress.am Armenian President Deceives Russia, While Leaning Toward the West: Sefilian. Jirair Sefilian, member of the Sardarapat movement, speaking ...
toward the west	 	http://pastebin.com/CEQDeuRC-U.S. policy toward the West Bank and Gaza hearing before ...	 U.S. policy toward the West Bank and Gaza hearing before the Subcommittee on Europe and the Middle East of the Committee on Foreign Affairs, House of ...
toward the west	 	http://www.sdrealtypros.com/listings/listing/92067-Rancho-Santa-Fe-San-Diego-sandicor-150000244.html-Listing [150000244] priced at 3295000 Spectacular view ...	 Spectacular view estate with panoramic views toward the west which sometimes includes beautiful hot air balloons. Sitting behind approximately 300' long driveway on ...
toward the west	 	http://str8talkchronicles.com/resentment-toward-the-west-bolsters-ugandas-new-anti-gay-bill-Resentment Toward the West Bolsters Uganda’s New Anti ...	 Resentment Toward the West Bolsters Uganda’s New Anti-Gay Bill
toward the west	 	http://www.seekerstrove.com/prophecies/tests/18test_answers_explan.htm-SeekersTrove.com - The Origin of the Beast - Explanations ...	 What does it mean in verse four when it says, "I watched the ram as he charged toward the west and the north and the south. No animal could stand against him ...
toward the west	 	http://www.everystockphoto.com/photo.php?imageId=2381436-[Indiana Harbor] Belt railway, looking toward the west ...	 free photo "[Indiana Harbor] Belt railway, looking toward the west yard of clearing yard, taken from bridge of hump, Chicago, Ill. (LOC)" from free photo search ...
toward the west	 	http://fenopy.se/torrent/kitaro+toward+the+west+1986/NjIxODg1NQ-Download Kitaro Toward the West 1986 Torrent - Fenopy.SE	 Download Kitaro Toward The West 1986 Torrent. Size: 57 MB
toward the west	 	http://torrent.zoozle.net/download.php?n=kitaro+toward+the+west&f=266488-Kitaro - Toward The West Torrent Download	 Kitaro Toward The West Kitaro ? The Best Of Kitaro (1987) Kitaro.-.Best.of.Kitaro.NTSC.2001.MDVD9.Untouched Susan James - Driving Toward The The Sun Toward a ...
toward the west	 	http://www.seekerstrove.com/prophecies/tests/18test_answers_explan.htm-SeekersTrove.com - The Origin of the Beast - Explanations ...	 What does it mean in verse four when it says, "I watched the ram as he charged toward the west and the north and the south. No animal could stand against him ...
toward the west	 	http://fenopy.se/torrent/kitaro+toward+the+west+1986/NjIxODg1NQ-Download Kitaro Toward the West 1986 Torrent - Fenopy.SE	 Download Kitaro Toward The West 1986 Torrent. Size: 57 MB
toward the west	 	http://str8talkchronicles.com/resentment-toward-the-west-bolsters-ugandas-new-anti-gay-bill-Resentment Toward the West Bolsters Uganda’s New Anti ...	 Resentment Toward the West Bolsters Uganda’s New Anti-Gay Bill
toward the west	 	http://www.everystockphoto.com/photo.php?imageId=2381436-[Indiana Harbor] Belt railway, looking toward the west ...	 free photo "[Indiana Harbor] Belt railway, looking toward the west yard of clearing yard, taken from bridge of hump, Chicago, Ill. (LOC)" from free photo search ...
toward the west	 	http://www.panoramio.com/photo/63522361-GUATEMALA: TIKAL: Central Acropolis (toward the West)	 GUATEMALA: TIKAL: Central Acropolis (toward the West) Selected for Google Maps and Google Earth Show more
toward the west	 	http://ipaintingsforsale.com/painting/interior_of_tintern_abbey_looking_toward_the_west_window-16426.html-Thomas Girtin Interior of Tintern Abbey looking toward the ...	 Beautiful, original hand-painted artwork in your home. Interior of Tintern Abbey looking toward the West Window based on the masters' works of Thomas Girtin.
toward the west	 	http://www.openisbn.com/isbn/9780300043334/-The Indian Metropolis: A View Toward The West	 Book information and reviews for ISBN:9780300043334,The Indian Metropolis: A View Toward The West by Norma Evenson.
toward the west	 	http://dynasty-scans.com/chapters/the_butterflies_dance_toward_the_west-Dynasty Reader » The Butterflies Dance Toward the West	 The Butterflies Dance Toward the West by Skade. Touhou Project May 15, 2008 Drama Fantasy NSFW Read left to right. Resize Fullscreen
toward the west	 	http://blog.ericbowersphoto.com/2012/02/kansas-citys-west-bottoms-at-sunset/-Eric Bowers Photoblog | Kansas City’s West Bottoms at Sunset	 Photos from the edge of the Quality Hill area near the 12th Street Bridge in downtown Kansas City MO looking westward toward the West Bottoms at sunset.
toward the west	 	http://www.cruisersownersforum.com/2012/08/22/isaac-headed-toward-the-west-side/-Isaac - headed toward the west side! Possible Hurricane on ...	 Isaac – headed toward the west side! Categories: News and Events. by admin. This post has no tag
toward the west	 	http://www.newsmaker.com.au/news/6614/melbourne-marina-sets-record-property-prices-and-leads-trend-toward-the-west-Melbourne Marina sets record property prices and leads ...	 Melbourne Marina sets record property prices and leads trend toward the West Melbourne’s western suburbs are becoming one of the most popular areas in Australia to ...
toward the west	 	http://www.worthpoint.com/worthopedia/wedgwood-west-point-academy-plate-1933-looking-WEDGWOOD WEST POINT ACADEMY PLATE 1933 LOOKING WEST	 This is for a Wedgwood West Point-US Military Academy On Post in Camp plate Looking Toward the West The plate is 10 1/2 in diameter and is in excellant condition ...
toward the west	 	http://econpapers.repec.org/RePEc:cfr:cefirw:w0135-EconPapers: Russian Attitudes Toward the West	 Russian Attitudes Toward the West. Sergei Guriev (), Maxim Trudolyubov and Aleh Tsyvinski Additional contact information Maxim Trudolyubov: Vedomosti
toward the west	 	http://forum.prisonplanet.com/index.php?topic=225066.0-Massive Floating Junk Pile From Fukushima Heading Toward ...	 Author Topic: Massive Floating Junk Pile From Fukushima Heading Toward the West Coast of US (Read 1519 times)
toward the west	 	http://www.city-data.com/picfilesc/picc74502.php-Weston, FL : August 18 Sunset following a quickly moving ...	 Weston, FL : August 18 Sunset following a quickly moving. glow is over the lake reach out toward the west and everglades.
toward the west	 	http://vnnforum.com/showthread.php?t=128591-“Experts” state Eastern European Hard Bass dancers are ...	 “Experts” state Eastern European Hard Bass dancers are Nazis to the bone and are spreading toward the west, videos General Discussion
toward the west	 	https://ve.noticias.yahoo.com/fotos/photo-of-the-day-slideshow-slideshow/file-feb-3-2009-file-photo-illinois-gov-photo-220226529.html-FILE - In this Feb. 3, 2009 file photo, Illinois Gov. Pat ...	 FILE - In this Feb. 3, 2009 file photo, Illinois Gov. Pat Quinn, left, and his aide Lou Bertuca walk on the White House grounds toward the West Wing, in Washington.
toward the west	 	http://everything2.com/title/West-west - Everything2.com	 West, a. Lying toward the west; situated at the west, or in a western direction from the point of observation or reckoning; proceeding toward the west, or coming from ...
toward the west	 	http://www.polleverywhere.com/polls/4599531-soviet-leader-_________________________-tried-to-de-stalinize-the-s-Soviet leader _________________________ tried to "de ...	 Soviet leader _____ tried to "de-Stalinize" the Soviet Union while at the same time maintaining a hostile stance toward the West
toward the west	 	http://www.newsroomamerica.com/story/451937/ana_south_of_kauai_and_crawling_slowly_toward_the_west-northwest.html-Ana south of Kauai and crawling slowly toward the west ...	 Ana south of Kauai and crawling slowly toward the west-northwest. http://www.prh.noaa.gov/cphc/tcpages/?storm=ANA
toward the west	 	http://history.vineyard.net/photos/vh2/V25701.HTM-Aerial View of Beach Road from the Bridge toward the West	 Aerial View of Beach Road from the Bridge toward the West
toward the west	 	http://www.downloads.ch/file-download/decoupling-from-the-east-toward-the-west-analyses-of-spillovers-to-the-baltic-countries-kingsley-i-obiora-Decoupling from the East Toward the West? Analyses of ...	 Decoupling from the East Toward the West? Analyses of Spillovers to the Baltic Countries - Kingsley I. Obiora
toward the west	 	https://ve.noticias.yahoo.com/fotos/photo-of-the-day-slideshow-slideshow/file-feb-3-2009-file-photo-illinois-gov-photo-220226529.html-FILE - In this Feb. 3, 2009 file photo, Illinois Gov. Pat ...	 FILE - In this Feb. 3, 2009 file photo, Illinois Gov. Pat Quinn, left, and his aide Lou Bertuca walk on the White House grounds toward the West Wing, in Washington.
toward the west	 	http://www.algebra.com/algebra/homework/word/unit_conversion/Unit_Conversion_Word_Problems.faq.question.402552.html-SOLUTION: At 1:00 p.m. a car, traveling at a constant ...	 Question 402552: At 1:00 p.m. a car, traveling at a constant velocity of 81 km/h toward the west, is 22 km to the west of our school. How far from the school will it ...
toward the west	 	http://nytimesinthefirstyear.com/resentment-toward-the-west-bolsters-ugandas-new-anti-gay-bill/-The New York Times in the First Year» Blog Archive ...	 Today’s Article: Resentment Toward the West Bolsters Uganda’s New Anti-Gay Bill . Issue Date: February 29, 2012 ...
toward the west	 	http://www.wga.hu/html/t/tiepolo/gianbatt/4labia/02labia.html-View of the ballrom toward the west wall by TIEPOLO ...	 View of the ballrom toward the west wall 1743-50 Fresco Palazzo Labia, Venice: This view shows the fresco decoration by Tiepolo. The story of Antony and Cleopatra is ...
toward the west	 	http://www.dauntless-soft.com/products/groundschool/TestBanks/Recreational_and_Private_Pilot/Instrumentation_and_Avionics/Q9178.asp-Recreational and Private Pilot Written Test Question Bank ...	 In the Northern Hemisphere, a magnetic compass will normally indicate initially a turn toward the west if A. a left turn is entered from a north heading.
toward the west	 	http://www.yelp.com/topic/los-angeles-can-anyone-recommend-a-sports-bar-to-watch-milan-and-liverpool-on-wednesday-toward-the-west-side-Can anyone recommend a sports bar to watch Milan and ...	 Can anyone recommend a sports bar to watch Milan and Liverpool on wednesday . . . toward the west side??? in Local Questions & Answers
toward the west	 	http://brainly.com/question/247670-A plane flying due east at 395 km/h, is hit by wind b ...	 a plane flying due east at 395 km/h, is hit by wind blowing at 55 km/h toward the west. what is the resultant velocity of the plane? - 247670
toward the west	 	http://www.wordplays.com/definition/%3Ca%20title='definition%20of%20west'%20href='/definition/west'%3Ewest%3C/a%3E%20%20--%20situated%20in%20or%20facing%20or%20moving%20toward%20the%20west-a title 'definition of west' href ' definition west' west ...	 What does the word a title 'definition of west' href ' definition west' west a -- situated in or facing or moving toward the west mean? Find synonyms, antonyms and ...
toward the west	 	http://www.qfak.com/education_reference/science_mathematics/?id=3124437-A 70 kg hockey player skating east on an ice rink is hit ...	 A 70 kg hockey player skating east on an ice rink is hit by a 0.1kg hockey puck moving toward the west.? The puck exerts a 50 newton force toward the west on the player.
toward the west	 	http://www.sparkpeople.com/mypage_public_journal_individual.asp?blog_id=5851545-Insane!	 Get An Email Alert Each Time SUZYMOBILE Posts. Other Entries by SUZYMOBILE. Slouching again toward the West - 1/9/2015; Farewell to Bali - 1/6/2015
toward the west	 	http://picclick.com/Wedgwood-Plate-West-Point-Red-105-WP-Looking-161500455945.html-Wedgwood Plate West Point Red 10.5 WP Looking Toward the ...	 Rare collectible Wedgwood Brand Dinnerware, Red 10 1/2" plate. Made in England. West Point Scene "West Point Looking Toward the West". United States Military Academy.
toward the west	 	http://www.prweb.com/releases/2010/12/prweb4916644.htm-Melbourne Marina Sets Record Property Prices and Leads ...	 Melbourne Marina Sets Record Property Prices and Leads Trend Toward the West Melbourne’s western suburbs are becoming one of the most popular areas in ...
toward the west	 	http://www.arhouse.com/templates/reales/re_dishomes.cfm?classid=578374&idxcomp_id=497&board_id=761&header=arheader2.cfm&header_pg=arheader2.cfm-www.arhouse.com	 View of part of the wooded area of this 10 acre parcel looking in toward the west from the water side toward the road.
toward the west	 	http://picclick.com/Wedgwood-Plate-West-Point-Red-105-WP-Looking-161500455945.html-Wedgwood Plate West Point Red 10.5 WP Looking Toward the ...	 Rare collectible Wedgwood Brand Dinnerware, Red 10 1/2" plate. Made in England. West Point Scene "West Point Looking Toward the West". United States Military Academy.
toward the west	 	http://www.prweb.com/releases/2010/12/prweb4916644.htm-Melbourne Marina Sets Record Property Prices and Leads ...	 Melbourne Marina Sets Record Property Prices and Leads Trend Toward the West Melbourne’s western suburbs are becoming one of the most popular areas in ...
toward the west	 	http://www.arhouse.com/templates/reales/re_dishomes.cfm?classid=578374&idxcomp_id=497&board_id=761&header=arheader2.cfm&header_pg=arheader2.cfm-www.arhouse.com	 View of part of the wooded area of this 10 acre parcel looking in toward the west from the water side toward the road.
toward the west	 	http://econpapers.repec.org/RePEc:imf:imfwpa:09/125-EconPapers: Decoupling From the East toward the West ...	 Decoupling From the East toward the West? Analyses of Spillovers to the Baltic Countries. International Monetary Fund. No 09/125, IMF Working Papers from ...
toward the west	 	http://forums.aopa.org/gallery/addfav.php?pid=11805&ref=displayimage.php%3Fpos%3D-11805-AOPA Photo Gallery - Air Mail/KAVO looking toward the West	 KAVO looking toward the West: Rate this file (No vote yet) / ...
toward the west	 	http://www.fineartlib.info/gallery/p17_sectionid/53/p17_imageid/784-Interior of Tintern Abbey looking toward the West Window ...	 Thomas Girtin (1775-1802) Interior of Tintern Abbey looking toward the West Window Watercolor and pencil on paper, 1793 (38.10 x 26.67 cm)( 15 x 10,5 inch ) Norwich ...
toward the west	 	http://luirig.altervista.org/naturaitaliana/viewpics.php?title=Iraq.+Mosul.+Overlooking+new+street+toward+the+west-Iraq. Mosul. Overlooking new street toward the west	 Iraq. Mosul. Overlooking new street toward the west Date Created/Published: [1932] - Library of Congress, Prints and Photographs Division, Matson (G. Eric and Edith ...
toward the west	 	http://www.flickriver.com/photos/wavz13/4084655324/-Lobby of the World Trade Center on opening day for Port ...	 Lobby of the World Trade Center on opening day for Port Authority employees. Looking toward the West Side Highway. Its was a gray, cold, rainy day outside.
toward the west	 	http://ubiquography.com/2012/02/15699/her-nose-pointing-toward-the-west/-Her nose pointing toward the west | ubiquography	 Her nose pointing toward the west . Godo Chillida. 2 years ago
toward the west	 	http://imageenvision.com/photo/33907-stock-photo-of-hurricane-ike-located-southeast-of-galveston-texas-moving-toward-the-west-northwest-at-about-13-mph-with-maximum-sustained-winds-near-105-mph-september-12th-2008-by-jvpd-Stock Photo of Hurricane Ike Located Southeast Of ...	 Royalty-free weather stock photo of Hurricane Ike located southeast of Galveston, Texas, moving toward the west-northwest at about 13 MPH with maximum sustained winds ...
toward the west	 	http://www.worldcruisingguide.net/index.php?area_id=1480-Sailing: Ensenada de San Miquel (Anchorage), Ibiza ...	 We anchored toward the west of the bay. Nice resort town even though very touristy. Took a tourist train up to Calle St Vincent through the town of St Joan where Mick ...
toward the west	 	http://www.godrules.net/para/eze/paralleleze48-10.htm-Ezekiel 48:10 - And for them, even for the priests, shall ...	 Ezekiel 48:10 - And for them, even for the priests, shall be this holy oblation; toward the north five and twenty thousand in length, and toward the west ten thousand ...
toward the west	 	http://3mp3.ru/eng/album/17546/-Download album Toward the west - MP3 Music Free Download ...	 RIN.RU - MP3 - Download album Toward the west - Here you'll find all the world music in the mp3 format and videos of your favourite singers. The greatest collection ...
toward the west	 	http://www.the-athenaeum.org/art/full.php?ID=52448-The Athenaeum - View over the Tall Linden Hedge into the ...	 View over the Tall Linden Hedge into the Cutting Garden toward the West
toward the west	 	http://www.godrules.net/para/eze/paralleleze48-10.htm-Ezekiel 48:10 - And for them, even for the priests, shall ...	 Ezekiel 48:10 - And for them, even for the priests, shall be this holy oblation; toward the north five and twenty thousand in length, and toward the west ten thousand ...
toward the west	 	http://3mp3.ru/eng/album/17546/-Download album Toward the west - MP3 Music Free Download ...	 RIN.RU - MP3 - Download album Toward the west - Here you'll find all the world music in the mp3 format and videos of your favourite singers. The greatest collection ...
toward the west	 	http://www.the-athenaeum.org/art/full.php?ID=52448-The Athenaeum - View over the Tall Linden Hedge into the ...	 View over the Tall Linden Hedge into the Cutting Garden toward the West
toward the west	 	http://music.douban.com/subject/1471949/-Toward the West - 豆瓣音乐	 喜欢听"Toward the West"的人也喜欢的唱片 · · · · · ·
toward the west	 	http://cn.bing.com/dict/toward%20the%20west-toward the west是什么意思_toward the west的翻译 ...	 必应词典为您提供toward the west的释义，网络释义： 向西；
toward the west	 	http://music.douban.com/subject/3534991/-Toward The West - 豆瓣音乐	 第一个在"Toward The West"的论坛里发言
toward the west	 	http://imageenvision.com/photo/30638-stock-photo-of-hurricane-bertha-to-the-east-of-the-northern-leeward-islands-moving-toward-the-west-northwest-at-about-17-mph-with-maximum-sustained-winds-close-to-75-mph-july-7th-2008-by-jvpd-Stock Photo of Hurricane Bertha To The East Of The ...	 Royalty-free nature stock photo of Hurricane Bertha to the east of the northern Leeward Islands, moving toward the west-northwest at about 17 MPH with maximum ...
toward the west	 	http://www.topix.com/forum/news/hurricane/TKVT2OHU0TTF580RE-Hurricane Paula Weakens As It Nears Cuba - Topix	 Hurricane Paula inched toward the west coast of Cuba early Thursday, dumping heavy rain on the island's famed tobacco fields even as it weakened.
toward the west	 	http://www.touristbee.com/photos/England/Cambridge_historical-04_2011/imgpages/cambridge-historical-14.html-Cambridge, Cambridgeshire, England - Very large stained ...	 Very large stained glass windows toward the west entrance to King's College Chapel. Read my travel guides for: Cambridge, Cambridgeshire, England
toward the west	 	http://www.russianpaintings.net/picture.vphp?id=24306&author=1833-'Interior of Tintern Abbey Looking Toward the West Window'	 Girtin Thomas - 'Interior of Tintern Abbey Looking Toward the West Window'
toward the west	 	http://biblia.com/bible/nasb95/Jos12.7-Joshua 12:7 (NASB95) - " Now these are the kings of the ...	 Now these are the kings of the land whom Joshua and the sons of Israel defeated beyond the Jordan toward the west, from Baal-gad in the valley ...
toward the west	 	http://www.fineartlib.info/gallery/p17_sectionid/25/p17_imageid/784-Interior of Tintern Abbey looking toward the West Window ...	 Thomas Girtin (1775-1802) Interior of Tintern Abbey looking toward the West Window Watercolor and pencil on paper, 1793 (38.10 x 26.67 cm)( 15 x 10,5 inch ) Norwich ...
toward the west	 	http://www.dentonisd.org/site/handlers/filedownload.ashx?moduleinstanceid=18492&dataid=101387&FileName=IndianRemovalandJacksonStudyGuide.pptx-This Week’s Agenda	 ... like cattle or sheep into…wagons and started toward the west…[T]he sufferings of the Cherokee were awful. The trail of the exile was a trail of death. ...
toward the west	 	http://www.roman-britain.org/tribes/venicones.htm-RBO - Venicones - Roman Britain Organisation	 British Tribes ==> Venicones The Principal Scottish Tribes The Venicones "Below these [the Vacomagi] toward the west are the Venicones, whose town is: Orrea 24*00 58°45"
toward the west	 	http://fr.webcams.travel/webcam/1389544119-M%C3%A9t%C3%A9o-view-toward-the-west-from-Travis-Elementary-school%2C-San-Marcos%2C-Texas-Centex-view toward the west from Travis Elementary school, San ...	 view toward the west from Travis Elementary school, San Marcos, Texas Webcam Amérique du Nord > États-Unis > Texas > Centex ...
toward the west	 	http://soloalsecondogrado.wordpress.com/tag/underground-hatred-toward-the-west/-underground hatred toward the West | soloalsecondogrado	 Posts about underground hatred toward the West written by topo.gigio
toward the west	 	http://cn.bing.com/dict/in%2Cfrom%2Cor%20toward%20the%20west-in,from,or toward the west是什么意思_in,from,or ...	 必应词典为您提供in,from,or toward the west的释义，网络释义： 在西部，来自西部，向西；
toward the west	 	http://www.nflibrary.ca/nfplindex/show.asp?id=91516&b=1-Welland Ship Canal - Looking toward the west bank and ...	 Title : Welland Ship Canal - Looking toward the west bank and Welland: Medium Photograph: Extent 5 1/2" x 3 1/4" B&W photograph: Notes Across the canal, in this ...
toward the west	 	http://www.lastfm.es/music/Kitaro/Toward+The+West-Toward The West – Kitaro – Escuchar y descubrir ...	 Escucha gratis a Kitaro – Toward The West (Melancholy, Embayment y más). 10 temas (41:24). Toward The West se lanzó el 20 Sep 2006. Kitarō (喜多郎, born ...
toward the west	 	http://www.sunhome.ru/audio/toward_the_west-Toward the West. Скачать Kitaro Toward the West	 Toward the West. mp3. Cкачать Toward the West. Kitaro. New Age. Скачать mp3 Kitaro Toward the West бесплатно
toward the west	 	http://www.oel-bild.de/Interior-of-Tintern-Abbey-looking-toward-the-West-Window~9300.htm-Interior of Tintern Abbey looking toward the West Window ...	 Interior of Tintern Abbey looking toward the West Window - Bilder, Gemälde und Ölgemälde-Replikationen. Das Gemälde Interior of Tintern Abbey looking toward the ...
toward the west	 	http://www.roman-britain.org/tribes/venicones.htm-RBO - Venicones - Roman Britain Organisation	 British Tribes ==> Venicones The Principal Scottish Tribes The Venicones "Below these [the Vacomagi] toward the west are the Venicones, whose town is: Orrea 24*00 58°45"
toward the west	 	http://fr.webcams.travel/webcam/1389544119-M%C3%A9t%C3%A9o-view-toward-the-west-from-Travis-Elementary-school%2C-San-Marcos%2C-Texas-Centex-view toward the west from Travis Elementary school, San ...	 view toward the west from Travis Elementary school, San Marcos, Texas Webcam Amérique du Nord > États-Unis > Texas > Centex ...
toward the west	 	http://www.dentonisd.org/site/handlers/filedownload.ashx?moduleinstanceid=18492&dataid=101387&FileName=IndianRemovalandJacksonStudyGuide.pptx-This Week’s Agenda	 ... like cattle or sheep into…wagons and started toward the west…[T]he sufferings of the Cherokee were awful. The trail of the exile was a trail of death. ...
toward the west	 	http://soloalsecondogrado.wordpress.com/tag/underground-hatred-toward-the-west/-underground hatred toward the West | soloalsecondogrado	 Posts about underground hatred toward the West written by topo.gigio
toward the west	 	http://cn.bing.com/dict/in%2Cfrom%2Cor%20toward%20the%20west-in,from,or toward the west是什么意思_in,from,or ...	 必应词典为您提供in,from,or toward the west的释义，网络释义： 在西部，来自西部，向西；
toward the west	 	http://www.nflibrary.ca/nfplindex/show.asp?id=91516&b=1-Welland Ship Canal - Looking toward the west bank and ...	 Title : Welland Ship Canal - Looking toward the west bank and Welland: Medium Photograph: Extent 5 1/2" x 3 1/4" B&W photograph: Notes Across the canal, in this ...
toward the west	 	http://www.lastfm.es/music/Kitaro/Toward+The+West-Toward The West – Kitaro – Escuchar y descubrir ...	 Escucha gratis a Kitaro – Toward The West (Melancholy, Embayment y más). 10 temas (41:24). Toward The West se lanzó el 20 Sep 2006. Kitarō (喜多郎, born ...
toward the west	 	http://www.sunhome.ru/audio/toward_the_west-Toward the West. Скачать Kitaro Toward the West	 Toward the West. mp3. Cкачать Toward the West. Kitaro. New Age. Скачать mp3 Kitaro Toward the West бесплатно
toward the west	 	http://www.oel-bild.de/Interior-of-Tintern-Abbey-looking-toward-the-West-Window~9300.htm-Interior of Tintern Abbey looking toward the West Window ...	 Interior of Tintern Abbey looking toward the West Window - Bilder, Gemälde und Ölgemälde-Replikationen. Das Gemälde Interior of Tintern Abbey looking toward the ...
toward the west	 	http://www.cyclopaedia.info/wiki/Toward-the-West-Toward the West | Online references | cyclopaedia.net	 References for "Toward the West" online, at universities and in literature... cyclopaedia.net
toward the west	 	http://ejje.weblio.jp/content/toward+the+west-toward the westの意味 - 英和辞典 Weblio辞書	 a house facing the west―looking toward the west―with a western aspect. 西向きの家 - 斎藤和英大辞典
toward the west	 	http://www.cduniverse.com/productinfo.asp?pid=1436886-Kitaro - Toward The West CD Album	 Kitaro - Toward The West music CD album at CD Universe, Solo performer Kitaro guitar, Fender Rhodes, synthesizer, electronic percussion, Personnel Kitaro.
toward the west	 	http://dictionary.reference.com/browse/westerlies?s=t-Westerlies | Define Westerlies at Dictionary.com	 Westerlies definition, moving, directed, or situated toward the west: the westerly end of the field. See more. Thesaurus; Translator; Reference; Word of the Day; Blog;
toward the west	 	http://www.academia.edu/425220/The_cross-cultural_view_toward_the_West_in_Okakuras_The_Book_of_Tea-The cross-cultural view toward the West in Okakura's The ...	 The cross-cultural view toward the West in Okakura’s The Book of Tea Yusuke SUZUMURA Hosei University Research Center for International Japanese Studies ...
toward the west	 	http://wnwv.tunegenie.com/music/kitaro/toward-the-west/?did=366993484-Toward The West by KITARO	 Toward The West; Help; KITARO. Artist Info; Albums; Top Tracks; Videos; Concerts; Toward The West (2004) 4:53 click to expand 3:31 click to expand. 4:26 ...
toward the west	 	http://www.loc.gov/pictures/item/az0229.photos.008636p/-6. VIEW OF BRIDGE, LOOKING EAST TOWARD THE WEST TOWER. THE ...	 title: 6. view of bridge, looking east toward the west tower. the anchorage for the west ends of the main suspension cables is seen in the foreground.
toward the west	 	http://www.weegy.com/?ConversationId=NISQ4HW3-America's partial return of the Boxer Rebellion money ...	 America's partial return of the Boxer Rebellion money healed Chinese attitudes toward the West. True False
toward the west	 	http://www.youtube.com/watch?v=cjs3FAvkhkU-AoW3 Dreadnought ~ 16 Toward the West - YouTube	 AoW3 Dreadnought ~ 16 Toward the West - YouTube ... YouTube home
toward the west	 	http://www.loc.gov/pictures/item/in0341.photos.318671p/-51. View looking west, toward the west bay of the lock. A ...	 51. View looking west, toward the west bay of the lock. A derrick parked on a bench adjacent to U.S. 24 lowers its harness for the raising of a crib back wall section.
toward the west	 	http://www.washingtonpost.com/blogs/monkey-cage/wp/2014/07/20/putins-grand-strategy-is-failing/-Putin’s grand strategy is failing - The Washington Post	 Putin’s grand strategy is failing. Share on Facebook. Share on Whatsapp. ... the more likely that other states will move toward the west. In other words, ...
toward the west	 	http://www.foia.cia.gov/sites/default/files/document_conversions/17/19890401.pdf-Soviet Policy Toward the West The Gorbachev Challenge	 Director of Central Intelligence ME 1 1 -4-89 Soviet Policy Toward the West: The Gorbachev Challenge Information available as of 17 April 1989 was used
toward the west	 	https://in.answers.yahoo.com/question/index?qid=20130530073225AA18Gxd-A long,straight wire is horizontal and carries a current ...	 what is the answer to this question:A long,straight wire is horizontal and carries a current toward the west.What is the direction of the magnetic field ...
toward the west	 	http://www.kingjamesbibleonline.org/Zechariah-14-4/-ZECHARIAH 14:4 And his feet shall stand in that day upon ...	 Zechariah 14:4 And his feet shall stand in that day upon the mount of Olives, ... cleave in the midst thereof toward the east and toward the west, [and there ...
toward the west	 	http://www.tripadvisor.com/LocationPhotoDirectLink-g499443-i1817041-Punta_de_Mita_Pacific_Coast.html-beach.. morning toward the west - Picture of Punta de Mita ...	 Punta de Mita, Riviera Nayarit Picture: beach.. morning toward the west - Check out TripAdvisor members' 6,962 candid photos and videos of Punta de Mita
toward the west	 	http://www.ebay.com/itm/Kitaro-Toward-the-West-CD-85-Japan-press-/230648194922-Kitaro Toward The West CD '85 Japan Press 020642409429 | eBay	 Kitaro - Toward the West CD '85 Japan press in Music, CDs | eBay. Skip to main content. eBay: Shop by category. Enter your search keyword. Advanced
toward the west	 	http://www.ufostalker.com/ufostalker/UFO+Sighting+in+Undisclosed+Florida+United+States+on+January+1st+2015/62335-UFO Sighting in Florida, United States on January 1st 2015	 Then turned toward the west and flew out of sight due to clouds. Tags: none: Sighting Location. City: Undisclosed: Region: Florida: Country: United States: Latitude ...
toward the west	 	http://www.umass.edu/wsp/project/staff/ebb%20prosodic.pdf-Journey Toward The West: An Asian Prosodic Embassy in The ...	 Journey Toward The West: An Asian Prosodic Embassy in The Year 1972 Versification: Major Language Types by W. K. Wimsatt Review by: E Bruce Brooks
toward the west	 	http://www.gmanetwork.com/news/story/391735/weather/td-ruby-heading-for-west-philippine-sea-TD Ruby heading for West Philippine Sea | Weather | GMA ...	 After making its fifth landfall, Tropical Depression Ruby (formerly TS Hagupit) made its way toward the West Philippine Sea Tuesday morning.
toward the west	 	http://www.thefreedictionary.com/westbound-westbound - definition of westbound by The Free Dictionary	 west·bound (wĕst′bound′) adj. Going toward the west. westbound (ˈwɛstˌbaʊnd) adj. 1. going or leading towards the west. west•bound (ˈwɛstˌbaʊnd)
toward the west	 	http://www.imf.org/external/pubs/cat/longres.aspx?sk=23002.0-Decoupling from the East Toward the West? Analyses of ...	 Decoupling from the East Toward the West? Analyses of Spillovers to the Baltic Countries Author/Editor:
toward the west	 	http://www.thestar.com/news/world/2009/08/01/moldova_shifts_toward_the_west.html-Moldova shifts toward the West | Toronto Star	 Moldova shifts toward the West It may be the most enigmatic corner of Europe: a hardscrabble communist holdout run by a dour president who still keeps a ...
toward the west	 	http://dictionary.reference.com/browse/westward-Westward | Define Westward at Dictionary.com	 adjective 1. moving, bearing, facing, or situated toward the west: a westward migration of farm workers. adverb 2. Also, westwards. toward the west; west: a train ...
toward the west	 	http://withnailrules.tumblr.com/post/18504515378/interior-of-tintern-abbey-looking-toward-the-west-nowthatithinkofit... » Interior of Tintern Abbey looking ...	 Interior of Tintern Abbey looking toward the West Window by Thomas Girtin, 1802
toward the west	 	http://carnegietsinghua.org/2014/01/25/chinese-investment-is-key-to-myanmar-s-reforms/-Chinese Investment Is Key to Myanmar’s Reforms-Carnegie ...	 While Myanmar’s democratic reforms may appear to signal a move toward the West, their success will in fact depend on Chinese economic engagement—a point that ...
toward the west	 	http://vibeclouds.net/tracks/_kitaro_toward_the_west_1986.html-kitaro toward the west 1986 Mp3 Download	 Listen kitaro toward the west 1986 Online! Download kitaro toward the west 1986 directly from our site.
toward the west	 	http://www.newsweek.com/gaza-crisis-turkeys-new-role-73091-Gaza Crisis: Turkey's New Role - Newsweek	 He might be the one to rebuild an effective opposition and redirect Turkish foreign policy toward the West. Try Newsweek for only $1.25 per week.
toward the west	 	http://www.cyclopaedia.info/wiki/Toward-The-West-(Kitaro-album)-Toward The West (Kitaro album) | Online references ...	 References for "Toward The West (Kitaro album)" online, at universities and in literature... cyclopaedia.net
toward the west	 	http://thepiratebay.se/torrent/5866674/Kitaro_-_Toward_the_West-1986-Kitaro - Toward the West-1986 (download torrent) - TPB	 Download Kitaro - Toward the West-1986 torrent or any other torrent from the Audio Music. Direct download via magnet link.
toward the west	 	http://papers.ssrn.com/sol3/papers.cfm?abstract_id=1418919-Decoupling from the East Toward the West? Analyses of ...	 Obiora, Kingsley I., Decoupling from the East Toward the West? Analyses of Spillovers to the Baltic Countries (June 2009). IMF Working Papers, Vol. , pp. 1-38, 2009.
toward the west	 	http://www.paintinghere.org/painting/interior_of_tintern_abbey_looking_toward_the_west_window-16426.html-Thomas Girtin Interior of Tintern Abbey looking toward the ...	 Beautiful, original hand-painted Interior of Tintern Abbey looking toward the West Window in your home, painting based on the master's works of Thomas Girtin.
toward the west	 	http://www.jstor.org/stable/2010231-Soviet Politics and Strategy Toward the West: Three Cases	 190 WORLD POLITICS In this article we explore the outlines of Soviet politics on three central issues of strategy toward the West in the detente era: economic relations,
toward the west	 	http://www.linguee.com.br/ingles-portugues/traducao/toward+the+west.html-toward the west - Tradução em português – Linguee	 Muitos exemplos de traduções com "toward the west" – Dicionário português-inglês e busca em milhões de traduções.
toward the west	 	http://www.technodisco.net/kitaro/toward-the-west.html-Toward The West - Kitaro Download MP3 - Technodisco	 Download music with Emule or Torrent is illegal and kills the music industry. Download Kitaro - Toward The West legally with Technodisco.net
toward the west	 	http://www.roman-britain.org/tribes/venicones.htm-RBO - Venicones - Roman Britain Organisation	 British Tribes ==> Venicones The Principal Scottish Tribes The Venicones "Below these [the Vacomagi] toward the west are the Venicones, whose town is: Orrea 24*00 58°45"
toward the west	 	http://fr.webcams.travel/webcam/1389544119-M%C3%A9t%C3%A9o-view-toward-the-west-from-Travis-Elementary-school%2C-San-Marcos%2C-Texas-Centex-view toward the west from Travis Elementary school, San ...	 view toward the west from Travis Elementary school, San Marcos, Texas Webcam Amérique du Nord > États-Unis > Texas > Centex ...
toward the west	 	http://www.dentonisd.org/site/handlers/filedownload.ashx?moduleinstanceid=18492&dataid=101387&FileName=IndianRemovalandJacksonStudyGuide.pptx-This Week’s Agenda	 ... like cattle or sheep into…wagons and started toward the west…[T]he sufferings of the Cherokee were awful. The trail of the exile was a trail of death. ...
toward the west	 	http://soloalsecondogrado.wordpress.com/tag/underground-hatred-toward-the-west/-underground hatred toward the West | soloalsecondogrado	 Posts about underground hatred toward the West written by topo.gigio
toward the west	 	http://cn.bing.com/dict/in%2Cfrom%2Cor%20toward%20the%20west-in,from,or toward the west是什么意思_in,from,or ...	 必应词典为您提供in,from,or toward the west的释义，网络释义： 在西部，来自西部，向西；
toward the west	 	http://www.nflibrary.ca/nfplindex/show.asp?id=91516&b=1-Welland Ship Canal - Looking toward the west bank and ...	 Title : Welland Ship Canal - Looking toward the west bank and Welland: Medium Photograph: Extent 5 1/2" x 3 1/4" B&W photograph: Notes Across the canal, in this ...
toward the west	 	http://www.lastfm.es/music/Kitaro/Toward+The+West-Toward The West – Kitaro – Escuchar y descubrir ...	 Escucha gratis a Kitaro – Toward The West (Melancholy, Embayment y más). 10 temas (41:24). Toward The West se lanzó el 20 Sep 2006. Kitarō (喜多郎, born ...
toward the west	 	http://www.sunhome.ru/audio/toward_the_west-Toward the West. Скачать Kitaro Toward the West	 Toward the West. mp3. Cкачать Toward the West. Kitaro. New Age. Скачать mp3 Kitaro Toward the West бесплатно
toward the west	 	http://www.oel-bild.de/Interior-of-Tintern-Abbey-looking-toward-the-West-Window~9300.htm-Interior of Tintern Abbey looking toward the West Window ...	 Interior of Tintern Abbey looking toward the West Window - Bilder, Gemälde und Ölgemälde-Replikationen. Das Gemälde Interior of Tintern Abbey looking toward the ...
toward the west	 	http://www.cyclopaedia.info/wiki/Toward-the-West-Toward the West | Online references | cyclopaedia.net	 References for "Toward the West" online, at universities and in literature... cyclopaedia.net
toward the west	 	http://ejje.weblio.jp/content/toward+the+west-toward the westの意味 - 英和辞典 Weblio辞書	 a house facing the west―looking toward the west―with a western aspect. 西向きの家 - 斎藤和英大辞典
toward the west	 	http://www.roman-britain.org/tribes/venicones.htm-RBO - Venicones - Roman Britain Organisation	 British Tribes ==> Venicones The Principal Scottish Tribes The Venicones "Below these [the Vacomagi] toward the west are the Venicones, whose town is: Orrea 24*00 58°45"
toward the west	 	http://fr.webcams.travel/webcam/1389544119-M%C3%A9t%C3%A9o-view-toward-the-west-from-Travis-Elementary-school%2C-San-Marcos%2C-Texas-Centex-view toward the west from Travis Elementary school, San ...	 view toward the west from Travis Elementary school, San Marcos, Texas Webcam Amérique du Nord > États-Unis > Texas > Centex ...
toward the west	 	http://www.dentonisd.org/site/handlers/filedownload.ashx?moduleinstanceid=18492&dataid=101387&FileName=IndianRemovalandJacksonStudyGuide.pptx-This Week’s Agenda	 ... like cattle or sheep into…wagons and started toward the west…[T]he sufferings of the Cherokee were awful. The trail of the exile was a trail of death. ...
toward the west	 	http://soloalsecondogrado.wordpress.com/tag/underground-hatred-toward-the-west/-underground hatred toward the West | soloalsecondogrado	 Posts about underground hatred toward the West written by topo.gigio
toward the west	 	http://cn.bing.com/dict/in%2Cfrom%2Cor%20toward%20the%20west-in,from,or toward the west是什么意思_in,from,or ...	 必应词典为您提供in,from,or toward the west的释义，网络释义： 在西部，来自西部，向西；
toward the west	 	http://www.nflibrary.ca/nfplindex/show.asp?id=91516&b=1-Welland Ship Canal - Looking toward the west bank and ...	 Title : Welland Ship Canal - Looking toward the west bank and Welland: Medium Photograph: Extent 5 1/2" x 3 1/4" B&W photograph: Notes Across the canal, in this ...
toward the west	 	http://www.lastfm.es/music/Kitaro/Toward+The+West-Toward The West – Kitaro – Escuchar y descubrir ...	 Escucha gratis a Kitaro – Toward The West (Melancholy, Embayment y más). 10 temas (41:24). Toward The West se lanzó el 20 Sep 2006. Kitarō (喜多郎, born ...
toward the west	 	http://www.sunhome.ru/audio/toward_the_west-Toward the West. Скачать Kitaro Toward the West	 Toward the West. mp3. Cкачать Toward the West. Kitaro. New Age. Скачать mp3 Kitaro Toward the West бесплатно
toward the west	 	http://www.oel-bild.de/Interior-of-Tintern-Abbey-looking-toward-the-West-Window~9300.htm-Interior of Tintern Abbey looking toward the West Window ...	 Interior of Tintern Abbey looking toward the West Window - Bilder, Gemälde und Ölgemälde-Replikationen. Das Gemälde Interior of Tintern Abbey looking toward the ...
toward the west	 	http://www.cyclopaedia.info/wiki/Toward-the-West-Toward the West | Online references | cyclopaedia.net	 References for "Toward the West" online, at universities and in literature... cyclopaedia.net
toward the west	 	http://ejje.weblio.jp/content/toward+the+west-toward the westの意味 - 英和辞典 Weblio辞書	 a house facing the west―looking toward the west―with a western aspect. 西向きの家 - 斎藤和英大辞典
toward the west	 	http://www.roman-britain.org/tribes/venicones.htm-RBO - Venicones - Roman Britain Organisation	 British Tribes ==> Venicones The Principal Scottish Tribes The Venicones "Below these [the Vacomagi] toward the west are the Venicones, whose town is: Orrea 24*00 58°45"
toward the west	 	http://fr.webcams.travel/webcam/1389544119-M%C3%A9t%C3%A9o-view-toward-the-west-from-Travis-Elementary-school%2C-San-Marcos%2C-Texas-Centex-view toward the west from Travis Elementary school, San ...	 view toward the west from Travis Elementary school, San Marcos, Texas Webcam Amérique du Nord > États-Unis > Texas > Centex ...
toward the west	 	http://www.dentonisd.org/site/handlers/filedownload.ashx?moduleinstanceid=18492&dataid=101387&FileName=IndianRemovalandJacksonStudyGuide.pptx-This Week’s Agenda	 ... like cattle or sheep into…wagons and started toward the west…[T]he sufferings of the Cherokee were awful. The trail of the exile was a trail of death. ...
toward the west	 	http://soloalsecondogrado.wordpress.com/tag/underground-hatred-toward-the-west/-underground hatred toward the West | soloalsecondogrado	 Posts about underground hatred toward the West written by topo.gigio
toward the west	 	http://cn.bing.com/dict/in%2Cfrom%2Cor%20toward%20the%20west-in,from,or toward the west是什么意思_in,from,or ...	 必应词典为您提供in,from,or toward the west的释义，网络释义： 在西部，来自西部，向西；
toward the west	 	http://www.nflibrary.ca/nfplindex/show.asp?id=91516&b=1-Welland Ship Canal - Looking toward the west bank and ...	 Title : Welland Ship Canal - Looking toward the west bank and Welland: Medium Photograph: Extent 5 1/2" x 3 1/4" B&W photograph: Notes Across the canal, in this ...
toward the west	 	http://www.lastfm.es/music/Kitaro/Toward+The+West-Toward The West – Kitaro – Escuchar y descubrir ...	 Escucha gratis a Kitaro – Toward The West (Melancholy, Embayment y más). 10 temas (41:24). Toward The West se lanzó el 20 Sep 2006. Kitarō (喜多郎, born ...
toward the west	 	http://www.sunhome.ru/audio/toward_the_west-Toward the West. Скачать Kitaro Toward the West	 Toward the West. mp3. Cкачать Toward the West. Kitaro. New Age. Скачать mp3 Kitaro Toward the West бесплатно
toward the west	 	http://www.oel-bild.de/Interior-of-Tintern-Abbey-looking-toward-the-West-Window~9300.htm-Interior of Tintern Abbey looking toward the West Window ...	 Interior of Tintern Abbey looking toward the West Window - Bilder, Gemälde und Ölgemälde-Replikationen. Das Gemälde Interior of Tintern Abbey looking toward the ...
toward the west	 	http://www.cyclopaedia.info/wiki/Toward-the-West-Toward the West | Online references | cyclopaedia.net	 References for "Toward the West" online, at universities and in literature... cyclopaedia.net
toward the west	 	http://ejje.weblio.jp/content/toward+the+west-toward the westの意味 - 英和辞典 Weblio辞書	 a house facing the west―looking toward the west―with a western aspect. 西向きの家 - 斎藤和英大辞典
toward the west	 	http://www.roman-britain.org/tribes/venicones.htm-RBO - Venicones - Roman Britain Organisation	 British Tribes ==> Venicones The Principal Scottish Tribes The Venicones "Below these [the Vacomagi] toward the west are the Venicones, whose town is: Orrea 24*00 58°45"
toward the west	 	http://fr.webcams.travel/webcam/1389544119-M%C3%A9t%C3%A9o-view-toward-the-west-from-Travis-Elementary-school%2C-San-Marcos%2C-Texas-Centex-view toward the west from Travis Elementary school, San ...	 view toward the west from Travis Elementary school, San Marcos, Texas Webcam Amérique du Nord > États-Unis > Texas > Centex ...
toward the west	 	http://www.dentonisd.org/site/handlers/filedownload.ashx?moduleinstanceid=18492&dataid=101387&FileName=IndianRemovalandJacksonStudyGuide.pptx-This Week’s Agenda	 ... like cattle or sheep into…wagons and started toward the west…[T]he sufferings of the Cherokee were awful. The trail of the exile was a trail of death. ...
toward the west	 	http://soloalsecondogrado.wordpress.com/tag/underground-hatred-toward-the-west/-underground hatred toward the West | soloalsecondogrado	 Posts about underground hatred toward the West written by topo.gigio
toward the west	 	http://cn.bing.com/dict/in%2Cfrom%2Cor%20toward%20the%20west-in,from,or toward the west是什么意思_in,from,or ...	 必应词典为您提供in,from,or toward the west的释义，网络释义： 在西部，来自西部，向西；
toward the west	 	http://www.nflibrary.ca/nfplindex/show.asp?id=91516&b=1-Welland Ship Canal - Looking toward the west bank and ...	 Title : Welland Ship Canal - Looking toward the west bank and Welland: Medium Photograph: Extent 5 1/2" x 3 1/4" B&W photograph: Notes Across the canal, in this ...
toward the west	 	http://www.lastfm.es/music/Kitaro/Toward+The+West-Toward The West – Kitaro – Escuchar y descubrir ...	 Escucha gratis a Kitaro – Toward The West (Melancholy, Embayment y más). 10 temas (41:24). Toward The West se lanzó el 20 Sep 2006. Kitarō (喜多郎, born ...
toward the west	 	http://www.sunhome.ru/audio/toward_the_west-Toward the West. Скачать Kitaro Toward the West	 Toward the West. mp3. Cкачать Toward the West. Kitaro. New Age. Скачать mp3 Kitaro Toward the West бесплатно
toward the west	 	http://www.oel-bild.de/Interior-of-Tintern-Abbey-looking-toward-the-West-Window~9300.htm-Interior of Tintern Abbey looking toward the West Window ...	 Interior of Tintern Abbey looking toward the West Window - Bilder, Gemälde und Ölgemälde-Replikationen. Das Gemälde Interior of Tintern Abbey looking toward the ...
toward the west	 	http://www.cyclopaedia.info/wiki/Toward-the-West-Toward the West | Online references | cyclopaedia.net	 References for "Toward the West" online, at universities and in literature... cyclopaedia.net
toward the west	 	http://ejje.weblio.jp/content/toward+the+west-toward the westの意味 - 英和辞典 Weblio辞書	 a house facing the west―looking toward the west―with a western aspect. 西向きの家 - 斎藤和英大辞典
toward the west	 	http://www.roman-britain.org/tribes/venicones.htm-RBO - Venicones - Roman Britain Organisation	 British Tribes ==> Venicones The Principal Scottish Tribes The Venicones "Below these [the Vacomagi] toward the west are the Venicones, whose town is: Orrea 24*00 58°45"
toward the west	 	http://fr.webcams.travel/webcam/1389544119-M%C3%A9t%C3%A9o-view-toward-the-west-from-Travis-Elementary-school%2C-San-Marcos%2C-Texas-Centex-view toward the west from Travis Elementary school, San ...	 view toward the west from Travis Elementary school, San Marcos, Texas Webcam Amérique du Nord > États-Unis > Texas > Centex ...
toward the west	 	http://www.dentonisd.org/site/handlers/filedownload.ashx?moduleinstanceid=18492&dataid=101387&FileName=IndianRemovalandJacksonStudyGuide.pptx-This Week’s Agenda	 ... like cattle or sheep into…wagons and started toward the west…[T]he sufferings of the Cherokee were awful. The trail of the exile was a trail of death. ...
toward the west	 	http://soloalsecondogrado.wordpress.com/tag/underground-hatred-toward-the-west/-underground hatred toward the West | soloalsecondogrado	 Posts about underground hatred toward the West written by topo.gigio
toward the west	 	http://cn.bing.com/dict/in%2Cfrom%2Cor%20toward%20the%20west-in,from,or toward the west是什么意思_in,from,or ...	 必应词典为您提供in,from,or toward the west的释义，网络释义： 在西部，来自西部，向西；
toward the west	 	http://www.nflibrary.ca/nfplindex/show.asp?id=91516&b=1-Welland Ship Canal - Looking toward the west bank and ...	 Title : Welland Ship Canal - Looking toward the west bank and Welland: Medium Photograph: Extent 5 1/2" x 3 1/4" B&W photograph: Notes Across the canal, in this ...
toward the west	 	http://www.lastfm.es/music/Kitaro/Toward+The+West-Toward The West – Kitaro – Escuchar y descubrir ...	 Escucha gratis a Kitaro – Toward The West (Melancholy, Embayment y más). 10 temas (41:24). Toward The West se lanzó el 20 Sep 2006. Kitarō (喜多郎, born ...
toward the west	 	http://www.sunhome.ru/audio/toward_the_west-Toward the West. Скачать Kitaro Toward the West	 Toward the West. mp3. Cкачать Toward the West. Kitaro. New Age. Скачать mp3 Kitaro Toward the West бесплатно
toward the west	 	http://www.oel-bild.de/Interior-of-Tintern-Abbey-looking-toward-the-West-Window~9300.htm-Interior of Tintern Abbey looking toward the West Window ...	 Interior of Tintern Abbey looking toward the West Window - Bilder, Gemälde und Ölgemälde-Replikationen. Das Gemälde Interior of Tintern Abbey looking toward the ...
toward the west	 	http://www.cyclopaedia.info/wiki/Toward-the-West-Toward the West | Online references | cyclopaedia.net	 References for "Toward the West" online, at universities and in literature... cyclopaedia.net
toward the west	 	http://ejje.weblio.jp/content/toward+the+west-toward the westの意味 - 英和辞典 Weblio辞書	 a house facing the west―looking toward the west―with a western aspect. 西向きの家 - 斎藤和英大辞典
toward the west	 	http://www.roman-britain.org/tribes/venicones.htm-RBO - Venicones - Roman Britain Organisation	 British Tribes ==> Venicones The Principal Scottish Tribes The Venicones "Below these [the Vacomagi] toward the west are the Venicones, whose town is: Orrea 24*00 58°45"
toward the west	 	http://fr.webcams.travel/webcam/1389544119-M%C3%A9t%C3%A9o-view-toward-the-west-from-Travis-Elementary-school%2C-San-Marcos%2C-Texas-Centex-view toward the west from Travis Elementary school, San ...	 view toward the west from Travis Elementary school, San Marcos, Texas Webcam Amérique du Nord > États-Unis > Texas > Centex ...
toward the west	 	http://www.dentonisd.org/site/handlers/filedownload.ashx?moduleinstanceid=18492&dataid=101387&FileName=IndianRemovalandJacksonStudyGuide.pptx-This Week’s Agenda	 ... like cattle or sheep into…wagons and started toward the west…[T]he sufferings of the Cherokee were awful. The trail of the exile was a trail of death. ...
toward the west	 	http://soloalsecondogrado.wordpress.com/tag/underground-hatred-toward-the-west/-underground hatred toward the West | soloalsecondogrado	 Posts about underground hatred toward the West written by topo.gigio
toward the west	 	http://cn.bing.com/dict/in%2Cfrom%2Cor%20toward%20the%20west-in,from,or toward the west是什么意思_in,from,or ...	 必应词典为您提供in,from,or toward the west的释义，网络释义： 在西部，来自西部，向西；
toward the west	 	http://www.nflibrary.ca/nfplindex/show.asp?id=91516&b=1-Welland Ship Canal - Looking toward the west bank and ...	 Title : Welland Ship Canal - Looking toward the west bank and Welland: Medium Photograph: Extent 5 1/2" x 3 1/4" B&W photograph: Notes Across the canal, in this ...
toward the west	 	http://www.lastfm.es/music/Kitaro/Toward+The+West-Toward The West – Kitaro – Escuchar y descubrir ...	 Escucha gratis a Kitaro – Toward The West (Melancholy, Embayment y más). 10 temas (41:24). Toward The West se lanzó el 20 Sep 2006. Kitarō (喜多郎, born ...
toward the west	 	http://www.sunhome.ru/audio/toward_the_west-Toward the West. Скачать Kitaro Toward the West	 Toward the West. mp3. Cкачать Toward the West. Kitaro. New Age. Скачать mp3 Kitaro Toward the West бесплатно
toward the west	 	http://www.oel-bild.de/Interior-of-Tintern-Abbey-looking-toward-the-West-Window~9300.htm-Interior of Tintern Abbey looking toward the West Window ...	 Interior of Tintern Abbey looking toward the West Window - Bilder, Gemälde und Ölgemälde-Replikationen. Das Gemälde Interior of Tintern Abbey looking toward the ...
toward the west	 	http://www.cyclopaedia.info/wiki/Toward-the-West-Toward the West | Online references | cyclopaedia.net	 References for "Toward the West" online, at universities and in literature... cyclopaedia.net
toward the west	 	http://ejje.weblio.jp/content/toward+the+west-toward the westの意味 - 英和辞典 Weblio辞書	 a house facing the west―looking toward the west―with a western aspect. 西向きの家 - 斎藤和英大辞典
toward the west	 	http://www.roman-britain.org/tribes/venicones.htm-RBO - Venicones - Roman Britain Organisation	 British Tribes ==> Venicones The Principal Scottish Tribes The Venicones "Below these [the Vacomagi] toward the west are the Venicones, whose town is: Orrea 24*00 58°45"
toward the west	 	http://fr.webcams.travel/webcam/1389544119-M%C3%A9t%C3%A9o-view-toward-the-west-from-Travis-Elementary-school%2C-San-Marcos%2C-Texas-Centex-view toward the west from Travis Elementary school, San ...	 view toward the west from Travis Elementary school, San Marcos, Texas Webcam Amérique du Nord > États-Unis > Texas > Centex ...
toward the west	 	http://www.dentonisd.org/site/handlers/filedownload.ashx?moduleinstanceid=18492&dataid=101387&FileName=IndianRemovalandJacksonStudyGuide.pptx-This Week’s Agenda	 ... like cattle or sheep into…wagons and started toward the west…[T]he sufferings of the Cherokee were awful. The trail of the exile was a trail of death. ...
toward the west	 	http://soloalsecondogrado.wordpress.com/tag/underground-hatred-toward-the-west/-underground hatred toward the West | soloalsecondogrado	 Posts about underground hatred toward the West written by topo.gigio
toward the west	 	http://cn.bing.com/dict/in%2Cfrom%2Cor%20toward%20the%20west-in,from,or toward the west是什么意思_in,from,or ...	 必应词典为您提供in,from,or toward the west的释义，网络释义： 在西部，来自西部，向西；
toward the west	 	http://www.nflibrary.ca/nfplindex/show.asp?id=91516&b=1-Welland Ship Canal - Looking toward the west bank and ...	 Title : Welland Ship Canal - Looking toward the west bank and Welland: Medium Photograph: Extent 5 1/2" x 3 1/4" B&W photograph: Notes Across the canal, in this ...
toward the west	 	http://www.lastfm.es/music/Kitaro/Toward+The+West-Toward The West – Kitaro – Escuchar y descubrir ...	 Escucha gratis a Kitaro – Toward The West (Melancholy, Embayment y más). 10 temas (41:24). Toward The West se lanzó el 20 Sep 2006. Kitarō (喜多郎, born ...
toward the west	 	http://www.sunhome.ru/audio/toward_the_west-Toward the West. Скачать Kitaro Toward the West	 Toward the West. mp3. Cкачать Toward the West. Kitaro. New Age. Скачать mp3 Kitaro Toward the West бесплатно
toward the west	 	http://www.oel-bild.de/Interior-of-Tintern-Abbey-looking-toward-the-West-Window~9300.htm-Interior of Tintern Abbey looking toward the West Window ...	 Interior of Tintern Abbey looking toward the West Window - Bilder, Gemälde und Ölgemälde-Replikationen. Das Gemälde Interior of Tintern Abbey looking toward the ...
toward the west	 	http://www.cyclopaedia.info/wiki/Toward-the-West-Toward the West | Online references | cyclopaedia.net	 References for "Toward the West" online, at universities and in literature... cyclopaedia.net
toward the west	 	http://ejje.weblio.jp/content/toward+the+west-toward the westの意味 - 英和辞典 Weblio辞書	 a house facing the west―looking toward the west―with a western aspect. 西向きの家 - 斎藤和英大辞典
toward the west	 	http://www.roman-britain.org/tribes/venicones.htm-RBO - Venicones - Roman Britain Organisation	 British Tribes ==> Venicones The Principal Scottish Tribes The Venicones "Below these [the Vacomagi] toward the west are the Venicones, whose town is: Orrea 24*00 58°45"
toward the west	 	http://fr.webcams.travel/webcam/1389544119-M%C3%A9t%C3%A9o-view-toward-the-west-from-Travis-Elementary-school%2C-San-Marcos%2C-Texas-Centex-view toward the west from Travis Elementary school, San ...	 view toward the west from Travis Elementary school, San Marcos, Texas Webcam Amérique du Nord > États-Unis > Texas > Centex ...
toward the west	 	http://www.dentonisd.org/site/handlers/filedownload.ashx?moduleinstanceid=18492&dataid=101387&FileName=IndianRemovalandJacksonStudyGuide.pptx-This Week’s Agenda	 ... like cattle or sheep into…wagons and started toward the west…[T]he sufferings of the Cherokee were awful. The trail of the exile was a trail of death. ...
toward the west	 	http://soloalsecondogrado.wordpress.com/tag/underground-hatred-toward-the-west/-underground hatred toward the West | soloalsecondogrado	 Posts about underground hatred toward the West written by topo.gigio
toward the west	 	http://cn.bing.com/dict/in%2Cfrom%2Cor%20toward%20the%20west-in,from,or toward the west是什么意思_in,from,or ...	 必应词典为您提供in,from,or toward the west的释义，网络释义： 在西部，来自西部，向西；
toward the west	 	http://www.nflibrary.ca/nfplindex/show.asp?id=91516&b=1-Welland Ship Canal - Looking toward the west bank and ...	 Title : Welland Ship Canal - Looking toward the west bank and Welland: Medium Photograph: Extent 5 1/2" x 3 1/4" B&W photograph: Notes Across the canal, in this ...
toward the west	 	http://www.lastfm.es/music/Kitaro/Toward+The+West-Toward The West – Kitaro – Escuchar y descubrir ...	 Escucha gratis a Kitaro – Toward The West (Melancholy, Embayment y más). 10 temas (41:24). Toward The West se lanzó el 20 Sep 2006. Kitarō (喜多郎, born ...
toward the west	 	http://www.sunhome.ru/audio/toward_the_west-Toward the West. Скачать Kitaro Toward the West	 Toward the West. mp3. Cкачать Toward the West. Kitaro. New Age. Скачать mp3 Kitaro Toward the West бесплатно
toward the west	 	http://www.oel-bild.de/Interior-of-Tintern-Abbey-looking-toward-the-West-Window~9300.htm-Interior of Tintern Abbey looking toward the West Window ...	 Interior of Tintern Abbey looking toward the West Window - Bilder, Gemälde und Ölgemälde-Replikationen. Das Gemälde Interior of Tintern Abbey looking toward the ...
toward the west	 	http://www.cyclopaedia.info/wiki/Toward-the-West-Toward the West | Online references | cyclopaedia.net	 References for "Toward the West" online, at universities and in literature... cyclopaedia.net
toward the west	 	http://ejje.weblio.jp/content/toward+the+west-toward the westの意味 - 英和辞典 Weblio辞書	 a house facing the west―looking toward the west―with a western aspect. 西向きの家 - 斎藤和英大辞典
toward the west	 	http://www.roman-britain.org/tribes/venicones.htm-RBO - Venicones - Roman Britain Organisation	 British Tribes ==> Venicones The Principal Scottish Tribes The Venicones "Below these [the Vacomagi] toward the west are the Venicones, whose town is: Orrea 24*00 58°45"
toward the west	 	http://fr.webcams.travel/webcam/1389544119-M%C3%A9t%C3%A9o-view-toward-the-west-from-Travis-Elementary-school%2C-San-Marcos%2C-Texas-Centex-view toward the west from Travis Elementary school, San ...	 view toward the west from Travis Elementary school, San Marcos, Texas Webcam Amérique du Nord > États-Unis > Texas > Centex ...
toward the west	 	http://www.dentonisd.org/site/handlers/filedownload.ashx?moduleinstanceid=18492&dataid=101387&FileName=IndianRemovalandJacksonStudyGuide.pptx-This Week’s Agenda	 ... like cattle or sheep into…wagons and started toward the west…[T]he sufferings of the Cherokee were awful. The trail of the exile was a trail of death. ...
toward the west	 	http://soloalsecondogrado.wordpress.com/tag/underground-hatred-toward-the-west/-underground hatred toward the West | soloalsecondogrado	 Posts about underground hatred toward the West written by topo.gigio
toward the west	 	http://cn.bing.com/dict/in%2Cfrom%2Cor%20toward%20the%20west-in,from,or toward the west是什么意思_in,from,or ...	 必应词典为您提供in,from,or toward the west的释义，网络释义： 在西部，来自西部，向西；
toward the west	 	http://www.nflibrary.ca/nfplindex/show.asp?id=91516&b=1-Welland Ship Canal - Looking toward the west bank and ...	 Title : Welland Ship Canal - Looking toward the west bank and Welland: Medium Photograph: Extent 5 1/2" x 3 1/4" B&W photograph: Notes Across the canal, in this ...
toward the west	 	http://www.lastfm.es/music/Kitaro/Toward+The+West-Toward The West – Kitaro – Escuchar y descubrir ...	 Escucha gratis a Kitaro – Toward The West (Melancholy, Embayment y más). 10 temas (41:24). Toward The West se lanzó el 20 Sep 2006. Kitarō (喜多郎, born ...
toward the west	 	http://www.sunhome.ru/audio/toward_the_west-Toward the West. Скачать Kitaro Toward the West	 Toward the West. mp3. Cкачать Toward the West. Kitaro. New Age. Скачать mp3 Kitaro Toward the West бесплатно
toward the west	 	http://www.oel-bild.de/Interior-of-Tintern-Abbey-looking-toward-the-West-Window~9300.htm-Interior of Tintern Abbey looking toward the West Window ...	 Interior of Tintern Abbey looking toward the West Window - Bilder, Gemälde und Ölgemälde-Replikationen. Das Gemälde Interior of Tintern Abbey looking toward the ...
toward the west	 	http://www.cyclopaedia.info/wiki/Toward-the-West-Toward the West | Online references | cyclopaedia.net	 References for "Toward the West" online, at universities and in literature... cyclopaedia.net
toward the west	 	http://ejje.weblio.jp/content/toward+the+west-toward the westの意味 - 英和辞典 Weblio辞書	 a house facing the west―looking toward the west―with a western aspect. 西向きの家 - 斎藤和英大辞典
