westward	 	http://westwardseattle.com/-Westward & Little Gull | food. drinks. on the water.	 Westward is a water-inspired full service restaurant and bar located on North Lake Union. Chef Zoi Antonitsas leads the team in new directions, striking a delicious ...
westward	 	http://www.grainger.com/category/westward/ecatalog/N-1z13lco-WESTWARD products - Grainger Industrial Supply	 Find WESTWARD products at Grainger. Over 900,000 MRO products - fast & convenient for the ones who get it done!
westward	 	http://www.westward-tools.eu/-Home - Westward Tools	 From industrial hand tools to tool storage, Westward products are engineered to meet the demands of professionals like you.
westward	 	http://westward.com/-Westward Connections | Just-In-Time Product Development ...	 Welcome to Westward Connections Inc. Our company has been online since the early 90’s. We are busy re-inventing ourselves in view of market shifts and personnel ...
westward	 	http://www.westwardho.com/#!-12:00 noon - The Westward Ho Hotel-Casino - westwardho	 Westward Ho customers now have a new party place at the beautiful Golden Nugget Downtown.
westward	 	http://www.gamehouse.com/download-games/westward-Westward |GameHouse	 Stake your claim in the wild world of Westward, where gold is there for the taking and bandits lurk around every turn. Control the fortunes of three vastly different ...
westward	 	http://www.yelp.com/biz/westward-seattle-Westward - Wallingford - Seattle, WA | Yelp	 203 Reviews of Westward "Can't beat fresh local ingredients with a spectacular view of Lake Union. It has a nautical feel to the place, I loved it. We wanted to sit ...
westward	 	http://www.urbanspoon.com/r/1/1750608/restaurant/Wallingford/Westward-Seattle-Westward - Wallingford - Seattle | Urbanspoon	 Westward, Pacific Northwest Restaurant in Wallingford. See the menu, 1 photo, 13 critic reviews, 11 blog posts and 1 user review. Reviews from critics, food blogs and ...
westward	 	http://www.historynet.com/westward-expansion-Westward Expansion | Facts Summary Timeline	 Westward Expansion. Facts, Information, Timeline And Articles About The Westward Movement Of the United States Known As The Westward Expansion
westward	 	http://www.bigfishgames.com/download-games/1275/westward/index.html-Westward Game > Download Free Games | Big Fish	 Westward Game Download for PC! Stake your claim in the wild West! Download Westward for PC for free!
westward	 	http://en.wikipedia.org/wiki/Westward-Westward - Wikipedia, the free encyclopedia	 Westward may refer to: The cardinal direction West Westward Television, a former ITV franchise in the South West of England MV Westward, a motor yacht MS Westward, a ...
westward	 	http://westwardparts.com/-Westward Parts Online - Combine Belts | Fresh Cab | PTO ...	 Westward is a supplier of acreage equipment, ag parts, sprayer, belts, fresh cab and combine parts to quality original parts manufacturers and industrial businesses.
westward	 	http://www.shockwave.com/gamelanding/westward.jsp-Westward™ - Free Online and Downloadable Games and Free ...	 Download the full version of Westward™ FREE! Play the full version with more features, more levels and better graphics! Download Free Trialor Buy Now Just $6.99 or ...
westward	 	http://www.games.com/play/sandlot-games/westward-Westward Online at Games.com: Play Free Online Games	 Play Westward and over 5000 other free online games at Games.com
westward	 	http://www.history.com/topics/westward-expansion-Westward Expansion - Facts & Summary - HISTORY.com	 Find out more about the history of Westward Expansion, including videos, interesting articles, pictures, historical features and more. Get all the facts on HISTORY.com
westward	 	http://www.westwardseafoods.com/-Westward Seafoods	 Westward Seafoods; Maruha Nichiro; Alaskan. Black Cod; Cod; Collagen; Crab. Red King; Brown King; Snow; Fresh Fish; Halibut; Pollock; Pollock Block; Salmon; Surimi ...
westward	 	http://www.games.com/game/sandlot-games/westward-Westward at Games.com	 Play Westward and over 5000 other free online games at Games.com
westward	 	http://westwardleaning.com/-Sunglasses from San Francisco. — Westward \\ Leaning	 toggle navigation westward \\ leaning. shop; about. story; craftsmanship; design; press; as seen on. street style; famous fans
westward	 	http://en.wikipedia.org/wiki/Westward_Television-Westward Television - Wikipedia, the free encyclopedia	 Westward Television was the first ITV franchise holder for the South West of England. It held the franchise from 29 April 1961 until 31 December 1981.
westward	 	http://westwardseafoods.com/company.php-Westward Seafoods	 Marine Stewardship Council. Westward Seafoods has been a premier provider of Alaska’s finest seafood since 1991. Since then, we’ve grown in our partnerships, and ...
westward	 	http://www.merriam-webster.com/dictionary/westward-Westward - Definition and More from the Free Merriam ...	 Definition of WESTWARD: westward direction or part <sail to the westward> First Known Use of WESTWARD. circa 1596
westward	 	http://westwardindustries.com/-Westward Industries Ltd.	 Our GO-4 has been tailor made for the needs of parking control and enforcement, for municipalities and agencies. ... Westward Industries Company News.
westward	 	http://westwardseattle.com/reservations/-Westward & Little Gull | reservations	 Westward & Little Gull | reservations. 786. page,page-id-786,page-template-default,ajax_updown_fade,page_not_loaded, reservations. Welcome…
westward	 	http://dictionary.reference.com/browse/westward-Westward | Define Westward at Dictionary.com	 It was migrating westward and taking great risks in pursuit of new opportunities its elders had not enjoyed. The settlers' birds were carried westward as part of the ...
westward	 	http://www.sunrvresorts.com/Community/WHO-Westward Ho Camp Resort - Glenbeulah, WI - Sun RV Resorts ...	 Westward Ho welcomes you! Located at N5456 Division Rd. in Glenbeulah, WI, our beautiful resort is in the heart of Wisconsin’s lush countryside.
westward	 	http://www.westwardpm.com/-Westward	 WestwardProperty Management, LLP does business in accordance with the Federal Fair Housing Act Member of the National Apartment Association (NAA) and the Apartment ...
westward	 	http://www.gamehouse.com/download-games/westward-3-Westward® 3 |GameHouse - Find the best free high-quality ...	 Steer the fortunes of three pioneers in Westward(R) 3, the latest chapter in the popular series of games. When gold is discovered in the California wilderness ...
westward	 	http://www.amazon.com/Sandlot-Games-706-Westward-Download/dp/B001MIZNB0-Amazon.com: Westward [Download]: Video Games	 Download Westward [Download] and play today. Enter the rough and tumble world of Westward, where gold is there for the taking and bandits lurk around every turn.
westward	 	http://www.ducksters.com/history/westward_expansion/-History: Westward Expansion and the Old West for Kids	 Kids learn about the Westward Expansion and the Old West of the United States. Pioneers settled the west as the country expanded.
westward	 	http://www.ducksters.com/history/westward_expansion/california_gold_rush.php-Westward Expansion - History: California Gold Rush for Kids	 History >> Westward Expansion The California Gold Rush took place between 1848 and 1855. During this time gold was discovered in California. Over 300,000 people ...
westward	 	http://www.bigfishgames.com/blog/walkthrough/westward-iv-all-aboard-walkthrough/-Westward IV: All Aboard Walkthrough, Guide, & Tips | Big Fish	 Complete Westward IV: All Aboard Walkthrough & Strategy Guide. Overview of full game with annotated screenshots from actual gameplay.
westward	 	http://westwardocf.blogspot.com/-Westward	 Westward & Spirit of Massachusetts are both riding out this winter in Portland, Maine awaiting rebuilds. Cost is estimated at $700,000 each. And since we have more ...
westward	 	http://www.ebay.com/sch/i.html?_nkw=westward+tools-westward tools | eBay	 Find great deals on eBay for westward tools westward tool set. Shop with confidence.
westward	 	http://www.westwardeng.com/-Westward Precision Engineering, Machine Shop, Rolling Road ...	 Westward Precision Engineering ... Services: > Cylinder Head > Cylinder Block > Crankshaft/Connecting Rods
westward	 	http://m.westwardlook.com/-Westward Look Resort	 Westward Look Wyndham Grand Resort and Spa. Visit Main Site ...
westward	 	http://westwardshorescampground.com/-Westward Shores Campground	 Westward Shores Lakeside Camping Resort is located on the northwest shore of Ossipee Lake. Just minutes from the Mt Washington Valley with it's shops, dining, and ...
westward	 	http://wwquarterly.com/-WestWard Quarterly, The Magazine of Family Reading ...	 WestWard Quarterly seeks to present the best work of upbeat writers and poets, whether accomplished or beginners. We maintain a positive editorial philosophy ...
westward	 	http://www.thesaurus.com/browse/westward-Westward Synonyms, Westward Antonyms | Thesaurus.com	 Synonyms for westward at Thesaurus.com with free online thesaurus, antonyms, and definitions. Dictionary and Word of the Day.
westward	 	http://www.yachteleonora.com/CFDOCS/cmsout/admin/index.cfm?GroupID=128&meID=41&Lang=2-Yacht Eleonora - THE YACHT	 Eleonora is an exact replica of the schooner Westward. Westward was launched on March 31, 1910 as hull number 692 at the Herreshoff Manufacturing Co. in Bristol ...
westward	 	http://www.indeed.com/cmp/Westward-Seafoods-Inc.-Westward Seafoods Inc. Careers and Employment | Indeed.com	 Research and review Westward Seafoods Inc. jobs. Learn more about a career with Westward Seafoods Inc. including all recent jobs, hiring trends, salaries, work ...
westward	 	http://www.123homeschool4me.com/2013/09/westward-expansion-unit-1-lewis-clark.html-Westward Expansion Unit #1 - Lewis & Clark, Mocassins ...	 Hands on Homeschool History Unit covering the Westward Expansion form 1783 to 1898. Free printables, resources, and lots of extension ideas to make history come alive ...
westward	 	http://store.steampowered.com/app/36150/-Westward Collection on Steam - Welcome to Steam	 I LOVE the Westward series. I remember playing the first one as a kid, and could not wait to try the second and third games as well. To this day, I still play all ...
westward	 	http://www.gamewinners.com/Cheats/index.php/Westward_3:_Gold_Rush-Westward 3 : Gold Rush cheat codes, hints, and help	 Westward 3: Gold Rush cheats, codes, hints, FAQs, and help.
westward	 	http://www.westward.ee/Eng/eng.php?id=117-WestWard - TÖÖSTUSTE TEHNILINE VARUSTAMINE	 Westward Group, Raudsilla 5, 20308 Narva, Estonia Ph.: +372 35 99 550, Fax: +372 35 99 566 e-mail: westward@westward.ee
westward	 	http://www.seattlemet.com/eat-and-drink/nosh-pit/articles/joshua-henderson-will-open-westward-on-lake-union-this-summer-march-2013-Skillet Founder Joshua Henderson Will Open Westward on ...	 Eater Seattle recently wrote about Skillet founder Joshua Henderson’s latest plan—a "water-inspired" restaurant called Westward, perched on the north shore of ...
westward	 	http://www.yelp.com/biz/westward-seattle?start=200-Westward - Wallingford - Seattle, WA | Yelp	 From the business. Westward is a water-inspired full service restaurant and bar located on North Lake Union that specializes in contemporary northwest mediterranean food.
westward	 	http://www.driftinwestward.com/-Driftin Westward	 Driftin Westward is a alternative folk-Americana project started by K.T. Vandyke.
westward	 	http://westwardalternatives.com/-Westward Group Alternatives | Home	 Westward Group Energy Alternatives. Westward Group Energy Alternatives is an autonomous service for patrons who want to save cash on their gas and energy bills.
westward	 	http://download.cnet.com/Westward/3000-2097_4-10619874.html-Westward - Free download and software reviews - CNET ...	 Enter the wild, rough and tumble world of Westward, where gold is there for the taking and bandits lurk around every turn
westward	 	http://www.wildtangent.com/games/westward-iv-all-aboard-Westward IV - All Aboard Download for PC | WildTangent Games	 Description. Ride the rails to fun and adventure in Westward® IV - All Aboard, a thrilling real-time strategy adventure in the popular Westward ® series!
westward	 	http://arcadetown-com.en.softonic.com/-WestWard - Download	 Westward is an addictive sim-city like strategy game set in the crazy days of the Wild West era. Enter the wild, rough-and-tumble world of Westward, where adventure ...
westward	 	http://westwardindustries.com/contact-us/-CONTACT US | West Ward Industries	 If you have any questions for us at Westward Industries, please contact us. You may use our online request form below, or send an email to info@westwardindustries.com.
westward	 	http://www.grainger.com/product/WESTWARD-Jack-3ZC56-WESTWARD Jack,Bottle - Bottle Jacks - 3ZC56|3ZC56 ...	 Shop WESTWARD Jack,Bottle (3ZC56) at Grainger. Fast & convenient for the ones who get it done!
westward	 	http://www.ebay.com/sch/i.html?_nkw=westward+journey+nickels-westward journey nickels | eBay - Electronics, Cars ...	 Find great deals on eBay for westward journey nickels 2004 westward journey nickels. Shop with confidence.
westward	 	http://www.indeed.com/cmp/Westward-Seafoods-Inc./reviews-Westward Seafoods Inc. Employee Reviews | Indeed.com	 Westward Seafoods Inc. employee reviews and ratings. Indeed.com
westward	 	http://www.westwardhodevon.com/-Westward Ho! Devon - Tourist Information	 Westward Ho! is a picturesque village with a quirky name, sat facing out towards the Atlantic Ocean on the North Devon coast. Born out of a development triggered by ...
westward	 	http://www.history.com/topics/westward-expansion/videos-Westward Expansion Exclusive Videos & Features - HISTORY.com	 Check out exclusive Westward Expansion videos and features. Browse the latest Westward Expansion videos and more on HISTORY.com.
westward	 	http://www.drugs.com/imprints/westward-260-842.html-WestWard 260 Pill - isoniazid 100 mg - Drugs.com ...	 Pill imprint WestWard 260 has been identified as isoniazid 100 mg. View images and comprehensive information for this drug.
westward	 	http://westwardsalesinc.com/-Westward Sales, Inc. - Home	 Call Us Today! 330-550-5186. email: westwardsalesinc@aol.com. Please contact us anytime! We look forward to hearing from you. MON - FRI 8-5. SAT appt only.
westward	 	http://www.westward-heights.com/-Skilled Nursing Home and Rehabilitation, Westward Heights ...	 Westward Heights Care Center provides comprehensive skilled nursing and rehabilitation services to the residents of Lander, WY
westward	 	http://www.legendsofamerica.com/we-westwardexpansion.html-Westward Expansion and Manifest Destiny - History and ...	 Educational video on Westward Expansion and Manifest Destiny. Produced and narrated by Kathy Weiser-Alexander. To Comment on our videos, sign the guest book ...
westward	 	http://westward.wikia.com/wiki/Westward-Westward - The Westward Wiki	 Westward is the first installment of the Westward series. Plot Edit. Westward. The game is a strategy game set in the Old West and revolves around a slew of ...
westward	 	http://westward.globalgamenetwork.com/-Global Game Network - Free online strategy games	 Westward Trail is similar to the classic game of Oregon Trail. Start from Independence, Missouri and lead a wagon train across the fabled Oregon Trail with the ...
westward	 	http://www.tripadvisor.com/Hotel_Review-g60950-d112511-Reviews-Westward_Look_Wyndham_Grand_Resort_and_Spa-Tucson_Arizona.html-Westward Look Wyndham Grand Resort and Spa (Tucson, AZ ...	 Westward Look Wyndham Grand Resort and Spa, Tucson: See 1,778 traveler reviews, 301 candid photos, and great deals for Westward Look Wyndham Grand Resort ...
westward	 	http://www.addictinggames.com/download-games/westwardiii.jsp-Westward III - Free Online Life-style Games from ...	 Westward® III: Gold Rush Westward expansion continues with this sparkling sequel! Steer the fortunes of 3 adventurous pioneers as they build and defend their settlement.
westward	 	http://westward-ii.com/-Westward II's Web Page	 Welcome to the Voyage of Westward II and her crew. We have built this site to keep those interested in our travels up to date. So come back regularly and see what we ...
westward	 	http://www.gamefools.com/onlinegames/free/westward.html-Westward - Free Online Games | GameFools	 Control the destiny of the West as you build thriving towns and seek fortune. Play Westward free online!
westward	 	http://www.transdiffusion.org/2004/05/24/westward-2-Westward - Album - Transdiffusion	 Westward starts the day in the late 1970s with this look at local life. The distinguishing feature of all these ‘local’ films is how generic they are.
westward	 	http://www.cheatcodes.com/westward-pc/-Westward Cheats & Codes for PC - CheatCodes.com	 Get the latest cheats, codes, unlockables, hints, Easter eggs, glitches, tips, tricks, hacks, downloads, achievements, guides, FAQs, and walkthroughs for Westward on PC.
westward	 	http://www.horizonhobby.com/products/westward-18-sailboat-rtr-PRB3350-Westward 18 Sailboat RTR | HorizonHobby	 The Pro Boat® Westward™ 18-inch sailboat provides entry-level sailboating enthusiasts with the perfect model when entering the hobby. The Westward comes 95% ...
westward	 	http://www.ign.com/cheats/games/westward-iii-gold-rush-pc-14320690-Westward III Cheats, Codes, Unlockables - PC - IGN	 Westward III: Gold Rush for PC Cheats - IGN has all the codes, cheat codes, unlockables, easter eggs, achievements, hints, tips and secrets
westward	 	http://download.cnet.com/Westward-III/3000-2115_4-10906784.html-Westward III - Free download and software reviews - CNET ...	 Westward III is an adventure game in which players must build and maintain a town from a small settlement during the California gold rush. It's not the most fun or ...
westward	 	http://www.imdb.com/title/tt0035545/-Westward Ho (1942) - IMDb	 Share this Rating. Title: Westward Ho (1942) 7.5 /10. Want to share IMDb's rating on your own site? Use the HTML below.
westward	 	http://westwardstorage.com/-Home | Westward Storage Park, centrally located in ...	 Welcome to Westward Storage Park, centrally located in Southern California’s Inland Empire at 3859 Valley Blvd Walnut CA. We offer self storage units to fit all ...
westward	 	http://en.softonic.com/s/westward-4-full-version-free-download-westward 4 full version free download - App news and ...	 westward 4 full version free download - Westward: Control the fortunes of three towns, and much more programs.
westward	 	http://www.gamefaqs.com/pc/938809-westward-Westward for PC - GameFAQs - GameFAQs - Video Game Cheats ...	 For Westward on the PC, GameFAQs has game information and a community message board for game discussion.
westward	 	http://manningsocialstudies.wiki.westga.edu/file/view/Westward+expansion+ppt.pptx-Westward expansion - University of West Georgia	 Factors affecting westward expansion. Geographic and economic factors that influenced westward movement. Population growth in the eastern states. Availability of ...
westward	 	http://www.gamefaqs.com/pc/938809-westward-Westward for PC - GameFAQs - GameFAQs - Video Game Cheats ...	 For Westward on the PC, GameFAQs has game information and a community message board for game discussion.
westward	 	http://imnh.isu.edu/digitalatlas/geog/explore/expand.pdf-WESTWARD EXPANSION - Idaho Museum of Natural History ...	 WESTWARD EXPANSION The boundaries of the United States of America in 1787, at the time of the British Colonies War for Independence, was: the Allegheny mountains to ...
westward	 	http://www.westwardelectric.com/-Westward Electric Services	 WESTWARD ELECTRIC SERVICE Fort McMurray’s Premier Electrical Contracting Firm. Not only are we expert electrical contractors, we are also trusted consultants with ...
westward	 	http://www.westwardflowersbutlermo.com/-Butler Florists - Flowers in Butler MO - Westward Gifts ...	 At Westward Gifts & Flower Market, our reliable staff is committed to creating beautiful flower arrangements and gifts which are perfect for any occasion.
westward	 	http://www.sparknotes.com/history/american/westwardexpansion/summary.html-SparkNotes: Westward Expansion (1807-1912): General Summary	 A short summary of 's Westward Expansion (1807-1912). This free synopsis covers all the crucial plot points of Westward Expansion (1807-1912).
westward	 	http://en.softonic.com/s/westward-4-full-version-free-download-westward 4 full version free download - App news and ...	 westward 4 full version free download - Westward: Control the fortunes of three towns, and much more programs.
westward	 	http://westwardindustrial.com/-Westward Industrial	 Why We Are Here. Westward Industrial was born because we saw a clear need by Western companies in the markets in China. Many companies from Europe, the U.S., Canada ...
westward	 	http://www.gowestwardho.com/index.htm-Westward Ho! Camp Ground	 Welcome to Westward Ho! Camp Ground in GNAW BONE, INDIANA From roomy pull throughs to cozy cabins, our goal is to provide you with generous ...
westward	 	http://westwardminerals.com/-Westward Look Mineral Show	 With literally hundreds of places available to visit and see great minerals from around the world, the Westward Look Show has become one of the most important places ...
westward	 	http://www.westwardorchards.com/currently-available/-Westward Orchards » Westward Orchards	 Westward Orchards located in Harvard, MA grows the finest fruits and vegetables. We offer pick your own Apples and Blueberries, made to order sandwiches and fresh ...
westward	 	http://www.nps.gov/jotr/forteachers/upload/unitX_WestwardExpansion.pdf-WESTWARD EXPANSION - Early Explorers	 WESTWARD EXPANSION In addition to Native American habitation, explorers, miners, cattle ranchers, and homesteaders have shaped the Mojave Desert.
westward	 	http://www.gamespot.com/westward-iv-all-aboard/-Westward IV: All Aboard - GameSpot - Video Games Reviews ...	 Find reviews, trailers, release dates, news, screenshots, walkthroughs, and more for Westward IV: All Aboard here on GameSpot.
westward	 	http://teachers.henrico.k12.va.us/fairfield/saunders_d/powerpoints/unit5/expansion/manifest.ppt-Westward Expansion - Teachers.Henrico Webserver	 Westward Expansion 1801-1861 America establishes its boundaries Big Ideas… Between 1801 and 1861, exploration was encouraged as America underwent vast territorial ...
westward	 	http://westwardparts.com/locations-Westward Parts Online - Locations	 Westward is a supplier of agriculture parts, acreage equipment, farm equipment and belts to quality original parts manufacturers and industrial businesses.
westward	 	http://westwardequipmentservice.com/-Westward Equipment Service	 We offer installation and service. Westward Equipment Service installs Rotary Lift, Corghi, and Suburban equipment. We then offer Service Agreements to provide you ...
westward	 	http://www.westwardshipping.com/-Westward Shipping Ltd.	 Westward Shipping's business involves total marine transportation in all its aspects. Since 1935 we have continued to expand our service scopes to facilitate the ...
westward	 	http://www.lvstriphistory.com/ie/westward.htm-Westward Ho - Las Vegas Strip History Website	 Westward Ho is the Strip's only casino motel resort as opposed to a hotel resort. It is also reportedly the world's largest motel. Westward opened in 1963 by Dean ...
westward	 	http://www.tcm.com/mediaroom/video/78268/Westward-the-Women-Original-Trailer-.html-Westward the Women trailer - Watch Turner Classic Movies ...	 title details and video sharing options. now playing Westward the Women - (Original Trailer) A frontiersman (Robert Taylor) leads a wagon train full of mail-order ...
westward	 	http://www.adfg.alaska.gov/index.cfm?adfg=fishingCommercialByArea.southwest-Westward Commercial Salmon Fisheries, Alaska Department of ...	 Westward Region includes the Kodiak archipelago, the north and south sides of the Alaska Peninsula (including Chignik, the Shumagin Islands, and Port Moller), and the ...
westward	 	http://www.download-free-games.com/pc/westward.htm-Westward Game - Download and Play Free Version!	 Rebuild the wild west in the hilarious real-time strategy and resource management game Westward. Download the free version, read user reviews, view screen shots, read ...
westward	 	http://www.kbhome.com/new-homes-san-antonio/westward-pointe-Westward Pointe Community – San Antonio, TX | KB Home	 The Westward Pointe is a community of new homes in San Antonio, TX by KB Home. Choose a floor plan, personalize it, and build your dream home today.
westward	 	http://westwardbuildersinc.com/-Westward Builders Inc	 Welcome to Westward Builders We are a Diamond certified contractor serving the North Bay. Our services include: • Residential & Multi ...
westward	 	http://westwardquest.aznb.com/-Westward Quest	 westwardquest.aznb.com provides all in Westward Quest
westward	 	http://pages.rediff.com/westward/2048558-Westward - Rediff Pages	 Westward is on Rediff pages, Westward is a water-inspired full service restaurant and bar located on North Lake Union.,Follow Westward to get latest updates from Westward
westward	 	http://www.tchistory.org/TCHISTORY/WestwardMovement.htm-Westward Movement to California - Tuolumne County ...	 Early Days of California and the Westward Movement . Before the discovery of gold in California few outsiders came here. In very early times, European ...
westward	 	http://www.encyclopedia.com/doc/1G2-3401804525.html-Westward Migration – Dictionary definition of Westward ...	 WESTWARD MIGRATION. WESTWARD MIGRATION. The westward migration that resulted in the rapid settlement of the continental United States is perhaps the most compelling ...
westward	 	http://egamesites.com/game-westward-5-kingdoms.php-Westward 5: Kingdoms - Unlimited Play Over 1,200 Games Now	 Sign-up Now & Unlimited Play Free Full Version Game Westward 5: Kingdoms and Over 1,200 Games Now
westward	 	http://www.mtv.com/artists/stabbing-westward/-Stabbing Westward | New Music And Songs | MTV	 Stabbing Westward new music, concerts, photos, and official news updates directly from Stabbing Westward's Twitter and Facebook.
westward	 	http://www.tripadvisor.com/Attraction_Review-g32676-d272299-Reviews-Westward_Beach-Malibu_California.html-Westward Beach - Malibu - Reviews of Westward Beach ...	 Westward Beach, Malibu: See 20 reviews, articles, and 11 photos of Westward Beach, ranked No.8 on TripAdvisor among 25 attractions in Malibu.
westward	 	http://www.tcm.com/this-month/article/78378%7C0/Westward-the-Women.html-Westward the Women - Watch Turner Classic Movies on TCM	 The idea for Westward the Women (1951) came from Frank Capra, who in the 1940s read a magazine article about South American women crossing the Isthmus to become ...
westward	 	http://www.doe.in.gov/sites/lincoln/docs/Lincoln_Resource_9_02/Tab%204/4-13%20Westward%20Expansion%208.13.08.pdf-WESTWARD EXPANSION & THE TRANSCONTINENTAL RAILROAD	 4-13 Westward Expansion 3 of 3 A Living Resource Guide to Lincoln's Life ...
westward	 	http://westwardfabandrepair.com/-Westward Fabrication and Repair, hydraulic cylinder repair	 Westward Machine and Tool, Inc. now offers hydraulic cylinder repair, parts and service. We also offer fabrication and machining services. The shop is located in ...
westward	 	http://www.socialstudies.com/pdf/ZP393sample_WestwardExpansionTG.pdf-Westward Expansion - Home Page - Social Studies School Service	 Westward Expansion Backwards Planning Curriculum Units Betsy Hedberg, Writer Dr. Aaron Willis, Project Coordinator Kerry Gordonson, Editor Justin Coffey, Editor
westward	 	http://www.timetoast.com/timelines/westward-expansion--4-Westward Expansion timeline | Timetoast timelines	 The Westward Expansion timeline, an interactive 'Westward Expansion' timeline on Timetoast.
westward	 	http://www.encyclopedia.com/doc/1G2-3406401030.html-Westward Expansion – FREE Westward Expansion information ...	 Westward Expansion – Encyclopedia.com has Westward Expansion articles, Westward Expansion pictures, video and information at Encyclopedia.com - a FREE online library
westward	 	http://en.wikibooks.org/wiki/Westward_Expansion-Westward Expansion - Wikibooks, open books for an open world	 This book, "Westward Expansion," is a collaborative work between three American History classes from Spirit Lake, Iowa.
westward	 	http://westward-bound-latex.tumblr.com/-The Iconic Brand and Leading Specialists in Latex	 Finally some pretty fluffy snow in Stockholm, Sweden. Model: Sister Sinister #Latex: Westward Bound www.westwardbound.com Bordelle-L’Amour Bombillicit Latex Bra ...
westward	 	http://www.iwin.com/games/westward-4-all-aboard-Play Westward 4 : All Aboard free at iWin	 Westward 4 all aboard is a Action Games game available from iWin.com. You can play Westward 4 all aboard for free or join Club iWin and get Westward 4 all aboard at ...
westward	 	http://www.drinkspirits.com/whiskey/westward-small-batch-oregon-whiskey-review/-Westward Small Batch Oregon Whiskey Review - Drink Spirits	 Westward Oregon Straight Malt Whiskey. There’s no way around it, great whiskey takes time. You simply can’t rush the impact that time has on a spirit.
westward	 	http://stores.ebay.com/Westward-Bound-Shop-Latex Clothing, PVC Clothing items in Westward Bound store ...	 2865 results found: R968 Westward Bound Latex Couture Rubber Pin Up BLOUSE TOP Shown 16 UK fetish · GORGEOUS FULL LENGTH SEAMLESS RUBBER LATEX R044 OPERA GLOVES ...
westward	 	http://www.gamefaqs.com/pc/938809-westward/wiki-Westward Wiki - Walkthrough and Guide for PC - GameFAQs	 The GameFAQs Game Wiki for Westward is a single guide created by the users of GameFAQs. Anybody can add to and edit the Wiki, and you can work with other users ...
westward	 	http://www.hotels.com/ho200445/westward-look-wyndham-grand-resort-and-spa-tucson-united-states/-Book Westward Look Wyndham Grand Resort and Spa, Tucson ...	 Check out our fantastic range deals & offers for Westward Look Wyndham Grand Resort and Spa, Tucson at Hotels.com. View photos of Westward Look Wyndham Grand Resort ...
westward	 	http://www.wbshop.com/product/westward+the+women+1000248939.do-Westward the Women | WBshop.com | Warner Bros.	 Buy the Westward the Women DVD from the Warner Bros. archive. Available for the first time on DVD from WBshop.com.
westward	 	http://www.menuism.com/restaurants/westward-seattle-814088-Westward - Reviews & Menu - Wallingford - Seattle 98103	 Reserve online and read reviews from Westward in Wallingford Seattle from trusted Seattle restaurant reviewers. Includes the menu, user reviews, photos, and highest ...
westward	 	http://coreknowledge.org/mimik/mimik_uploads/lesson_plans/1657/BGarrett_G5_WestwardBefore_022012.pdf-Westward Expansion before the Civil War - Core Knowledge ...	 Westward Expansion Before the Civil War Westward Expansion Grade 5 Tecumseh (Shawnee): attempts to unite tribes in defending their land Battle of Tippecanoe
westward	 	http://www.cheatchannel.com/files/westward2.htm-Westward 2 - Heroes of the Frontier Cheat Codes for PC Games	 Westward 2 - Heroes of the Frontier Quest Hints: ----- SECRET AWARDS: ----- As far as I can tell, there are four secret things you can unlock in this ...
westward	 	http://westwardpartnersllc.com/about-team.php-Westward Partners, LLC - Westward Team. Andy Baldridge ...	 Andy Baldridge, Founder and Partner. Andy co-founded Westward Partners in 2010. He leads the firm's origination activities and is active in all aspects of managing ...
westward	 	http://uhaweb.hartford.edu/edt615d/fall2005/personal/tchristen/assignments/westward_expansion.htm-Westward Expansion - WebQuest - University of Hartford's ...	 The Process. Together, you will be working to study different aspects of the westward migration: the trail, the reasons for traveling, the obstacles that were faced ...
westward	 	http://www.pendletonroundup.com/events_detail.aspx?id=80-Westward Ho! Parade - PENDLETON ROUND-UP	 The unique Westward Ho! Parade is held Friday morning of Round-Up week. Beginning with a big bang at 10am the Westward Ho! Parade begins its trek through the town of ...
westward	 	http://downloadgames.pogo.com/games/westward-Free Westward download at Pogo	 Download Westward and 100's more great games at Pogo.com® - Download now!
westward	 	http://www.allmusic.com/artist/stabbing-westward-mn0000792852-Stabbing Westward | Music Biography, Streaming Radio and ...	 Find Stabbing Westward bio, music, credits, awards, & streaming radio on AllMusic - Pop-oriented industrial band captured the spirit…
westward	 	http://columbiariverimages.com/Regions/Places/port_westward.html-The Columbia River - Port Westward, Oregon	 Port Westward is located on the tip of the Clatskanie River/Beaver Slough delta, a place Lewis and Clark called "Fanny's Bottom", after Captain Clark's younger sister.
westward	 	http://www.orbitz.com/hotel/United_States--AZ/Tucson/Westward_Look_Wyndham_Grand_Resort_and_Spa.h4637/-Westward Look Wyndham Grand Resort and Spa in Tucson ...	 Westward Look Wyndham Grand Resort and Spa, Tucson, Arizona: Find the best deals with user reviews, photos, and discount rates for Westward Look Wyndham Grand Resort ...
westward	 	http://www.iwin.com/games/westward-iii-gold-rush-Westward III: Gold Rush - All Access Games game at iWin	 Westward iii gold rush is a All Access Games game available from iWin.com. You can play Westward iii gold rush for free or join Club iWin and get Westward iii gold ...
westward	 	http://expansion.ou.edu/-Westward Expansion and the Constitution in the Early ...	 Welcome! This two-week National Endowment for the Humanities Summer Institute for College and University Teachers offers a comprehensive examination of westward ...
westward	 	http://www.militram.com/income/westward-doxycycline/-Westward Doxycycline	 doxycycline 3142 westward sinus infection, westward 3142 doxycycline daily or weekly
westward	 	http://www.westwardhodevon.com/general/hotels/-Hotels - Westward Ho! Devon - Tourist Information	 Westward Ho! is quite short on Hotels – we have only been able to find one and have not stayed here. We will add hotels in surrounding towns shortly.
westward	 	http://cronkiteworks.asu.edu/westwardho/index.html-Westward Ho - Phoenix - Leslie-Jean Thornton home page	 The Westward Ho is a landmark for the city of Phoenix. When it first opened in 1928, the hotel was frequented by celebrities including Hollywood stars ...
westward	 	http://westward.wikia.com/wiki/Westward_III:_Gold_Rush-Westward III: Gold Rush - The Westward Wiki	 Westward III: Gold Rush is the third installment of the Westward series. Plot Edit. When gold is discovered in the Northern California wilderness, speculators flock ...
westward	 	http://fisherswestwardho.com/-Welcome to Fisher’s Westward Ho	 Fisher’s Westward Ho offers a wide selection of menu items in a cozy, log cabin atmosphere. Our enthusiastic staff is dedicated to making your dining adventure fun ...
westward	 	http://www.games2download.com/cheats-codes-tips/westward2-cheats.htm-The best Westward 2 cheats , codes & tips!	 Searching for walkthroughs, codes, tips and Westward 2 cheats? We have the best Westward 2 cheat codes on the web!
westward	 	http://www.supercheats.com/pc/westward4allaboard.htm-Westward 4: All Aboard Cheats and Cheat Codes, PC	 Westward 4: All Aboard Questions, Answers, Walkthroughs, Cheats and Cheat Codes, PC.
westward	 	http://www.last.fm/music/Stabbing+Westward-Stabbing Westward – Free listening, videos, concerts ...	 Stabbing Westward was an American industrial rock and alternative rock band composed of Christopher Hall, Walter Flakus, Stuart Zechman, Jim Sellers and David Suycott.
westward	 	http://theantebellumera.weebly.com/westward-expansion.html-Westward Expansion - The Antebellum Era	 Westward expansion and Manifest Destiny were touchy and controversial subjects in this time. Many people believed that the nation had the right to expand and acquire ...
westward	 	http://wwquarterly.com/guidelines.htm-WestWard Quarterly, The Magazine of Family Reading ...	 Submission Guidelines Click here for a PDF version in a separate window. WestWard Quarterly maintains a positive editorial philosophy, presenting material that is ...
westward	 	http://www.pandora.com/stabbing-westward-Stabbing Westward - Listen to Free Music by Stabbing ...	 Listen to music by Stabbing Westward on Pandora. Discover new music you'll love, listen to free personalized radio.
westward	 	http://www.mapquest.com/maps?address=6250%20Westward%20St&city=Houston&state=TX&zipcode=77081-6250 Westward St, Houston, TX 77081 Directions, Location ...	 Our interactive map lets you view, print, or send to your phone directions to and from 6250 Westward St, Houston, TX 77081, and view the location as a satellite image ...
westward	 	http://www.ironsearch.com/IRON-Solution/SmartSort-Equipment/Westward.aspx-Westward	 IRON Search - Westward Farm Machinery - Tractors - Agricultural Equipment for Sale - By Dealers & Owners
westward	 	https://answers.yahoo.com/question/index?qid=20090122202827AAnHxuZ-What is the Westward Movement ? - Yahoo Answers	 The westward movement was a continual phenomena that could be said to have started as soon as Columbus landed in the Carribbean. As land was taken up and ...
westward	 	http://www.sourcewatch.org/index.php?title=Port_Westward-Port Westward - SourceWatch	 Port Westward is an industrial park located at the Port of St. Helens, which was created in 1940 in Columbia City, Oregon, along the Columbia River.
westward	 	http://www.neoseeker.com/Games/Products/PC/westward_iv_all_aboard/faqs.html-Westward IV : All Aboard Walkthrough, FAQ, Guides for PC	 Westward IV: All Aboard walkthroughs for PC, play guides, puzzle solutions, FAQs and other help resources to help you through the PC game.
westward	 	http://www.989therock.com/pages/11323181.php-Ryan Westward's Blog - KQRC	 BILLY CORGAN Blasts PEARL JAM, FOO FIGHTERS by Ryan Westward, posted Dec 12 2014 3:56PM: That's a pretty high pedestal he's putting himself on coming on the heels of ...
westward	 	http://upge.wn.com/?query=cosmos_westward_ho&pagenum=2&language_id=1&template=cheetah-photo-search%2Findex.txt-Cosmos Westward Ho	 Cosmos (Robert Pollard/Richard Davies) | Westward Ho, Cosmic Ray's Starlight Cafe in Magic Kingdom (HD 1080p), Purple Olive, Cosmos - Zeppelin Commander, Cosmos ...
westward	 	http://www.trulia.com/property/3116723871-886-Westward-Pike-Clarksville-VA-23927-886 Westward Pike, Clarksville VA For Sale | Trulia.com	 886 Westward Pike Rare Find - Own To The Water - Flowage Easement. 2 lots for a total of nearly 3.5 acres of land. Private launching ramp on property.
westward	 	http://www.westwardcare.co.uk/-Care Homes | Independent Living | Leeds | Westward Care	 From nursing and residential care to independent living and care at home, Westward Care take pride in taking care of your health and happiness.
westward	 	http://faculty.utep.edu/LinkClick.aspx?link=Westward+Expansion+and+Native+Americans_TX_Humanities.pdf&tabid=65487&mid=146956-Westward Expansion & Native Americans - Index - Faculty ...	 Westward Expansion & Native Americans Jeffrey P. Shepherd Associate Professor Department of History University of Texas at El Paso jpshepherd@utep.edu
westward	 	http://books.google.com/books/about/Westward_expansion.html?id=YoV-k7VcyZ0C-Westward Expansion: A History of the American Frontier ...	 When it appeared in 1949, the first edition of Ray Allen Billington'sWestward Expansionset a new standard for scholarship in western American history, and the book's ...
westward	 	http://www.digitalhistory.uh.edu/teachers/modules/westward/index.cfm-Digital History	 Digital History>Teachers>Modules>Westward Expansion. Learn About Westward Expansion. In the span of five years, the United States increased its size by a third.
westward	 	http://encs.dict.cc/?s=westward-dict.cc | westward | Czech-English Dictionary	 English Translation for westward - dict.cc Czech-English Dictionary
westward	 	http://ch.napster.com/artist/stabbing-westward-Stabbing Westward – Tracks & Albums : Napster	 Biographie The happily-named Stabbing Westward began as a little known industrial-rock band based in Chicago -- the Liverpool of the genre -- in 1985.
westward	 	http://faculty.utep.edu/LinkClick.aspx?link=Westward+Expansion+and+Native+Americans_TX_Humanities.pdf&tabid=65487&mid=146956-Westward Expansion & Native Americans - Index - Faculty ...	 Westward Expansion & Native Americans Jeffrey P. Shepherd Associate Professor Department of History University of Texas at El Paso jpshepherd@utep.edu
westward	 	http://books.google.com/books/about/Westward_expansion.html?id=YoV-k7VcyZ0C-Westward Expansion: A History of the American Frontier ...	 When it appeared in 1949, the first edition of Ray Allen Billington'sWestward Expansionset a new standard for scholarship in western American history, and the book's ...
westward	 	http://www.digitalhistory.uh.edu/teachers/modules/westward/index.cfm-Digital History	 Digital History>Teachers>Modules>Westward Expansion. Learn About Westward Expansion. In the span of five years, the United States increased its size by a third.
westward	 	http://www.westwardcare.co.uk/-Care Homes | Independent Living | Leeds | Westward Care	 From nursing and residential care to independent living and care at home, Westward Care take pride in taking care of your health and happiness.
westward	 	http://encs.dict.cc/?s=westward-dict.cc | westward | Czech-English Dictionary	 English Translation for westward - dict.cc Czech-English Dictionary
westward	 	http://ch.napster.com/artist/stabbing-westward-Stabbing Westward – Tracks & Albums : Napster	 Biographie The happily-named Stabbing Westward began as a little known industrial-rock band based in Chicago -- the Liverpool of the genre -- in 1985.
westward	 	http://fr.napster.com/artist/stabbing-westward-Stabbing Westward – Chansons & albums : Napster	 Biographie The happily-named Stabbing Westward began as a little known industrial-rock band based in Chicago -- the Liverpool of the genre -- in 1985.
westward	 	http://westwardbell.blogspot.com/2015_01_01_archive.html-Westward: January 2015	 Westward will also be spending some time at the shipyard, having some repairs done. Then, she'll sail in some local races to get the crew work down.
westward	 	http://www.bestbuys.com/Westward-Spatula-Scraper.html?pid=1080800319-Best Buys On: Westward Spatula Scraper	 Westward Spatula Scraper at BestBuys.com. Find The BEST BUY on Westward Spatula Scraper
westward	 	http://www.docstoc.com/docs/173350155/Westward-Menuspdf-Westward Menus.pdf	 Westward is a water-inspired full service restaurant and bar located on North Lake Union. Chef Zoi Antonitsas leads the team in new directions, striking a delicious ...
westward	 	http://beta.docstoc.com/search/Westward-Housing-Group-Westward Housing Group	 Westward Housing Group: Buildings Insurance Cover is provided on an All Risks basis. Perils include damage caused by: Fire, Explosion, Storm, Escape of water, Theft ...
westward	 	http://www.pbs.org/search/?sort=rel&q=documentaries&program=Independent%20Lens&order=relevance-Search for documentaries	 The Corps of Discovery and Westward Expansion; Martin Clunes' Wild Life DVD; FRONTLINE: Ghosts of Rwanda DVD; World War II War Heroes DVD; See All "documentaries" Items .
westward	 	http://westwardbell.blogspot.com/2015_01_01_archive.html-Westward: January 2015	 Westward will also be spending some time at the shipyard, having some repairs done. Then, she'll sail in some local races to get the crew work down.
westward	 	http://www.bestbuys.com/Westward-Spatula-Scraper.html?pid=1080800319-Best Buys On: Westward Spatula Scraper	 Westward Spatula Scraper at BestBuys.com. Find The BEST BUY on Westward Spatula Scraper
westward	 	http://www.docstoc.com/docs/173350155/Westward-Menuspdf-Westward Menus.pdf	 Westward is a water-inspired full service restaurant and bar located on North Lake Union. Chef Zoi Antonitsas leads the team in new directions, striking a delicious ...
westward	 	http://beta.docstoc.com/search/Westward-Housing-Group-Westward Housing Group	 Westward Housing Group: Buildings Insurance Cover is provided on an All Risks basis. Perils include damage caused by: Fire, Explosion, Storm, Escape of water, Theft ...
westward	 	http://www.pbs.org/search/?sort=rel&q=documentaries&program=Independent%20Lens&order=relevance-Search for documentaries	 The Corps of Discovery and Westward Expansion; Martin Clunes' Wild Life DVD; FRONTLINE: Ghosts of Rwanda DVD; World War II War Heroes DVD; See All "documentaries" Items .
westward	 	http://westwardbell.blogspot.com/2015_01_01_archive.html-Westward: January 2015	 Westward will also be spending some time at the shipyard, having some repairs done. Then, she'll sail in some local races to get the crew work down.
westward	 	http://www.bestbuys.com/Westward-Spatula-Scraper.html?pid=1080800319-Best Buys On: Westward Spatula Scraper	 Westward Spatula Scraper at BestBuys.com. Find The BEST BUY on Westward Spatula Scraper
westward	 	http://www.docstoc.com/docs/173350155/Westward-Menuspdf-Westward Menus.pdf	 Westward is a water-inspired full service restaurant and bar located on North Lake Union. Chef Zoi Antonitsas leads the team in new directions, striking a delicious ...
westward	 	http://beta.docstoc.com/search/Westward-Housing-Group-Westward Housing Group	 Westward Housing Group: Buildings Insurance Cover is provided on an All Risks basis. Perils include damage caused by: Fire, Explosion, Storm, Escape of water, Theft ...
westward	 	http://www.pbs.org/search/?sort=rel&q=documentaries&program=Independent%20Lens&order=relevance-Search for documentaries	 The Corps of Discovery and Westward Expansion; Martin Clunes' Wild Life DVD; FRONTLINE: Ghosts of Rwanda DVD; World War II War Heroes DVD; See All "documentaries" Items .
westward	 	http://westwardbell.blogspot.com/2015_01_01_archive.html-Westward: January 2015	 Westward will also be spending some time at the shipyard, having some repairs done. Then, she'll sail in some local races to get the crew work down.
westward	 	http://www.bestbuys.com/Westward-Spatula-Scraper.html?pid=1080800319-Best Buys On: Westward Spatula Scraper	 Westward Spatula Scraper at BestBuys.com. Find The BEST BUY on Westward Spatula Scraper
westward	 	http://www.docstoc.com/docs/173350155/Westward-Menuspdf-Westward Menus.pdf	 Westward is a water-inspired full service restaurant and bar located on North Lake Union. Chef Zoi Antonitsas leads the team in new directions, striking a delicious ...
westward	 	http://beta.docstoc.com/search/Westward-Housing-Group-Westward Housing Group	 Westward Housing Group: Buildings Insurance Cover is provided on an All Risks basis. Perils include damage caused by: Fire, Explosion, Storm, Escape of water, Theft ...
westward	 	http://www.pbs.org/search/?sort=rel&q=documentaries&program=Independent%20Lens&order=relevance-Search for documentaries	 The Corps of Discovery and Westward Expansion; Martin Clunes' Wild Life DVD; FRONTLINE: Ghosts of Rwanda DVD; World War II War Heroes DVD; See All "documentaries" Items .
westward	 	http://westwardbell.blogspot.com/2015_01_01_archive.html-Westward: January 2015	 Westward will also be spending some time at the shipyard, having some repairs done. Then, she'll sail in some local races to get the crew work down.
westward	 	http://www.bestbuys.com/Westward-Spatula-Scraper.html?pid=1080800319-Best Buys On: Westward Spatula Scraper	 Westward Spatula Scraper at BestBuys.com. Find The BEST BUY on Westward Spatula Scraper
westward	 	http://www.docstoc.com/docs/173350155/Westward-Menuspdf-Westward Menus.pdf	 Westward is a water-inspired full service restaurant and bar located on North Lake Union. Chef Zoi Antonitsas leads the team in new directions, striking a delicious ...
westward	 	http://beta.docstoc.com/search/Westward-Housing-Group-Westward Housing Group	 Westward Housing Group: Buildings Insurance Cover is provided on an All Risks basis. Perils include damage caused by: Fire, Explosion, Storm, Escape of water, Theft ...
westward	 	http://www.pbs.org/search/?sort=rel&q=documentaries&program=Independent%20Lens&order=relevance-Search for documentaries	 The Corps of Discovery and Westward Expansion; Martin Clunes' Wild Life DVD; FRONTLINE: Ghosts of Rwanda DVD; World War II War Heroes DVD; See All "documentaries" Items .
westward	 	http://westwardbell.blogspot.com/2015_01_01_archive.html-Westward: January 2015	 Westward will also be spending some time at the shipyard, having some repairs done. Then, she'll sail in some local races to get the crew work down.
westward	 	http://www.bestbuys.com/Westward-Spatula-Scraper.html?pid=1080800319-Best Buys On: Westward Spatula Scraper	 Westward Spatula Scraper at BestBuys.com. Find The BEST BUY on Westward Spatula Scraper
westward	 	http://www.docstoc.com/docs/173350155/Westward-Menuspdf-Westward Menus.pdf	 Westward is a water-inspired full service restaurant and bar located on North Lake Union. Chef Zoi Antonitsas leads the team in new directions, striking a delicious ...
westward	 	http://beta.docstoc.com/search/Westward-Housing-Group-Westward Housing Group	 Westward Housing Group: Buildings Insurance Cover is provided on an All Risks basis. Perils include damage caused by: Fire, Explosion, Storm, Escape of water, Theft ...
westward	 	http://www.pbs.org/search/?sort=rel&q=documentaries&program=Independent%20Lens&order=relevance-Search for documentaries	 The Corps of Discovery and Westward Expansion; Martin Clunes' Wild Life DVD; FRONTLINE: Ghosts of Rwanda DVD; World War II War Heroes DVD; See All "documentaries" Items .
westward	 	http://www.yachteleonora.com/CFDOCS/cmsout/admin/index.cfm?GroupID=128&meID=41&Lang=2-Yacht Eleonora - THE YACHT	 Eleonora is an exact replica of the schooner Westward. Westward was launched on March 31, 1910 as hull number 692 at the Herreshoff Manufacturing Co. in Bristol ...
westward	 	http://jayisgames.com/archives/2006/12/westward.php-Westward - Walkthrough, Tips, Review - Jay is games - We ...	 Westward: Taking a page out of the popular village management book, the downloadable Westward (Windows) drops casual strategy elements into the mix for a ...
westward	 	http://westward.en.softonic.com/-Westward - Download	 Westward, free download. Westward: Control the fortunes of three towns.
westward	 	http://www.casualgameguides.com/games/guide/game_guide.cfm/Westward-Walkthrough/Cheats-1/game_id-1403/-Westward Walkthrough and Cheats | CasualGameGuides.com	 The Westward Walkthrough is a detailed strategy guide to help you if you are stuck.
westward	 	http://www.perceptions.couk.com/westward.html-Westward Ho! - `Perceptions'	 We ask:-1) Did peoples, cultures, languages and ideas migrate predominantly westward around the world in prehistoric and historic times? 2) Is there a probable ...
westward	 	http://www.drillspot.com/brand/Westward-Westward - Adhesives, Coatings & Sealants, Building Materials	 Buy Westward adhesives, coatings, & sealants, building materials, electrical supplies, electronics accessories, general supplies, hardware accessories, household ...
westward	 	http://www.casualgameguides.com/games/guide/game_guide.cfm/Westward_Kingdoms-Walkthrough/Cheats-1/game_id-5031/-Westward Kingdoms Walkthrough and Cheats ...	 The Westward Kingdoms Walkthrough is a complete guide to the game including information about all the levels: Kingdom One, River Crossing, Kingdom Two, Kingdom Three ...
westward	 	http://www.westwardservices.com/-Westward Energy Services of Swansea - Domestic & Commercial	 Westward Energy Services is one of the few companies in the country with the capability and resources to manage high-specification service and maintenance
westward	 	http://www.edline.net/pages/Westward_Elementary-Westward Elementary: Home Page - Welcome to edline.net	 Welcome to Westward Elementary International Magnet School Westward Elementary International Magnet School encourages the development of knowledgeable, principled ...
westward	 	http://www.britannica.com/EBchecked/topic/641224/westward-movement-westward movement | United States history | Encyclopedia ...	 westward movement, the populating (by Europeans) of the land within the continental boundaries of the mainland United States, a process that began shortly after the ...
westward	 	http://www.thefreedictionary.com/westward-westward - definition of westward by The Free Dictionary	 Information about westward in the free online English dictionary and encyclopedia. ... the westward expansion of the city. Thesaurus Antonyms Related Words Synonyms ...
westward	 	http://seattle.eater.com/venue/westward-Westward - Eater Seattle	 Westward Lands at #5 on Bon Appetit's Hot 10 of 2014. by Sara Billups, Aug 19 2014, 3:57a [Photo: S. Pratt] Bon Appetit dropped its annual list of the best new ...
westward	 	http://www.westwardadvisors.com/-Home | Westward Advisors	 Westward helps advisors pinpoint which of their clients stand the most to gain from an insurance-based plan.
westward	 	http://www.ravelry.com/patterns/library/westward-Ravelry: Westward pattern by Stephen West	 Latvian braids border garter stitch with traveling slipped stitches pointing westward in this adventurous design. Cast off at the end of the brim for a headband or ...
westward	 	http://westwardpartnersllc.com/-Westward Partners, LLC - Why Westward? Westward Partners ...	 Westward Partners is a private equity firm focused on producing attractive long-term returns through investments in privately held companies. We invest in companies ...
westward	 	http://www.kinetic-press.com/Westward/westward.html-Westward - A Steampunk Mystery - Kinetic Press	 WESTWARD #8 Victor West, once a shallow and superficial playboy that shirked all responsibility, has rescued his niece Penelope from the clutches of a terrorist ...
westward	 	http://digital.library.okstate.edu/encyclopedia/entries/W/WE021.html-WESTWARD EXPANSION, 1803-1861 - Oklahoma State University ...	 WESTWARD EXPANSION, 1803-1861. Between 1803 and 1861 the people and the institutions of the United States expanded into what is now Oklahoma. This phenomenon ...
westward	 	http://www.shockwave.com/gamelanding/westward-kingdoms.jsp-Westward® Kingdoms - Free Online Adventure Games from ...	 Westward® Kingdoms; Embark on a quest to prove your worth and regain the king's favor in this royal strategy adventure! Find more free online adventure games at ...
westward	 	http://www.amazon.com/Westward-Wagons-West-Trilogy/dp/0553294024-Westward! (Westward! Wagons West, the Trilogy): Dana ...	 Westward! (Westward! Wagons West, the Trilogy) [Dana Fuller Ross] on Amazon.com. *FREE* shipping on qualifying offers. Escaping a brutal blood feud in the fertile ...
westward	 	http://www.westwardmanagement.com/-Westward Companies - Chicago Property Management Company ...	 Westward provides homeowners association property management services for residential condominiums in Chicago and Denver, including Lincoln Park, Lakeview, Uptown and ...
westward	 	http://westwardrmg.com/-Westward Realty and Management Group -Dallas Texas	 Dallas Property Mangagement, Search Home Page, Westward Realty and Management Group, Real Estate and property leasing, marketing and sales serving the Dallas Ft Worth ...
westward	 	http://www.ign.com/games/westward/pc-865847-Westward - PC - IGN - Video Games, Wikis, Cheats ...	 IGN is the Westward (PC) resource with reviews, wikis, videos, trailers, screenshots, cheats, walkthroughs, previews, news and release dates
westward	 	http://www.genealogywise.com/group/westward-Westward - Genealogy Wise - The Genealogy & Family History ...	 Did your family emigrate to the East coast and then follow the ever westward expansion into The West ?
westward	 	http://westward.net/-Westward Network | Web Media Productions by Westward ...	 Welcome to the Westward Network at Westward.Net. Posts navigation. Search for:
westward	 	http://www.gamespot.com/westward-kingdoms/-Westward Kingdoms - GameSpot - Video Games Reviews & News ...	 Find reviews, trailers, release dates, news, screenshots, walkthroughs, and more for Westward Kingdoms here on GameSpot.
westward	 	http://www.csun.edu/~asr15199/westwardexpansion/-Westward Expansion - California State University, Northridge	 Westward Expansion. Between 1803 and 1853, the United States almost tripled in size. In the early 1800s, the land west of the United States was very undeveloped.
westward	 	http://westwardhoa.com/-Westward Management HOA - Just another WordPress ...	 Westward. Management. HOA. Sample Page; Bill Pay. Warning: Missing argument 1 for lrxd::the_post_thumbnail(), called in /var/www/com.westwardhoa.www/public/wp-content ...
westward	 	http://westward.com/2015/01/-January | 2015 | Westward Connections	 Welcome to Westward Connections Inc. Our company has been online since the early 90’s. We are busy re-inventing ourselves in view of market shifts and personnel ...
westward	 	https://www.kickstarter.com/projects/brettski/westward-a-steampunk-western-rpg-a-cinema6-experie-Westward: A Steampunk Western RPG, a Cinema6 Experience by ...	 Brettski is raising funds for Westward: A Steampunk Western RPG, a Cinema6 Experience on Kickstarter! Humanity, desperate for new resources, left Earth centuries ago ...
westward	 	http://www.drugs.com/imprints/westward-235-westward-235-14806.html-Westward 235 Westward 235 Pill - propoxyphene 65 mg	 Pill imprint Westward 235 Westward 235 has been identified as propoxyphene 65 mg. View images and comprehensive information for this drug.
westward	 	http://www.addictinggames.com/strategy-games/westward2.jsp-Westward II - Free Online Strategy Games from AddictingGames	 Westward II : Stake your claim in this wild west! Explore the territory, build boom towns and bring justice to this lawless frontier. Free Online Strategy Games from ...
westward	 	http://www.westwardbuildingservices.com/-Home - Westward Building Services	 Westward Building Services - Hardware, Powertools, Fixings ... Sliding Sash. Parting Beads; Perimeter Seals; Timber Beads; Traditional Window Furniture
westward	 	https://twitter.com/westward_bound-Westward Bound (@westward_bound) | Twitter	 Westward Bound @ westward_bound · Nov 24 Xmas Promo Oo-la-la Latex Dress as worn for us by the stunning Morgana Threnody In Velvet. http ...
westward	 	http://www.westwardfreight.com/-Westward Freight - International Shipping Company UK ...	 Westward Freight was formed in 1996, we are an International Shipping Company based in London England, UK. We aim to deal with both the intricate logistics and ...
westward	 	https://www.facebook.com/westward.comic-Westward | Facebook	 Westward is a new ongoing steampunk mystery series from Ken Krekeler, creator of The Colodin Project and Dry Spell. Appearing under the banner of "Tool...
westward	 	http://westward.en.softonic.com/download-Download Westward	 Westward free download, 100% safe and virus free download from Softonic. Westward free download, download Westward for free
westward	 	http://www.sparknotes.com/history/american/westwardexpansion/-SparkNotes: Westward Expansion (1807-1912)	 From a general summary to chapter summaries to explanations of famous quotes, the SparkNotes Westward Expansion (1807-1912) Study Guide has everything you need to ace ...
westward	 	http://westwardenv.com/-Westward Environmental Home Page	 Westward Environmental provides environmental consulting and civil engineering services for the construction materials industry and land development projects.
westward	 	https://www.facebook.com/westwardbound.latex-Westward Bound | Facebook	 Westward Bound. 153,512 likes · 1,338 talking about this. The Iconic Brand and Leading Specialists in Latex Desire-Couture. 100% Designed and Hand Made...
westward	 	http://www.socialstudiesforkids.com/subjects/westwardmovement.htm-The Westward Movement - Social Studies for Kids	 Africans in America: Westward Expansion As Americans moved west, the slavery problem followed them. This PBS site does a good job of putting it ...
westward	 	http://jayisgames.com/archives/2009/01/westward_3_gold_rush.php-Westward III: Gold Rush - Walkthrough, Tips, Review	 Westward III: Gold Rush: Casual sim/strategy fans (and anyone who enjoyed Virtual Villagers or My Tribe) take note: Westward III: Gold Rush has arrived!
westward	 	http://www.gamewinners.com/Cheats/index.php/Westward_3:_Gold_Rush-Westward 3 : Gold Rush cheat codes, hints, and help	 Westward 3: Gold Rush cheats, codes, hints, FAQs, and help.
westward	 	http://westwardbell.blogspot.com/2015_01_01_archive.html-Westward: January 2015	 Westward will also be spending some time at the shipyard, having some repairs done. Then, she'll sail in some local races to get the crew work down.
westward	 	http://www.bestbuys.com/Westward-Spatula-Scraper.html?pid=1080800319-Best Buys On: Westward Spatula Scraper	 Westward Spatula Scraper at BestBuys.com. Find The BEST BUY on Westward Spatula Scraper
westward	 	http://www.docstoc.com/docs/173350155/Westward-Menuspdf-Westward Menus.pdf	 Westward is a water-inspired full service restaurant and bar located on North Lake Union. Chef Zoi Antonitsas leads the team in new directions, striking a delicious ...
westward	 	http://beta.docstoc.com/search/Westward-Housing-Group-Westward Housing Group	 Westward Housing Group: Buildings Insurance Cover is provided on an All Risks basis. Perils include damage caused by: Fire, Explosion, Storm, Escape of water, Theft ...
westward	 	http://www.pbs.org/search/?sort=rel&q=documentaries&program=Independent%20Lens&order=relevance-Search for documentaries	 The Corps of Discovery and Westward Expansion; Martin Clunes' Wild Life DVD; FRONTLINE: Ghosts of Rwanda DVD; World War II War Heroes DVD; See All "documentaries" Items .
westward	 	http://westwardbell.blogspot.com/2015_01_01_archive.html-Westward: January 2015	 Westward will also be spending some time at the shipyard, having some repairs done. Then, she'll sail in some local races to get the crew work down.
westward	 	http://www.bestbuys.com/Westward-Spatula-Scraper.html?pid=1080800319-Best Buys On: Westward Spatula Scraper	 Westward Spatula Scraper at BestBuys.com. Find The BEST BUY on Westward Spatula Scraper
westward	 	http://www.docstoc.com/docs/173350155/Westward-Menuspdf-Westward Menus.pdf	 Westward is a water-inspired full service restaurant and bar located on North Lake Union. Chef Zoi Antonitsas leads the team in new directions, striking a delicious ...
westward	 	http://beta.docstoc.com/search/Westward-Housing-Group-Westward Housing Group	 Westward Housing Group: Buildings Insurance Cover is provided on an All Risks basis. Perils include damage caused by: Fire, Explosion, Storm, Escape of water, Theft ...
westward	 	http://www.pbs.org/search/?sort=rel&q=documentaries&program=Independent%20Lens&order=relevance-Search for documentaries	 The Corps of Discovery and Westward Expansion; Martin Clunes' Wild Life DVD; FRONTLINE: Ghosts of Rwanda DVD; World War II War Heroes DVD; See All "documentaries" Items .
westward	 	http://westwardbell.blogspot.com/2015_01_01_archive.html-Westward: January 2015	 Westward will also be spending some time at the shipyard, having some repairs done. Then, she'll sail in some local races to get the crew work down.
westward	 	http://www.bestbuys.com/Westward-Spatula-Scraper.html?pid=1080800319-Best Buys On: Westward Spatula Scraper	 Westward Spatula Scraper at BestBuys.com. Find The BEST BUY on Westward Spatula Scraper
westward	 	http://www.docstoc.com/docs/173350155/Westward-Menuspdf-Westward Menus.pdf	 Westward is a water-inspired full service restaurant and bar located on North Lake Union. Chef Zoi Antonitsas leads the team in new directions, striking a delicious ...
westward	 	http://beta.docstoc.com/search/Westward-Housing-Group-Westward Housing Group	 Westward Housing Group: Buildings Insurance Cover is provided on an All Risks basis. Perils include damage caused by: Fire, Explosion, Storm, Escape of water, Theft ...
westward	 	http://www.pbs.org/search/?sort=rel&q=documentaries&program=Independent%20Lens&order=relevance-Search for documentaries	 The Corps of Discovery and Westward Expansion; Martin Clunes' Wild Life DVD; FRONTLINE: Ghosts of Rwanda DVD; World War II War Heroes DVD; See All "documentaries" Items .
westward	 	http://westwardbell.blogspot.com/2015_01_01_archive.html-Westward: January 2015	 Westward will also be spending some time at the shipyard, having some repairs done. Then, she'll sail in some local races to get the crew work down.
westward	 	http://www.bestbuys.com/Westward-Spatula-Scraper.html?pid=1080800319-Best Buys On: Westward Spatula Scraper	 Westward Spatula Scraper at BestBuys.com. Find The BEST BUY on Westward Spatula Scraper
westward	 	http://www.docstoc.com/docs/173350155/Westward-Menuspdf-Westward Menus.pdf	 Westward is a water-inspired full service restaurant and bar located on North Lake Union. Chef Zoi Antonitsas leads the team in new directions, striking a delicious ...
westward	 	http://beta.docstoc.com/search/Westward-Housing-Group-Westward Housing Group	 Westward Housing Group: Buildings Insurance Cover is provided on an All Risks basis. Perils include damage caused by: Fire, Explosion, Storm, Escape of water, Theft ...
westward	 	http://www.pbs.org/search/?sort=rel&q=documentaries&program=Independent%20Lens&order=relevance-Search for documentaries	 The Corps of Discovery and Westward Expansion; Martin Clunes' Wild Life DVD; FRONTLINE: Ghosts of Rwanda DVD; World War II War Heroes DVD; See All "documentaries" Items .
westward	 	http://westwardbell.blogspot.com/2015_01_01_archive.html-Westward: January 2015	 Westward will also be spending some time at the shipyard, having some repairs done. Then, she'll sail in some local races to get the crew work down.
westward	 	http://www.bestbuys.com/Westward-Spatula-Scraper.html?pid=1080800319-Best Buys On: Westward Spatula Scraper	 Westward Spatula Scraper at BestBuys.com. Find The BEST BUY on Westward Spatula Scraper
westward	 	http://www.docstoc.com/docs/173350155/Westward-Menuspdf-Westward Menus.pdf	 Westward is a water-inspired full service restaurant and bar located on North Lake Union. Chef Zoi Antonitsas leads the team in new directions, striking a delicious ...
westward	 	http://beta.docstoc.com/search/Westward-Housing-Group-Westward Housing Group	 Westward Housing Group: Buildings Insurance Cover is provided on an All Risks basis. Perils include damage caused by: Fire, Explosion, Storm, Escape of water, Theft ...
westward	 	http://www.pbs.org/search/?sort=rel&q=documentaries&program=Independent%20Lens&order=relevance-Search for documentaries	 The Corps of Discovery and Westward Expansion; Martin Clunes' Wild Life DVD; FRONTLINE: Ghosts of Rwanda DVD; World War II War Heroes DVD; See All "documentaries" Items .
westward	 	http://westwardbell.blogspot.com/2015_01_01_archive.html-Westward: January 2015	 Westward will also be spending some time at the shipyard, having some repairs done. Then, she'll sail in some local races to get the crew work down.
westward	 	http://www.bestbuys.com/Westward-Spatula-Scraper.html?pid=1080800319-Best Buys On: Westward Spatula Scraper	 Westward Spatula Scraper at BestBuys.com. Find The BEST BUY on Westward Spatula Scraper
westward	 	http://www.docstoc.com/docs/173350155/Westward-Menuspdf-Westward Menus.pdf	 Westward is a water-inspired full service restaurant and bar located on North Lake Union. Chef Zoi Antonitsas leads the team in new directions, striking a delicious ...
westward	 	http://beta.docstoc.com/search/Westward-Housing-Group-Westward Housing Group	 Westward Housing Group: Buildings Insurance Cover is provided on an All Risks basis. Perils include damage caused by: Fire, Explosion, Storm, Escape of water, Theft ...
westward	 	http://www.pbs.org/search/?sort=rel&q=documentaries&program=Independent%20Lens&order=relevance-Search for documentaries	 The Corps of Discovery and Westward Expansion; Martin Clunes' Wild Life DVD; FRONTLINE: Ghosts of Rwanda DVD; World War II War Heroes DVD; See All "documentaries" Items .
westward	 	http://westwardbell.blogspot.com/2015_01_01_archive.html-Westward: January 2015	 Westward will also be spending some time at the shipyard, having some repairs done. Then, she'll sail in some local races to get the crew work down.
westward	 	http://www.bestbuys.com/Westward-Spatula-Scraper.html?pid=1080800319-Best Buys On: Westward Spatula Scraper	 Westward Spatula Scraper at BestBuys.com. Find The BEST BUY on Westward Spatula Scraper
westward	 	http://www.docstoc.com/docs/173350155/Westward-Menuspdf-Westward Menus.pdf	 Westward is a water-inspired full service restaurant and bar located on North Lake Union. Chef Zoi Antonitsas leads the team in new directions, striking a delicious ...
westward	 	http://beta.docstoc.com/search/Westward-Housing-Group-Westward Housing Group	 Westward Housing Group: Buildings Insurance Cover is provided on an All Risks basis. Perils include damage caused by: Fire, Explosion, Storm, Escape of water, Theft ...
westward	 	http://www.pbs.org/search/?sort=rel&q=documentaries&program=Independent%20Lens&order=relevance-Search for documentaries	 The Corps of Discovery and Westward Expansion; Martin Clunes' Wild Life DVD; FRONTLINE: Ghosts of Rwanda DVD; World War II War Heroes DVD; See All "documentaries" Items .
westward	 	http://westwardbell.blogspot.com/2015_01_01_archive.html-Westward: January 2015	 Westward will also be spending some time at the shipyard, having some repairs done. Then, she'll sail in some local races to get the crew work down.
westward	 	http://www.bestbuys.com/Westward-Spatula-Scraper.html?pid=1080800319-Best Buys On: Westward Spatula Scraper	 Westward Spatula Scraper at BestBuys.com. Find The BEST BUY on Westward Spatula Scraper
westward	 	http://www.docstoc.com/docs/173350155/Westward-Menuspdf-Westward Menus.pdf	 Westward is a water-inspired full service restaurant and bar located on North Lake Union. Chef Zoi Antonitsas leads the team in new directions, striking a delicious ...
westward	 	http://beta.docstoc.com/search/Westward-Housing-Group-Westward Housing Group	 Westward Housing Group: Buildings Insurance Cover is provided on an All Risks basis. Perils include damage caused by: Fire, Explosion, Storm, Escape of water, Theft ...
westward	 	http://www.pbs.org/search/?sort=rel&q=documentaries&program=Independent%20Lens&order=relevance-Search for documentaries	 The Corps of Discovery and Westward Expansion; Martin Clunes' Wild Life DVD; FRONTLINE: Ghosts of Rwanda DVD; World War II War Heroes DVD; See All "documentaries" Items .
westward	 	http://westwardbell.blogspot.com/2015_01_01_archive.html-Westward: January 2015	 Westward will also be spending some time at the shipyard, having some repairs done. Then, she'll sail in some local races to get the crew work down.
westward	 	http://www.bestbuys.com/Westward-Spatula-Scraper.html?pid=1080800319-Best Buys On: Westward Spatula Scraper	 Westward Spatula Scraper at BestBuys.com. Find The BEST BUY on Westward Spatula Scraper
westward	 	http://www.docstoc.com/docs/173350155/Westward-Menuspdf-Westward Menus.pdf	 Westward is a water-inspired full service restaurant and bar located on North Lake Union. Chef Zoi Antonitsas leads the team in new directions, striking a delicious ...
westward	 	http://beta.docstoc.com/search/Westward-Housing-Group-Westward Housing Group	 Westward Housing Group: Buildings Insurance Cover is provided on an All Risks basis. Perils include damage caused by: Fire, Explosion, Storm, Escape of water, Theft ...
westward	 	http://www.pbs.org/search/?sort=rel&q=documentaries&program=Independent%20Lens&order=relevance-Search for documentaries	 The Corps of Discovery and Westward Expansion; Martin Clunes' Wild Life DVD; FRONTLINE: Ghosts of Rwanda DVD; World War II War Heroes DVD; See All "documentaries" Items .
